facility_id,facility_name,city,state,county,zip_code,condition,measure_id,measure_name,unit,score,sample_size,footnote_code,suppression_reason,period_start,period_end
170115,North View Regional Medical Center,North View,KS,Elk,51272,Emergency Department,OP_23,Percentage of patients who came to the emergency department with stroke symptoms who received brain scan results within 45 minutes,percent,91.0,3146,,,01/01/2025,12/31/2025
260004,Elk Haven Medical Center,Elk Haven,NE,Cedar,53783,Emergency Department,OP_18b,Average (median) time patients spent in the emergency department before leaving from the visit,minutes,118.0,1428,,,01/01/2025,12/31/2025
260004,Elk Haven Medical Center,Elk Haven,NE,Cedar,53783,Emergency Department,OP_18c,Average (median) time patients spent in the emergency department before leaving from the visit - Psychiatric/Mental Health Patients,minutes,185.0,2328,,,01/01/2025,12/31/2025
260033,River Rapids Health System,River Rapids,KS,Elk,50760,Emergency Department,ED_2b,Average (median) time patients spent in the emergency department after the doctor decided to admit them,minutes,,,25,Facility did not submit data,01/01/2025,12/31/2025
520098,Pine Bluff County Hospital,Pine Bluff,WI,Pine,50083,Emergency Department,OP_23,Percentage of patients who came to the emergency department with stroke symptoms who received brain scan results within 45 minutes,percent,36.0,1091,,,01/01/2025,12/31/2025
170063,Elk Haven Medical Center,Elk Haven,MO,River,51294,Emergency Department,OP_22,Left without being seen,percent,,,1,Not available — measure not reported,01/01/2025,12/31/2025
170056,Pine Falls Community Hospital,Pine Falls,IL,Cedar,50608,Emergency Department,OP_22,Left without being seen,percent,2.2,2893,,,01/01/2025,12/31/2025
520038,Fair Grove Community Hospital,Fair Grove,IL,Fair,50856,Emergency Department,OP_18c,Average (median) time patients spent in the emergency department before leaving from the visit - Psychiatric/Mental Health Patients,minutes,423.0,1392,,,01/01/2025,12/31/2025
430014,Fair Rapids Regional Medical Center,Fair Rapids,IL,Cedar,51189,Emergency Department,OP_23,Percentage of patients who came to the emergency department with stroke symptoms who received brain scan results within 45 minutes,percent,51.0,2503,,,01/01/2025,12/31/2025
260076,River View County Hospital,River View,SD,Pine,51294,Emergency Department,ED_2b,Average (median) time patients spent in the emergency department after the doctor decided to admit them,minutes,,,1,Not available — measure not reported,01/01/2025,12/31/2025
430068,Grand Grove County Hospital,Grand Grove,MO,Fair,53807,Emergency Department,OP_23,Percentage of patients who came to the emergency department with stroke symptoms who received brain scan results within 45 minutes,percent,,,5,Too few cases to report reliably,01/01/2025,12/31/2025
160102,River Bluff Health System,River Bluff,IL,Pine,52617,Emergency Department,OP_23,Percentage of patients who came to the emergency department with stroke symptoms who received brain scan results within 45 minutes,percent,26.0,2532,,,01/01/2025,12/31/2025
140019,Grand Junction Memorial Hospital,Grand Junction,NE,North,51328,Emergency Department,OP_18c,Average (median) time patients spent in the emergency department before leaving from the visit - Psychiatric/Mental Health Patients,minutes,299.0,3760,,,01/01/2025,12/31/2025
240085,Grand Haven Community Hospital,Grand Haven,MN,Elk,50552,Emergency Department,ED_2b,Average (median) time patients spent in the emergency department after the doctor decided to admit them,minutes,83.0,478,,,01/01/2025,12/31/2025
520090,River Bluff Health System,River Bluff,MO,Cedar,51621,Emergency Department,OP_18c,Average (median) time patients spent in the emergency department before leaving from the visit - Psychiatric/Mental Health Patients,minutes,20.0,169,,,01/01/2025,12/31/2025
260045,North Falls County Hospital,North Falls,MN,Prairie,51363,Emergency Department,ED_2b,Average (median) time patients spent in the emergency department after the doctor decided to admit them,minutes,114.0,3399,,,01/01/2025,12/31/2025
160040,Grand Rapids Health System,Grand Rapids,NE,Cedar,52449,Emergency Department,OP_23,Percentage of patients who came to the emergency department with stroke symptoms who received brain scan results within 45 minutes,percent,84.0,2450,,,01/01/2025,12/31/2025
520099,Grand Ridge Community Hospital,Grand Ridge,KS,River,53606,Emergency Department,OP_22,Left without being seen,percent,2.1,4179,,,01/01/2025,12/31/2025
260032,Fair Junction County Hospital,Fair Junction,MN,Cedar,50132,Emergency Department,OP_18c,Average (median) time patients spent in the emergency department before leaving from the visit - Psychiatric/Mental Health Patients,minutes,153.0,162,,,01/01/2025,12/31/2025
430010,Grand Haven Medical Center,Grand Haven,MN,Elk,51296,Emergency Department,OP_18b,Average (median) time patients spent in the emergency department before leaving from the visit,minutes,253.0,1718,,,01/01/2025,12/31/2025
170018,Grand Grove County Hospital,Grand Grove,IL,Prairie,50934,Emergency Department,OP_22,Left without being seen,percent,1.1,2842,,,01/01/2025,12/31/2025
240006,River Grove Medical Center,River Grove,WI,Grand,50411,Emergency Department,OP_18c,Average (median) time patients spent in the emergency department before leaving from the visit - Psychiatric/Mental Health Patients,minutes,537.0,2982,,,01/01/2025,12/31/2025
160064,Pine Haven Medical Center,Pine Haven,IL,Elk,51176,Emergency Department,ED_2b,Average (median) time patients spent in the emergency department after the doctor decided to admit them,minutes,145.0,3797,,,01/01/2025,12/31/2025
160078,Pine Rapids Health System,Pine Rapids,IA,Grand,52878,Emergency Department,OP_23,Percentage of patients who came to the emergency department with stroke symptoms who received brain scan results within 45 minutes,percent,50.0,1832,,,01/01/2025,12/31/2025
430039,Prairie View Memorial Hospital,Prairie View,SD,River,51834,Emergency Department,OP_18c,Average (median) time patients spent in the emergency department before leaving from the visit - Psychiatric/Mental Health Patients,minutes,240.0,920,,,01/01/2025,12/31/2025
240100,Prairie Ridge Community Hospital,Prairie Ridge,WI,Elk,50901,Emergency Department,OP_18c,Average (median) time patients spent in the emergency department before leaving from the visit - Psychiatric/Mental Health Patients,minutes,306.0,4039,,,01/01/2025,12/31/2025
170011,River Junction Regional Medical Center,River Junction,IA,Fair,51311,Emergency Department,OP_22,Left without being seen,percent,3.9,913,,,01/01/2025,12/31/2025
240020,Pine Rapids County Hospital,Pine Rapids,IA,Elk,51142,Emergency Department,OP_18c,Average (median) time patients spent in the emergency department before leaving from the visit - Psychiatric/Mental Health Patients,minutes,201.0,427,,,01/01/2025,12/31/2025
260084,Cedar Haven Community Hospital,Cedar Haven,KS,Elk,50561,Emergency Department,ED_2b,Average (median) time patients spent in the emergency department after the doctor decided to admit them,minutes,180.0,1021,,,01/01/2025,12/31/2025
160108,Grand Bluff Memorial Hospital,Grand Bluff,IA,Cedar,51450,Emergency Department,OP_23,Percentage of patients who came to the emergency department with stroke symptoms who received brain scan results within 45 minutes,percent,,,5,Too few cases to report reliably,01/01/2025,12/31/2025
170056,Pine Falls Community Hospital,Pine Falls,IL,Cedar,50608,Emergency Department,OP_23,Percentage of patients who came to the emergency department with stroke symptoms who received brain scan results within 45 minutes,percent,42.0,4121,,,01/01/2025,12/31/2025
260033,River Rapids Health System,River Rapids,KS,Elk,50760,Emergency Department,OP_23,Percentage of patients who came to the emergency department with stroke symptoms who received brain scan results within 45 minutes,percent,,,5,Too few cases to report reliably,01/01/2025,12/31/2025
140007,Prairie View Memorial Hospital,Prairie View,IA,Cedar,50430,Emergency Department,OP_18b,Average (median) time patients spent in the emergency department before leaving from the visit,minutes,236.0,2450,,,01/01/2025,12/31/2025
240012,Grand Falls Community Hospital,Grand Falls,IA,Cedar,50804,Emergency Department,OP_18c,Average (median) time patients spent in the emergency department before leaving from the visit - Psychiatric/Mental Health Patients,minutes,390.0,3717,,,01/01/2025,12/31/2025
170051,Elk View County Hospital,Elk View,MO,Fair,53057,Emergency Department,ED_2b,Average (median) time patients spent in the emergency department after the doctor decided to admit them,minutes,141.0,3604,,,01/01/2025,12/31/2025
430070,River Ridge Memorial Hospital,River Ridge,MO,River,52628,Emergency Department,OP_18c,Average (median) time patients spent in the emergency department before leaving from the visit - Psychiatric/Mental Health Patients,minutes,247.0,167,,,01/01/2025,12/31/2025
430110,River Ridge Memorial Hospital,River Ridge,NE,Fair,50465,Emergency Department,ED_2b,Average (median) time patients spent in the emergency department after the doctor decided to admit them,minutes,197.0,1589,,,01/01/2025,12/31/2025
240059,Cedar Haven Health System,Cedar Haven,IL,Grand,50764,Emergency Department,OP_22,Left without being seen,percent,4.0,2337,,,01/01/2025,12/31/2025
170003,Elk Falls Community Hospital,Elk Falls,IA,Elk,50336,Emergency Department,OP_23,Percentage of patients who came to the emergency department with stroke symptoms who received brain scan results within 45 minutes,percent,83.0,3429,,,01/01/2025,12/31/2025
140111,Elk Rapids Medical Center,Elk Rapids,IA,Fair,51694,Emergency Department,ED_2b,Average (median) time patients spent in the emergency department after the doctor decided to admit them,minutes,103.0,3499,,,01/01/2025,12/31/2025
170063,Elk Haven Medical Center,Elk Haven,MO,River,51294,Emergency Department,OP_18c,Average (median) time patients spent in the emergency department before leaving from the visit - Psychiatric/Mental Health Patients,minutes,257.0,126,,,01/01/2025,12/31/2025
240082,Grand Rapids Memorial Hospital,Grand Rapids,IL,Cedar,52110,Emergency Department,OP_23,Percentage of patients who came to the emergency department with stroke symptoms who received brain scan results within 45 minutes,percent,37.0,1066,,,01/01/2025,12/31/2025
260004,Elk Haven Medical Center,Elk Haven,NE,Cedar,53783,Emergency Department,OP_22,Left without being seen,percent,4.4,2542,,,01/01/2025,12/31/2025
280072,Grand Ridge Regional Medical Center,Grand Ridge,MN,River,51781,Emergency Department,OP_18b,Average (median) time patients spent in the emergency department before leaving from the visit,minutes,207.0,3273,,,01/01/2025,12/31/2025
160097,Fair Grove Regional Medical Center,Fair Grove,KS,Elk,53527,Emergency Department,OP_18c,Average (median) time patients spent in the emergency department before leaving from the visit - Psychiatric/Mental Health Patients,minutes,147.0,1528,,,01/01/2025,12/31/2025
160040,Grand Rapids Health System,Grand Rapids,NE,Cedar,52449,Emergency Department,OP_18b,Average (median) time patients spent in the emergency department before leaving from the visit,minutes,67.0,4147,,,01/01/2025,12/31/2025
160118,North Falls Health System,North Falls,MO,Cedar,51662,Emergency Department,OP_18b,Average (median) time patients spent in the emergency department before leaving from the visit,minutes,,,25,Facility did not submit data,01/01/2025,12/31/2025
240029,Cedar View County Hospital,Cedar View,MN,Prairie,50481,Emergency Department,OP_23,Percentage of patients who came to the emergency department with stroke symptoms who received brain scan results within 45 minutes,percent,115.0,2259,,,01/01/2025,12/31/2025
260087,Elk Grove Memorial Hospital,Elk Grove,IA,Elk,51181,Emergency Department,OP_23,Percentage of patients who came to the emergency department with stroke symptoms who received brain scan results within 45 minutes,percent,32.0,873,,,01/01/2025,12/31/2025
170051,Elk View County Hospital,Elk View,MO,Fair,53057,Emergency Department,OP_23,Percentage of patients who came to the emergency department with stroke symptoms who received brain scan results within 45 minutes,percent,131.0,2893,,,01/01/2025,12/31/2025
260032,Fair Junction County Hospital,Fair Junction,MN,Cedar,50132,Emergency Department,OP_22,Left without being seen,percent,,,1,Not available — measure not reported,01/01/2025,12/31/2025
240100,Prairie Ridge Community Hospital,Prairie Ridge,WI,Elk,50901,Emergency Department,ED_2b,Average (median) time patients spent in the emergency department after the doctor decided to admit them,minutes,242.0,1103,,,01/01/2025,12/31/2025
240100,Prairie Ridge Community Hospital,Prairie Ridge,WI,Elk,50901,Emergency Department,OP_23,Percentage of patients who came to the emergency department with stroke symptoms who received brain scan results within 45 minutes,percent,51.0,1406,,,01/01/2025,12/31/2025
140111,Elk Rapids Medical Center,Elk Rapids,IA,Fair,51694,Emergency Department,OP_18c,Average (median) time patients spent in the emergency department before leaving from the visit - Psychiatric/Mental Health Patients,minutes,239.0,902,,,01/01/2025,12/31/2025
170096,Cedar Junction Regional Medical Center,Cedar Junction,IL,Grand,52991,Emergency Department,OP_18c,Average (median) time patients spent in the emergency department before leaving from the visit - Psychiatric/Mental Health Patients,minutes,528.0,2882,,,01/01/2025,12/31/2025
520016,Pine Grove Medical Center,Pine Grove,KS,Prairie,51241,Emergency Department,ED_2b,Average (median) time patients spent in the emergency department after the doctor decided to admit them,minutes,115.0,2189,,,01/01/2025,12/31/2025
170052,North Rapids Community Hospital,North Rapids,MO,North,50733,Emergency Department,OP_18c,Average (median) time patients spent in the emergency department before leaving from the visit - Psychiatric/Mental Health Patients,minutes,192.0,2202,,,01/01/2025,12/31/2025
430116,Elk Grove Medical Center,Elk Grove,MN,Prairie,50281,Emergency Department,OP_18c,Average (median) time patients spent in the emergency department before leaving from the visit - Psychiatric/Mental Health Patients,minutes,527.0,187,,,01/01/2025,12/31/2025
430009,Grand Bluff Community Hospital,Grand Bluff,IL,Cedar,50922,Emergency Department,OP_18b,Average (median) time patients spent in the emergency department before leaving from the visit,minutes,113.0,2496,,,01/01/2025,12/31/2025
280017,Cedar Bluff Regional Medical Center,Cedar Bluff,IA,Fair,50130,Emergency Department,OP_22,Left without being seen,percent,2.7,1895,,,01/01/2025,12/31/2025
240026,Elk View Medical Center,Elk View,SD,Pine,50037,Emergency Department,ED_2b,Average (median) time patients spent in the emergency department after the doctor decided to admit them,minutes,20.0,378,,,01/01/2025,12/31/2025
240026,Elk View Medical Center,Elk View,SD,Pine,50037,Emergency Department,OP_23,Percentage of patients who came to the emergency department with stroke symptoms who received brain scan results within 45 minutes,percent,68.0,415,,,01/01/2025,12/31/2025
260069,Prairie Bluff Memorial Hospital,Prairie Bluff,IA,Fair,50472,Emergency Department,OP_18c,Average (median) time patients spent in the emergency department before leaving from the visit - Psychiatric/Mental Health Patients,minutes,330.0,3083,,,01/01/2025,12/31/2025
140053,River Grove Regional Medical Center,River Grove,WI,Cedar,51899,Emergency Department,ED_2b,Average (median) time patients spent in the emergency department after the doctor decided to admit them,minutes,179.0,2074,,,01/01/2025,12/31/2025
170013,North Rapids Regional Medical Center,North Rapids,IL,Elk,53478,Emergency Department,OP_18c,Average (median) time patients spent in the emergency department before leaving from the visit - Psychiatric/Mental Health Patients,minutes,354.0,4043,,,01/01/2025,12/31/2025
160078,Pine Rapids Health System,Pine Rapids,IA,Grand,52878,Emergency Department,OP_22,Left without being seen,percent,4.1,3742,,,01/01/2025,12/31/2025
170063,Elk Haven Medical Center,Elk Haven,MO,River,51294,Emergency Department,OP_18b,Average (median) time patients spent in the emergency department before leaving from the visit,minutes,239.0,1818,,,01/01/2025,12/31/2025
430039,Prairie View Memorial Hospital,Prairie View,SD,River,51834,Emergency Department,OP_23,Percentage of patients who came to the emergency department with stroke symptoms who received brain scan results within 45 minutes,percent,65.0,4088,,,01/01/2025,12/31/2025
140007,Prairie View Memorial Hospital,Prairie View,IA,Cedar,50430,Emergency Department,OP_18c,Average (median) time patients spent in the emergency department before leaving from the visit - Psychiatric/Mental Health Patients,minutes,691.0,2677,,,01/01/2025,12/31/2025
140089,North Haven County Hospital,North Haven,KS,Cedar,50579,Emergency Department,OP_18c,Average (median) time patients spent in the emergency department before leaving from the visit - Psychiatric/Mental Health Patients,minutes,47.0,694,,,01/01/2025,12/31/2025
170047,Cedar Junction Regional Medical Center,Cedar Junction,SD,Grand,51052,Emergency Department,OP_22,Left without being seen,percent,,,5,Too few cases to report reliably,01/01/2025,12/31/2025
520099,Grand Ridge Community Hospital,Grand Ridge,KS,River,53606,Emergency Department,OP_18c,Average (median) time patients spent in the emergency department before leaving from the visit - Psychiatric/Mental Health Patients,minutes,313.0,1474,,,01/01/2025,12/31/2025
430070,River Ridge Memorial Hospital,River Ridge,MO,River,52628,Emergency Department,OP_22,Left without being seen,percent,2.0,297,,,01/01/2025,12/31/2025
140081,Elk Ridge County Hospital,Elk Ridge,KS,Fair,55313,Emergency Department,OP_23,Percentage of patients who came to the emergency department with stroke symptoms who received brain scan results within 45 minutes,percent,68.0,699,,,01/01/2025,12/31/2025
430070,River Ridge Memorial Hospital,River Ridge,MO,River,52628,Emergency Department,OP_23,Percentage of patients who came to the emergency department with stroke symptoms who received brain scan results within 45 minutes,percent,,,25,Facility did not submit data,01/01/2025,12/31/2025
170027,Prairie Bluff Community Hospital,Prairie Bluff,WI,North,51914,Emergency Department,OP_23,Percentage of patients who came to the emergency department with stroke symptoms who received brain scan results within 45 minutes,percent,47.0,3768,,,01/01/2025,12/31/2025
170115,North View Regional Medical Center,North View,KS,Elk,51272,Emergency Department,ED_2b,Average (median) time patients spent in the emergency department after the doctor decided to admit them,minutes,,,1,Not available — measure not reported,01/01/2025,12/31/2025
430041,Fair Haven County Hospital,Fair Haven,IA,Prairie,50049,Emergency Department,OP_23,Percentage of patients who came to the emergency department with stroke symptoms who received brain scan results within 45 minutes,percent,71.0,2632,,,01/01/2025,12/31/2025
240085,Grand Haven Community Hospital,Grand Haven,MN,Elk,50552,Emergency Department,OP_22,Left without being seen,percent,2.2,1547,,,01/01/2025,12/31/2025
260061,Elk Ridge Community Hospital,Elk Ridge,IL,Elk,51705,Emergency Department,OP_18b,Average (median) time patients spent in the emergency department before leaving from the visit,minutes,,,5,Too few cases to report reliably,01/01/2025,12/31/2025
430068,Grand Grove County Hospital,Grand Grove,MO,Fair,53807,Emergency Department,OP_18b,Average (median) time patients spent in the emergency department before leaving from the visit,minutes,249.0,410,,,01/01/2025,12/31/2025
160074,Pine Haven Medical Center,Pine Haven,SD,River,50297,Emergency Department,ED_2b,Average (median) time patients spent in the emergency department after the doctor decided to admit them,minutes,36.0,1671,,,01/01/2025,12/31/2025
430066,Grand Ridge Medical Center,Grand Ridge,NE,River,50393,Emergency Department,OP_18b,Average (median) time patients spent in the emergency department before leaving from the visit,minutes,288.0,3670,,,01/01/2025,12/31/2025
260119,Fair Ridge Health System,Fair Ridge,SD,Pine,50932,Emergency Department,OP_18b,Average (median) time patients spent in the emergency department before leaving from the visit,minutes,,,25,Facility did not submit data,01/01/2025,12/31/2025
240100,Prairie Ridge Community Hospital,Prairie Ridge,WI,Elk,50901,Emergency Department,OP_22,Left without being seen,percent,0.9,4036,,,01/01/2025,12/31/2025
240022,Fair Bluff Regional Medical Center,Fair Bluff,MO,Elk,53054,Emergency Department,OP_18c,Average (median) time patients spent in the emergency department before leaving from the visit - Psychiatric/Mental Health Patients,minutes,420.0,2875,,,01/01/2025,12/31/2025
140005,North Grove County Hospital,North Grove,SD,Pine,50071,Emergency Department,OP_22,Left without being seen,percent,3.6,1366,,,01/01/2025,12/31/2025
260104,North Haven Memorial Hospital,North Haven,IL,Grand,51146,Emergency Department,OP_18b,Average (median) time patients spent in the emergency department before leaving from the visit,minutes,134.0,4084,,,01/01/2025,12/31/2025
140028,River Ridge Medical Center,River Ridge,WI,North,51706,Emergency Department,OP_18b,Average (median) time patients spent in the emergency department before leaving from the visit,minutes,190.0,2100,,,01/01/2025,12/31/2025
140113,Fair Bluff Health System,Fair Bluff,SD,River,51419,Emergency Department,OP_23,Percentage of patients who came to the emergency department with stroke symptoms who received brain scan results within 45 minutes,percent,,,25,Facility did not submit data,01/01/2025,12/31/2025
520038,Fair Grove Community Hospital,Fair Grove,IL,Fair,50856,Emergency Department,ED_2b,Average (median) time patients spent in the emergency department after the doctor decided to admit them,minutes,227.0,193,,,01/01/2025,12/31/2025
160037,Pine Ridge Health System,Pine Ridge,IA,Cedar,51833,Emergency Department,OP_18c,Average (median) time patients spent in the emergency department before leaving from the visit - Psychiatric/Mental Health Patients,minutes,393.0,3824,,,01/01/2025,12/31/2025
520016,Pine Grove Medical Center,Pine Grove,KS,Prairie,51241,Emergency Department,OP_23,Percentage of patients who came to the emergency department with stroke symptoms who received brain scan results within 45 minutes,percent,60.0,1148,,,01/01/2025,12/31/2025
140081,Elk Ridge County Hospital,Elk Ridge,KS,Fair,55313,Emergency Department,ED_2b,Average (median) time patients spent in the emergency department after the doctor decided to admit them,minutes,128.0,1995,,,01/01/2025,12/31/2025
280058,Pine Grove Medical Center,Pine Grove,NE,Cedar,51058,Emergency Department,OP_18c,Average (median) time patients spent in the emergency department before leaving from the visit - Psychiatric/Mental Health Patients,minutes,76.0,3752,,,01/01/2025,12/31/2025
160108,Grand Bluff Memorial Hospital,Grand Bluff,IA,Cedar,51450,Emergency Department,OP_18b,Average (median) time patients spent in the emergency department before leaving from the visit,minutes,133.0,4007,,,01/01/2025,12/31/2025
170011,River Junction Regional Medical Center,River Junction,IA,Fair,51311,Emergency Department,OP_18b,Average (median) time patients spent in the emergency department before leaving from the visit,minutes,280.0,1874,,,01/01/2025,12/31/2025
160108,Grand Bluff Memorial Hospital,Grand Bluff,IA,Cedar,51450,Emergency Department,OP_18c,Average (median) time patients spent in the emergency department before leaving from the visit - Psychiatric/Mental Health Patients,minutes,,,1,Not available — measure not reported,01/01/2025,12/31/2025
140089,North Haven County Hospital,North Haven,KS,Cedar,50579,Emergency Department,OP_22,Left without being seen,percent,3.9,1003,,,01/01/2025,12/31/2025
280080,Fair Rapids Memorial Hospital,Fair Rapids,MO,River,50578,Emergency Department,ED_2b,Average (median) time patients spent in the emergency department after the doctor decided to admit them,minutes,114.0,454,,,01/01/2025,12/31/2025
240012,Grand Falls Community Hospital,Grand Falls,IA,Cedar,50804,Emergency Department,OP_18b,Average (median) time patients spent in the emergency department before leaving from the visit,minutes,282.0,3067,,,01/01/2025,12/31/2025
160067,North Ridge County Hospital,North Ridge,IA,Cedar,50877,Emergency Department,OP_22,Left without being seen,percent,0.2,623,,,01/01/2025,12/31/2025
280058,Pine Grove Medical Center,Pine Grove,NE,Cedar,51058,Emergency Department,OP_22,Left without being seen,percent,1.9,943,,,01/01/2025,12/31/2025
260045,North Falls County Hospital,North Falls,MN,Prairie,51363,Emergency Department,OP_23,Percentage of patients who came to the emergency department with stroke symptoms who received brain scan results within 45 minutes,percent,39.0,920,,,01/01/2025,12/31/2025
160067,North Ridge County Hospital,North Ridge,IA,Cedar,50877,Emergency Department,OP_18c,Average (median) time patients spent in the emergency department before leaving from the visit - Psychiatric/Mental Health Patients,minutes,150.0,3731,,,01/01/2025,12/31/2025
280008,Elk View Health System,Elk View,NE,Cedar,51174,Emergency Department,OP_18c,Average (median) time patients spent in the emergency department before leaving from the visit - Psychiatric/Mental Health Patients,minutes,273.0,1081,,,01/01/2025,12/31/2025
430088,Grand Rapids Medical Center,Grand Rapids,SD,Pine,53993,Emergency Department,OP_18b,Average (median) time patients spent in the emergency department before leaving from the visit,minutes,247.0,566,,,01/01/2025,12/31/2025
280024,Elk Grove Memorial Hospital,Elk Grove,IA,Elk,50399,Emergency Department,ED_2b,Average (median) time patients spent in the emergency department after the doctor decided to admit them,minutes,54.0,2820,,,01/01/2025,12/31/2025
240065,Prairie Haven Health System,Prairie Haven,NE,Pine,50192,Emergency Department,OP_18c,Average (median) time patients spent in the emergency department before leaving from the visit - Psychiatric/Mental Health Patients,minutes,119.0,2672,,,01/01/2025,12/31/2025
170056,Pine Falls Community Hospital,Pine Falls,IL,Cedar,50608,Emergency Department,ED_2b,Average (median) time patients spent in the emergency department after the doctor decided to admit them,minutes,197.0,913,,,01/01/2025,12/31/2025
260119,Fair Ridge Health System,Fair Ridge,SD,Pine,50932,Emergency Department,OP_18c,Average (median) time patients spent in the emergency department before leaving from the visit - Psychiatric/Mental Health Patients,minutes,236.0,2745,,,01/01/2025,12/31/2025
170011,River Junction Regional Medical Center,River Junction,IA,Fair,51311,Emergency Department,OP_23,Percentage of patients who came to the emergency department with stroke symptoms who received brain scan results within 45 minutes,percent,60.0,4168,,,01/01/2025,12/31/2025
160108,Grand Bluff Memorial Hospital,Grand Bluff,IA,Cedar,51450,Emergency Department,ED_2b,Average (median) time patients spent in the emergency department after the doctor decided to admit them,minutes,202.0,1051,,,01/01/2025,12/31/2025
170036,River Junction Community Hospital,River Junction,KS,Elk,53498,Emergency Department,OP_22,Left without being seen,percent,0.0,3218,,,01/01/2025,12/31/2025
280017,Cedar Bluff Regional Medical Center,Cedar Bluff,IA,Fair,50130,Emergency Department,OP_18c,Average (median) time patients spent in the emergency department before leaving from the visit - Psychiatric/Mental Health Patients,minutes,315.0,3473,,,01/01/2025,12/31/2025
430014,Fair Rapids Regional Medical Center,Fair Rapids,IL,Cedar,51189,Emergency Department,OP_18c,Average (median) time patients spent in the emergency department before leaving from the visit - Psychiatric/Mental Health Patients,minutes,475.0,351,,,01/01/2025,12/31/2025
140019,Grand Junction Memorial Hospital,Grand Junction,NE,North,51328,Emergency Department,OP_22,Left without being seen,percent,1.2,1331,,,01/01/2025,12/31/2025
140019,Grand Junction Memorial Hospital,Grand Junction,NE,North,51328,Emergency Department,ED_2b,Average (median) time patients spent in the emergency department after the doctor decided to admit them,minutes,124.0,3104,,,01/01/2025,12/31/2025
170101,Prairie Grove County Hospital,Prairie Grove,IA,North,51868,Emergency Department,OP_18c,Average (median) time patients spent in the emergency department before leaving from the visit - Psychiatric/Mental Health Patients,minutes,66.0,2283,,,01/01/2025,12/31/2025
260084,Cedar Haven Community Hospital,Cedar Haven,KS,Elk,50561,Emergency Department,OP_23,Percentage of patients who came to the emergency department with stroke symptoms who received brain scan results within 45 minutes,percent,38.0,2535,,,01/01/2025,12/31/2025
140053,River Grove Regional Medical Center,River Grove,WI,Cedar,51899,Emergency Department,OP_22,Left without being seen,percent,2.6,2512,,,01/01/2025,12/31/2025
140112,Pine Junction Community Hospital,Pine Junction,MO,Elk,50577,Emergency Department,OP_23,Percentage of patients who came to the emergency department with stroke symptoms who received brain scan results within 45 minutes,percent,54.0,664,,,01/01/2025,12/31/2025
430093,River Bluff Health System,River Bluff,IL,Prairie,50583,Emergency Department,OP_23,Percentage of patients who came to the emergency department with stroke symptoms who received brain scan results within 45 minutes,percent,86.0,1110,,,01/01/2025,12/31/2025
240029,Cedar View County Hospital,Cedar View,MN,Prairie,50481,Emergency Department,OP_18b,Average (median) time patients spent in the emergency department before leaving from the visit,minutes,89.0,308,,,01/01/2025,12/31/2025
430068,Grand Grove County Hospital,Grand Grove,MO,Fair,53807,Emergency Department,OP_22,Left without being seen,percent,4.2,1940,,,01/01/2025,12/31/2025
430041,Fair Haven County Hospital,Fair Haven,IA,Prairie,50049,Emergency Department,ED_2b,Average (median) time patients spent in the emergency department after the doctor decided to admit them,minutes,,,5,Too few cases to report reliably,01/01/2025,12/31/2025
160078,Pine Rapids Health System,Pine Rapids,IA,Grand,52878,Emergency Department,ED_2b,Average (median) time patients spent in the emergency department after the doctor decided to admit them,minutes,,,5,Too few cases to report reliably,01/01/2025,12/31/2025
140007,Prairie View Memorial Hospital,Prairie View,IA,Cedar,50430,Emergency Department,OP_23,Percentage of patients who came to the emergency department with stroke symptoms who received brain scan results within 45 minutes,percent,53.0,477,,,01/01/2025,12/31/2025
170027,Prairie Bluff Community Hospital,Prairie Bluff,WI,North,51914,Emergency Department,ED_2b,Average (median) time patients spent in the emergency department after the doctor decided to admit them,minutes,113.0,2271,,,01/01/2025,12/31/2025
430039,Prairie View Memorial Hospital,Prairie View,SD,River,51834,Emergency Department,ED_2b,Average (median) time patients spent in the emergency department after the doctor decided to admit them,minutes,184.0,3789,,,01/01/2025,12/31/2025
430014,Fair Rapids Regional Medical Center,Fair Rapids,IL,Cedar,51189,Emergency Department,OP_18b,Average (median) time patients spent in the emergency department before leaving from the visit,minutes,132.0,1595,,,01/01/2025,12/31/2025
160037,Pine Ridge Health System,Pine Ridge,IA,Cedar,51833,Emergency Department,OP_23,Percentage of patients who came to the emergency department with stroke symptoms who received brain scan results within 45 minutes,percent,40.0,3481,,,01/01/2025,12/31/2025
520099,Grand Ridge Community Hospital,Grand Ridge,KS,River,53606,Emergency Department,ED_2b,Average (median) time patients spent in the emergency department after the doctor decided to admit them,minutes,263.0,1071,,,01/01/2025,12/31/2025
240059,Cedar Haven Health System,Cedar Haven,IL,Grand,50764,Emergency Department,OP_23,Percentage of patients who came to the emergency department with stroke symptoms who received brain scan results within 45 minutes,percent,71.0,2687,,,01/01/2025,12/31/2025
280043,Prairie View Regional Medical Center,Prairie View,IA,Grand,51134,Emergency Department,OP_18b,Average (median) time patients spent in the emergency department before leaving from the visit,minutes,239.0,2229,,,01/01/2025,12/31/2025
170013,North Rapids Regional Medical Center,North Rapids,IL,Elk,53478,Emergency Department,OP_22,Left without being seen,percent,0.8,1367,,,01/01/2025,12/31/2025
140113,Fair Bluff Health System,Fair Bluff,SD,River,51419,Emergency Department,ED_2b,Average (median) time patients spent in the emergency department after the doctor decided to admit them,minutes,52.0,1351,,,01/01/2025,12/31/2025
430107,Elk Haven Community Hospital,Elk Haven,MO,Cedar,55428,Emergency Department,OP_18c,Average (median) time patients spent in the emergency department before leaving from the visit - Psychiatric/Mental Health Patients,minutes,,,25,Facility did not submit data,01/01/2025,12/31/2025
170051,Elk View County Hospital,Elk View,MO,Fair,53057,Emergency Department,OP_22,Left without being seen,percent,0.1,2302,,,01/01/2025,12/31/2025
520114,Elk Rapids Health System,Elk Rapids,IA,Elk,50818,Emergency Department,OP_22,Left without being seen,percent,1.5,3790,,,01/01/2025,12/31/2025
170013,North Rapids Regional Medical Center,North Rapids,IL,Elk,53478,Emergency Department,ED_2b,Average (median) time patients spent in the emergency department after the doctor decided to admit them,minutes,28.0,2815,,,01/01/2025,12/31/2025
160077,Cedar Grove Regional Medical Center,Cedar Grove,WI,Elk,54568,Emergency Department,OP_23,Percentage of patients who came to the emergency department with stroke symptoms who received brain scan results within 45 minutes,percent,79.0,1651,,,01/01/2025,12/31/2025
260069,Prairie Bluff Memorial Hospital,Prairie Bluff,IA,Fair,50472,Emergency Department,ED_2b,Average (median) time patients spent in the emergency department after the doctor decided to admit them,minutes,378.0,440,,,01/01/2025,12/31/2025
260061,Elk Ridge Community Hospital,Elk Ridge,IL,Elk,51705,Emergency Department,OP_23,Percentage of patients who came to the emergency department with stroke symptoms who received brain scan results within 45 minutes,percent,39.0,4121,,,01/01/2025,12/31/2025
430107,Elk Haven Community Hospital,Elk Haven,MO,Cedar,55428,Emergency Department,OP_23,Percentage of patients who came to the emergency department with stroke symptoms who received brain scan results within 45 minutes,percent,82.0,952,,,01/01/2025,12/31/2025
520090,River Bluff Health System,River Bluff,MO,Cedar,51621,Emergency Department,OP_23,Percentage of patients who came to the emergency department with stroke symptoms who received brain scan results within 45 minutes,percent,85.0,147,,,01/01/2025,12/31/2025
260033,River Rapids Health System,River Rapids,KS,Elk,50760,Emergency Department,OP_18b,Average (median) time patients spent in the emergency department before leaving from the visit,minutes,292.0,248,,,01/01/2025,12/31/2025
280106,Cedar View Medical Center,Cedar View,MO,River,52499,Emergency Department,OP_22,Left without being seen,percent,,,25,Facility did not submit data,01/01/2025,12/31/2025
160073,Grand View County Hospital,Grand View,IA,Elk,50649,Emergency Department,OP_22,Left without being seen,percent,2.8,903,,,01/01/2025,12/31/2025
160060,Pine View Health System,Pine View,MN,Prairie,55806,Emergency Department,OP_22,Left without being seen,percent,,,25,Facility did not submit data,01/01/2025,12/31/2025
260109,River Falls County Hospital,River Falls,IL,Grand,50157,Emergency Department,OP_18c,Average (median) time patients spent in the emergency department before leaving from the visit - Psychiatric/Mental Health Patients,minutes,485.0,722,,,01/01/2025,12/31/2025
240006,River Grove Medical Center,River Grove,WI,Grand,50411,Emergency Department,OP_18b,Average (median) time patients spent in the emergency department before leaving from the visit,minutes,176.0,1990,,,01/01/2025,12/31/2025
160046,Pine Falls County Hospital,Pine Falls,IA,Pine,50850,Emergency Department,OP_23,Percentage of patients who came to the emergency department with stroke symptoms who received brain scan results within 45 minutes,percent,65.0,1225,,,01/01/2025,12/31/2025
430068,Grand Grove County Hospital,Grand Grove,MO,Fair,53807,Emergency Department,ED_2b,Average (median) time patients spent in the emergency department after the doctor decided to admit them,minutes,176.0,3620,,,01/01/2025,12/31/2025
160030,Cedar View Health System,Cedar View,IA,North,52312,Emergency Department,OP_18b,Average (median) time patients spent in the emergency department before leaving from the visit,minutes,188.0,1925,,,01/01/2025,12/31/2025
280072,Grand Ridge Regional Medical Center,Grand Ridge,MN,River,51781,Emergency Department,OP_18c,Average (median) time patients spent in the emergency department before leaving from the visit - Psychiatric/Mental Health Patients,minutes,185.0,189,,,01/01/2025,12/31/2025
240095,Pine Ridge Medical Center,Pine Ridge,KS,Fair,51068,Emergency Department,OP_22,Left without being seen,percent,1.7,194,,,01/01/2025,12/31/2025
430116,Elk Grove Medical Center,Elk Grove,MN,Prairie,50281,Emergency Department,OP_18b,Average (median) time patients spent in the emergency department before leaving from the visit,minutes,168.0,1548,,,01/01/2025,12/31/2025
430054,Cedar Grove Health System,Cedar Grove,WI,Grand,51086,Emergency Department,OP_18c,Average (median) time patients spent in the emergency department before leaving from the visit - Psychiatric/Mental Health Patients,minutes,,,5,Too few cases to report reliably,01/01/2025,12/31/2025
170034,North Grove Medical Center,North Grove,KS,River,50625,Emergency Department,ED_2b,Average (median) time patients spent in the emergency department after the doctor decided to admit them,minutes,259.0,2436,,,01/01/2025,12/31/2025
160046,Pine Falls County Hospital,Pine Falls,IA,Pine,50850,Emergency Department,OP_18b,Average (median) time patients spent in the emergency department before leaving from the visit,minutes,47.0,1540,,,01/01/2025,12/31/2025
240059,Cedar Haven Health System,Cedar Haven,IL,Grand,50764,Emergency Department,OP_18c,Average (median) time patients spent in the emergency department before leaving from the visit - Psychiatric/Mental Health Patients,minutes,356.0,3278,,,01/01/2025,12/31/2025
260087,Elk Grove Memorial Hospital,Elk Grove,IA,Elk,51181,Emergency Department,OP_18b,Average (median) time patients spent in the emergency department before leaving from the visit,minutes,177.0,3994,,,01/01/2025,12/31/2025
170034,North Grove Medical Center,North Grove,KS,River,50625,Emergency Department,OP_22,Left without being seen,percent,3.1,472,,,01/01/2025,12/31/2025
260084,Cedar Haven Community Hospital,Cedar Haven,KS,Elk,50561,Emergency Department,OP_18c,Average (median) time patients spent in the emergency department before leaving from the visit - Psychiatric/Mental Health Patients,minutes,384.0,1448,,,01/01/2025,12/31/2025
260084,Cedar Haven Community Hospital,Cedar Haven,KS,Elk,50561,Emergency Department,OP_22,Left without being seen,percent,3.8,3443,,,01/01/2025,12/31/2025
170101,Prairie Grove County Hospital,Prairie Grove,IA,North,51868,Emergency Department,OP_18b,Average (median) time patients spent in the emergency department before leaving from the visit,minutes,199.0,937,,,01/01/2025,12/31/2025
160117,Cedar Haven Health System,Cedar Haven,IA,Grand,50710,Emergency Department,OP_18c,Average (median) time patients spent in the emergency department before leaving from the visit - Psychiatric/Mental Health Patients,minutes,,,25,Facility did not submit data,01/01/2025,12/31/2025
160030,Cedar View Health System,Cedar View,IA,North,52312,Emergency Department,OP_23,Percentage of patients who came to the emergency department with stroke symptoms who received brain scan results within 45 minutes,percent,50.0,3350,,,01/01/2025,12/31/2025
260091,Grand View Community Hospital,Grand View,IA,Fair,51237,Emergency Department,ED_2b,Average (median) time patients spent in the emergency department after the doctor decided to admit them,minutes,121.0,2328,,,01/01/2025,12/31/2025
170003,Elk Falls Community Hospital,Elk Falls,IA,Elk,50336,Emergency Department,OP_22,Left without being seen,percent,3.4,2205,,,01/01/2025,12/31/2025
260092,Elk View Community Hospital,Elk View,WI,Grand,50014,Emergency Department,OP_22,Left without being seen,percent,3.7,1490,,,01/01/2025,12/31/2025
520055,Fair View Memorial Hospital,Fair View,SD,Elk,53539,Emergency Department,OP_18b,Average (median) time patients spent in the emergency department before leaving from the visit,minutes,205.0,3954,,,01/01/2025,12/31/2025
160083,North Bluff Regional Medical Center,North Bluff,KS,Elk,52748,Emergency Department,OP_18c,Average (median) time patients spent in the emergency department before leaving from the visit - Psychiatric/Mental Health Patients,minutes,411.0,636,,,01/01/2025,12/31/2025
160097,Fair Grove Regional Medical Center,Fair Grove,KS,Elk,53527,Emergency Department,OP_22,Left without being seen,percent,4.2,4098,,,01/01/2025,12/31/2025
170096,Cedar Junction Regional Medical Center,Cedar Junction,IL,Grand,52991,Emergency Department,ED_2b,Average (median) time patients spent in the emergency department after the doctor decided to admit them,minutes,,,5,Too few cases to report reliably,01/01/2025,12/31/2025
260045,North Falls County Hospital,North Falls,MN,Prairie,51363,Emergency Department,OP_22,Left without being seen,percent,2.1,2497,,,01/01/2025,12/31/2025
520086,North Grove County Hospital,North Grove,KS,Elk,54241,Emergency Department,OP_18c,Average (median) time patients spent in the emergency department before leaving from the visit - Psychiatric/Mental Health Patients,minutes,291.0,2605,,,01/01/2025,12/31/2025
430066,Grand Ridge Medical Center,Grand Ridge,NE,River,50393,Emergency Department,OP_23,Percentage of patients who came to the emergency department with stroke symptoms who received brain scan results within 45 minutes,percent,33.0,3013,,,01/01/2025,12/31/2025
280058,Pine Grove Medical Center,Pine Grove,NE,Cedar,51058,Emergency Department,ED_2b,Average (median) time patients spent in the emergency department after the doctor decided to admit them,minutes,85.0,1089,,,01/01/2025,12/31/2025
140028,River Ridge Medical Center,River Ridge,WI,North,51706,Emergency Department,OP_23,Percentage of patients who came to the emergency department with stroke symptoms who received brain scan results within 45 minutes,percent,87.0,1983,,,01/01/2025,12/31/2025
160030,Cedar View Health System,Cedar View,IA,North,52312,Emergency Department,OP_18c,Average (median) time patients spent in the emergency department before leaving from the visit - Psychiatric/Mental Health Patients,minutes,344.0,245,,,01/01/2025,12/31/2025
260091,Grand View Community Hospital,Grand View,IA,Fair,51237,Emergency Department,OP_18b,Average (median) time patients spent in the emergency department before leaving from the visit,minutes,226.0,183,,,01/01/2025,12/31/2025
430023,Pine Bluff County Hospital,Pine Bluff,WI,Fair,51840,Emergency Department,OP_23,Percentage of patients who came to the emergency department with stroke symptoms who received brain scan results within 45 minutes,percent,98.0,771,,,01/01/2025,12/31/2025
240085,Grand Haven Community Hospital,Grand Haven,MN,Elk,50552,Emergency Department,OP_18b,Average (median) time patients spent in the emergency department before leaving from the visit,minutes,183.0,1602,,,01/01/2025,12/31/2025
430070,River Ridge Memorial Hospital,River Ridge,MO,River,52628,Emergency Department,ED_2b,Average (median) time patients spent in the emergency department after the doctor decided to admit them,minutes,127.0,2122,,,01/01/2025,12/31/2025
170115,North View Regional Medical Center,North View,KS,Elk,51272,Emergency Department,OP_18c,Average (median) time patients spent in the emergency department before leaving from the visit - Psychiatric/Mental Health Patients,minutes,277.0,1904,,,01/01/2025,12/31/2025
430039,Prairie View Memorial Hospital,Prairie View,SD,River,51834,Emergency Department,OP_18b,Average (median) time patients spent in the emergency department before leaving from the visit,minutes,172.0,2212,,,01/01/2025,12/31/2025
240042,Prairie Grove County Hospital,Prairie Grove,IL,Fair,51181,Emergency Department,OP_22,Left without being seen,percent,,,5,Too few cases to report reliably,01/01/2025,12/31/2025
240065,Prairie Haven Health System,Prairie Haven,NE,Pine,50192,Emergency Department,OP_23,Percentage of patients who came to the emergency department with stroke symptoms who received brain scan results within 45 minutes,percent,67.0,1690,,,01/01/2025,12/31/2025
520090,River Bluff Health System,River Bluff,MO,Cedar,51621,Emergency Department,ED_2b,Average (median) time patients spent in the emergency department after the doctor decided to admit them,minutes,54.0,3352,,,01/01/2025,12/31/2025
430010,Grand Haven Medical Center,Grand Haven,MN,Elk,51296,Emergency Department,OP_22,Left without being seen,percent,,,25,Facility did not submit data,01/01/2025,12/31/2025
160083,North Bluff Regional Medical Center,North Bluff,KS,Elk,52748,Emergency Department,OP_18b,Average (median) time patients spent in the emergency department before leaving from the visit,minutes,171.0,2085,,,01/01/2025,12/31/2025
430009,Grand Bluff Community Hospital,Grand Bluff,IL,Cedar,50922,Emergency Department,OP_18c,Average (median) time patients spent in the emergency department before leaving from the visit - Psychiatric/Mental Health Patients,minutes,513.0,1762,,,01/01/2025,12/31/2025
240035,Pine Haven Medical Center,Pine Haven,SD,Prairie,52937,Emergency Department,OP_23,Percentage of patients who came to the emergency department with stroke symptoms who received brain scan results within 45 minutes,percent,49.0,600,,,01/01/2025,12/31/2025
260045,North Falls County Hospital,North Falls,MN,Prairie,51363,Emergency Department,OP_18b,Average (median) time patients spent in the emergency department before leaving from the visit,minutes,219.0,2015,,,01/01/2025,12/31/2025
160077,Cedar Grove Regional Medical Center,Cedar Grove,WI,Elk,54568,Emergency Department,ED_2b,Average (median) time patients spent in the emergency department after the doctor decided to admit them,minutes,81.0,2930,,,01/01/2025,12/31/2025
170101,Prairie Grove County Hospital,Prairie Grove,IA,North,51868,Emergency Department,ED_2b,Average (median) time patients spent in the emergency department after the doctor decided to admit them,minutes,20.0,3295,,,01/01/2025,12/31/2025
140111,Elk Rapids Medical Center,Elk Rapids,IA,Fair,51694,Emergency Department,OP_22,Left without being seen,percent,0.5,799,,,01/01/2025,12/31/2025
170115,North View Regional Medical Center,North View,KS,Elk,51272,Emergency Department,OP_22,Left without being seen,percent,,,25,Facility did not submit data,01/01/2025,12/31/2025
260004,Elk Haven Medical Center,Elk Haven,NE,Cedar,53783,Emergency Department,ED_2b,Average (median) time patients spent in the emergency department after the doctor decided to admit them,minutes,171.0,3117,,,01/01/2025,12/31/2025
240020,Pine Rapids County Hospital,Pine Rapids,IA,Elk,51142,Emergency Department,OP_22,Left without being seen,percent,,,5,Too few cases to report reliably,01/01/2025,12/31/2025
160102,River Bluff Health System,River Bluff,IL,Pine,52617,Emergency Department,OP_18b,Average (median) time patients spent in the emergency department before leaving from the visit,minutes,151.0,1976,,,01/01/2025,12/31/2025
260015,Fair View Memorial Hospital,Fair View,MN,Elk,51515,Emergency Department,OP_18b,Average (median) time patients spent in the emergency department before leaving from the visit,minutes,201.0,1717,,,01/01/2025,12/31/2025
160037,Pine Ridge Health System,Pine Ridge,IA,Cedar,51833,Emergency Department,ED_2b,Average (median) time patients spent in the emergency department after the doctor decided to admit them,minutes,208.0,1499,,,01/01/2025,12/31/2025
140028,River Ridge Medical Center,River Ridge,WI,North,51706,Emergency Department,OP_18c,Average (median) time patients spent in the emergency department before leaving from the visit - Psychiatric/Mental Health Patients,minutes,183.0,1924,,,01/01/2025,12/31/2025
170021,Prairie Ridge County Hospital,Prairie Ridge,NE,Cedar,51285,Emergency Department,OP_23,Percentage of patients who came to the emergency department with stroke symptoms who received brain scan results within 45 minutes,percent,78.0,2147,,,01/01/2025,12/31/2025
160074,Pine Haven Medical Center,Pine Haven,SD,River,50297,Emergency Department,OP_18c,Average (median) time patients spent in the emergency department before leaving from the visit - Psychiatric/Mental Health Patients,minutes,145.0,2814,,,01/01/2025,12/31/2025
170003,Elk Falls Community Hospital,Elk Falls,IA,Elk,50336,Emergency Department,OP_18b,Average (median) time patients spent in the emergency department before leaving from the visit,minutes,287.0,758,,,01/01/2025,12/31/2025
140112,Pine Junction Community Hospital,Pine Junction,MO,Elk,50577,Emergency Department,OP_18c,Average (median) time patients spent in the emergency department before leaving from the visit - Psychiatric/Mental Health Patients,minutes,55.0,3802,,,01/01/2025,12/31/2025
240059,Cedar Haven Health System,Cedar Haven,IL,Grand,50764,Emergency Department,OP_18b,Average (median) time patients spent in the emergency department before leaving from the visit,minutes,247.0,3938,,,01/01/2025,12/31/2025
260076,River View County Hospital,River View,SD,Pine,51294,Emergency Department,OP_18b,Average (median) time patients spent in the emergency department before leaving from the visit,minutes,183.0,3738,,,01/01/2025,12/31/2025
170013,North Rapids Regional Medical Center,North Rapids,IL,Elk,53478,Emergency Department,OP_23,Percentage of patients who came to the emergency department with stroke symptoms who received brain scan results within 45 minutes,percent,95.0,3747,,,01/01/2025,12/31/2025
260104,North Haven Memorial Hospital,North Haven,IL,Grand,51146,Emergency Department,OP_22,Left without being seen,percent,1.2,4169,,,01/01/2025,12/31/2025
280024,Elk Grove Memorial Hospital,Elk Grove,IA,Elk,50399,Emergency Department,OP_18c,Average (median) time patients spent in the emergency department before leaving from the visit - Psychiatric/Mental Health Patients,minutes,225.0,4011,,,01/01/2025,12/31/2025
170047,Cedar Junction Regional Medical Center,Cedar Junction,SD,Grand,51052,Emergency Department,ED_2b,Average (median) time patients spent in the emergency department after the doctor decided to admit them,minutes,150.0,328,,,01/01/2025,12/31/2025
170034,North Grove Medical Center,North Grove,KS,River,50625,Emergency Department,OP_23,Percentage of patients who came to the emergency department with stroke symptoms who received brain scan results within 45 minutes,percent,110.0,264,,,01/01/2025,12/31/2025
160102,River Bluff Health System,River Bluff,IL,Pine,52617,Emergency Department,ED_2b,Average (median) time patients spent in the emergency department after the doctor decided to admit them,minutes,62.0,1366,,,01/01/2025,12/31/2025
240042,Prairie Grove County Hospital,Prairie Grove,IL,Fair,51181,Emergency Department,OP_18c,Average (median) time patients spent in the emergency department before leaving from the visit - Psychiatric/Mental Health Patients,minutes,152.0,2138,,,01/01/2025,12/31/2025
170027,Prairie Bluff Community Hospital,Prairie Bluff,WI,North,51914,Emergency Department,OP_22,Left without being seen,percent,2.9,3808,,,01/01/2025,12/31/2025
160048,River Rapids Health System,River Rapids,IL,North,53673,Emergency Department,OP_23,Percentage of patients who came to the emergency department with stroke symptoms who received brain scan results within 45 minutes,percent,82.0,199,,,01/01/2025,12/31/2025
240001,Grand Bluff Memorial Hospital,Grand Bluff,IA,Cedar,51116,Emergency Department,OP_23,Percentage of patients who came to the emergency department with stroke symptoms who received brain scan results within 45 minutes,percent,87.0,3113,,,01/01/2025,12/31/2025
140050,River View Medical Center,River View,KS,Prairie,55257,Emergency Department,OP_18b,Average (median) time patients spent in the emergency department before leaving from the visit,minutes,174.0,206,,,01/01/2025,12/31/2025
430039,Prairie View Memorial Hospital,Prairie View,SD,River,51834,Emergency Department,OP_22,Left without being seen,percent,4.9,4160,,,01/01/2025,12/31/2025
430054,Cedar Grove Health System,Cedar Grove,WI,Grand,51086,Emergency Department,ED_2b,Average (median) time patients spent in the emergency department after the doctor decided to admit them,minutes,56.0,1410,,,01/01/2025,12/31/2025
170056,Pine Falls Community Hospital,Pine Falls,IL,Cedar,50608,Emergency Department,OP_18c,Average (median) time patients spent in the emergency department before leaving from the visit - Psychiatric/Mental Health Patients,minutes,654.0,365,,,01/01/2025,12/31/2025
520086,North Grove County Hospital,North Grove,KS,Elk,54241,Emergency Department,ED_2b,Average (median) time patients spent in the emergency department after the doctor decided to admit them,minutes,125.0,708,,,01/01/2025,12/31/2025
140113,Fair Bluff Health System,Fair Bluff,SD,River,51419,Emergency Department,OP_18b,Average (median) time patients spent in the emergency department before leaving from the visit,minutes,90.0,4009,,,01/01/2025,12/31/2025
430070,River Ridge Memorial Hospital,River Ridge,MO,River,52628,Emergency Department,OP_18b,Average (median) time patients spent in the emergency department before leaving from the visit,minutes,147.0,2063,,,01/01/2025,12/31/2025
160117,Cedar Haven Health System,Cedar Haven,IA,Grand,50710,Emergency Department,OP_22,Left without being seen,percent,0.0,1139,,,01/01/2025,12/31/2025
260087,Elk Grove Memorial Hospital,Elk Grove,IA,Elk,51181,Emergency Department,OP_18c,Average (median) time patients spent in the emergency department before leaving from the visit - Psychiatric/Mental Health Patients,minutes,128.0,2603,,,01/01/2025,12/31/2025
240082,Grand Rapids Memorial Hospital,Grand Rapids,IL,Cedar,52110,Emergency Department,OP_18b,Average (median) time patients spent in the emergency department before leaving from the visit,minutes,233.0,2353,,,01/01/2025,12/31/2025
140053,River Grove Regional Medical Center,River Grove,WI,Cedar,51899,Emergency Department,OP_23,Percentage of patients who came to the emergency department with stroke symptoms who received brain scan results within 45 minutes,percent,37.0,1970,,,01/01/2025,12/31/2025
240105,Prairie Haven Medical Center,Prairie Haven,IA,Prairie,52528,Emergency Department,OP_23,Percentage of patients who came to the emergency department with stroke symptoms who received brain scan results within 45 minutes,percent,72.0,1335,,,01/01/2025,12/31/2025
520090,River Bluff Health System,River Bluff,MO,Cedar,51621,Emergency Department,OP_18b,Average (median) time patients spent in the emergency department before leaving from the visit,minutes,66.0,1155,,,01/01/2025,12/31/2025
280103,Prairie Junction Community Hospital,Prairie Junction,KS,Cedar,50499,Emergency Department,ED_2b,Average (median) time patients spent in the emergency department after the doctor decided to admit them,minutes,20.0,3469,,,01/01/2025,12/31/2025
520098,Pine Bluff County Hospital,Pine Bluff,WI,Pine,50083,Emergency Department,OP_18c,Average (median) time patients spent in the emergency department before leaving from the visit - Psychiatric/Mental Health Patients,minutes,253.0,1428,,,01/01/2025,12/31/2025
160060,Pine View Health System,Pine View,MN,Prairie,55806,Emergency Department,OP_18c,Average (median) time patients spent in the emergency department before leaving from the visit - Psychiatric/Mental Health Patients,minutes,32.0,621,,,01/01/2025,12/31/2025
170047,Cedar Junction Regional Medical Center,Cedar Junction,SD,Grand,51052,Emergency Department,OP_23,Percentage of patients who came to the emergency department with stroke symptoms who received brain scan results within 45 minutes,percent,69.0,444,,,01/01/2025,12/31/2025
520114,Elk Rapids Health System,Elk Rapids,IA,Elk,50818,Emergency Department,OP_18b,Average (median) time patients spent in the emergency department before leaving from the visit,minutes,322.0,1103,,,01/01/2025,12/31/2025
160048,River Rapids Health System,River Rapids,IL,North,53673,Emergency Department,OP_18c,Average (median) time patients spent in the emergency department before leaving from the visit - Psychiatric/Mental Health Patients,minutes,399.0,3422,,,01/01/2025,12/31/2025
280044,Pine Falls Community Hospital,Pine Falls,IL,Cedar,50631,Emergency Department,ED_2b,Average (median) time patients spent in the emergency department after the doctor decided to admit them,minutes,218.0,3078,,,01/01/2025,12/31/2025
140050,River View Medical Center,River View,KS,Prairie,55257,Emergency Department,OP_22,Left without being seen,percent,4.1,1716,,,01/01/2025,12/31/2025
520038,Fair Grove Community Hospital,Fair Grove,IL,Fair,50856,Emergency Department,OP_22,Left without being seen,percent,4.2,737,,,01/01/2025,12/31/2025
160075,River Falls Regional Medical Center,River Falls,IA,North,50534,Emergency Department,OP_18c,Average (median) time patients spent in the emergency department before leaving from the visit - Psychiatric/Mental Health Patients,minutes,262.0,2377,,,01/01/2025,12/31/2025
140005,North Grove County Hospital,North Grove,SD,Pine,50071,Emergency Department,OP_18c,Average (median) time patients spent in the emergency department before leaving from the visit - Psychiatric/Mental Health Patients,minutes,521.0,1203,,,01/01/2025,12/31/2025
280000,Prairie Falls Medical Center,Prairie Falls,NE,Grand,51272,Emergency Department,ED_2b,Average (median) time patients spent in the emergency department after the doctor decided to admit them,minutes,130.0,3825,,,01/01/2025,12/31/2025
280043,Prairie View Regional Medical Center,Prairie View,IA,Grand,51134,Emergency Department,OP_23,Percentage of patients who came to the emergency department with stroke symptoms who received brain scan results within 45 minutes,percent,78.0,1222,,,01/01/2025,12/31/2025
520016,Pine Grove Medical Center,Pine Grove,KS,Prairie,51241,Emergency Department,OP_18c,Average (median) time patients spent in the emergency department before leaving from the visit - Psychiatric/Mental Health Patients,minutes,397.0,875,,,01/01/2025,12/31/2025
170021,Prairie Ridge County Hospital,Prairie Ridge,NE,Cedar,51285,Emergency Department,OP_22,Left without being seen,percent,1.5,1237,,,01/01/2025,12/31/2025
280080,Fair Rapids Memorial Hospital,Fair Rapids,MO,River,50578,Emergency Department,OP_18c,Average (median) time patients spent in the emergency department before leaving from the visit - Psychiatric/Mental Health Patients,minutes,280.0,562,,,01/01/2025,12/31/2025
140111,Elk Rapids Medical Center,Elk Rapids,IA,Fair,51694,Emergency Department,OP_23,Percentage of patients who came to the emergency department with stroke symptoms who received brain scan results within 45 minutes,percent,53.0,2786,,,01/01/2025,12/31/2025
430116,Elk Grove Medical Center,Elk Grove,MN,Prairie,50281,Emergency Department,ED_2b,Average (median) time patients spent in the emergency department after the doctor decided to admit them,minutes,233.0,2148,,,01/01/2025,12/31/2025
280000,Prairie Falls Medical Center,Prairie Falls,NE,Grand,51272,Emergency Department,OP_22,Left without being seen,percent,1.2,389,,,01/01/2025,12/31/2025
240105,Prairie Haven Medical Center,Prairie Haven,IA,Prairie,52528,Emergency Department,ED_2b,Average (median) time patients spent in the emergency department after the doctor decided to admit them,minutes,95.0,3178,,,01/01/2025,12/31/2025
140049,Pine Rapids Community Hospital,Pine Rapids,MO,Fair,50168,Emergency Department,OP_18b,Average (median) time patients spent in the emergency department before leaving from the visit,minutes,217.0,3200,,,01/01/2025,12/31/2025
260091,Grand View Community Hospital,Grand View,IA,Fair,51237,Emergency Department,OP_23,Percentage of patients who came to the emergency department with stroke symptoms who received brain scan results within 45 minutes,percent,59.0,1283,,,01/01/2025,12/31/2025
280106,Cedar View Medical Center,Cedar View,MO,River,52499,Emergency Department,OP_18c,Average (median) time patients spent in the emergency department before leaving from the visit - Psychiatric/Mental Health Patients,minutes,625.0,4038,,,01/01/2025,12/31/2025
170003,Elk Falls Community Hospital,Elk Falls,IA,Elk,50336,Emergency Department,ED_2b,Average (median) time patients spent in the emergency department after the doctor decided to admit them,minutes,,,1,Not available — measure not reported,01/01/2025,12/31/2025
240095,Pine Ridge Medical Center,Pine Ridge,KS,Fair,51068,Emergency Department,ED_2b,Average (median) time patients spent in the emergency department after the doctor decided to admit them,minutes,126.0,3686,,,01/01/2025,12/31/2025
240026,Elk View Medical Center,Elk View,SD,Pine,50037,Emergency Department,OP_18c,Average (median) time patients spent in the emergency department before leaving from the visit - Psychiatric/Mental Health Patients,minutes,327.0,295,,,01/01/2025,12/31/2025
260033,River Rapids Health System,River Rapids,KS,Elk,50760,Emergency Department,OP_18c,Average (median) time patients spent in the emergency department before leaving from the visit - Psychiatric/Mental Health Patients,minutes,370.0,4200,,,01/01/2025,12/31/2025
430023,Pine Bluff County Hospital,Pine Bluff,WI,Fair,51840,Emergency Department,OP_22,Left without being seen,percent,0.0,1422,,,01/01/2025,12/31/2025
160048,River Rapids Health System,River Rapids,IL,North,53673,Emergency Department,ED_2b,Average (median) time patients spent in the emergency department after the doctor decided to admit them,minutes,116.0,2748,,,01/01/2025,12/31/2025
240105,Prairie Haven Medical Center,Prairie Haven,IA,Prairie,52528,Emergency Department,OP_18c,Average (median) time patients spent in the emergency department before leaving from the visit - Psychiatric/Mental Health Patients,minutes,481.0,901,,,01/01/2025,12/31/2025
260094,River Ridge Medical Center,River Ridge,NE,North,51805,Emergency Department,OP_22,Left without being seen,percent,0.6,1552,,,01/01/2025,12/31/2025
520038,Fair Grove Community Hospital,Fair Grove,IL,Fair,50856,Emergency Department,OP_23,Percentage of patients who came to the emergency department with stroke symptoms who received brain scan results within 45 minutes,percent,33.0,174,,,01/01/2025,12/31/2025
170031,Elk Rapids Medical Center,Elk Rapids,KS,Grand,52949,Emergency Department,OP_23,Percentage of patients who came to the emergency department with stroke symptoms who received brain scan results within 45 minutes,percent,31.0,614,,,01/01/2025,12/31/2025
140005,North Grove County Hospital,North Grove,SD,Pine,50071,Emergency Department,ED_2b,Average (median) time patients spent in the emergency department after the doctor decided to admit them,minutes,22.0,3053,,,01/01/2025,12/31/2025
160067,North Ridge County Hospital,North Ridge,IA,Cedar,50877,Emergency Department,ED_2b,Average (median) time patients spent in the emergency department after the doctor decided to admit them,minutes,83.0,2632,,,01/01/2025,12/31/2025
170021,Prairie Ridge County Hospital,Prairie Ridge,NE,Cedar,51285,Emergency Department,OP_18c,Average (median) time patients spent in the emergency department before leaving from the visit - Psychiatric/Mental Health Patients,minutes,167.0,2989,,,01/01/2025,12/31/2025
160097,Fair Grove Regional Medical Center,Fair Grove,KS,Elk,53527,Emergency Department,ED_2b,Average (median) time patients spent in the emergency department after the doctor decided to admit them,minutes,217.0,750,,,01/01/2025,12/31/2025
160118,North Falls Health System,North Falls,MO,Cedar,51662,Emergency Department,OP_23,Percentage of patients who came to the emergency department with stroke symptoms who received brain scan results within 45 minutes,percent,96.0,3217,,,01/01/2025,12/31/2025
240001,Grand Bluff Memorial Hospital,Grand Bluff,IA,Cedar,51116,Emergency Department,OP_18c,Average (median) time patients spent in the emergency department before leaving from the visit - Psychiatric/Mental Health Patients,minutes,338.0,3740,,,01/01/2025,12/31/2025
160097,Fair Grove Regional Medical Center,Fair Grove,KS,Elk,53527,Emergency Department,OP_23,Percentage of patients who came to the emergency department with stroke symptoms who received brain scan results within 45 minutes,percent,121.0,2370,,,01/01/2025,12/31/2025
430093,River Bluff Health System,River Bluff,IL,Prairie,50583,Emergency Department,OP_22,Left without being seen,percent,0.0,3114,,,01/01/2025,12/31/2025
520055,Fair View Memorial Hospital,Fair View,SD,Elk,53539,Emergency Department,ED_2b,Average (median) time patients spent in the emergency department after the doctor decided to admit them,minutes,109.0,1038,,,01/01/2025,12/31/2025
240079,North Haven Regional Medical Center,North Haven,MO,Pine,50773,Emergency Department,OP_18b,Average (median) time patients spent in the emergency department before leaving from the visit,minutes,,,5,Too few cases to report reliably,01/01/2025,12/31/2025
160040,Grand Rapids Health System,Grand Rapids,NE,Cedar,52449,Emergency Department,OP_18c,Average (median) time patients spent in the emergency department before leaving from the visit - Psychiatric/Mental Health Patients,minutes,158.0,2157,,,01/01/2025,12/31/2025
170071,Cedar Ridge Regional Medical Center,Cedar Ridge,NE,North,50740,Emergency Department,OP_23,Percentage of patients who came to the emergency department with stroke symptoms who received brain scan results within 45 minutes,percent,113.0,649,,,01/01/2025,12/31/2025
170047,Cedar Junction Regional Medical Center,Cedar Junction,SD,Grand,51052,Emergency Department,OP_18c,Average (median) time patients spent in the emergency department before leaving from the visit - Psychiatric/Mental Health Patients,minutes,182.0,1889,,,01/01/2025,12/31/2025
160064,Pine Haven Medical Center,Pine Haven,IL,Elk,51176,Emergency Department,OP_18c,Average (median) time patients spent in the emergency department before leaving from the visit - Psychiatric/Mental Health Patients,minutes,302.0,3106,,,01/01/2025,12/31/2025
240079,North Haven Regional Medical Center,North Haven,MO,Pine,50773,Emergency Department,OP_22,Left without being seen,percent,3.5,1549,,,01/01/2025,12/31/2025
170096,Cedar Junction Regional Medical Center,Cedar Junction,IL,Grand,52991,Emergency Department,OP_18b,Average (median) time patients spent in the emergency department before leaving from the visit,minutes,198.0,2550,,,01/01/2025,12/31/2025
160077,Cedar Grove Regional Medical Center,Cedar Grove,WI,Elk,54568,Emergency Department,OP_22,Left without being seen,percent,2.6,3120,,,01/01/2025,12/31/2025
240012,Grand Falls Community Hospital,Grand Falls,IA,Cedar,50804,Emergency Department,OP_22,Left without being seen,percent,,,1,Not available — measure not reported,01/01/2025,12/31/2025
160102,River Bluff Health System,River Bluff,IL,Pine,52617,Emergency Department,OP_22,Left without being seen,percent,,,5,Too few cases to report reliably,01/01/2025,12/31/2025
430093,River Bluff Health System,River Bluff,IL,Prairie,50583,Emergency Department,OP_18b,Average (median) time patients spent in the emergency department before leaving from the visit,minutes,179.0,3387,,,01/01/2025,12/31/2025
240100,Prairie Ridge Community Hospital,Prairie Ridge,WI,Elk,50901,Emergency Department,OP_18b,Average (median) time patients spent in the emergency department before leaving from the visit,minutes,287.0,3644,,,01/01/2025,12/31/2025
160077,Cedar Grove Regional Medical Center,Cedar Grove,WI,Elk,54568,Emergency Department,OP_18c,Average (median) time patients spent in the emergency department before leaving from the visit - Psychiatric/Mental Health Patients,minutes,,,5,Too few cases to report reliably,01/01/2025,12/31/2025
260015,Fair View Memorial Hospital,Fair View,MN,Elk,51515,Emergency Department,OP_18c,Average (median) time patients spent in the emergency department before leaving from the visit - Psychiatric/Mental Health Patients,minutes,496.0,2273,,,01/01/2025,12/31/2025
170027,Prairie Bluff Community Hospital,Prairie Bluff,WI,North,51914,Emergency Department,OP_18b,Average (median) time patients spent in the emergency department before leaving from the visit,minutes,94.0,2466,,,01/01/2025,12/31/2025
280062,Fair Rapids Community Hospital,Fair Rapids,MN,Fair,51262,Emergency Department,OP_23,Percentage of patients who came to the emergency department with stroke symptoms who received brain scan results within 45 minutes,percent,,,25,Facility did not submit data,01/01/2025,12/31/2025
260033,River Rapids Health System,River Rapids,KS,Elk,50760,Emergency Department,OP_22,Left without being seen,percent,2.2,2431,,,01/01/2025,12/31/2025
240001,Grand Bluff Memorial Hospital,Grand Bluff,IA,Cedar,51116,Emergency Department,OP_18b,Average (median) time patients spent in the emergency department before leaving from the visit,minutes,,,25,Facility did not submit data,01/01/2025,12/31/2025
240095,Pine Ridge Medical Center,Pine Ridge,KS,Fair,51068,Emergency Department,OP_23,Percentage of patients who came to the emergency department with stroke symptoms who received brain scan results within 45 minutes,percent,125.0,3069,,,01/01/2025,12/31/2025
240029,Cedar View County Hospital,Cedar View,MN,Prairie,50481,Emergency Department,ED_2b,Average (median) time patients spent in the emergency department after the doctor decided to admit them,minutes,78.0,3270,,,01/01/2025,12/31/2025
240105,Prairie Haven Medical Center,Prairie Haven,IA,Prairie,52528,Emergency Department,OP_18b,Average (median) time patients spent in the emergency department before leaving from the visit,minutes,213.0,2427,,,01/01/2025,12/31/2025
240022,Fair Bluff Regional Medical Center,Fair Bluff,MO,Elk,53054,Emergency Department,OP_23,Percentage of patients who came to the emergency department with stroke symptoms who received brain scan results within 45 minutes,percent,62.0,3219,,,01/01/2025,12/31/2025
280000,Prairie Falls Medical Center,Prairie Falls,NE,Grand,51272,Emergency Department,OP_23,Percentage of patients who came to the emergency department with stroke symptoms who received brain scan results within 45 minutes,percent,71.0,3485,,,01/01/2025,12/31/2025
170063,Elk Haven Medical Center,Elk Haven,MO,River,51294,Emergency Department,ED_2b,Average (median) time patients spent in the emergency department after the doctor decided to admit them,minutes,83.0,3695,,,01/01/2025,12/31/2025
260119,Fair Ridge Health System,Fair Ridge,SD,Pine,50932,Emergency Department,OP_23,Percentage of patients who came to the emergency department with stroke symptoms who received brain scan results within 45 minutes,percent,79.0,1099,,,01/01/2025,12/31/2025
260084,Cedar Haven Community Hospital,Cedar Haven,KS,Elk,50561,Emergency Department,OP_18b,Average (median) time patients spent in the emergency department before leaving from the visit,minutes,259.0,3409,,,01/01/2025,12/31/2025
240020,Pine Rapids County Hospital,Pine Rapids,IA,Elk,51142,Emergency Department,OP_23,Percentage of patients who came to the emergency department with stroke symptoms who received brain scan results within 45 minutes,percent,111.0,1737,,,01/01/2025,12/31/2025
160002,Prairie View County Hospital,Prairie View,SD,Cedar,51571,Emergency Department,OP_22,Left without being seen,percent,2.0,2364,,,01/01/2025,12/31/2025
170021,Prairie Ridge County Hospital,Prairie Ridge,NE,Cedar,51285,Emergency Department,OP_18b,Average (median) time patients spent in the emergency department before leaving from the visit,minutes,160.0,2464,,,01/01/2025,12/31/2025
430093,River Bluff Health System,River Bluff,IL,Prairie,50583,Emergency Department,ED_2b,Average (median) time patients spent in the emergency department after the doctor decided to admit them,minutes,243.0,3745,,,01/01/2025,12/31/2025
260069,Prairie Bluff Memorial Hospital,Prairie Bluff,IA,Fair,50472,Emergency Department,OP_23,Percentage of patients who came to the emergency department with stroke symptoms who received brain scan results within 45 minutes,percent,25.0,3854,,,01/01/2025,12/31/2025
260091,Grand View Community Hospital,Grand View,IA,Fair,51237,Emergency Department,OP_22,Left without being seen,percent,,,1,Not available — measure not reported,01/01/2025,12/31/2025
140112,Pine Junction Community Hospital,Pine Junction,MO,Elk,50577,Emergency Department,ED_2b,Average (median) time patients spent in the emergency department after the doctor decided to admit them,minutes,85.0,3692,,,01/01/2025,12/31/2025
160073,Grand View County Hospital,Grand View,IA,Elk,50649,Emergency Department,OP_18b,Average (median) time patients spent in the emergency department before leaving from the visit,minutes,86.0,1430,,,01/01/2025,12/31/2025
140113,Fair Bluff Health System,Fair Bluff,SD,River,51419,Emergency Department,OP_22,Left without being seen,percent,1.6,2280,,,01/01/2025,12/31/2025
280072,Grand Ridge Regional Medical Center,Grand Ridge,MN,River,51781,Emergency Department,OP_23,Percentage of patients who came to the emergency department with stroke symptoms who received brain scan results within 45 minutes,percent,107.0,3992,,,01/01/2025,12/31/2025
430110,River Ridge Memorial Hospital,River Ridge,NE,Fair,50465,Emergency Department,OP_18b,Average (median) time patients spent in the emergency department before leaving from the visit,minutes,253.0,264,,,01/01/2025,12/31/2025
140112,Pine Junction Community Hospital,Pine Junction,MO,Elk,50577,Emergency Department,OP_22,Left without being seen,percent,0.6,2095,,,01/01/2025,12/31/2025
260015,Fair View Memorial Hospital,Fair View,MN,Elk,51515,Emergency Department,OP_22,Left without being seen,percent,5.8,2833,,,01/01/2025,12/31/2025
160060,Pine View Health System,Pine View,MN,Prairie,55806,Emergency Department,OP_18b,Average (median) time patients spent in the emergency department before leaving from the visit,minutes,154.0,443,,,01/01/2025,12/31/2025
520016,Pine Grove Medical Center,Pine Grove,KS,Prairie,51241,Emergency Department,OP_18b,Average (median) time patients spent in the emergency department before leaving from the visit,minutes,179.0,3327,,,01/01/2025,12/31/2025
430025,Fair Bluff County Hospital,Fair Bluff,IL,North,52267,Emergency Department,OP_22,Left without being seen,percent,2.9,3000,,,01/01/2025,12/31/2025
170101,Prairie Grove County Hospital,Prairie Grove,IA,North,51868,Emergency Department,OP_23,Percentage of patients who came to the emergency department with stroke symptoms who received brain scan results within 45 minutes,percent,61.0,1684,,,01/01/2025,12/31/2025
160074,Pine Haven Medical Center,Pine Haven,SD,River,50297,Emergency Department,OP_23,Percentage of patients who came to the emergency department with stroke symptoms who received brain scan results within 45 minutes,percent,98.0,3979,,,01/01/2025,12/31/2025
260061,Elk Ridge Community Hospital,Elk Ridge,IL,Elk,51705,Emergency Department,OP_18c,Average (median) time patients spent in the emergency department before leaving from the visit - Psychiatric/Mental Health Patients,minutes,392.0,3950,,,01/01/2025,12/31/2025
160073,Grand View County Hospital,Grand View,IA,Elk,50649,Emergency Department,OP_23,Percentage of patients who came to the emergency department with stroke symptoms who received brain scan results within 45 minutes,percent,87.0,4154,,,01/01/2025,12/31/2025
170031,Elk Rapids Medical Center,Elk Rapids,KS,Grand,52949,Emergency Department,OP_22,Left without being seen,percent,0.0,2899,,,01/01/2025,12/31/2025
260032,Fair Junction County Hospital,Fair Junction,MN,Cedar,50132,Emergency Department,ED_2b,Average (median) time patients spent in the emergency department after the doctor decided to admit them,minutes,169.0,172,,,01/01/2025,12/31/2025
140007,Prairie View Memorial Hospital,Prairie View,IA,Cedar,50430,Emergency Department,OP_22,Left without being seen,percent,7.0,3494,,,01/01/2025,12/31/2025
260092,Elk View Community Hospital,Elk View,WI,Grand,50014,Emergency Department,ED_2b,Average (median) time patients spent in the emergency department after the doctor decided to admit them,minutes,20.0,1162,,,01/01/2025,12/31/2025
240105,Prairie Haven Medical Center,Prairie Haven,IA,Prairie,52528,Emergency Department,OP_22,Left without being seen,percent,3.1,362,,,01/01/2025,12/31/2025
170051,Elk View County Hospital,Elk View,MO,Fair,53057,Emergency Department,OP_18b,Average (median) time patients spent in the emergency department before leaving from the visit,minutes,136.0,3457,,,01/01/2025,12/31/2025
430025,Fair Bluff County Hospital,Fair Bluff,IL,North,52267,Emergency Department,OP_18c,Average (median) time patients spent in the emergency department before leaving from the visit - Psychiatric/Mental Health Patients,minutes,20.0,1641,,,01/01/2025,12/31/2025
260094,River Ridge Medical Center,River Ridge,NE,North,51805,Emergency Department,OP_18b,Average (median) time patients spent in the emergency department before leaving from the visit,minutes,20.0,1643,,,01/01/2025,12/31/2025
260104,North Haven Memorial Hospital,North Haven,IL,Grand,51146,Emergency Department,OP_18c,Average (median) time patients spent in the emergency department before leaving from the visit - Psychiatric/Mental Health Patients,minutes,387.0,3436,,,01/01/2025,12/31/2025
520055,Fair View Memorial Hospital,Fair View,SD,Elk,53539,Emergency Department,OP_18c,Average (median) time patients spent in the emergency department before leaving from the visit - Psychiatric/Mental Health Patients,minutes,350.0,1277,,,01/01/2025,12/31/2025
160046,Pine Falls County Hospital,Pine Falls,IA,Pine,50850,Emergency Department,OP_22,Left without being seen,percent,2.0,3092,,,01/01/2025,12/31/2025
280080,Fair Rapids Memorial Hospital,Fair Rapids,MO,River,50578,Emergency Department,OP_22,Left without being seen,percent,0.0,4198,,,01/01/2025,12/31/2025
170018,Grand Grove County Hospital,Grand Grove,IL,Prairie,50934,Emergency Department,OP_23,Percentage of patients who came to the emergency department with stroke symptoms who received brain scan results within 45 minutes,percent,79.0,2611,,,01/01/2025,12/31/2025
520086,North Grove County Hospital,North Grove,KS,Elk,54241,Emergency Department,OP_22,Left without being seen,percent,1.3,2502,,,01/01/2025,12/31/2025
170034,North Grove Medical Center,North Grove,KS,River,50625,Emergency Department,OP_18c,Average (median) time patients spent in the emergency department before leaving from the visit - Psychiatric/Mental Health Patients,minutes,56.0,3008,,,01/01/2025,12/31/2025
160118,North Falls Health System,North Falls,MO,Cedar,51662,Emergency Department,ED_2b,Average (median) time patients spent in the emergency department after the doctor decided to admit them,minutes,92.0,2314,,,01/01/2025,12/31/2025
280106,Cedar View Medical Center,Cedar View,MO,River,52499,Emergency Department,OP_18b,Average (median) time patients spent in the emergency department before leaving from the visit,minutes,216.0,3367,,,01/01/2025,12/31/2025
430054,Cedar Grove Health System,Cedar Grove,WI,Grand,51086,Emergency Department,OP_23,Percentage of patients who came to the emergency department with stroke symptoms who received brain scan results within 45 minutes,percent,69.0,2131,,,01/01/2025,12/31/2025
240006,River Grove Medical Center,River Grove,WI,Grand,50411,Emergency Department,OP_23,Percentage of patients who came to the emergency department with stroke symptoms who received brain scan results within 45 minutes,percent,60.0,1246,,,01/01/2025,12/31/2025
140049,Pine Rapids Community Hospital,Pine Rapids,MO,Fair,50168,Emergency Department,ED_2b,Average (median) time patients spent in the emergency department after the doctor decided to admit them,minutes,205.0,182,,,01/01/2025,12/31/2025
140081,Elk Ridge County Hospital,Elk Ridge,KS,Fair,55313,Emergency Department,OP_18b,Average (median) time patients spent in the emergency department before leaving from the visit,minutes,71.0,2774,,,01/01/2025,12/31/2025
240095,Pine Ridge Medical Center,Pine Ridge,KS,Fair,51068,Emergency Department,OP_18b,Average (median) time patients spent in the emergency department before leaving from the visit,minutes,22.0,1513,,,01/01/2025,12/31/2025
430110,River Ridge Memorial Hospital,River Ridge,NE,Fair,50465,Emergency Department,OP_22,Left without being seen,percent,3.8,2734,,,01/01/2025,12/31/2025
260109,River Falls County Hospital,River Falls,IL,Grand,50157,Emergency Department,OP_22,Left without being seen,percent,4.5,778,,,01/01/2025,12/31/2025
280008,Elk View Health System,Elk View,NE,Cedar,51174,Emergency Department,OP_18b,Average (median) time patients spent in the emergency department before leaving from the visit,minutes,186.0,199,,,01/01/2025,12/31/2025
260094,River Ridge Medical Center,River Ridge,NE,North,51805,Emergency Department,OP_18c,Average (median) time patients spent in the emergency department before leaving from the visit - Psychiatric/Mental Health Patients,minutes,656.0,3453,,,01/01/2025,12/31/2025
260109,River Falls County Hospital,River Falls,IL,Grand,50157,Emergency Department,OP_18b,Average (median) time patients spent in the emergency department before leaving from the visit,minutes,148.0,3506,,,01/01/2025,12/31/2025
170052,North Rapids Community Hospital,North Rapids,MO,North,50733,Emergency Department,ED_2b,Average (median) time patients spent in the emergency department after the doctor decided to admit them,minutes,20.0,2470,,,01/01/2025,12/31/2025
240035,Pine Haven Medical Center,Pine Haven,SD,Prairie,52937,Emergency Department,ED_2b,Average (median) time patients spent in the emergency department after the doctor decided to admit them,minutes,182.0,3074,,,01/01/2025,12/31/2025
280044,Pine Falls Community Hospital,Pine Falls,IL,Cedar,50631,Emergency Department,OP_18b,Average (median) time patients spent in the emergency department before leaving from the visit,minutes,266.0,1641,,,01/01/2025,12/31/2025
160048,River Rapids Health System,River Rapids,IL,North,53673,Emergency Department,OP_22,Left without being seen,percent,,,5,Too few cases to report reliably,01/01/2025,12/31/2025
240026,Elk View Medical Center,Elk View,SD,Pine,50037,Emergency Department,OP_22,Left without being seen,percent,4.1,2781,,,01/01/2025,12/31/2025
240065,Prairie Haven Health System,Prairie Haven,NE,Pine,50192,Emergency Department,OP_22,Left without being seen,percent,2.1,1247,,,01/01/2025,12/31/2025
240082,Grand Rapids Memorial Hospital,Grand Rapids,IL,Cedar,52110,Emergency Department,OP_18c,Average (median) time patients spent in the emergency department before leaving from the visit - Psychiatric/Mental Health Patients,minutes,323.0,1074,,,01/01/2025,12/31/2025
280103,Prairie Junction Community Hospital,Prairie Junction,KS,Cedar,50499,Emergency Department,OP_18b,Average (median) time patients spent in the emergency department before leaving from the visit,minutes,191.0,154,,,01/01/2025,12/31/2025
430088,Grand Rapids Medical Center,Grand Rapids,SD,Pine,53993,Emergency Department,OP_18c,Average (median) time patients spent in the emergency department before leaving from the visit - Psychiatric/Mental Health Patients,minutes,197.0,2303,,,01/01/2025,12/31/2025
430088,Grand Rapids Medical Center,Grand Rapids,SD,Pine,53993,Emergency Department,OP_23,Percentage of patients who came to the emergency department with stroke symptoms who received brain scan results within 45 minutes,percent,64.0,2385,,,01/01/2025,12/31/2025
170096,Cedar Junction Regional Medical Center,Cedar Junction,IL,Grand,52991,Emergency Department,OP_22,Left without being seen,percent,2.4,262,,,01/01/2025,12/31/2025
170027,Prairie Bluff Community Hospital,Prairie Bluff,WI,North,51914,Emergency Department,OP_18c,Average (median) time patients spent in the emergency department before leaving from the visit - Psychiatric/Mental Health Patients,minutes,380.0,286,,,01/01/2025,12/31/2025
430014,Fair Rapids Regional Medical Center,Fair Rapids,IL,Cedar,51189,Emergency Department,ED_2b,Average (median) time patients spent in the emergency department after the doctor decided to admit them,minutes,107.0,2950,,,01/01/2025,12/31/2025
280058,Pine Grove Medical Center,Pine Grove,NE,Cedar,51058,Emergency Department,OP_23,Percentage of patients who came to the emergency department with stroke symptoms who received brain scan results within 45 minutes,percent,92.0,2315,,,01/01/2025,12/31/2025
160075,River Falls Regional Medical Center,River Falls,IA,North,50534,Emergency Department,OP_22,Left without being seen,percent,3.0,451,,,01/01/2025,12/31/2025
280058,Pine Grove Medical Center,Pine Grove,NE,Cedar,51058,Emergency Department,OP_18b,Average (median) time patients spent in the emergency department before leaving from the visit,minutes,71.0,2037,,,01/01/2025,12/31/2025
160083,North Bluff Regional Medical Center,North Bluff,KS,Elk,52748,Emergency Department,OP_23,Percentage of patients who came to the emergency department with stroke symptoms who received brain scan results within 45 minutes,percent,52.0,818,,,01/01/2025,12/31/2025
170013,North Rapids Regional Medical Center,North Rapids,IL,Elk,53478,Emergency Department,OP_18b,Average (median) time patients spent in the emergency department before leaving from the visit,minutes,99.0,4084,,,01/01/2025,12/31/2025
240079,North Haven Regional Medical Center,North Haven,MO,Pine,50773,Emergency Department,OP_23,Percentage of patients who came to the emergency department with stroke symptoms who received brain scan results within 45 minutes,percent,48.0,1488,,,01/01/2025,12/31/2025
160060,Pine View Health System,Pine View,MN,Prairie,55806,Emergency Department,ED_2b,Average (median) time patients spent in the emergency department after the doctor decided to admit them,minutes,129.0,1752,,,01/01/2025,12/31/2025
430107,Elk Haven Community Hospital,Elk Haven,MO,Cedar,55428,Emergency Department,OP_18b,Average (median) time patients spent in the emergency department before leaving from the visit,minutes,243.0,2033,,,01/01/2025,12/31/2025
160064,Pine Haven Medical Center,Pine Haven,IL,Elk,51176,Emergency Department,OP_22,Left without being seen,percent,3.2,3900,,,01/01/2025,12/31/2025
430025,Fair Bluff County Hospital,Fair Bluff,IL,North,52267,Emergency Department,OP_23,Percentage of patients who came to the emergency department with stroke symptoms who received brain scan results within 45 minutes,percent,,,1,Not available — measure not reported,01/01/2025,12/31/2025
140081,Elk Ridge County Hospital,Elk Ridge,KS,Fair,55313,Emergency Department,OP_18c,Average (median) time patients spent in the emergency department before leaving from the visit - Psychiatric/Mental Health Patients,minutes,362.0,2207,,,01/01/2025,12/31/2025
520098,Pine Bluff County Hospital,Pine Bluff,WI,Pine,50083,Emergency Department,OP_22,Left without being seen,percent,3.5,3668,,,01/01/2025,12/31/2025
520016,Pine Grove Medical Center,Pine Grove,KS,Prairie,51241,Emergency Department,OP_22,Left without being seen,percent,,,5,Too few cases to report reliably,01/01/2025,12/31/2025
430025,Fair Bluff County Hospital,Fair Bluff,IL,North,52267,Emergency Department,OP_18b,Average (median) time patients spent in the emergency department before leaving from the visit,minutes,,,5,Too few cases to report reliably,01/01/2025,12/31/2025
430116,Elk Grove Medical Center,Elk Grove,MN,Prairie,50281,Emergency Department,OP_23,Percentage of patients who came to the emergency department with stroke symptoms who received brain scan results within 45 minutes,percent,25.0,2542,,,01/01/2025,12/31/2025
260091,Grand View Community Hospital,Grand View,IA,Fair,51237,Emergency Department,OP_18c,Average (median) time patients spent in the emergency department before leaving from the visit - Psychiatric/Mental Health Patients,minutes,305.0,2264,,,01/01/2025,12/31/2025
430010,Grand Haven Medical Center,Grand Haven,MN,Elk,51296,Emergency Department,OP_23,Percentage of patients who came to the emergency department with stroke symptoms who received brain scan results within 45 minutes,percent,27.0,2701,,,01/01/2025,12/31/2025
520090,River Bluff Health System,River Bluff,MO,Cedar,51621,Emergency Department,OP_22,Left without being seen,percent,0.7,3849,,,01/01/2025,12/31/2025
520114,Elk Rapids Health System,Elk Rapids,IA,Elk,50818,Emergency Department,ED_2b,Average (median) time patients spent in the emergency department after the doctor decided to admit them,minutes,137.0,2633,,,01/01/2025,12/31/2025
160048,River Rapids Health System,River Rapids,IL,North,53673,Emergency Department,OP_18b,Average (median) time patients spent in the emergency department before leaving from the visit,minutes,150.0,497,,,01/01/2025,12/31/2025
140089,North Haven County Hospital,North Haven,KS,Cedar,50579,Emergency Department,OP_23,Percentage of patients who came to the emergency department with stroke symptoms who received brain scan results within 45 minutes,percent,65.0,3031,,,01/01/2025,12/31/2025
240001,Grand Bluff Memorial Hospital,Grand Bluff,IA,Cedar,51116,Emergency Department,OP_22,Left without being seen,percent,2.0,1452,,,01/01/2025,12/31/2025
430041,Fair Haven County Hospital,Fair Haven,IA,Prairie,50049,Emergency Department,OP_22,Left without being seen,percent,2.7,929,,,01/01/2025,12/31/2025
140049,Pine Rapids Community Hospital,Pine Rapids,MO,Fair,50168,Emergency Department,OP_18c,Average (median) time patients spent in the emergency department before leaving from the visit - Psychiatric/Mental Health Patients,minutes,481.0,2069,,,01/01/2025,12/31/2025
240065,Prairie Haven Health System,Prairie Haven,NE,Pine,50192,Emergency Department,ED_2b,Average (median) time patients spent in the emergency department after the doctor decided to admit them,minutes,183.0,912,,,01/01/2025,12/31/2025
260032,Fair Junction County Hospital,Fair Junction,MN,Cedar,50132,Emergency Department,OP_18b,Average (median) time patients spent in the emergency department before leaving from the visit,minutes,99.0,3664,,,01/01/2025,12/31/2025
240029,Cedar View County Hospital,Cedar View,MN,Prairie,50481,Emergency Department,OP_18c,Average (median) time patients spent in the emergency department before leaving from the visit - Psychiatric/Mental Health Patients,minutes,118.0,790,,,01/01/2025,12/31/2025
430066,Grand Ridge Medical Center,Grand Ridge,NE,River,50393,Emergency Department,ED_2b,Average (median) time patients spent in the emergency department after the doctor decided to admit them,minutes,63.0,1453,,,01/01/2025,12/31/2025
430009,Grand Bluff Community Hospital,Grand Bluff,IL,Cedar,50922,Emergency Department,ED_2b,Average (median) time patients spent in the emergency department after the doctor decided to admit them,minutes,181.0,3101,,,01/01/2025,12/31/2025
170036,River Junction Community Hospital,River Junction,KS,Elk,53498,Emergency Department,OP_23,Percentage of patients who came to the emergency department with stroke symptoms who received brain scan results within 45 minutes,percent,13.0,2717,,,01/01/2025,12/31/2025
160074,Pine Haven Medical Center,Pine Haven,SD,River,50297,Emergency Department,OP_18b,Average (median) time patients spent in the emergency department before leaving from the visit,minutes,128.0,996,,,01/01/2025,12/31/2025
280017,Cedar Bluff Regional Medical Center,Cedar Bluff,IA,Fair,50130,Emergency Department,OP_18b,Average (median) time patients spent in the emergency department before leaving from the visit,minutes,205.0,2089,,,01/01/2025,12/31/2025
140049,Pine Rapids Community Hospital,Pine Rapids,MO,Fair,50168,Emergency Department,OP_22,Left without being seen,percent,4.5,1659,,,01/01/2025,12/31/2025
140089,North Haven County Hospital,North Haven,KS,Cedar,50579,Emergency Department,ED_2b,Average (median) time patients spent in the emergency department after the doctor decided to admit them,minutes,22.0,1580,,,01/01/2025,12/31/2025
160073,Grand View County Hospital,Grand View,IA,Elk,50649,Emergency Department,ED_2b,Average (median) time patients spent in the emergency department after the doctor decided to admit them,minutes,84.0,2439,,,01/01/2025,12/31/2025
260092,Elk View Community Hospital,Elk View,WI,Grand,50014,Emergency Department,OP_18c,Average (median) time patients spent in the emergency department before leaving from the visit - Psychiatric/Mental Health Patients,minutes,374.0,2780,,,01/01/2025,12/31/2025
430023,Pine Bluff County Hospital,Pine Bluff,WI,Fair,51840,Emergency Department,OP_18c,Average (median) time patients spent in the emergency department before leaving from the visit - Psychiatric/Mental Health Patients,minutes,,,5,Too few cases to report reliably,01/01/2025,12/31/2025
140005,North Grove County Hospital,North Grove,SD,Pine,50071,Emergency Department,OP_18b,Average (median) time patients spent in the emergency department before leaving from the visit,minutes,225.0,846,,,01/01/2025,12/31/2025
160064,Pine Haven Medical Center,Pine Haven,IL,Elk,51176,Emergency Department,OP_23,Percentage of patients who came to the emergency department with stroke symptoms who received brain scan results within 45 minutes,percent,87.0,3375,,,01/01/2025,12/31/2025
170052,North Rapids Community Hospital,North Rapids,MO,North,50733,Emergency Department,OP_23,Percentage of patients who came to the emergency department with stroke symptoms who received brain scan results within 45 minutes,percent,60.0,1815,,,01/01/2025,12/31/2025
430088,Grand Rapids Medical Center,Grand Rapids,SD,Pine,53993,Emergency Department,OP_22,Left without being seen,percent,2.2,1340,,,01/01/2025,12/31/2025
170096,Cedar Junction Regional Medical Center,Cedar Junction,IL,Grand,52991,Emergency Department,OP_23,Percentage of patients who came to the emergency department with stroke symptoms who received brain scan results within 45 minutes,percent,49.0,1790,,,01/01/2025,12/31/2025
160037,Pine Ridge Health System,Pine Ridge,IA,Cedar,51833,Emergency Department,OP_22,Left without being seen,percent,5.2,1317,,,01/01/2025,12/31/2025
430066,Grand Ridge Medical Center,Grand Ridge,NE,River,50393,Emergency Department,OP_22,Left without being seen,percent,1.8,2250,,,01/01/2025,12/31/2025
240085,Grand Haven Community Hospital,Grand Haven,MN,Elk,50552,Emergency Department,OP_23,Percentage of patients who came to the emergency department with stroke symptoms who received brain scan results within 45 minutes,percent,,,25,Facility did not submit data,01/01/2025,12/31/2025
160078,Pine Rapids Health System,Pine Rapids,IA,Grand,52878,Emergency Department,OP_18c,Average (median) time patients spent in the emergency department before leaving from the visit - Psychiatric/Mental Health Patients,minutes,526.0,1679,,,01/01/2025,12/31/2025
170018,Grand Grove County Hospital,Grand Grove,IL,Prairie,50934,Emergency Department,OP_18c,Average (median) time patients spent in the emergency department before leaving from the visit - Psychiatric/Mental Health Patients,minutes,307.0,2591,,,01/01/2025,12/31/2025
240020,Pine Rapids County Hospital,Pine Rapids,IA,Elk,51142,Emergency Department,OP_18b,Average (median) time patients spent in the emergency department before leaving from the visit,minutes,125.0,881,,,01/01/2025,12/31/2025
160117,Cedar Haven Health System,Cedar Haven,IA,Grand,50710,Emergency Department,OP_23,Percentage of patients who came to the emergency department with stroke symptoms who received brain scan results within 45 minutes,percent,80.0,2183,,,01/01/2025,12/31/2025
140057,Elk Ridge County Hospital,Elk Ridge,MN,North,52865,Emergency Department,OP_18c,Average (median) time patients spent in the emergency department before leaving from the visit - Psychiatric/Mental Health Patients,minutes,378.0,871,,,01/01/2025,12/31/2025
160078,Pine Rapids Health System,Pine Rapids,IA,Grand,52878,Emergency Department,OP_18b,Average (median) time patients spent in the emergency department before leaving from the visit,minutes,89.0,3487,,,01/01/2025,12/31/2025
140089,North Haven County Hospital,North Haven,KS,Cedar,50579,Emergency Department,OP_18b,Average (median) time patients spent in the emergency department before leaving from the visit,minutes,164.0,1631,,,01/01/2025,12/31/2025
170071,Cedar Ridge Regional Medical Center,Cedar Ridge,NE,North,50740,Emergency Department,OP_18b,Average (median) time patients spent in the emergency department before leaving from the visit,minutes,145.0,3636,,,01/01/2025,12/31/2025
280044,Pine Falls Community Hospital,Pine Falls,IL,Cedar,50631,Emergency Department,OP_18c,Average (median) time patients spent in the emergency department before leaving from the visit - Psychiatric/Mental Health Patients,minutes,440.0,2123,,,01/01/2025,12/31/2025
240042,Prairie Grove County Hospital,Prairie Grove,IL,Fair,51181,Emergency Department,OP_23,Percentage of patients who came to the emergency department with stroke symptoms who received brain scan results within 45 minutes,percent,42.0,3935,,,01/01/2025,12/31/2025
170018,Grand Grove County Hospital,Grand Grove,IL,Prairie,50934,Emergency Department,ED_2b,Average (median) time patients spent in the emergency department after the doctor decided to admit them,minutes,79.0,1811,,,01/01/2025,12/31/2025
430068,Grand Grove County Hospital,Grand Grove,MO,Fair,53807,Emergency Department,OP_18c,Average (median) time patients spent in the emergency department before leaving from the visit - Psychiatric/Mental Health Patients,minutes,394.0,1233,,,01/01/2025,12/31/2025
260119,Fair Ridge Health System,Fair Ridge,SD,Pine,50932,Emergency Department,OP_22,Left without being seen,percent,2.9,1580,,,01/01/2025,12/31/2025
280017,Cedar Bluff Regional Medical Center,Cedar Bluff,IA,Fair,50130,Emergency Department,OP_23,Percentage of patients who came to the emergency department with stroke symptoms who received brain scan results within 45 minutes,percent,34.0,1637,,,01/01/2025,12/31/2025
160067,North Ridge County Hospital,North Ridge,IA,Cedar,50877,Emergency Department,OP_18b,Average (median) time patients spent in the emergency department before leaving from the visit,minutes,144.0,2681,,,01/01/2025,12/31/2025
160002,Prairie View County Hospital,Prairie View,SD,Cedar,51571,Emergency Department,ED_2b,Average (median) time patients spent in the emergency department after the doctor decided to admit them,minutes,68.0,1960,,,01/01/2025,12/31/2025
140057,Elk Ridge County Hospital,Elk Ridge,MN,North,52865,Emergency Department,OP_23,Percentage of patients who came to the emergency department with stroke symptoms who received brain scan results within 45 minutes,percent,,,25,Facility did not submit data,01/01/2025,12/31/2025
240042,Prairie Grove County Hospital,Prairie Grove,IL,Fair,51181,Emergency Department,OP_18b,Average (median) time patients spent in the emergency department before leaving from the visit,minutes,230.0,2706,,,01/01/2025,12/31/2025
280072,Grand Ridge Regional Medical Center,Grand Ridge,MN,River,51781,Emergency Department,ED_2b,Average (median) time patients spent in the emergency department after the doctor decided to admit them,minutes,182.0,522,,,01/01/2025,12/31/2025
140057,Elk Ridge County Hospital,Elk Ridge,MN,North,52865,Emergency Department,ED_2b,Average (median) time patients spent in the emergency department after the doctor decided to admit them,minutes,324.0,786,,,01/01/2025,12/31/2025
240065,Prairie Haven Health System,Prairie Haven,NE,Pine,50192,Emergency Department,OP_18b,Average (median) time patients spent in the emergency department before leaving from the visit,minutes,90.0,3568,,,01/01/2025,12/31/2025
140111,Elk Rapids Medical Center,Elk Rapids,IA,Fair,51694,Emergency Department,OP_18b,Average (median) time patients spent in the emergency department before leaving from the visit,minutes,199.0,4015,,,01/01/2025,12/31/2025
430023,Pine Bluff County Hospital,Pine Bluff,WI,Fair,51840,Emergency Department,OP_18b,Average (median) time patients spent in the emergency department before leaving from the visit,minutes,173.0,2884,,,01/01/2025,12/31/2025
520086,North Grove County Hospital,North Grove,KS,Elk,54241,Emergency Department,OP_18b,Average (median) time patients spent in the emergency department before leaving from the visit,minutes,277.0,1725,,,01/01/2025,12/31/2025
520098,Pine Bluff County Hospital,Pine Bluff,WI,Pine,50083,Emergency Department,OP_18b,Average (median) time patients spent in the emergency department before leaving from the visit,minutes,261.0,674,,,01/01/2025,12/31/2025
160002,Prairie View County Hospital,Prairie View,SD,Cedar,51571,Emergency Department,OP_18b,Average (median) time patients spent in the emergency department before leaving from the visit,minutes,92.0,852,,,01/01/2025,12/31/2025
240022,Fair Bluff Regional Medical Center,Fair Bluff,MO,Elk,53054,Emergency Department,ED_2b,Average (median) time patients spent in the emergency department after the doctor decided to admit them,minutes,63.0,122,,,01/01/2025,12/31/2025
520114,Elk Rapids Health System,Elk Rapids,IA,Elk,50818,Emergency Department,OP_18c,Average (median) time patients spent in the emergency department before leaving from the visit - Psychiatric/Mental Health Patients,minutes,298.0,1017,,,01/01/2025,12/31/2025
170115,North View Regional Medical Center,North View,KS,Elk,51272,Emergency Department,OP_18b,Average (median) time patients spent in the emergency department before leaving from the visit,minutes,157.0,1582,,,01/01/2025,12/31/2025
280080,Fair Rapids Memorial Hospital,Fair Rapids,MO,River,50578,Emergency Department,OP_18b,Average (median) time patients spent in the emergency department before leaving from the visit,minutes,207.0,2975,,,01/01/2025,12/31/2025
170031,Elk Rapids Medical Center,Elk Rapids,KS,Grand,52949,Emergency Department,ED_2b,Average (median) time patients spent in the emergency department after the doctor decided to admit them,minutes,96.0,2486,,,01/01/2025,12/31/2025
170036,River Junction Community Hospital,River Junction,KS,Elk,53498,Emergency Department,ED_2b,Average (median) time patients spent in the emergency department after the doctor decided to admit them,minutes,236.0,3411,,,01/01/2025,12/31/2025
160075,River Falls Regional Medical Center,River Falls,IA,North,50534,Emergency Department,OP_23,Percentage of patients who came to the emergency department with stroke symptoms who received brain scan results within 45 minutes,percent,57.0,4027,,,01/01/2025,12/31/2025
170036,River Junction Community Hospital,River Junction,KS,Elk,53498,Emergency Department,OP_18c,Average (median) time patients spent in the emergency department before leaving from the visit - Psychiatric/Mental Health Patients,minutes,418.0,1741,,,01/01/2025,12/31/2025
170031,Elk Rapids Medical Center,Elk Rapids,KS,Grand,52949,Emergency Department,OP_18c,Average (median) time patients spent in the emergency department before leaving from the visit - Psychiatric/Mental Health Patients,minutes,424.0,203,,,01/01/2025,12/31/2025
170011,River Junction Regional Medical Center,River Junction,IA,Fair,51311,Emergency Department,ED_2b,Average (median) time patients spent in the emergency department after the doctor decided to admit them,minutes,,,1,Not available — measure not reported,01/01/2025,12/31/2025
260015,Fair View Memorial Hospital,Fair View,MN,Elk,51515,Emergency Department,ED_2b,Average (median) time patients spent in the emergency department after the doctor decided to admit them,minutes,210.0,1616,,,01/01/2025,12/31/2025
260076,River View County Hospital,River View,SD,Pine,51294,Emergency Department,OP_18c,Average (median) time patients spent in the emergency department before leaving from the visit - Psychiatric/Mental Health Patients,minutes,,,1,Not available — measure not reported,01/01/2025,12/31/2025
520086,North Grove County Hospital,North Grove,KS,Elk,54241,Emergency Department,OP_23,Percentage of patients who came to the emergency department with stroke symptoms who received brain scan results within 45 minutes,percent,104.0,2702,,,01/01/2025,12/31/2025
170071,Cedar Ridge Regional Medical Center,Cedar Ridge,NE,North,50740,Emergency Department,OP_18c,Average (median) time patients spent in the emergency department before leaving from the visit - Psychiatric/Mental Health Patients,minutes,28.0,321,,,01/01/2025,12/31/2025
430009,Grand Bluff Community Hospital,Grand Bluff,IL,Cedar,50922,Emergency Department,OP_23,Percentage of patients who came to the emergency department with stroke symptoms who received brain scan results within 45 minutes,percent,106.0,4110,,,01/01/2025,12/31/2025
430014,Fair Rapids Regional Medical Center,Fair Rapids,IL,Cedar,51189,Emergency Department,OP_22,Left without being seen,percent,,,5,Too few cases to report reliably,01/01/2025,12/31/2025
280103,Prairie Junction Community Hospital,Prairie Junction,KS,Cedar,50499,Emergency Department,OP_18c,Average (median) time patients spent in the emergency department before leaving from the visit - Psychiatric/Mental Health Patients,minutes,156.0,1398,,,01/01/2025,12/31/2025
160074,Pine Haven Medical Center,Pine Haven,SD,River,50297,Emergency Department,OP_22,Left without being seen,percent,2.8,1476,,,01/01/2025,12/31/2025
160075,River Falls Regional Medical Center,River Falls,IA,North,50534,Emergency Department,OP_18b,Average (median) time patients spent in the emergency department before leaving from the visit,minutes,186.0,1062,,,01/01/2025,12/31/2025
170051,Elk View County Hospital,Elk View,MO,Fair,53057,Emergency Department,OP_18c,Average (median) time patients spent in the emergency department before leaving from the visit - Psychiatric/Mental Health Patients,minutes,,,1,Not available — measure not reported,01/01/2025,12/31/2025
160077,Cedar Grove Regional Medical Center,Cedar Grove,WI,Elk,54568,Emergency Department,OP_18b,Average (median) time patients spent in the emergency department before leaving from the visit,minutes,134.0,1115,,,01/01/2025,12/31/2025
260104,North Haven Memorial Hospital,North Haven,IL,Grand,51146,Emergency Department,OP_23,Percentage of patients who came to the emergency department with stroke symptoms who received brain scan results within 45 minutes,percent,132.0,3452,,,01/01/2025,12/31/2025
260076,River View County Hospital,River View,SD,Pine,51294,Emergency Department,OP_23,Percentage of patients who came to the emergency department with stroke symptoms who received brain scan results within 45 minutes,percent,62.0,1651,,,01/01/2025,12/31/2025
170018,Grand Grove County Hospital,Grand Grove,IL,Prairie,50934,Emergency Department,OP_18b,Average (median) time patients spent in the emergency department before leaving from the visit,minutes,,,25,Facility did not submit data,01/01/2025,12/31/2025
430088,Grand Rapids Medical Center,Grand Rapids,SD,Pine,53993,Emergency Department,ED_2b,Average (median) time patients spent in the emergency department after the doctor decided to admit them,minutes,38.0,912,,,01/01/2025,12/31/2025
240020,Pine Rapids County Hospital,Pine Rapids,IA,Elk,51142,Emergency Department,ED_2b,Average (median) time patients spent in the emergency department after the doctor decided to admit them,minutes,116.0,3084,,,01/01/2025,12/31/2025
160002,Prairie View County Hospital,Prairie View,SD,Cedar,51571,Emergency Department,OP_18c,Average (median) time patients spent in the emergency department before leaving from the visit - Psychiatric/Mental Health Patients,minutes,557.0,3820,,,01/01/2025,12/31/2025
170052,North Rapids Community Hospital,North Rapids,MO,North,50733,Emergency Department,OP_22,Left without being seen,percent,0.7,3513,,,01/01/2025,12/31/2025
260061,Elk Ridge Community Hospital,Elk Ridge,IL,Elk,51705,Emergency Department,OP_22,Left without being seen,percent,4.1,2494,,,01/01/2025,12/31/2025
170036,River Junction Community Hospital,River Junction,KS,Elk,53498,Emergency Department,OP_18b,Average (median) time patients spent in the emergency department before leaving from the visit,minutes,260.0,1006,,,01/01/2025,12/31/2025
240022,Fair Bluff Regional Medical Center,Fair Bluff,MO,Elk,53054,Emergency Department,OP_18b,Average (median) time patients spent in the emergency department before leaving from the visit,minutes,143.0,3802,,,01/01/2025,12/31/2025
280103,Prairie Junction Community Hospital,Prairie Junction,KS,Cedar,50499,Emergency Department,OP_22,Left without being seen,percent,,,5,Too few cases to report reliably,01/01/2025,12/31/2025
240006,River Grove Medical Center,River Grove,WI,Grand,50411,Emergency Department,OP_22,Left without being seen,percent,2.4,4013,,,01/01/2025,12/31/2025
430107,Elk Haven Community Hospital,Elk Haven,MO,Cedar,55428,Emergency Department,OP_22,Left without being seen,percent,5.5,920,,,01/01/2025,12/31/2025
170101,Prairie Grove County Hospital,Prairie Grove,IA,North,51868,Emergency Department,OP_22,Left without being seen,percent,0.0,1524,,,01/01/2025,12/31/2025
260015,Fair View Memorial Hospital,Fair View,MN,Elk,51515,Emergency Department,OP_23,Percentage of patients who came to the emergency department with stroke symptoms who received brain scan results within 45 minutes,percent,39.0,3065,,,01/01/2025,12/31/2025
430054,Cedar Grove Health System,Cedar Grove,WI,Grand,51086,Emergency Department,OP_18b,Average (median) time patients spent in the emergency department before leaving from the visit,minutes,154.0,2674,,,01/01/2025,12/31/2025
520099,Grand Ridge Community Hospital,Grand Ridge,KS,River,53606,Emergency Department,OP_23,Percentage of patients who came to the emergency department with stroke symptoms who received brain scan results within 45 minutes,percent,,,5,Too few cases to report reliably,01/01/2025,12/31/2025
260094,River Ridge Medical Center,River Ridge,NE,North,51805,Emergency Department,ED_2b,Average (median) time patients spent in the emergency department after the doctor decided to admit them,minutes,48.0,1419,,,01/01/2025,12/31/2025
280043,Prairie View Regional Medical Center,Prairie View,IA,Grand,51134,Emergency Department,ED_2b,Average (median) time patients spent in the emergency department after the doctor decided to admit them,minutes,234.0,2190,,,01/01/2025,12/31/2025
280008,Elk View Health System,Elk View,NE,Cedar,51174,Emergency Department,OP_23,Percentage of patients who came to the emergency department with stroke symptoms who received brain scan results within 45 minutes,percent,68.0,2404,,,01/01/2025,12/31/2025
140050,River View Medical Center,River View,KS,Prairie,55257,Emergency Department,ED_2b,Average (median) time patients spent in the emergency department after the doctor decided to admit them,minutes,146.0,3442,,,01/01/2025,12/31/2025
240035,Pine Haven Medical Center,Pine Haven,SD,Prairie,52937,Emergency Department,OP_18c,Average (median) time patients spent in the emergency department before leaving from the visit - Psychiatric/Mental Health Patients,minutes,663.0,1829,,,01/01/2025,12/31/2025
260092,Elk View Community Hospital,Elk View,WI,Grand,50014,Emergency Department,OP_23,Percentage of patients who came to the emergency department with stroke symptoms who received brain scan results within 45 minutes,percent,69.0,2215,,,01/01/2025,12/31/2025
160097,Fair Grove Regional Medical Center,Fair Grove,KS,Elk,53527,Emergency Department,OP_18b,Average (median) time patients spent in the emergency department before leaving from the visit,minutes,161.0,1529,,,01/01/2025,12/31/2025
170011,River Junction Regional Medical Center,River Junction,IA,Fair,51311,Emergency Department,OP_18c,Average (median) time patients spent in the emergency department before leaving from the visit - Psychiatric/Mental Health Patients,minutes,388.0,3753,,,01/01/2025,12/31/2025
170021,Prairie Ridge County Hospital,Prairie Ridge,NE,Cedar,51285,Emergency Department,ED_2b,Average (median) time patients spent in the emergency department after the doctor decided to admit them,minutes,203.0,4021,,,01/01/2025,12/31/2025
280000,Prairie Falls Medical Center,Prairie Falls,NE,Grand,51272,Emergency Department,OP_18b,Average (median) time patients spent in the emergency department before leaving from the visit,minutes,177.0,2602,,,01/01/2025,12/31/2025
160075,River Falls Regional Medical Center,River Falls,IA,North,50534,Emergency Department,ED_2b,Average (median) time patients spent in the emergency department after the doctor decided to admit them,minutes,77.0,3735,,,01/01/2025,12/31/2025
520098,Pine Bluff County Hospital,Pine Bluff,WI,Pine,50083,Emergency Department,ED_2b,Average (median) time patients spent in the emergency department after the doctor decided to admit them,minutes,24.0,3130,,,01/01/2025,12/31/2025
260109,River Falls County Hospital,River Falls,IL,Grand,50157,Emergency Department,ED_2b,Average (median) time patients spent in the emergency department after the doctor decided to admit them,minutes,173.0,3660,,,01/01/2025,12/31/2025
260061,Elk Ridge Community Hospital,Elk Ridge,IL,Elk,51705,Emergency Department,ED_2b,Average (median) time patients spent in the emergency department after the doctor decided to admit them,minutes,123.0,4088,,,01/01/2025,12/31/2025
170071,Cedar Ridge Regional Medical Center,Cedar Ridge,NE,North,50740,Emergency Department,OP_22,Left without being seen,percent,1.7,3882,,,01/01/2025,12/31/2025
160046,Pine Falls County Hospital,Pine Falls,IA,Pine,50850,Emergency Department,OP_18c,Average (median) time patients spent in the emergency department before leaving from the visit - Psychiatric/Mental Health Patients,minutes,312.0,2140,,,01/01/2025,12/31/2025
430010,Grand Haven Medical Center,Grand Haven,MN,Elk,51296,Emergency Department,OP_18c,Average (median) time patients spent in the emergency department before leaving from the visit - Psychiatric/Mental Health Patients,minutes,277.0,2014,,,01/01/2025,12/31/2025
520055,Fair View Memorial Hospital,Fair View,SD,Elk,53539,Emergency Department,OP_23,Percentage of patients who came to the emergency department with stroke symptoms who received brain scan results within 45 minutes,percent,55.0,2844,,,01/01/2025,12/31/2025
280024,Elk Grove Memorial Hospital,Elk Grove,IA,Elk,50399,Emergency Department,OP_23,Percentage of patients who came to the emergency department with stroke symptoms who received brain scan results within 45 minutes,percent,77.0,894,,,01/01/2025,12/31/2025
430041,Fair Haven County Hospital,Fair Haven,IA,Prairie,50049,Emergency Department,OP_18b,Average (median) time patients spent in the emergency department before leaving from the visit,minutes,197.0,3740,,,01/01/2025,12/31/2025
430107,Elk Haven Community Hospital,Elk Haven,MO,Cedar,55428,Emergency Department,ED_2b,Average (median) time patients spent in the emergency department after the doctor decided to admit them,minutes,169.0,1939,,,01/01/2025,12/31/2025
280043,Prairie View Regional Medical Center,Prairie View,IA,Grand,51134,Emergency Department,OP_22,Left without being seen,percent,3.6,2322,,,01/01/2025,12/31/2025
430023,Pine Bluff County Hospital,Pine Bluff,WI,Fair,51840,Emergency Department,ED_2b,Average (median) time patients spent in the emergency department after the doctor decided to admit them,minutes,173.0,2409,,,01/01/2025,12/31/2025
280008,Elk View Health System,Elk View,NE,Cedar,51174,Emergency Department,ED_2b,Average (median) time patients spent in the emergency department after the doctor decided to admit them,minutes,141.0,280,,,01/01/2025,12/31/2025
280103,Prairie Junction Community Hospital,Prairie Junction,KS,Cedar,50499,Emergency Department,OP_23,Percentage of patients who came to the emergency department with stroke symptoms who received brain scan results within 45 minutes,percent,69.0,1162,,,01/01/2025,12/31/2025
280062,Fair Rapids Community Hospital,Fair Rapids,MN,Fair,51262,Emergency Department,OP_22,Left without being seen,percent,0.0,3168,,,01/01/2025,12/31/2025
140081,Elk Ridge County Hospital,Elk Ridge,KS,Fair,55313,Emergency Department,OP_22,Left without being seen,percent,1.3,3314,,,01/01/2025,12/31/2025
140019,Grand Junction Memorial Hospital,Grand Junction,NE,North,51328,Emergency Department,OP_18b,Average (median) time patients spent in the emergency department before leaving from the visit,minutes,128.0,2421,,,01/01/2025,12/31/2025
140005,North Grove County Hospital,North Grove,SD,Pine,50071,Emergency Department,OP_23,Percentage of patients who came to the emergency department with stroke symptoms who received brain scan results within 45 minutes,percent,44.0,1450,,,01/01/2025,12/31/2025
160083,North Bluff Regional Medical Center,North Bluff,KS,Elk,52748,Emergency Department,ED_2b,Average (median) time patients spent in the emergency department after the doctor decided to admit them,minutes,69.0,1384,,,01/01/2025,12/31/2025
520038,Fair Grove Community Hospital,Fair Grove,IL,Fair,50856,Emergency Department,OP_18b,Average (median) time patients spent in the emergency department before leaving from the visit,minutes,316.0,3307,,,01/01/2025,12/31/2025
170047,Cedar Junction Regional Medical Center,Cedar Junction,SD,Grand,51052,Emergency Department,OP_18b,Average (median) time patients spent in the emergency department before leaving from the visit,minutes,66.0,1783,,,01/01/2025,12/31/2025
170071,Cedar Ridge Regional Medical Center,Cedar Ridge,NE,North,50740,Emergency Department,ED_2b,Average (median) time patients spent in the emergency department after the doctor decided to admit them,minutes,20.0,1625,,,01/01/2025,12/31/2025
170031,Elk Rapids Medical Center,Elk Rapids,KS,Grand,52949,Emergency Department,OP_18b,Average (median) time patients spent in the emergency department before leaving from the visit,minutes,218.0,2240,,,01/01/2025,12/31/2025
240079,North Haven Regional Medical Center,North Haven,MO,Pine,50773,Emergency Department,ED_2b,Average (median) time patients spent in the emergency department after the doctor decided to admit them,minutes,,,25,Facility did not submit data,01/01/2025,12/31/2025
240042,Prairie Grove County Hospital,Prairie Grove,IL,Fair,51181,Emergency Department,ED_2b,Average (median) time patients spent in the emergency department after the doctor decided to admit them,minutes,,,5,Too few cases to report reliably,01/01/2025,12/31/2025
240029,Cedar View County Hospital,Cedar View,MN,Prairie,50481,Emergency Department,OP_22,Left without being seen,percent,3.6,2153,,,01/01/2025,12/31/2025
160060,Pine View Health System,Pine View,MN,Prairie,55806,Emergency Department,OP_23,Percentage of patients who came to the emergency department with stroke symptoms who received brain scan results within 45 minutes,percent,101.0,3460,,,01/01/2025,12/31/2025
170052,North Rapids Community Hospital,North Rapids,MO,North,50733,Emergency Department,OP_18b,Average (median) time patients spent in the emergency department before leaving from the visit,minutes,,,5,Too few cases to report reliably,01/01/2025,12/31/2025
160040,Grand Rapids Health System,Grand Rapids,NE,Cedar,52449,Emergency Department,OP_22,Left without being seen,percent,3.3,1979,,,01/01/2025,12/31/2025
240001,Grand Bluff Memorial Hospital,Grand Bluff,IA,Cedar,51116,Emergency Department,ED_2b,Average (median) time patients spent in the emergency department after the doctor decided to admit them,minutes,21.0,576,,,01/01/2025,12/31/2025
140057,Elk Ridge County Hospital,Elk Ridge,MN,North,52865,Emergency Department,OP_18b,Average (median) time patients spent in the emergency department before leaving from the visit,minutes,201.0,902,,,01/01/2025,12/31/2025
240085,Grand Haven Community Hospital,Grand Haven,MN,Elk,50552,Emergency Department,OP_18c,Average (median) time patients spent in the emergency department before leaving from the visit - Psychiatric/Mental Health Patients,minutes,,,5,Too few cases to report reliably,01/01/2025,12/31/2025
260032,Fair Junction County Hospital,Fair Junction,MN,Cedar,50132,Emergency Department,OP_23,Percentage of patients who came to the emergency department with stroke symptoms who received brain scan results within 45 minutes,percent,55.0,3334,,,01/01/2025,12/31/2025
280000,Prairie Falls Medical Center,Prairie Falls,NE,Grand,51272,Emergency Department,OP_18c,Average (median) time patients spent in the emergency department before leaving from the visit - Psychiatric/Mental Health Patients,minutes,336.0,3774,,,01/01/2025,12/31/2025
170063,Elk Haven Medical Center,Elk Haven,MO,River,51294,Emergency Department,OP_23,Percentage of patients who came to the emergency department with stroke symptoms who received brain scan results within 45 minutes,percent,31.0,2200,,,01/01/2025,12/31/2025
430041,Fair Haven County Hospital,Fair Haven,IA,Prairie,50049,Emergency Department,OP_18c,Average (median) time patients spent in the emergency department before leaving from the visit - Psychiatric/Mental Health Patients,minutes,181.0,1979,,,01/01/2025,12/31/2025
240082,Grand Rapids Memorial Hospital,Grand Rapids,IL,Cedar,52110,Emergency Department,ED_2b,Average (median) time patients spent in the emergency department after the doctor decided to admit them,minutes,197.0,3463,,,01/01/2025,12/31/2025
280024,Elk Grove Memorial Hospital,Elk Grove,IA,Elk,50399,Emergency Department,OP_22,Left without being seen,percent,,,5,Too few cases to report reliably,01/01/2025,12/31/2025
520099,Grand Ridge Community Hospital,Grand Ridge,KS,River,53606,Emergency Department,OP_18b,Average (median) time patients spent in the emergency department before leaving from the visit,minutes,313.0,3707,,,01/01/2025,12/31/2025
280062,Fair Rapids Community Hospital,Fair Rapids,MN,Fair,51262,Emergency Department,OP_18b,Average (median) time patients spent in the emergency department before leaving from the visit,minutes,142.0,1971,,,01/01/2025,12/31/2025
240026,Elk View Medical Center,Elk View,SD,Pine,50037,Emergency Department,OP_18b,Average (median) time patients spent in the emergency department before leaving from the visit,minutes,157.0,1485,,,01/01/2025,12/31/2025
260104,North Haven Memorial Hospital,North Haven,IL,Grand,51146,Emergency Department,ED_2b,Average (median) time patients spent in the emergency department after the doctor decided to admit them,minutes,,,25,Facility did not submit data,01/01/2025,12/31/2025
520114,Elk Rapids Health System,Elk Rapids,IA,Elk,50818,Emergency Department,OP_23,Percentage of patients who came to the emergency department with stroke symptoms who received brain scan results within 45 minutes,percent,94.0,2740,,,01/01/2025,12/31/2025
280024,Elk Grove Memorial Hospital,Elk Grove,IA,Elk,50399,Emergency Department,OP_18b,Average (median) time patients spent in the emergency department before leaving from the visit,minutes,93.0,3114,,,01/01/2025,12/31/2025
280044,Pine Falls Community Hospital,Pine Falls,IL,Cedar,50631,Emergency Department,OP_22,Left without being seen,percent,2.9,4129,,,01/01/2025,12/31/2025
140007,Prairie View Memorial Hospital,Prairie View,IA,Cedar,50430,Emergency Department,ED_2b,Average (median) time patients spent in the emergency department after the doctor decided to admit them,minutes,206.0,2039,,,01/01/2025,12/31/2025
160040,Grand Rapids Health System,Grand Rapids,NE,Cedar,52449,Emergency Department,ED_2b,Average (median) time patients spent in the emergency department after the doctor decided to admit them,minutes,53.0,3795,,,01/01/2025,12/31/2025
240079,North Haven Regional Medical Center,North Haven,MO,Pine,50773,Emergency Department,OP_18c,Average (median) time patients spent in the emergency department before leaving from the visit - Psychiatric/Mental Health Patients,minutes,221.0,1096,,,01/01/2025,12/31/2025
160037,Pine Ridge Health System,Pine Ridge,IA,Cedar,51833,Emergency Department,OP_18b,Average (median) time patients spent in the emergency department before leaving from the visit,minutes,210.0,1989,,,01/01/2025,12/31/2025
140028,River Ridge Medical Center,River Ridge,WI,North,51706,Emergency Department,ED_2b,Average (median) time patients spent in the emergency department after the doctor decided to admit them,minutes,88.0,961,,,01/01/2025,12/31/2025
260045,North Falls County Hospital,North Falls,MN,Prairie,51363,Emergency Department,OP_18c,Average (median) time patients spent in the emergency department before leaving from the visit - Psychiatric/Mental Health Patients,minutes,510.0,655,,,01/01/2025,12/31/2025
140113,Fair Bluff Health System,Fair Bluff,SD,River,51419,Emergency Department,OP_18c,Average (median) time patients spent in the emergency department before leaving from the visit - Psychiatric/Mental Health Patients,minutes,336.0,3204,,,01/01/2025,12/31/2025
240035,Pine Haven Medical Center,Pine Haven,SD,Prairie,52937,Emergency Department,OP_18b,Average (median) time patients spent in the emergency department before leaving from the visit,minutes,278.0,1249,,,01/01/2025,12/31/2025
280044,Pine Falls Community Hospital,Pine Falls,IL,Cedar,50631,Emergency Department,OP_23,Percentage of patients who came to the emergency department with stroke symptoms who received brain scan results within 45 minutes,percent,77.0,2209,,,01/01/2025,12/31/2025
160118,North Falls Health System,North Falls,MO,Cedar,51662,Emergency Department,OP_22,Left without being seen,percent,4.7,3855,,,01/01/2025,12/31/2025
260069,Prairie Bluff Memorial Hospital,Prairie Bluff,IA,Fair,50472,Emergency Department,OP_22,Left without being seen,percent,3.2,1978,,,01/01/2025,12/31/2025
240022,Fair Bluff Regional Medical Center,Fair Bluff,MO,Elk,53054,Emergency Department,OP_22,Left without being seen,percent,3.0,1884,,,01/01/2025,12/31/2025
140019,Grand Junction Memorial Hospital,Grand Junction,NE,North,51328,Emergency Department,OP_23,Percentage of patients who came to the emergency department with stroke symptoms who received brain scan results within 45 minutes,percent,102.0,3912,,,01/01/2025,12/31/2025
240012,Grand Falls Community Hospital,Grand Falls,IA,Cedar,50804,Emergency Department,OP_23,Percentage of patients who came to the emergency department with stroke symptoms who received brain scan results within 45 minutes,percent,78.0,1354,,,01/01/2025,12/31/2025
260087,Elk Grove Memorial Hospital,Elk Grove,IA,Elk,51181,Emergency Department,OP_22,Left without being seen,percent,2.4,2519,,,01/01/2025,12/31/2025
280017,Cedar Bluff Regional Medical Center,Cedar Bluff,IA,Fair,50130,Emergency Department,ED_2b,Average (median) time patients spent in the emergency department after the doctor decided to admit them,minutes,217.0,161,,,01/01/2025,12/31/2025
140028,River Ridge Medical Center,River Ridge,WI,North,51706,Emergency Department,OP_22,Left without being seen,percent,1.6,139,,,01/01/2025,12/31/2025
240059,Cedar Haven Health System,Cedar Haven,IL,Grand,50764,Emergency Department,ED_2b,Average (median) time patients spent in the emergency department after the doctor decided to admit them,minutes,201.0,3290,,,01/01/2025,12/31/2025
430025,Fair Bluff County Hospital,Fair Bluff,IL,North,52267,Emergency Department,ED_2b,Average (median) time patients spent in the emergency department after the doctor decided to admit them,minutes,20.0,2690,,,01/01/2025,12/31/2025
160064,Pine Haven Medical Center,Pine Haven,IL,Elk,51176,Emergency Department,OP_18b,Average (median) time patients spent in the emergency department before leaving from the visit,minutes,202.0,3504,,,01/01/2025,12/31/2025
170003,Elk Falls Community Hospital,Elk Falls,IA,Elk,50336,Emergency Department,OP_18c,Average (median) time patients spent in the emergency department before leaving from the visit - Psychiatric/Mental Health Patients,minutes,374.0,2737,,,01/01/2025,12/31/2025
280062,Fair Rapids Community Hospital,Fair Rapids,MN,Fair,51262,Emergency Department,ED_2b,Average (median) time patients spent in the emergency department after the doctor decided to admit them,minutes,163.0,846,,,01/01/2025,12/31/2025
160108,Grand Bluff Memorial Hospital,Grand Bluff,IA,Cedar,51450,Emergency Department,OP_22,Left without being seen,percent,0.3,1767,,,01/01/2025,12/31/2025
260087,Elk Grove Memorial Hospital,Elk Grove,IA,Elk,51181,Emergency Department,ED_2b,Average (median) time patients spent in the emergency department after the doctor decided to admit them,minutes,183.0,373,,,01/01/2025,12/31/2025
280043,Prairie View Regional Medical Center,Prairie View,IA,Grand,51134,Emergency Department,OP_18c,Average (median) time patients spent in the emergency department before leaving from the visit - Psychiatric/Mental Health Patients,minutes,333.0,1236,,,01/01/2025,12/31/2025
160067,North Ridge County Hospital,North Ridge,IA,Cedar,50877,Emergency Department,OP_23,Percentage of patients who came to the emergency department with stroke symptoms who received brain scan results within 45 minutes,percent,118.0,370,,,01/01/2025,12/31/2025
160083,North Bluff Regional Medical Center,North Bluff,KS,Elk,52748,Emergency Department,OP_22,Left without being seen,percent,1.3,1022,,,01/01/2025,12/31/2025
170034,North Grove Medical Center,North Grove,KS,River,50625,Emergency Department,OP_18b,Average (median) time patients spent in the emergency department before leaving from the visit,minutes,246.0,322,,,01/01/2025,12/31/2025
240095,Pine Ridge Medical Center,Pine Ridge,KS,Fair,51068,Emergency Department,OP_18c,Average (median) time patients spent in the emergency department before leaving from the visit - Psychiatric/Mental Health Patients,minutes,366.0,160,,,01/01/2025,12/31/2025
430009,Grand Bluff Community Hospital,Grand Bluff,IL,Cedar,50922,Emergency Department,OP_22,Left without being seen,percent,4.0,1902,,,01/01/2025,12/31/2025
430054,Cedar Grove Health System,Cedar Grove,WI,Grand,51086,Emergency Department,OP_22,Left without being seen,percent,2.8,3865,,,01/01/2025,12/31/2025
240082,Grand Rapids Memorial Hospital,Grand Rapids,IL,Cedar,52110,Emergency Department,OP_22,Left without being seen,percent,1.5,3960,,,01/01/2025,12/31/2025
430066,Grand Ridge Medical Center,Grand Ridge,NE,River,50393,Emergency Department,OP_18c,Average (median) time patients spent in the emergency department before leaving from the visit - Psychiatric/Mental Health Patients,minutes,507.0,809,,,01/01/2025,12/31/2025
260076,River View County Hospital,River View,SD,Pine,51294,Emergency Department,OP_22,Left without being seen,percent,,,25,Facility did not submit data,01/01/2025,12/31/2025
280080,Fair Rapids Memorial Hospital,Fair Rapids,MO,River,50578,Emergency Department,OP_23,Percentage of patients who came to the emergency department with stroke symptoms who received brain scan results within 45 minutes,percent,66.0,1748,,,01/01/2025,12/31/2025
260004,Elk Haven Medical Center,Elk Haven,NE,Cedar,53783,Emergency Department,OP_23,Percentage of patients who came to the emergency department with stroke symptoms who received brain scan results within 45 minutes,percent,70.0,1699,,,01/01/2025,12/31/2025
430093,River Bluff Health System,River Bluff,IL,Prairie,50583,Emergency Department,OP_18c,Average (median) time patients spent in the emergency department before leaving from the visit - Psychiatric/Mental Health Patients,minutes,335.0,1838,,,01/01/2025,12/31/2025
160030,Cedar View Health System,Cedar View,IA,North,52312,Emergency Department,ED_2b,Average (median) time patients spent in the emergency department after the doctor decided to admit them,minutes,,,5,Too few cases to report reliably,01/01/2025,12/31/2025
140053,River Grove Regional Medical Center,River Grove,WI,Cedar,51899,Emergency Department,OP_18c,Average (median) time patients spent in the emergency department before leaving from the visit - Psychiatric/Mental Health Patients,minutes,418.0,3102,,,01/01/2025,12/31/2025
430110,River Ridge Memorial Hospital,River Ridge,NE,Fair,50465,Emergency Department,OP_23,Percentage of patients who came to the emergency department with stroke symptoms who received brain scan results within 45 minutes,percent,43.0,1005,,,01/01/2025,12/31/2025
430116,Elk Grove Medical Center,Elk Grove,MN,Prairie,50281,Emergency Department,OP_22,Left without being seen,percent,5.9,1109,,,01/01/2025,12/31/2025
140057,Elk Ridge County Hospital,Elk Ridge,MN,North,52865,Emergency Department,OP_22,Left without being seen,percent,2.5,802,,,01/01/2025,12/31/2025
280106,Cedar View Medical Center,Cedar View,MO,River,52499,Emergency Department,ED_2b,Average (median) time patients spent in the emergency department after the doctor decided to admit them,minutes,247.0,1694,,,01/01/2025,12/31/2025
140050,River View Medical Center,River View,KS,Prairie,55257,Emergency Department,OP_23,Percentage of patients who came to the emergency department with stroke symptoms who received brain scan results within 45 minutes,percent,82.0,2809,,,01/01/2025,12/31/2025
140050,River View Medical Center,River View,KS,Prairie,55257,Emergency Department,OP_18c,Average (median) time patients spent in the emergency department before leaving from the visit - Psychiatric/Mental Health Patients,minutes,231.0,259,,,01/01/2025,12/31/2025
140053,River Grove Regional Medical Center,River Grove,WI,Cedar,51899,Emergency Department,OP_18b,Average (median) time patients spent in the emergency department before leaving from the visit,minutes,164.0,4184,,,01/01/2025,12/31/2025
260119,Fair Ridge Health System,Fair Ridge,SD,Pine,50932,Emergency Department,ED_2b,Average (median) time patients spent in the emergency department after the doctor decided to admit them,minutes,80.0,3476,,,01/01/2025,12/31/2025
280008,Elk View Health System,Elk View,NE,Cedar,51174,Emergency Department,OP_22,Left without being seen,percent,1.3,2285,,,01/01/2025,12/31/2025
280106,Cedar View Medical Center,Cedar View,MO,River,52499,Emergency Department,OP_23,Percentage of patients who came to the emergency department with stroke symptoms who received brain scan results within 45 minutes,percent,50.0,657,,,01/01/2025,12/31/2025
520055,Fair View Memorial Hospital,Fair View,SD,Elk,53539,Emergency Department,OP_22,Left without being seen,percent,,,5,Too few cases to report reliably,01/01/2025,12/31/2025
160002,Prairie View County Hospital,Prairie View,SD,Cedar,51571,Emergency Department,OP_23,Percentage of patients who came to the emergency department with stroke symptoms who received brain scan results within 45 minutes,percent,77.0,3656,,,01/01/2025,12/31/2025
260109,River Falls County Hospital,River Falls,IL,Grand,50157,Emergency Department,OP_23,Percentage of patients who came to the emergency department with stroke symptoms who received brain scan results within 45 minutes,percent,52.0,2801,,,01/01/2025,12/31/2025
260069,Prairie Bluff Memorial Hospital,Prairie Bluff,IA,Fair,50472,Emergency Department,OP_18b,Average (median) time patients spent in the emergency department before leaving from the visit,minutes,192.0,1500,,,01/01/2025,12/31/2025
140049,Pine Rapids Community Hospital,Pine Rapids,MO,Fair,50168,Emergency Department,OP_23,Percentage of patients who came to the emergency department with stroke symptoms who received brain scan results within 45 minutes,percent,46.0,711,,,01/01/2025,12/31/2025
170056,Pine Falls Community Hospital,Pine Falls,IL,Cedar,50608,Emergency Department,OP_18b,Average (median) time patients spent in the emergency department before leaving from the visit,minutes,228.0,303,,,01/01/2025,12/31/2025
260092,Elk View Community Hospital,Elk View,WI,Grand,50014,Emergency Department,OP_18b,Average (median) time patients spent in the emergency department before leaving from the visit,minutes,171.0,570,,,01/01/2025,12/31/2025
240012,Grand Falls Community Hospital,Grand Falls,IA,Cedar,50804,Emergency Department,ED_2b,Average (median) time patients spent in the emergency department after the doctor decided to admit them,minutes,,,5,Too few cases to report reliably,01/01/2025,12/31/2025
280062,Fair Rapids Community Hospital,Fair Rapids,MN,Fair,51262,Emergency Department,OP_18c,Average (median) time patients spent in the emergency department before leaving from the visit - Psychiatric/Mental Health Patients,minutes,263.0,3136,,,01/01/2025,12/31/2025
160117,Cedar Haven Health System,Cedar Haven,IA,Grand,50710,Emergency Department,ED_2b,Average (median) time patients spent in the emergency department after the doctor decided to admit them,minutes,78.0,3528,,,01/01/2025,12/31/2025
160030,Cedar View Health System,Cedar View,IA,North,52312,Emergency Department,OP_22,Left without being seen,percent,5.2,3163,,,01/01/2025,12/31/2025
240035,Pine Haven Medical Center,Pine Haven,SD,Prairie,52937,Emergency Department,OP_22,Left without being seen,percent,3.8,3053,,,01/01/2025,12/31/2025
240006,River Grove Medical Center,River Grove,WI,Grand,50411,Emergency Department,ED_2b,Average (median) time patients spent in the emergency department after the doctor decided to admit them,minutes,133.0,3548,,,01/01/2025,12/31/2025
160117,Cedar Haven Health System,Cedar Haven,IA,Grand,50710,Emergency Department,OP_18b,Average (median) time patients spent in the emergency department before leaving from the visit,minutes,,,25,Facility did not submit data,01/01/2025,12/31/2025
430110,River Ridge Memorial Hospital,River Ridge,NE,Fair,50465,Emergency Department,OP_18c,Average (median) time patients spent in the emergency department before leaving from the visit - Psychiatric/Mental Health Patients,minutes,242.0,139,,,01/01/2025,12/31/2025
430010,Grand Haven Medical Center,Grand Haven,MN,Elk,51296,Emergency Department,ED_2b,Average (median) time patients spent in the emergency department after the doctor decided to admit them,minutes,274.0,3931,,,01/01/2025,12/31/2025
160046,Pine Falls County Hospital,Pine Falls,IA,Pine,50850,Emergency Department,ED_2b,Average (median) time patients spent in the emergency department after the doctor decided to admit them,minutes,197.0,1835,,,01/01/2025,12/31/2025
160073,Grand View County Hospital,Grand View,IA,Elk,50649,Emergency Department,OP_18c,Average (median) time patients spent in the emergency department before leaving from the visit - Psychiatric/Mental Health Patients,minutes,237.0,606,,,01/01/2025,12/31/2025
260094,River Ridge Medical Center,River Ridge,NE,North,51805,Emergency Department,OP_23,Percentage of patients who came to the emergency department with stroke symptoms who received brain scan results within 45 minutes,percent,70.0,2168,,,01/01/2025,12/31/2025
160102,River Bluff Health System,River Bluff,IL,Pine,52617,Emergency Department,OP_18c,Average (median) time patients spent in the emergency department before leaving from the visit - Psychiatric/Mental Health Patients,minutes,149.0,2921,,,01/01/2025,12/31/2025
160118,North Falls Health System,North Falls,MO,Cedar,51662,Emergency Department,OP_18c,Average (median) time patients spent in the emergency department before leaving from the visit - Psychiatric/Mental Health Patients,minutes,213.0,3883,,,01/01/2025,12/31/2025
280072,Grand Ridge Regional Medical Center,Grand Ridge,MN,River,51781,Emergency Department,OP_22,Left without being seen,percent,6.1,785,,,01/01/2025,12/31/2025
140112,Pine Junction Community Hospital,Pine Junction,MO,Elk,50577,Emergency Department,OP_18b,Average (median) time patients spent in the emergency department before leaving from the visit,minutes,,,5,Too few cases to report reliably,01/01/2025,12/31/2025
