invoice_line_no,date,store_id,item_id,sale_bottles,sale_liters,sale_dollars,state_bottle_cost,state_bottle_retail,cogs,gross_margin,margin_pct,is_return,has_cost
INV-200000,2026-05-25,4829,77779,3,1.12,36.3,11.0,12.1,33.0,3.299999999999997,0.09090909090909084,False,True
INV-200001,2026-07-01,2648,11788,5,8.75,73.15,9.75,14.63,48.75,24.400000000000006,0.3335611756664389,False,True
INV-200002,2026-06-30,2633,77779,9,3.38,108.9,11.0,12.1,99.0,9.900000000000006,0.09090909090909095,False,True
INV-200003,2026-06-10,2633,19067,2,1.5,53.98,17.99,26.99,35.98,18.0,0.33345683586513525,False,True
INV-200004,2026-05-30,2501,11788,1,1.75,14.63,9.75,14.63,9.75,4.880000000000001,0.33356117566643884,False,True
INV-200005,2026-03-05,5102,36308,1,1.0,6.75,4.5,6.75,4.5,2.25,0.3333333333333333,False,True
INV-200006,2026-02-28,4829,64866,4,3.0,149.96,24.99,37.49,99.96,50.000000000000014,0.3334222459322487,False,True
INV-200007,2026-03-24,2190,36308,3,3.0,20.25,4.5,6.75,13.5,6.75,0.3333333333333333,False,True
INV-200008,2026-04-19,2501,26827,1,0.75,18.75,12.5,18.75,12.5,6.25,0.3333333333333333,False,True
INV-200009,2026-06-10,2190,11788,7,12.25,102.41,9.75,14.63,68.25,34.16,0.3335611756664388,False,True
INV-200010,2026-03-29,2190,26827,2,1.5,37.5,12.5,18.75,25.0,12.5,0.3333333333333333,False,True
INV-200011,2026-02-10,2501,11788,1,1.75,14.63,9.75,14.63,9.75,4.880000000000001,0.33356117566643884,False,True
INV-200012,2026-06-30,3385,26827,4,3.0,75.0,12.5,18.75,50.0,25.0,0.3333333333333333,False,True
INV-200013,2026-04-27,2648,26827,1,0.75,18.75,12.5,18.75,12.5,6.25,0.3333333333333333,False,True
INV-200014,2026-02-19,3385,36308,1,1.0,6.75,4.5,6.75,4.5,2.25,0.3333333333333333,False,True
INV-200015,2026-06-02,2633,36308,4,4.0,27.0,4.5,6.75,18.0,9.0,0.3333333333333333,False,True
INV-200016,2026-04-01,4829,77779,1,0.38,12.1,11.0,12.1,11.0,1.0999999999999996,0.09090909090909088,False,True
INV-200017,2026-02-15,2633,11788,7,12.25,102.41,9.75,14.63,68.25,34.16,0.3335611756664388,False,True
INV-200018,2026-04-22,2633,77779,6,2.25,72.6,11.0,12.1,66.0,6.599999999999994,0.09090909090909084,False,True
INV-200019,2026-07-10,2501,11788,3,5.25,43.89,9.75,14.63,29.25,14.64,0.33356117566643884,False,True
INV-200020,2026-03-16,2648,11788,1,1.75,14.63,9.75,14.63,9.75,4.880000000000001,0.33356117566643884,False,True
INV-200021,2026-05-09,2190,64866,1,0.75,37.49,,37.49,,,,False,False
INV-200022,2026-02-24,2633,19067,19,14.25,512.81,17.99,26.99,341.80999999999995,171.0,0.33345683586513525,False,True
INV-200023,2026-04-07,5102,35918,2,3.5,26.98,8.99,13.49,17.98,9.0,0.3335804299481097,False,True
INV-200024,2026-03-15,5102,11788,3,5.25,43.89,9.75,14.63,29.25,14.64,0.33356117566643884,False,True
INV-200025,2026-03-27,4829,36308,2,2.0,13.5,4.5,6.75,9.0,4.5,0.3333333333333333,False,True
INV-200026,2026-04-17,5102,19067,3,2.25,80.97,17.99,26.99,53.97,27.0,0.33345683586513525,False,True
INV-200027,2026-06-04,4829,36308,1,1.0,6.75,4.5,6.75,4.5,2.25,0.3333333333333333,False,True
INV-200028,2026-05-31,2633,64866,3,2.25,112.47,24.99,37.49,74.97,37.5,0.3334222459322486,False,True
INV-200029,2026-04-22,2648,43336,4,3.0,49.52,8.25,12.38,33.0,16.520000000000003,0.3336025848142165,False,True
INV-200030,2026-05-06,4829,11788,9,15.75,131.67,9.75,14.63,87.75,43.91999999999999,0.3335611756664388,False,True
INV-200031,2026-03-30,3385,26827,16,12.0,300.0,12.5,18.75,200.0,100.0,0.3333333333333333,False,True
INV-200032,2026-04-01,2190,26827,2,1.5,37.5,12.5,18.75,25.0,12.5,0.3333333333333333,False,True
INV-200033,2026-02-28,2633,35918,7,12.25,94.43,8.99,13.49,62.93,31.500000000000007,0.33358042994810977,False,True
INV-200034,2026-03-08,3385,77779,1,0.38,12.1,11.0,12.1,11.0,1.0999999999999996,0.09090909090909088,False,True
INV-200035,2026-05-10,2190,35918,2,3.5,26.98,8.99,13.49,17.98,9.0,0.3335804299481097,False,True
INV-200036,2026-05-13,2648,35918,15,26.25,202.35,8.99,13.49,134.85,67.5,0.3335804299481097,False,True
INV-200037,2026-06-08,4829,19067,3,2.25,80.97,17.99,26.99,53.97,27.0,0.33345683586513525,False,True
INV-200038,2026-05-20,3385,35918,5,8.75,67.45,8.99,13.49,44.95,22.5,0.3335804299481097,False,True
INV-200039,2026-04-09,2190,19067,1,0.75,26.99,17.99,26.99,17.99,9.0,0.33345683586513525,False,True
INV-200040,2026-02-28,3385,11788,5,8.75,73.15,9.75,14.63,48.75,24.400000000000006,0.3335611756664389,False,True
INV-200041,2026-06-12,2633,64866,9,6.75,337.41,24.99,37.49,224.91,112.50000000000003,0.3334222459322487,False,True
INV-200042,2026-05-19,3385,11788,9,15.75,131.67,9.75,14.63,87.75,43.91999999999999,0.3335611756664388,False,True
INV-200043,2026-02-05,2648,43336,5,3.75,61.9,8.25,12.38,41.25,20.65,0.33360258481421645,False,True
INV-200044,2026-04-04,4829,77779,5,1.88,60.5,11.0,12.1,55.0,5.5,0.09090909090909091,False,True
INV-200045,2026-02-12,2190,19067,2,1.5,53.98,17.99,26.99,35.98,18.0,0.33345683586513525,False,True
INV-200046,2026-04-14,3385,26827,4,3.0,75.0,12.5,18.75,50.0,25.0,0.3333333333333333,False,True
INV-200047,2026-07-11,3385,19067,1,0.75,26.99,17.99,26.99,17.99,9.0,0.33345683586513525,False,True
INV-200048,2026-02-25,3385,11788,1,1.75,14.63,9.75,14.63,9.75,4.880000000000001,0.33356117566643884,False,True
INV-200049,2026-03-05,2633,77779,6,2.25,72.6,11.0,12.1,66.0,6.599999999999994,0.09090909090909084,False,True
INV-200050,2026-05-19,3385,26827,5,3.75,93.75,12.5,18.75,62.5,31.25,0.3333333333333333,False,True
INV-200051,2026-02-18,5102,11788,5,8.75,73.15,9.75,14.63,48.75,24.400000000000006,0.3335611756664389,False,True
INV-200052,2026-05-22,2190,35918,11,19.25,148.39,8.99,13.49,98.89,49.499999999999986,0.33358042994810966,False,True
INV-200053,2026-02-20,2648,19067,2,1.5,53.98,17.99,26.99,35.98,18.0,0.33345683586513525,False,True
INV-200054,2026-03-16,5102,26827,1,0.75,18.75,12.5,18.75,12.5,6.25,0.3333333333333333,False,True
INV-200055,2026-02-15,5102,64866,3,2.25,112.47,24.99,37.49,74.97,37.5,0.3334222459322486,False,True
INV-200056,2026-04-02,2190,64866,5,3.75,187.45,24.99,37.49,124.94999999999999,62.5,0.3334222459322486,False,True
INV-200057,2026-07-07,3385,36308,8,8.0,54.0,4.5,6.75,36.0,18.0,0.3333333333333333,False,True
INV-200058,2026-06-13,2648,11788,7,12.25,102.41,9.75,14.63,68.25,34.16,0.3335611756664388,False,True
INV-200059,2026-04-18,2190,77779,5,1.88,60.5,11.0,12.1,55.0,5.5,0.09090909090909091,False,True
INV-200060,2026-03-26,2501,35918,4,7.0,53.96,8.99,13.49,35.96,18.0,0.3335804299481097,False,True
INV-200061,2026-04-06,2648,77779,2,0.75,24.2,11.0,12.1,22.0,2.1999999999999993,0.09090909090909088,False,True
INV-200062,2026-06-14,5102,64866,22,16.5,824.78,24.99,37.49,549.78,275.0,0.3334222459322486,False,True
INV-200063,2026-05-16,4829,26827,1,0.75,18.75,12.5,18.75,12.5,6.25,0.3333333333333333,False,True
INV-200064,2026-01-30,5102,26827,1,0.75,18.75,12.5,18.75,12.5,6.25,0.3333333333333333,False,True
INV-200065,2026-02-03,5102,43336,6,4.5,74.28,8.25,12.38,49.5,24.78,0.3336025848142165,False,True
INV-200066,2026-04-19,2633,35918,2,3.5,26.98,8.99,13.49,17.98,9.0,0.3335804299481097,False,True
INV-200067,2026-07-16,5102,36308,1,1.0,6.75,4.5,6.75,4.5,2.25,0.3333333333333333,False,True
INV-200068,2026-07-06,2648,19067,1,0.75,26.99,17.99,26.99,17.99,9.0,0.33345683586513525,False,True
INV-200069,2026-04-24,4829,36308,2,2.0,13.5,4.5,6.75,9.0,4.5,0.3333333333333333,False,True
INV-200070,2026-03-17,2648,26827,2,1.5,37.5,12.5,18.75,25.0,12.5,0.3333333333333333,False,True
INV-200071,2026-07-14,3385,26827,1,0.75,18.75,12.5,18.75,12.5,6.25,0.3333333333333333,False,True
INV-200072,2026-07-18,5102,19067,1,0.75,26.99,17.99,26.99,17.99,9.0,0.33345683586513525,False,True
INV-200073,2026-04-04,2648,26827,3,2.25,56.25,12.5,18.75,37.5,18.75,0.3333333333333333,False,True
INV-200074,2026-07-09,2501,11788,9,15.75,131.67,9.75,14.63,87.75,43.91999999999999,0.3335611756664388,False,True
INV-200075,2026-03-05,2190,77779,1,0.38,12.1,11.0,12.1,11.0,1.0999999999999996,0.09090909090909088,False,True
INV-200076,2026-04-13,2190,11788,4,7.0,58.52,9.75,14.63,39.0,19.520000000000003,0.33356117566643884,False,True
INV-200077,2026-04-18,2648,26827,15,11.25,281.25,12.5,18.75,187.5,93.75,0.3333333333333333,False,True
INV-200078,2026-06-12,2501,35918,1,1.75,13.49,8.99,13.49,8.99,4.5,0.3335804299481097,False,True
INV-200079,2026-07-08,2633,64866,13,9.75,487.37,24.99,37.49,324.87,162.5,0.3334222459322486,False,True
INV-200080,2026-06-13,2190,36308,1,1.0,6.75,4.5,6.75,4.5,2.25,0.3333333333333333,False,True
INV-200081,2026-06-30,2633,43336,6,4.5,74.28,8.25,12.38,49.5,24.78,0.3336025848142165,False,True
INV-200082,2026-07-17,3385,43336,2,1.5,24.76,8.25,12.38,16.5,8.260000000000002,0.3336025848142165,False,True
INV-200083,2026-02-17,3385,36308,1,1.0,6.75,4.5,6.75,4.5,2.25,0.3333333333333333,False,True
INV-200084,2026-03-07,5102,64866,1,0.75,37.49,24.99,37.49,24.99,12.500000000000004,0.3334222459322487,False,True
INV-200085,2026-03-22,4829,19067,6,4.5,161.94,17.99,26.99,107.94,54.0,0.33345683586513525,False,True
INV-200086,2026-02-11,2501,19067,4,3.0,107.96,17.99,26.99,71.96,36.0,0.33345683586513525,False,True
INV-200087,2026-03-28,2190,26827,5,3.75,93.75,12.5,18.75,62.5,31.25,0.3333333333333333,False,True
INV-200088,2026-06-30,3385,36308,8,8.0,54.0,4.5,6.75,36.0,18.0,0.3333333333333333,False,True
INV-200089,2026-06-14,3385,36308,4,4.0,27.0,4.5,6.75,18.0,9.0,0.3333333333333333,False,True
INV-200090,2026-03-09,2190,26827,2,1.5,37.5,12.5,18.75,25.0,12.5,0.3333333333333333,False,True
INV-200091,2026-06-11,5102,11788,1,1.75,14.63,9.75,14.63,9.75,4.880000000000001,0.33356117566643884,False,True
INV-200092,2026-03-31,4829,43336,1,0.75,12.38,8.25,12.38,8.25,4.130000000000001,0.3336025848142165,False,True
INV-200093,2026-03-09,2501,35918,4,7.0,53.96,8.99,13.49,35.96,18.0,0.3335804299481097,False,True
INV-200094,2026-07-08,2648,19067,1,0.75,26.99,17.99,26.99,17.99,9.0,0.33345683586513525,False,True
INV-200095,2026-05-06,3385,26827,1,0.75,18.75,12.5,18.75,12.5,6.25,0.3333333333333333,False,True
INV-200096,2026-06-04,2190,26827,8,6.0,150.0,12.5,18.75,100.0,50.0,0.3333333333333333,False,True
INV-200097,2026-06-21,2190,64866,1,0.75,37.49,24.99,37.49,24.99,12.500000000000004,0.3334222459322487,False,True
INV-200098,2026-04-19,2501,35918,3,5.25,40.47,8.99,13.49,26.97,13.5,0.3335804299481097,False,True
INV-200099,2026-05-10,2501,77779,7,2.62,84.7,11.0,12.1,77.0,7.700000000000003,0.09090909090909094,False,True
INV-200100,2026-04-18,2501,77779,2,0.75,24.2,11.0,12.1,22.0,2.1999999999999993,0.09090909090909088,False,True
INV-200101,2026-06-11,3385,11788,1,1.75,14.63,9.75,14.63,9.75,4.880000000000001,0.33356117566643884,False,True
INV-200102,2026-03-01,5102,19067,1,0.75,26.99,17.99,26.99,17.99,9.0,0.33345683586513525,False,True
INV-200103,2026-02-09,2501,77779,1,0.38,12.1,11.0,12.1,11.0,1.0999999999999996,0.09090909090909088,False,True
INV-200104,2026-07-19,2648,77779,1,0.38,12.1,11.0,12.1,11.0,1.0999999999999996,0.09090909090909088,False,True
INV-200105,2026-03-06,3385,19067,4,3.0,107.96,17.99,26.99,71.96,36.0,0.33345683586513525,False,True
INV-200106,2026-03-31,2190,35918,5,8.75,67.45,8.99,13.49,44.95,22.5,0.3335804299481097,False,True
INV-200107,2026-05-13,2501,26827,1,0.75,18.75,12.5,18.75,12.5,6.25,0.3333333333333333,False,True
INV-200108,2026-07-28,2633,43336,7,5.25,86.66,8.25,12.38,57.75,28.909999999999997,0.33360258481421645,False,True
INV-200109,2026-04-07,2633,43336,4,3.0,49.52,8.25,12.38,33.0,16.520000000000003,0.3336025848142165,False,True
INV-200110,2026-02-15,4829,64866,1,0.75,37.49,24.99,37.49,24.99,12.500000000000004,0.3334222459322487,False,True
INV-200111,2026-07-03,2190,26827,1,0.75,18.75,12.5,18.75,12.5,6.25,0.3333333333333333,False,True
INV-200112,2026-07-08,2648,36308,12,12.0,81.0,4.5,6.75,54.0,27.0,0.3333333333333333,False,True
INV-200113,2026-03-11,5102,26827,1,0.75,18.75,12.5,18.75,12.5,6.25,0.3333333333333333,False,True
INV-200114,2026-03-16,2633,35918,1,1.75,13.49,8.99,13.49,8.99,4.5,0.3335804299481097,False,True
INV-200115,2026-04-04,4829,64866,4,3.0,149.96,,37.49,,,,False,False
INV-200116,2026-07-08,4829,26827,4,3.0,75.0,12.5,18.75,50.0,25.0,0.3333333333333333,False,True
INV-200117,2026-04-08,2648,26827,4,3.0,75.0,12.5,18.75,50.0,25.0,0.3333333333333333,False,True
INV-200118,2026-04-13,2190,19067,1,0.75,26.99,17.99,26.99,17.99,9.0,0.33345683586513525,False,True
INV-200119,2026-03-28,4829,43336,1,0.75,12.38,8.25,12.38,8.25,4.130000000000001,0.3336025848142165,False,True
INV-200120,2026-06-21,5102,36308,7,7.0,47.25,4.5,6.75,31.5,15.75,0.3333333333333333,False,True
INV-200121,2026-03-29,2633,35918,1,1.75,13.49,8.99,13.49,8.99,4.5,0.3335804299481097,False,True
INV-200122,2026-03-06,2633,77779,9,3.38,108.9,11.0,12.1,99.0,9.900000000000006,0.09090909090909095,False,True
INV-200123,2026-05-23,2633,19067,19,14.25,512.81,17.99,26.99,341.80999999999995,171.0,0.33345683586513525,False,True
INV-200124,2026-02-01,2190,77779,1,0.38,12.1,11.0,12.1,11.0,1.0999999999999996,0.09090909090909088,False,True
INV-200125,2026-05-14,4829,64866,1,0.75,37.49,24.99,37.49,24.99,12.500000000000004,0.3334222459322487,False,True
INV-200126,2026-07-01,2648,35918,1,1.75,13.49,8.99,13.49,8.99,4.5,0.3335804299481097,False,True
INV-200127,2026-04-29,2501,35918,2,3.5,26.98,8.99,13.49,17.98,9.0,0.3335804299481097,False,True
INV-200128,2026-05-31,2633,64866,1,0.75,37.49,24.99,37.49,24.99,12.500000000000004,0.3334222459322487,False,True
INV-200129,2026-07-11,2190,26827,1,0.75,18.75,12.5,18.75,12.5,6.25,0.3333333333333333,False,True
INV-200130,2026-05-17,4829,77779,8,3.0,96.8,11.0,12.1,88.0,8.799999999999997,0.09090909090909088,False,True
INV-200131,2026-04-23,3385,11788,1,1.75,14.63,9.75,14.63,9.75,4.880000000000001,0.33356117566643884,False,True
INV-200132,2026-02-27,2501,77779,51,19.12,617.1,11.0,12.1,561.0,56.10000000000002,0.09090909090909094,False,True
INV-200133,2026-02-17,2633,19067,1,0.75,26.99,17.99,26.99,17.99,9.0,0.33345683586513525,False,True
INV-200134,2026-05-03,5102,26827,1,0.75,18.75,12.5,18.75,12.5,6.25,0.3333333333333333,False,True
INV-200135,2026-02-21,4829,36308,15,15.0,101.25,4.5,6.75,67.5,33.75,0.3333333333333333,False,True
INV-200136,2026-07-17,2648,43336,5,3.75,61.9,8.25,12.38,41.25,20.65,0.33360258481421645,False,True
INV-200137,2026-04-18,3385,35918,9,15.75,121.41,8.99,13.49,80.91,40.5,0.3335804299481097,False,True
INV-200138,2026-03-05,2633,77779,3,1.12,36.3,11.0,12.1,33.0,3.299999999999997,0.09090909090909084,False,True
INV-200139,2026-03-28,2190,77779,8,3.0,96.8,11.0,12.1,88.0,8.799999999999997,0.09090909090909088,False,True
INV-200140,2026-07-18,2633,43336,7,5.25,86.66,8.25,12.38,57.75,28.909999999999997,0.33360258481421645,False,True
INV-200141,2026-06-18,5102,36308,4,4.0,27.0,4.5,6.75,18.0,9.0,0.3333333333333333,False,True
INV-200142,2026-07-20,5102,11788,4,7.0,58.52,9.75,14.63,39.0,19.520000000000003,0.33356117566643884,False,True
INV-200143,2026-05-20,5102,64866,12,9.0,449.88,24.99,37.49,299.88,150.0,0.3334222459322486,False,True
INV-200144,2026-06-06,3385,19067,2,1.5,53.98,17.99,26.99,35.98,18.0,0.33345683586513525,False,True
INV-200145,2026-03-01,2648,77779,2,0.75,24.2,11.0,12.1,22.0,2.1999999999999993,0.09090909090909088,False,True
INV-200146,2026-02-16,3385,36308,3,3.0,20.25,4.5,6.75,13.5,6.75,0.3333333333333333,False,True
INV-200147,2026-03-14,2501,77779,3,1.12,36.3,11.0,12.1,33.0,3.299999999999997,0.09090909090909084,False,True
INV-200148,2026-05-15,2648,36308,5,5.0,33.75,4.5,6.75,22.5,11.25,0.3333333333333333,False,True
INV-200149,2026-05-09,3385,11788,2,3.5,29.26,9.75,14.63,19.5,9.760000000000002,0.33356117566643884,False,True
INV-200150,2026-05-10,3385,36308,3,3.0,20.25,4.5,6.75,13.5,6.75,0.3333333333333333,False,True
INV-200151,2026-04-19,2190,11788,3,5.25,43.89,9.75,14.63,29.25,14.64,0.33356117566643884,False,True
INV-200152,2026-02-01,3385,77779,1,0.38,12.1,11.0,12.1,11.0,1.0999999999999996,0.09090909090909088,False,True
INV-200153,2026-04-20,5102,11788,1,1.75,14.63,9.75,14.63,9.75,4.880000000000001,0.33356117566643884,False,True
INV-200154,2026-05-12,2648,35918,1,1.75,13.49,8.99,13.49,8.99,4.5,0.3335804299481097,False,True
INV-200155,2026-02-13,2648,43336,2,1.5,24.76,8.25,12.38,16.5,8.260000000000002,0.3336025848142165,False,True
INV-200156,2026-04-25,4829,64866,6,4.5,224.94,24.99,37.49,149.94,75.0,0.3334222459322486,False,True
INV-200157,2026-05-01,5102,36308,5,5.0,33.75,4.5,6.75,22.5,11.25,0.3333333333333333,False,True
INV-200158,2026-06-16,4829,35918,1,1.75,13.49,8.99,13.49,8.99,4.5,0.3335804299481097,False,True
INV-200159,2026-02-25,3385,77779,5,1.88,60.5,11.0,12.1,55.0,5.5,0.09090909090909091,False,True
INV-200160,2026-05-01,4829,77779,4,1.5,48.4,11.0,12.1,44.0,4.399999999999999,0.09090909090909088,False,True
INV-200161,2026-04-05,2633,36308,1,1.0,6.75,4.5,6.75,4.5,2.25,0.3333333333333333,False,True
INV-200162,2026-07-07,2501,26827,1,0.75,18.75,12.5,18.75,12.5,6.25,0.3333333333333333,False,True
INV-200163,2026-04-17,5102,35918,1,1.75,13.49,8.99,13.49,8.99,4.5,0.3335804299481097,False,True
INV-200164,2026-05-03,2648,35918,10,17.5,134.9,8.99,13.49,89.9,45.0,0.3335804299481097,False,True
INV-200165,2026-04-07,2633,26827,2,1.5,37.5,12.5,18.75,25.0,12.5,0.3333333333333333,False,True
INV-200166,2026-06-15,2190,26827,11,8.25,206.25,12.5,18.75,137.5,68.75,0.3333333333333333,False,True
INV-200167,2026-07-24,4829,77779,1,0.38,12.1,11.0,12.1,11.0,1.0999999999999996,0.09090909090909088,False,True
INV-200168,2026-04-17,2648,36308,3,3.0,20.25,4.5,6.75,13.5,6.75,0.3333333333333333,False,True
INV-200169,2026-07-24,3385,26827,12,9.0,225.0,12.5,18.75,150.0,75.0,0.3333333333333333,False,True
INV-200170,2026-03-06,2190,64866,2,1.5,74.98,24.99,37.49,49.98,25.000000000000007,0.3334222459322487,False,True
INV-200171,2026-05-19,2501,26827,2,1.5,37.5,12.5,18.75,25.0,12.5,0.3333333333333333,False,True
INV-200172,2026-04-16,2190,36308,15,15.0,101.25,4.5,6.75,67.5,33.75,0.3333333333333333,False,True
INV-200173,2026-04-25,4829,35918,1,1.75,13.49,8.99,13.49,8.99,4.5,0.3335804299481097,False,True
INV-200174,2026-05-16,2648,19067,1,0.75,26.99,17.99,26.99,17.99,9.0,0.33345683586513525,False,True
INV-200175,2026-06-25,3385,43336,6,4.5,74.28,8.25,12.38,49.5,24.78,0.3336025848142165,False,True
INV-200176,2026-05-23,2190,19067,1,0.75,26.99,17.99,26.99,17.99,9.0,0.33345683586513525,False,True
INV-200177,2026-04-26,2648,19067,12,9.0,323.88,17.99,26.99,215.88,108.0,0.33345683586513525,False,True
INV-200178,2026-03-07,4829,26827,2,1.5,37.5,12.5,18.75,25.0,12.5,0.3333333333333333,False,True
INV-200179,2026-07-20,2648,19067,2,1.5,53.98,17.99,26.99,35.98,18.0,0.33345683586513525,False,True
INV-200180,2026-03-17,2633,35918,3,5.25,40.47,8.99,13.49,26.97,13.5,0.3335804299481097,False,True
INV-200181,2026-07-22,2190,43336,3,2.25,37.14,8.25,12.38,24.75,12.39,0.3336025848142165,False,True
INV-200182,2026-05-29,5102,77779,2,0.75,24.2,11.0,12.1,22.0,2.1999999999999993,0.09090909090909088,False,True
INV-200183,2026-05-18,2190,19067,7,5.25,188.93,17.99,26.99,125.92999999999999,63.000000000000014,0.3334568358651353,False,True
INV-200184,2026-07-25,3385,35918,2,3.5,26.98,8.99,13.49,17.98,9.0,0.3335804299481097,False,True
INV-200185,2026-03-30,2633,77779,6,2.25,72.6,11.0,12.1,66.0,6.599999999999994,0.09090909090909084,False,True
INV-200186,2026-03-11,3385,64866,4,3.0,149.96,24.99,37.49,99.96,50.000000000000014,0.3334222459322487,False,True
INV-200187,2026-07-18,4829,11788,2,3.5,29.26,9.75,14.63,19.5,9.760000000000002,0.33356117566643884,False,True
INV-200188,2026-06-16,2190,43336,2,1.5,24.76,8.25,12.38,16.5,8.260000000000002,0.3336025848142165,False,True
INV-200189,2026-06-21,4829,35918,5,8.75,67.45,8.99,13.49,44.95,22.5,0.3335804299481097,False,True
INV-200190,2026-07-24,2633,26827,1,0.75,18.75,12.5,18.75,12.5,6.25,0.3333333333333333,False,True
INV-200191,2026-05-30,3385,35918,9,15.75,121.41,8.99,13.49,80.91,40.5,0.3335804299481097,False,True
INV-200192,2026-07-05,2633,26827,10,7.5,187.5,12.5,18.75,125.0,62.5,0.3333333333333333,False,True
INV-200193,2026-06-24,5102,11788,1,1.75,14.63,9.75,14.63,9.75,4.880000000000001,0.33356117566643884,False,True
INV-200194,2026-07-26,2501,36308,1,1.0,6.75,4.5,6.75,4.5,2.25,0.3333333333333333,False,True
INV-200195,2026-04-14,2190,11788,3,5.25,43.89,9.75,14.63,29.25,14.64,0.33356117566643884,False,True
INV-200196,2026-05-31,5102,11788,6,10.5,87.78,9.75,14.63,58.5,29.28,0.33356117566643884,False,True
INV-200197,2026-03-26,3385,64866,2,1.5,74.98,24.99,37.49,49.98,25.000000000000007,0.3334222459322487,False,True
INV-200198,2026-06-29,3385,43336,3,2.25,37.14,8.25,12.38,24.75,12.39,0.3336025848142165,False,True
INV-200199,2026-07-14,2633,43336,3,2.25,37.14,8.25,12.38,24.75,12.39,0.3336025848142165,False,True
INV-200200,2026-07-23,5102,19067,7,5.25,188.93,17.99,26.99,125.92999999999999,63.000000000000014,0.3334568358651353,False,True
INV-200201,2026-07-07,2648,77779,8,3.0,96.8,11.0,12.1,88.0,8.799999999999997,0.09090909090909088,False,True
INV-200202,2026-04-05,4829,19067,1,0.75,26.99,17.99,26.99,17.99,9.0,0.33345683586513525,False,True
INV-200203,2026-05-31,2190,77779,4,1.5,48.4,11.0,12.1,44.0,4.399999999999999,0.09090909090909088,False,True
INV-200204,2026-05-21,2501,77779,1,0.38,12.1,11.0,12.1,11.0,1.0999999999999996,0.09090909090909088,False,True
INV-200205,2026-02-22,4829,43336,3,2.25,37.14,8.25,12.38,24.75,12.39,0.3336025848142165,False,True
INV-200206,2026-05-03,3385,35918,3,5.25,40.47,8.99,13.49,26.97,13.5,0.3335804299481097,False,True
INV-200207,2026-04-10,2648,11788,5,8.75,73.15,9.75,14.63,48.75,24.400000000000006,0.3335611756664389,False,True
INV-200208,2026-02-24,4829,26827,4,3.0,75.0,12.5,18.75,50.0,25.0,0.3333333333333333,False,True
INV-200209,2026-07-25,3385,26827,2,1.5,37.5,12.5,18.75,25.0,12.5,0.3333333333333333,False,True
INV-200210,2026-07-09,5102,43336,1,0.75,12.38,8.25,12.38,8.25,4.130000000000001,0.3336025848142165,False,True
INV-200211,2026-04-24,5102,43336,1,0.75,12.38,8.25,12.38,8.25,4.130000000000001,0.3336025848142165,False,True
INV-200212,2026-03-28,2633,35918,3,5.25,40.47,8.99,13.49,26.97,13.5,0.3335804299481097,False,True
INV-200213,2026-05-31,5102,26827,1,0.75,18.75,12.5,18.75,12.5,6.25,0.3333333333333333,False,True
INV-200214,2026-07-23,2648,36308,3,3.0,20.25,4.5,6.75,13.5,6.75,0.3333333333333333,False,True
INV-200215,2026-02-04,2190,64866,15,11.25,562.35,24.99,37.49,374.84999999999997,187.50000000000006,0.3334222459322487,False,True
INV-200216,2026-05-02,2633,19067,2,1.5,53.98,17.99,26.99,35.98,18.0,0.33345683586513525,False,True
INV-200217,2026-07-26,5102,77779,4,1.5,48.4,11.0,12.1,44.0,4.399999999999999,0.09090909090909088,False,True
INV-200218,2026-05-10,2633,43336,3,2.25,37.14,8.25,12.38,24.75,12.39,0.3336025848142165,False,True
INV-200219,2026-02-18,3385,19067,1,0.75,26.99,17.99,26.99,17.99,9.0,0.33345683586513525,False,True
INV-200220,2026-02-02,3385,36308,11,11.0,74.25,4.5,6.75,49.5,24.75,0.3333333333333333,False,True
INV-200221,2026-03-26,2501,77779,-16,-6.0,-193.6,11.0,12.1,-176.0,-17.599999999999994,0.09090909090909088,True,True
INV-200222,2026-04-07,2648,26827,1,0.75,18.75,12.5,18.75,12.5,6.25,0.3333333333333333,False,True
INV-200223,2026-03-18,2633,43336,-2,-1.5,-24.76,8.25,12.38,-16.5,-8.260000000000002,0.3336025848142165,True,True
INV-200224,2026-05-16,2648,26827,2,1.5,37.5,12.5,18.75,25.0,12.5,0.3333333333333333,False,True
INV-200225,2026-07-11,2633,36308,6,6.0,40.5,4.5,6.75,27.0,13.5,0.3333333333333333,False,True
INV-200226,2026-02-06,2190,36308,1,1.0,6.75,4.5,6.75,4.5,2.25,0.3333333333333333,False,True
INV-200227,2026-05-24,2648,19067,1,0.75,26.99,17.99,26.99,17.99,9.0,0.33345683586513525,False,True
INV-200228,2026-02-12,5102,35918,2,3.5,26.98,8.99,13.49,17.98,9.0,0.3335804299481097,False,True
INV-200229,2026-07-03,2501,35918,3,5.25,40.47,8.99,13.49,26.97,13.5,0.3335804299481097,False,True
INV-200230,2026-05-14,5102,64866,1,0.75,37.49,24.99,37.49,24.99,12.500000000000004,0.3334222459322487,False,True
INV-200231,2026-06-29,2190,64866,6,4.5,224.94,24.99,37.49,149.94,75.0,0.3334222459322486,False,True
INV-200232,2026-04-07,2648,11788,1,1.75,14.63,9.75,14.63,9.75,4.880000000000001,0.33356117566643884,False,True
INV-200233,2026-07-24,2190,64866,1,0.75,37.49,24.99,37.49,24.99,12.500000000000004,0.3334222459322487,False,True
INV-200234,2026-06-23,4829,77779,4,1.5,48.4,11.0,12.1,44.0,4.399999999999999,0.09090909090909088,False,True
INV-200235,2026-06-17,2633,19067,5,3.75,134.95,17.99,26.99,89.94999999999999,45.0,0.33345683586513525,False,True
INV-200236,2026-02-15,3385,11788,1,1.75,14.63,9.75,14.63,9.75,4.880000000000001,0.33356117566643884,False,True
INV-200237,2026-06-16,2633,77779,4,1.5,48.4,11.0,12.1,44.0,4.399999999999999,0.09090909090909088,False,True
INV-200238,2026-07-14,2501,35918,1,1.75,13.49,8.99,13.49,8.99,4.5,0.3335804299481097,False,True
INV-200239,2026-03-29,2190,77779,1,0.38,12.1,11.0,12.1,11.0,1.0999999999999996,0.09090909090909088,False,True
INV-200240,2026-05-19,2648,35918,3,5.25,40.47,8.99,13.49,26.97,13.5,0.3335804299481097,False,True
INV-200241,2026-05-31,2190,77779,8,3.0,96.8,11.0,12.1,88.0,8.799999999999997,0.09090909090909088,False,True
INV-200242,2026-02-17,5102,43336,2,1.5,24.76,8.25,12.38,16.5,8.260000000000002,0.3336025848142165,False,True
INV-200243,2026-06-15,2648,64866,1,0.75,37.49,24.99,37.49,24.99,12.500000000000004,0.3334222459322487,False,True
INV-200244,2026-01-30,2501,11788,9,15.75,131.67,9.75,14.63,87.75,43.91999999999999,0.3335611756664388,False,True
INV-200245,2026-07-03,4829,26827,8,6.0,150.0,12.5,18.75,100.0,50.0,0.3333333333333333,False,True
INV-200246,2026-02-10,4829,19067,6,4.5,161.94,17.99,26.99,107.94,54.0,0.33345683586513525,False,True
INV-200247,2026-04-22,3385,26827,1,0.75,18.75,12.5,18.75,12.5,6.25,0.3333333333333333,False,True
INV-200248,2026-03-14,2501,35918,3,5.25,40.47,8.99,13.49,26.97,13.5,0.3335804299481097,False,True
INV-200249,2026-04-02,2501,26827,8,6.0,150.0,12.5,18.75,100.0,50.0,0.3333333333333333,False,True
INV-200250,2026-05-14,2648,64866,1,0.75,37.49,24.99,37.49,24.99,12.500000000000004,0.3334222459322487,False,True
INV-200251,2026-04-20,2633,64866,4,3.0,149.96,,37.49,,,,False,False
INV-200252,2026-07-28,2190,35918,2,3.5,26.98,8.99,13.49,17.98,9.0,0.3335804299481097,False,True
INV-200253,2026-02-02,4829,19067,9,6.75,242.91,17.99,26.99,161.91,81.0,0.33345683586513525,False,True
INV-200254,2026-07-08,2501,35918,3,5.25,40.47,8.99,13.49,26.97,13.5,0.3335804299481097,False,True
INV-200255,2026-04-15,2633,43336,4,3.0,49.52,8.25,12.38,33.0,16.520000000000003,0.3336025848142165,False,True
INV-200256,2026-02-22,2648,77779,20,7.5,242.0,11.0,12.1,220.0,22.0,0.09090909090909091,False,True
INV-200257,2026-05-17,5102,35918,1,1.75,13.49,8.99,13.49,8.99,4.5,0.3335804299481097,False,True
INV-200258,2026-02-26,2648,77779,3,1.12,36.3,11.0,12.1,33.0,3.299999999999997,0.09090909090909084,False,True
INV-200259,2026-03-16,5102,77779,35,13.12,423.5,11.0,12.1,385.0,38.5,0.09090909090909091,False,True
INV-200260,2026-04-30,4829,26827,1,0.75,18.75,12.5,18.75,12.5,6.25,0.3333333333333333,False,True
INV-200261,2026-06-24,2648,35918,4,7.0,53.96,8.99,13.49,35.96,18.0,0.3335804299481097,False,True
INV-200262,2026-02-19,2633,11788,1,1.75,14.63,9.75,14.63,9.75,4.880000000000001,0.33356117566643884,False,True
INV-200263,2026-03-30,2190,77779,2,0.75,24.2,11.0,12.1,22.0,2.1999999999999993,0.09090909090909088,False,True
INV-200264,2026-07-02,2190,43336,1,0.75,12.38,8.25,12.38,8.25,4.130000000000001,0.3336025848142165,False,True
INV-200265,2026-03-23,3385,35918,1,1.75,13.49,8.99,13.49,8.99,4.5,0.3335804299481097,False,True
INV-200266,2026-02-17,5102,64866,2,1.5,74.98,24.99,37.49,49.98,25.000000000000007,0.3334222459322487,False,True
INV-200267,2026-05-04,3385,43336,1,0.75,12.38,8.25,12.38,8.25,4.130000000000001,0.3336025848142165,False,True
INV-200268,2026-02-06,4829,11788,2,3.5,29.26,9.75,14.63,19.5,9.760000000000002,0.33356117566643884,False,True
INV-200269,2026-06-07,5102,43336,12,9.0,148.56,8.25,12.38,99.0,49.56,0.3336025848142165,False,True
INV-200270,2026-07-02,2190,11788,2,3.5,29.26,9.75,14.63,19.5,9.760000000000002,0.33356117566643884,False,True
INV-200271,2026-01-31,5102,64866,1,0.75,37.49,24.99,37.49,24.99,12.500000000000004,0.3334222459322487,False,True
INV-200272,2026-02-07,2648,36308,2,2.0,13.5,4.5,6.75,9.0,4.5,0.3333333333333333,False,True
INV-200273,2026-04-25,2190,26827,2,1.5,37.5,12.5,18.75,25.0,12.5,0.3333333333333333,False,True
INV-200274,2026-03-21,2648,19067,2,1.5,53.98,17.99,26.99,35.98,18.0,0.33345683586513525,False,True
INV-200275,2026-07-17,5102,11788,1,1.75,14.63,9.75,14.63,9.75,4.880000000000001,0.33356117566643884,False,True
INV-200276,2026-06-09,2648,35918,5,8.75,67.45,8.99,13.49,44.95,22.5,0.3335804299481097,False,True
INV-200277,2026-07-16,2190,64866,9,6.75,337.41,24.99,37.49,224.91,112.50000000000003,0.3334222459322487,False,True
INV-200278,2026-07-21,2648,77779,1,0.38,12.1,11.0,12.1,11.0,1.0999999999999996,0.09090909090909088,False,True
INV-200279,2026-03-11,4829,36308,1,1.0,6.75,4.5,6.75,4.5,2.25,0.3333333333333333,False,True
INV-200280,2026-04-18,2190,26827,3,2.25,56.25,12.5,18.75,37.5,18.75,0.3333333333333333,False,True
INV-200281,2026-02-17,3385,77779,-12,-4.5,-145.2,11.0,12.1,-132.0,-13.199999999999989,0.09090909090909084,True,True
INV-200282,2026-06-03,2633,77779,7,2.62,84.7,11.0,12.1,77.0,7.700000000000003,0.09090909090909094,False,True
INV-200283,2026-04-20,3385,64866,1,0.75,37.49,24.99,37.49,24.99,12.500000000000004,0.3334222459322487,False,True
INV-200284,2026-06-26,3385,19067,-3,-2.25,-80.97,17.99,26.99,-53.97,-27.0,0.33345683586513525,True,True
INV-200285,2026-02-15,3385,35918,1,1.75,13.49,8.99,13.49,8.99,4.5,0.3335804299481097,False,True
INV-200286,2026-06-24,2190,26827,1,0.75,18.75,12.5,18.75,12.5,6.25,0.3333333333333333,False,True
INV-200287,2026-04-06,2648,11788,1,1.75,14.63,9.75,14.63,9.75,4.880000000000001,0.33356117566643884,False,True
INV-200288,2026-05-01,2648,43336,1,0.75,12.38,8.25,12.38,8.25,4.130000000000001,0.3336025848142165,False,True
INV-200289,2026-02-14,5102,26827,2,1.5,37.5,12.5,18.75,25.0,12.5,0.3333333333333333,False,True
INV-200290,2026-06-27,4829,35918,1,1.75,13.49,8.99,13.49,8.99,4.5,0.3335804299481097,False,True
INV-200291,2026-02-14,2190,77779,1,0.38,12.1,11.0,12.1,11.0,1.0999999999999996,0.09090909090909088,False,True
INV-200292,2026-06-05,2190,26827,3,2.25,56.25,12.5,18.75,37.5,18.75,0.3333333333333333,False,True
INV-200293,2026-04-02,5102,11788,4,7.0,58.52,9.75,14.63,39.0,19.520000000000003,0.33356117566643884,False,True
INV-200294,2026-02-12,3385,77779,1,0.38,12.1,11.0,12.1,11.0,1.0999999999999996,0.09090909090909088,False,True
INV-200295,2026-02-23,2648,19067,2,1.5,53.98,17.99,26.99,35.98,18.0,0.33345683586513525,False,True
INV-200296,2026-06-16,3385,64866,1,0.75,37.49,24.99,37.49,24.99,12.500000000000004,0.3334222459322487,False,True
INV-200297,2026-05-16,3385,35918,9,15.75,121.41,8.99,13.49,80.91,40.5,0.3335804299481097,False,True
INV-200298,2026-01-31,3385,19067,1,0.75,26.99,17.99,26.99,17.99,9.0,0.33345683586513525,False,True
INV-200299,2026-06-28,2633,26827,2,1.5,37.5,12.5,18.75,25.0,12.5,0.3333333333333333,False,True
INV-200300,2026-04-21,5102,19067,2,1.5,53.98,17.99,26.99,35.98,18.0,0.33345683586513525,False,True
INV-200301,2026-04-09,5102,19067,1,0.75,26.99,17.99,26.99,17.99,9.0,0.33345683586513525,False,True
INV-200302,2026-06-01,5102,64866,19,14.25,712.31,24.99,37.49,474.80999999999995,237.5,0.3334222459322486,False,True
INV-200303,2026-02-15,2501,77779,1,0.38,12.1,11.0,12.1,11.0,1.0999999999999996,0.09090909090909088,False,True
INV-200304,2026-02-04,2633,11788,1,1.75,14.63,9.75,14.63,9.75,4.880000000000001,0.33356117566643884,False,True
INV-200305,2026-05-30,3385,19067,5,3.75,134.95,17.99,26.99,89.94999999999999,45.0,0.33345683586513525,False,True
INV-200306,2026-04-07,3385,43336,5,3.75,61.9,8.25,12.38,41.25,20.65,0.33360258481421645,False,True
INV-200307,2026-04-19,2648,11788,14,24.5,204.82,9.75,14.63,136.5,68.32,0.3335611756664388,False,True
INV-200308,2026-01-30,2501,35918,3,5.25,40.47,8.99,13.49,26.97,13.5,0.3335804299481097,False,True
INV-200309,2026-05-03,2190,19067,1,0.75,26.99,17.99,26.99,17.99,9.0,0.33345683586513525,False,True
INV-200310,2026-04-14,3385,19067,1,0.75,26.99,17.99,26.99,17.99,9.0,0.33345683586513525,False,True
INV-200311,2026-07-23,2190,19067,1,0.75,26.99,17.99,26.99,17.99,9.0,0.33345683586513525,False,True
INV-200312,2026-07-05,4829,77779,1,0.38,12.1,11.0,12.1,11.0,1.0999999999999996,0.09090909090909088,False,True
INV-200313,2026-04-13,5102,19067,1,0.75,26.99,17.99,26.99,17.99,9.0,0.33345683586513525,False,True
INV-200314,2026-05-08,3385,26827,2,1.5,37.5,12.5,18.75,25.0,12.5,0.3333333333333333,False,True
INV-200315,2026-07-19,2648,35918,6,10.5,80.94,8.99,13.49,53.94,27.0,0.3335804299481097,False,True
INV-200316,2026-03-13,2633,43336,5,3.75,61.9,8.25,12.38,41.25,20.65,0.33360258481421645,False,True
INV-200317,2026-07-12,4829,36308,7,7.0,47.25,4.5,6.75,31.5,15.75,0.3333333333333333,False,True
INV-200318,2026-07-02,2633,19067,4,3.0,107.96,17.99,26.99,71.96,36.0,0.33345683586513525,False,True
INV-200319,2026-03-30,2501,77779,2,0.75,24.2,11.0,12.1,22.0,2.1999999999999993,0.09090909090909088,False,True
INV-200320,2026-04-05,2633,35918,1,1.75,13.49,8.99,13.49,8.99,4.5,0.3335804299481097,False,True
INV-200321,2026-06-22,3385,64866,1,0.75,37.49,24.99,37.49,24.99,12.500000000000004,0.3334222459322487,False,True
INV-200322,2026-02-25,2501,77779,1,0.38,12.1,11.0,12.1,11.0,1.0999999999999996,0.09090909090909088,False,True
INV-200323,2026-05-16,2648,36308,10,10.0,67.5,4.5,6.75,45.0,22.5,0.3333333333333333,False,True
INV-200324,2026-07-25,3385,64866,7,5.25,262.43,24.99,37.49,174.92999999999998,87.50000000000003,0.3334222459322487,False,True
INV-200325,2026-02-07,2648,36308,9,9.0,60.75,4.5,6.75,40.5,20.25,0.3333333333333333,False,True
INV-200326,2026-02-03,5102,19067,4,3.0,107.96,17.99,26.99,71.96,36.0,0.33345683586513525,False,True
INV-200327,2026-04-06,5102,77779,6,2.25,72.6,11.0,12.1,66.0,6.599999999999994,0.09090909090909084,False,True
INV-200328,2026-03-27,5102,64866,2,1.5,74.98,24.99,37.49,49.98,25.000000000000007,0.3334222459322487,False,True
INV-200329,2026-06-12,2648,64866,7,5.25,262.43,24.99,37.49,174.92999999999998,87.50000000000003,0.3334222459322487,False,True
INV-200330,2026-05-11,2501,36308,1,1.0,6.75,4.5,6.75,4.5,2.25,0.3333333333333333,False,True
INV-200331,2026-02-16,5102,77779,2,0.75,24.2,11.0,12.1,22.0,2.1999999999999993,0.09090909090909088,False,True
INV-200332,2026-04-13,5102,19067,3,2.25,80.97,17.99,26.99,53.97,27.0,0.33345683586513525,False,True
INV-200333,2026-07-25,2501,36308,11,11.0,74.25,4.5,6.75,49.5,24.75,0.3333333333333333,False,True
INV-200334,2026-04-17,2501,26827,1,0.75,18.75,12.5,18.75,12.5,6.25,0.3333333333333333,False,True
INV-200335,2026-05-24,3385,64866,5,3.75,187.45,24.99,37.49,124.94999999999999,62.5,0.3334222459322486,False,True
INV-200336,2026-06-16,2633,77779,5,1.88,60.5,11.0,12.1,55.0,5.5,0.09090909090909091,False,True
INV-200337,2026-05-06,2501,36308,1,1.0,6.75,4.5,6.75,4.5,2.25,0.3333333333333333,False,True
INV-200338,2026-06-01,3385,64866,6,4.5,224.94,24.99,37.49,149.94,75.0,0.3334222459322486,False,True
INV-200339,2026-03-29,2633,77779,1,0.38,12.1,11.0,12.1,11.0,1.0999999999999996,0.09090909090909088,False,True
INV-200340,2026-03-19,2501,43336,3,2.25,37.14,8.25,12.38,24.75,12.39,0.3336025848142165,False,True
INV-200341,2026-03-21,2648,19067,1,0.75,26.99,17.99,26.99,17.99,9.0,0.33345683586513525,False,True
INV-200342,2026-04-30,2190,43336,1,0.75,12.38,8.25,12.38,8.25,4.130000000000001,0.3336025848142165,False,True
INV-200343,2026-02-16,3385,77779,2,0.75,24.2,11.0,12.1,22.0,2.1999999999999993,0.09090909090909088,False,True
INV-200344,2026-03-31,2648,35918,4,7.0,53.96,8.99,13.49,35.96,18.0,0.3335804299481097,False,True
INV-200345,2026-04-24,2190,36308,7,7.0,47.25,4.5,6.75,31.5,15.75,0.3333333333333333,False,True
INV-200346,2026-05-05,2648,36308,1,1.0,6.75,4.5,6.75,4.5,2.25,0.3333333333333333,False,True
INV-200347,2026-05-05,4829,43336,1,0.75,12.38,8.25,12.38,8.25,4.130000000000001,0.3336025848142165,False,True
INV-200348,2026-05-21,5102,43336,3,2.25,37.14,8.25,12.38,24.75,12.39,0.3336025848142165,False,True
INV-200349,2026-05-09,2633,36308,2,2.0,13.5,4.5,6.75,9.0,4.5,0.3333333333333333,False,True
INV-200350,2026-06-18,5102,43336,5,3.75,61.9,8.25,12.38,41.25,20.65,0.33360258481421645,False,True
INV-200351,2026-04-02,5102,11788,8,14.0,117.04,9.75,14.63,78.0,39.040000000000006,0.33356117566643884,False,True
INV-200352,2026-02-05,5102,77779,4,1.5,48.4,11.0,12.1,44.0,4.399999999999999,0.09090909090909088,False,True
INV-200353,2026-04-13,5102,77779,3,1.12,36.3,11.0,12.1,33.0,3.299999999999997,0.09090909090909084,False,True
INV-200354,2026-03-17,4829,36308,5,5.0,33.75,4.5,6.75,22.5,11.25,0.3333333333333333,False,True
INV-200355,2026-07-19,2501,43336,2,1.5,24.76,8.25,12.38,16.5,8.260000000000002,0.3336025848142165,False,True
INV-200356,2026-07-24,2648,36308,3,3.0,20.25,4.5,6.75,13.5,6.75,0.3333333333333333,False,True
INV-200357,2026-07-10,2648,36308,1,1.0,6.75,4.5,6.75,4.5,2.25,0.3333333333333333,False,True
INV-200358,2026-02-01,4829,77779,5,1.88,60.5,11.0,12.1,55.0,5.5,0.09090909090909091,False,True
INV-200359,2026-06-07,2190,77779,2,0.75,24.2,11.0,12.1,22.0,2.1999999999999993,0.09090909090909088,False,True
INV-200360,2026-07-07,2633,77779,12,4.5,145.2,11.0,12.1,132.0,13.199999999999989,0.09090909090909084,False,True
INV-200361,2026-07-19,2633,11788,32,56.0,468.16,9.75,14.63,312.0,156.16000000000003,0.33356117566643884,False,True
INV-200362,2026-05-21,2633,77779,4,1.5,48.4,11.0,12.1,44.0,4.399999999999999,0.09090909090909088,False,True
INV-200363,2026-06-01,2633,35918,4,7.0,53.96,8.99,13.49,35.96,18.0,0.3335804299481097,False,True
INV-200364,2026-04-21,5102,43336,2,1.5,24.76,8.25,12.38,16.5,8.260000000000002,0.3336025848142165,False,True
INV-200365,2026-04-27,5102,77779,1,0.38,12.1,11.0,12.1,11.0,1.0999999999999996,0.09090909090909088,False,True
INV-200366,2026-02-05,2190,43336,1,0.75,12.38,8.25,12.38,8.25,4.130000000000001,0.3336025848142165,False,True
INV-200367,2026-06-08,2633,36308,1,1.0,6.75,4.5,6.75,4.5,2.25,0.3333333333333333,False,True
INV-200368,2026-02-28,2190,64866,6,4.5,224.94,24.99,37.49,149.94,75.0,0.3334222459322486,False,True
INV-200369,2026-02-18,3385,77779,1,0.38,12.1,11.0,12.1,11.0,1.0999999999999996,0.09090909090909088,False,True
INV-200370,2026-06-09,2501,64866,6,4.5,224.94,24.99,37.49,149.94,75.0,0.3334222459322486,False,True
INV-200371,2026-02-23,2633,11788,4,7.0,58.52,9.75,14.63,39.0,19.520000000000003,0.33356117566643884,False,True
INV-200372,2026-06-25,2648,26827,1,0.75,18.75,12.5,18.75,12.5,6.25,0.3333333333333333,False,True
INV-200373,2026-06-20,2633,43336,9,6.75,111.42,8.25,12.38,74.25,37.17,0.3336025848142165,False,True
INV-200374,2026-05-18,4829,11788,2,3.5,29.26,9.75,14.63,19.5,9.760000000000002,0.33356117566643884,False,True
INV-200375,2026-06-06,4829,19067,7,5.25,188.93,17.99,26.99,125.92999999999999,63.000000000000014,0.3334568358651353,False,True
INV-200376,2026-06-06,2633,77779,3,1.12,36.3,11.0,12.1,33.0,3.299999999999997,0.09090909090909084,False,True
INV-200377,2026-03-31,2633,43336,1,0.75,12.38,8.25,12.38,8.25,4.130000000000001,0.3336025848142165,False,True
INV-200378,2026-04-28,2648,77779,1,0.38,12.1,11.0,12.1,11.0,1.0999999999999996,0.09090909090909088,False,True
INV-200379,2026-04-06,2648,64866,12,9.0,449.88,24.99,37.49,299.88,150.0,0.3334222459322486,False,True
INV-200380,2026-06-29,2501,19067,16,12.0,431.84,17.99,26.99,287.84,144.0,0.33345683586513525,False,True
INV-200381,2026-06-12,2501,26827,1,0.75,18.75,12.5,18.75,12.5,6.25,0.3333333333333333,False,True
INV-200382,2026-02-14,2633,26827,5,3.75,93.75,12.5,18.75,62.5,31.25,0.3333333333333333,False,True
INV-200383,2026-03-08,3385,35918,2,3.5,26.98,8.99,13.49,17.98,9.0,0.3335804299481097,False,True
INV-200384,2026-07-02,3385,11788,1,1.75,14.63,9.75,14.63,9.75,4.880000000000001,0.33356117566643884,False,True
INV-200385,2026-07-11,2190,36308,3,3.0,20.25,4.5,6.75,13.5,6.75,0.3333333333333333,False,True
INV-200386,2026-02-02,3385,19067,-4,-3.0,-107.96,17.99,26.99,-71.96,-36.0,0.33345683586513525,True,True
INV-200387,2026-03-03,2190,64866,1,0.75,37.49,24.99,37.49,24.99,12.500000000000004,0.3334222459322487,False,True
INV-200388,2026-05-04,2501,19067,1,0.75,26.99,17.99,26.99,17.99,9.0,0.33345683586513525,False,True
INV-200389,2026-03-24,2190,77779,1,0.38,12.1,11.0,12.1,11.0,1.0999999999999996,0.09090909090909088,False,True
INV-200390,2026-03-05,2501,11788,3,5.25,43.89,9.75,14.63,29.25,14.64,0.33356117566643884,False,True
INV-200391,2026-02-02,3385,26827,6,4.5,112.5,12.5,18.75,75.0,37.5,0.3333333333333333,False,True
INV-200392,2026-04-30,2501,35918,4,7.0,53.96,8.99,13.49,35.96,18.0,0.3335804299481097,False,True
INV-200393,2026-07-05,2190,11788,4,7.0,58.52,9.75,14.63,39.0,19.520000000000003,0.33356117566643884,False,True
INV-200394,2026-05-10,2648,11788,3,5.25,43.89,9.75,14.63,29.25,14.64,0.33356117566643884,False,True
INV-200395,2026-03-04,5102,77779,1,0.38,12.1,11.0,12.1,11.0,1.0999999999999996,0.09090909090909088,False,True
INV-200396,2026-05-22,5102,64866,4,3.0,149.96,24.99,37.49,99.96,50.000000000000014,0.3334222459322487,False,True
INV-200397,2026-05-24,2633,77779,6,2.25,72.6,11.0,12.1,66.0,6.599999999999994,0.09090909090909084,False,True
INV-200398,2026-03-10,2633,19067,13,9.75,350.87,17.99,26.99,233.86999999999998,117.00000000000003,0.3334568358651353,False,True
INV-200399,2026-03-20,2190,77779,6,2.25,72.6,11.0,12.1,66.0,6.599999999999994,0.09090909090909084,False,True
INV-200400,2026-02-25,2190,77779,2,0.75,24.2,11.0,12.1,22.0,2.1999999999999993,0.09090909090909088,False,True
INV-200401,2026-03-30,2633,11788,2,3.5,29.26,9.75,14.63,19.5,9.760000000000002,0.33356117566643884,False,True
INV-200402,2026-04-30,2633,19067,6,4.5,161.94,17.99,26.99,107.94,54.0,0.33345683586513525,False,True
INV-200403,2026-06-20,2633,19067,3,2.25,80.97,17.99,26.99,53.97,27.0,0.33345683586513525,False,True
INV-200404,2026-07-06,2648,43336,4,3.0,49.52,8.25,12.38,33.0,16.520000000000003,0.3336025848142165,False,True
INV-200405,2026-03-23,2190,36308,3,3.0,20.25,4.5,6.75,13.5,6.75,0.3333333333333333,False,True
INV-200406,2026-02-06,2648,11788,4,7.0,58.52,9.75,14.63,39.0,19.520000000000003,0.33356117566643884,False,True
INV-200407,2026-04-10,4829,43336,6,4.5,74.28,8.25,12.38,49.5,24.78,0.3336025848142165,False,True
INV-200408,2026-02-03,3385,11788,7,12.25,102.41,9.75,14.63,68.25,34.16,0.3335611756664388,False,True
INV-200409,2026-06-20,2648,26827,1,0.75,18.75,12.5,18.75,12.5,6.25,0.3333333333333333,False,True
INV-200410,2026-02-05,3385,11788,1,1.75,14.63,9.75,14.63,9.75,4.880000000000001,0.33356117566643884,False,True
INV-200411,2026-02-20,2190,77779,-1,-0.38,-12.1,11.0,12.1,-11.0,-1.0999999999999996,0.09090909090909088,True,True
INV-200412,2026-05-12,2190,43336,4,3.0,49.52,8.25,12.38,33.0,16.520000000000003,0.3336025848142165,False,True
INV-200413,2026-03-11,5102,35918,4,7.0,53.96,8.99,13.49,35.96,18.0,0.3335804299481097,False,True
INV-200414,2026-07-14,2501,77779,5,1.88,60.5,11.0,12.1,55.0,5.5,0.09090909090909091,False,True
INV-200415,2026-04-14,2190,11788,1,1.75,14.63,9.75,14.63,9.75,4.880000000000001,0.33356117566643884,False,True
INV-200416,2026-03-12,2501,11788,2,3.5,29.26,9.75,14.63,19.5,9.760000000000002,0.33356117566643884,False,True
INV-200417,2026-07-08,2190,77779,2,0.75,24.2,11.0,12.1,22.0,2.1999999999999993,0.09090909090909088,False,True
INV-200418,2026-03-22,2190,43336,9,6.75,111.42,8.25,12.38,74.25,37.17,0.3336025848142165,False,True
INV-200419,2026-06-24,5102,26827,1,0.75,18.75,12.5,18.75,12.5,6.25,0.3333333333333333,False,True
INV-200420,2026-03-13,5102,19067,3,2.25,80.97,17.99,26.99,53.97,27.0,0.33345683586513525,False,True
INV-200421,2026-03-16,2501,35918,7,12.25,94.43,8.99,13.49,62.93,31.500000000000007,0.33358042994810977,False,True
INV-200422,2026-05-28,5102,26827,6,4.5,112.5,12.5,18.75,75.0,37.5,0.3333333333333333,False,True
INV-200423,2026-04-07,4829,11788,3,5.25,43.89,9.75,14.63,29.25,14.64,0.33356117566643884,False,True
INV-200424,2026-06-20,2190,35918,7,12.25,94.43,8.99,13.49,62.93,31.500000000000007,0.33358042994810977,False,True
INV-200425,2026-03-13,3385,43336,1,0.75,12.38,8.25,12.38,8.25,4.130000000000001,0.3336025848142165,False,True
INV-200426,2026-05-02,5102,77779,3,1.12,36.3,11.0,12.1,33.0,3.299999999999997,0.09090909090909084,False,True
INV-200427,2026-02-23,5102,36308,3,3.0,20.25,4.5,6.75,13.5,6.75,0.3333333333333333,False,True
INV-200428,2026-07-14,2633,11788,3,5.25,43.89,9.75,14.63,29.25,14.64,0.33356117566643884,False,True
INV-200429,2026-07-27,3385,19067,1,0.75,26.99,17.99,26.99,17.99,9.0,0.33345683586513525,False,True
INV-200430,2026-06-26,5102,64866,7,5.25,262.43,24.99,37.49,174.92999999999998,87.50000000000003,0.3334222459322487,False,True
INV-200431,2026-05-29,2633,77779,3,1.12,36.3,11.0,12.1,33.0,3.299999999999997,0.09090909090909084,False,True
INV-200432,2026-07-16,2190,19067,4,3.0,107.96,17.99,26.99,71.96,36.0,0.33345683586513525,False,True
INV-200433,2026-03-27,4829,35918,1,1.75,13.49,8.99,13.49,8.99,4.5,0.3335804299481097,False,True
INV-200434,2026-03-02,2190,26827,2,1.5,37.5,12.5,18.75,25.0,12.5,0.3333333333333333,False,True
INV-200435,2026-07-04,2633,11788,3,5.25,43.89,9.75,14.63,29.25,14.64,0.33356117566643884,False,True
INV-200436,2026-06-10,4829,36308,1,1.0,6.75,4.5,6.75,4.5,2.25,0.3333333333333333,False,True
INV-200437,2026-03-31,4829,11788,1,1.75,14.63,9.75,14.63,9.75,4.880000000000001,0.33356117566643884,False,True
INV-200438,2026-04-24,2648,43336,1,0.75,12.38,8.25,12.38,8.25,4.130000000000001,0.3336025848142165,False,True
INV-200439,2026-07-11,3385,11788,3,5.25,43.89,9.75,14.63,29.25,14.64,0.33356117566643884,False,True
INV-200440,2026-04-30,2633,36308,3,3.0,20.25,4.5,6.75,13.5,6.75,0.3333333333333333,False,True
INV-200441,2026-05-31,2648,19067,16,12.0,431.84,17.99,26.99,287.84,144.0,0.33345683586513525,False,True
INV-200442,2026-02-15,2648,11788,6,10.5,87.78,9.75,14.63,58.5,29.28,0.33356117566643884,False,True
INV-200443,2026-06-09,5102,35918,3,5.25,40.47,8.99,13.49,26.97,13.5,0.3335804299481097,False,True
INV-200444,2026-03-25,2633,77779,3,1.12,36.3,11.0,12.1,33.0,3.299999999999997,0.09090909090909084,False,True
INV-200445,2026-04-07,5102,36308,2,2.0,13.5,4.5,6.75,9.0,4.5,0.3333333333333333,False,True
INV-200446,2026-04-17,2648,11788,2,3.5,29.26,9.75,14.63,19.5,9.760000000000002,0.33356117566643884,False,True
INV-200447,2026-07-15,3385,35918,1,1.75,13.49,8.99,13.49,8.99,4.5,0.3335804299481097,False,True
INV-200448,2026-07-15,2190,64866,3,2.25,112.47,24.99,37.49,74.97,37.5,0.3334222459322486,False,True
INV-200449,2026-04-22,2648,36308,1,1.0,6.75,4.5,6.75,4.5,2.25,0.3333333333333333,False,True
INV-200450,2026-06-16,5102,35918,1,1.75,13.49,8.99,13.49,8.99,4.5,0.3335804299481097,False,True
INV-200451,2026-03-04,2648,36308,3,3.0,20.25,4.5,6.75,13.5,6.75,0.3333333333333333,False,True
INV-200452,2026-06-08,3385,35918,6,10.5,80.94,8.99,13.49,53.94,27.0,0.3335804299481097,False,True
INV-200453,2026-04-04,3385,11788,4,7.0,58.52,9.75,14.63,39.0,19.520000000000003,0.33356117566643884,False,True
INV-200454,2026-06-20,2648,64866,3,2.25,112.47,24.99,37.49,74.97,37.5,0.3334222459322486,False,True
INV-200455,2026-05-07,5102,64866,7,5.25,262.43,24.99,37.49,174.92999999999998,87.50000000000003,0.3334222459322487,False,True
INV-200456,2026-04-04,5102,36308,2,2.0,13.5,4.5,6.75,9.0,4.5,0.3333333333333333,False,True
INV-200457,2026-05-16,2633,35918,8,14.0,107.92,8.99,13.49,71.92,36.0,0.3335804299481097,False,True
INV-200458,2026-05-19,2190,26827,1,0.75,18.75,12.5,18.75,12.5,6.25,0.3333333333333333,False,True
INV-200459,2026-02-25,2501,77779,7,2.62,84.7,11.0,12.1,77.0,7.700000000000003,0.09090909090909094,False,True
INV-200460,2026-07-24,2648,36308,1,1.0,6.75,4.5,6.75,4.5,2.25,0.3333333333333333,False,True
INV-200461,2026-03-01,3385,36308,2,2.0,13.5,4.5,6.75,9.0,4.5,0.3333333333333333,False,True
INV-200462,2026-05-07,2501,35918,7,12.25,94.43,8.99,13.49,62.93,31.500000000000007,0.33358042994810977,False,True
INV-200463,2026-03-13,2190,64866,7,5.25,262.43,24.99,37.49,174.92999999999998,87.50000000000003,0.3334222459322487,False,True
INV-200464,2026-04-10,2633,11788,1,1.75,14.63,9.75,14.63,9.75,4.880000000000001,0.33356117566643884,False,True
INV-200465,2026-07-20,4829,36308,5,5.0,33.75,4.5,6.75,22.5,11.25,0.3333333333333333,False,True
INV-200466,2026-06-13,2648,35918,8,14.0,107.92,8.99,13.49,71.92,36.0,0.3335804299481097,False,True
INV-200467,2026-03-17,3385,35918,4,7.0,53.96,8.99,13.49,35.96,18.0,0.3335804299481097,False,True
INV-200468,2026-07-01,2633,35918,2,3.5,26.98,8.99,13.49,17.98,9.0,0.3335804299481097,False,True
INV-200469,2026-04-02,5102,19067,8,6.0,215.92,17.99,26.99,143.92,72.0,0.33345683586513525,False,True
INV-200470,2026-07-27,2190,26827,1,0.75,18.75,12.5,18.75,12.5,6.25,0.3333333333333333,False,True
INV-200471,2026-02-16,2190,11788,1,1.75,14.63,9.75,14.63,9.75,4.880000000000001,0.33356117566643884,False,True
INV-200472,2026-06-24,2648,77779,2,0.75,24.2,11.0,12.1,22.0,2.1999999999999993,0.09090909090909088,False,True
INV-200473,2026-03-20,5102,19067,1,0.75,26.99,17.99,26.99,17.99,9.0,0.33345683586513525,False,True
INV-200474,2026-06-25,2190,43336,6,4.5,74.28,,12.38,,,,False,False
INV-200475,2026-03-10,5102,77779,1,0.38,12.1,11.0,12.1,11.0,1.0999999999999996,0.09090909090909088,False,True
INV-200476,2026-03-16,2501,11788,1,1.75,14.63,9.75,14.63,9.75,4.880000000000001,0.33356117566643884,False,True
INV-200477,2026-04-11,2501,64866,7,5.25,262.43,24.99,37.49,174.92999999999998,87.50000000000003,0.3334222459322487,False,True
INV-200478,2026-06-13,2501,11788,9,15.75,131.67,9.75,14.63,87.75,43.91999999999999,0.3335611756664388,False,True
INV-200479,2026-02-20,2501,36308,2,2.0,13.5,4.5,6.75,9.0,4.5,0.3333333333333333,False,True
INV-200480,2026-06-06,2190,36308,8,8.0,54.0,4.5,6.75,36.0,18.0,0.3333333333333333,False,True
INV-200481,2026-05-29,5102,43336,6,4.5,74.28,,12.38,,,,False,False
INV-200482,2026-03-13,2190,43336,2,1.5,24.76,8.25,12.38,16.5,8.260000000000002,0.3336025848142165,False,True
INV-200483,2026-02-18,5102,26827,5,3.75,93.75,12.5,18.75,62.5,31.25,0.3333333333333333,False,True
INV-200484,2026-04-10,2501,26827,4,3.0,75.0,12.5,18.75,50.0,25.0,0.3333333333333333,False,True
INV-200485,2026-06-30,4829,11788,1,1.75,14.63,9.75,14.63,9.75,4.880000000000001,0.33356117566643884,False,True
INV-200486,2026-05-19,2190,36308,1,1.0,6.75,4.5,6.75,4.5,2.25,0.3333333333333333,False,True
INV-200487,2026-05-19,4829,35918,5,8.75,67.45,8.99,13.49,44.95,22.5,0.3335804299481097,False,True
INV-200488,2026-05-31,3385,35918,7,12.25,94.43,8.99,13.49,62.93,31.500000000000007,0.33358042994810977,False,True
INV-200489,2026-07-13,4829,19067,1,0.75,26.99,17.99,26.99,17.99,9.0,0.33345683586513525,False,True
INV-200490,2026-04-22,3385,26827,5,3.75,93.75,12.5,18.75,62.5,31.25,0.3333333333333333,False,True
INV-200491,2026-05-23,2633,19067,1,0.75,26.99,17.99,26.99,17.99,9.0,0.33345683586513525,False,True
INV-200492,2026-07-23,2501,77779,9,3.38,108.9,11.0,12.1,99.0,9.900000000000006,0.09090909090909095,False,True
INV-200493,2026-05-28,2501,19067,1,0.75,26.99,17.99,26.99,17.99,9.0,0.33345683586513525,False,True
INV-200494,2026-07-22,5102,11788,1,1.75,14.63,9.75,14.63,9.75,4.880000000000001,0.33356117566643884,False,True
INV-200495,2026-07-04,2633,19067,2,1.5,53.98,17.99,26.99,35.98,18.0,0.33345683586513525,False,True
INV-200496,2026-06-19,4829,64866,2,1.5,74.98,24.99,37.49,49.98,25.000000000000007,0.3334222459322487,False,True
INV-200497,2026-05-15,5102,35918,1,1.75,13.49,8.99,13.49,8.99,4.5,0.3335804299481097,False,True
INV-200498,2026-03-05,5102,26827,1,0.75,18.75,12.5,18.75,12.5,6.25,0.3333333333333333,False,True
INV-200499,2026-03-12,3385,36308,2,2.0,13.5,4.5,6.75,9.0,4.5,0.3333333333333333,False,True
INV-200500,2026-07-28,2190,43336,2,1.5,24.76,8.25,12.38,16.5,8.260000000000002,0.3336025848142165,False,True
INV-200501,2026-05-19,2633,77779,1,0.38,12.1,11.0,12.1,11.0,1.0999999999999996,0.09090909090909088,False,True
INV-200502,2026-05-09,2633,11788,2,3.5,29.26,9.75,14.63,19.5,9.760000000000002,0.33356117566643884,False,True
INV-200503,2026-02-22,5102,36308,5,5.0,33.75,4.5,6.75,22.5,11.25,0.3333333333333333,False,True
INV-200504,2026-02-19,2648,64866,2,1.5,74.98,24.99,37.49,49.98,25.000000000000007,0.3334222459322487,False,True
INV-200505,2026-03-28,4829,35918,3,5.25,40.47,8.99,13.49,26.97,13.5,0.3335804299481097,False,True
INV-200506,2026-06-23,2633,43336,-1,-0.75,-12.38,8.25,12.38,-8.25,-4.130000000000001,0.3336025848142165,True,True
INV-200507,2026-06-17,2633,26827,2,1.5,37.5,12.5,18.75,25.0,12.5,0.3333333333333333,False,True
INV-200508,2026-04-21,2633,19067,1,0.75,26.99,17.99,26.99,17.99,9.0,0.33345683586513525,False,True
INV-200509,2026-07-16,3385,26827,24,18.0,450.0,12.5,18.75,300.0,150.0,0.3333333333333333,False,True
INV-200510,2026-01-30,2633,26827,1,0.75,18.75,12.5,18.75,12.5,6.25,0.3333333333333333,False,True
INV-200511,2026-05-30,2501,35918,1,1.75,13.49,8.99,13.49,8.99,4.5,0.3335804299481097,False,True
INV-200512,2026-07-20,3385,11788,8,14.0,117.04,9.75,14.63,78.0,39.040000000000006,0.33356117566643884,False,True
INV-200513,2026-07-20,4829,36308,2,2.0,13.5,4.5,6.75,9.0,4.5,0.3333333333333333,False,True
INV-200514,2026-06-30,3385,11788,10,17.5,146.3,9.75,14.63,97.5,48.80000000000001,0.3335611756664389,False,True
INV-200515,2026-04-12,2190,43336,1,0.75,12.38,8.25,12.38,8.25,4.130000000000001,0.3336025848142165,False,True
INV-200516,2026-02-16,4829,43336,2,1.5,24.76,8.25,12.38,16.5,8.260000000000002,0.3336025848142165,False,True
INV-200517,2026-05-27,2633,19067,3,2.25,80.97,17.99,26.99,53.97,27.0,0.33345683586513525,False,True
INV-200518,2026-06-08,2190,26827,2,1.5,37.5,12.5,18.75,25.0,12.5,0.3333333333333333,False,True
INV-200519,2026-04-14,2501,43336,1,0.75,12.38,8.25,12.38,8.25,4.130000000000001,0.3336025848142165,False,True
INV-200520,2026-07-15,2190,36308,2,2.0,13.5,4.5,6.75,9.0,4.5,0.3333333333333333,False,True
INV-200521,2026-07-15,2648,26827,4,3.0,75.0,12.5,18.75,50.0,25.0,0.3333333333333333,False,True
INV-200522,2026-04-20,2501,35918,1,1.75,13.49,8.99,13.49,8.99,4.5,0.3335804299481097,False,True
INV-200523,2026-03-02,3385,36308,3,3.0,20.25,4.5,6.75,13.5,6.75,0.3333333333333333,False,True
INV-200524,2026-04-04,2501,11788,3,5.25,43.89,9.75,14.63,29.25,14.64,0.33356117566643884,False,True
INV-200525,2026-03-27,2501,26827,-2,-1.5,-37.5,12.5,18.75,-25.0,-12.5,0.3333333333333333,True,True
INV-200526,2026-06-22,3385,43336,1,0.75,12.38,8.25,12.38,8.25,4.130000000000001,0.3336025848142165,False,True
INV-200527,2026-07-01,2648,77779,6,2.25,72.6,11.0,12.1,66.0,6.599999999999994,0.09090909090909084,False,True
INV-200528,2026-07-23,2633,11788,4,7.0,58.52,9.75,14.63,39.0,19.520000000000003,0.33356117566643884,False,True
INV-200529,2026-03-13,5102,35918,17,29.75,229.33,8.99,13.49,152.83,76.5,0.3335804299481097,False,True
INV-200530,2026-02-22,5102,36308,17,17.0,114.75,4.5,6.75,76.5,38.25,0.3333333333333333,False,True
INV-200531,2026-05-19,4829,19067,1,0.75,26.99,17.99,26.99,17.99,9.0,0.33345683586513525,False,True
INV-200532,2026-07-14,2190,77779,3,1.12,36.3,11.0,12.1,33.0,3.299999999999997,0.09090909090909084,False,True
INV-200533,2026-04-11,3385,35918,3,5.25,40.47,8.99,13.49,26.97,13.5,0.3335804299481097,False,True
INV-200534,2026-02-01,2648,26827,2,1.5,37.5,12.5,18.75,25.0,12.5,0.3333333333333333,False,True
INV-200535,2026-07-27,2501,77779,5,1.88,60.5,11.0,12.1,55.0,5.5,0.09090909090909091,False,True
INV-200536,2026-02-27,2501,36308,17,17.0,114.75,4.5,6.75,76.5,38.25,0.3333333333333333,False,True
INV-200537,2026-07-12,2501,64866,1,0.75,37.49,24.99,37.49,24.99,12.500000000000004,0.3334222459322487,False,True
INV-200538,2026-02-27,2633,11788,1,1.75,14.63,9.75,14.63,9.75,4.880000000000001,0.33356117566643884,False,True
INV-200539,2026-06-17,2633,77779,5,1.88,60.5,11.0,12.1,55.0,5.5,0.09090909090909091,False,True
INV-200540,2026-04-13,5102,11788,1,1.75,14.63,9.75,14.63,9.75,4.880000000000001,0.33356117566643884,False,True
INV-200541,2026-02-09,2633,11788,9,15.75,131.67,9.75,14.63,87.75,43.91999999999999,0.3335611756664388,False,True
INV-200542,2026-05-21,2501,35918,2,3.5,26.98,8.99,13.49,17.98,9.0,0.3335804299481097,False,True
INV-200543,2026-03-01,5102,19067,1,0.75,26.99,17.99,26.99,17.99,9.0,0.33345683586513525,False,True
INV-200544,2026-03-11,3385,36308,25,25.0,168.75,4.5,6.75,112.5,56.25,0.3333333333333333,False,True
INV-200545,2026-06-10,4829,36308,1,1.0,6.75,4.5,6.75,4.5,2.25,0.3333333333333333,False,True
INV-200546,2026-02-12,2633,19067,1,0.75,26.99,17.99,26.99,17.99,9.0,0.33345683586513525,False,True
INV-200547,2026-02-06,4829,19067,2,1.5,53.98,17.99,26.99,35.98,18.0,0.33345683586513525,False,True
INV-200548,2026-05-29,3385,19067,3,2.25,80.97,17.99,26.99,53.97,27.0,0.33345683586513525,False,True
INV-200549,2026-03-31,4829,35918,1,1.75,13.49,8.99,13.49,8.99,4.5,0.3335804299481097,False,True
INV-200550,2026-02-02,5102,26827,3,2.25,56.25,12.5,18.75,37.5,18.75,0.3333333333333333,False,True
INV-200551,2026-07-04,5102,26827,7,5.25,131.25,12.5,18.75,87.5,43.75,0.3333333333333333,False,True
INV-200552,2026-07-23,5102,35918,1,1.75,13.49,8.99,13.49,8.99,4.5,0.3335804299481097,False,True
INV-200553,2026-03-27,5102,43336,3,2.25,37.14,8.25,12.38,24.75,12.39,0.3336025848142165,False,True
INV-200554,2026-02-21,4829,77779,4,1.5,48.4,11.0,12.1,44.0,4.399999999999999,0.09090909090909088,False,True
INV-200555,2026-02-23,2633,19067,23,17.25,620.77,17.99,26.99,413.77,207.0,0.33345683586513525,False,True
INV-200556,2026-07-10,2501,64866,1,0.75,37.49,24.99,37.49,24.99,12.500000000000004,0.3334222459322487,False,True
INV-200557,2026-06-04,4829,26827,3,2.25,56.25,12.5,18.75,37.5,18.75,0.3333333333333333,False,True
INV-200558,2026-07-01,5102,36308,1,1.0,6.75,4.5,6.75,4.5,2.25,0.3333333333333333,False,True
INV-200559,2026-03-25,4829,19067,1,0.75,26.99,17.99,26.99,17.99,9.0,0.33345683586513525,False,True
INV-200560,2026-07-08,3385,64866,1,0.75,37.49,24.99,37.49,24.99,12.500000000000004,0.3334222459322487,False,True
INV-200561,2026-02-05,2633,36308,4,4.0,27.0,4.5,6.75,18.0,9.0,0.3333333333333333,False,True
INV-200562,2026-03-22,2501,43336,3,2.25,37.14,8.25,12.38,24.75,12.39,0.3336025848142165,False,True
INV-200563,2026-05-04,2633,35918,2,3.5,26.98,8.99,13.49,17.98,9.0,0.3335804299481097,False,True
INV-200564,2026-05-07,5102,11788,3,5.25,43.89,9.75,14.63,29.25,14.64,0.33356117566643884,False,True
INV-200565,2026-04-05,4829,19067,1,0.75,26.99,17.99,26.99,17.99,9.0,0.33345683586513525,False,True
INV-200566,2026-04-27,3385,35918,1,1.75,13.49,8.99,13.49,8.99,4.5,0.3335804299481097,False,True
INV-200567,2026-02-14,2648,26827,1,0.75,18.75,12.5,18.75,12.5,6.25,0.3333333333333333,False,True
INV-200568,2026-03-17,4829,36308,5,5.0,33.75,4.5,6.75,22.5,11.25,0.3333333333333333,False,True
INV-200569,2026-05-31,5102,35918,4,7.0,53.96,8.99,13.49,35.96,18.0,0.3335804299481097,False,True
INV-200570,2026-03-25,3385,36308,4,4.0,27.0,4.5,6.75,18.0,9.0,0.3333333333333333,False,True
INV-200571,2026-01-30,2501,19067,2,1.5,53.98,17.99,26.99,35.98,18.0,0.33345683586513525,False,True
INV-200572,2026-03-14,2501,19067,1,0.75,26.99,17.99,26.99,17.99,9.0,0.33345683586513525,False,True
INV-200573,2026-03-04,2501,26827,7,5.25,131.25,12.5,18.75,87.5,43.75,0.3333333333333333,False,True
INV-200574,2026-03-04,2633,43336,12,9.0,148.56,8.25,12.38,99.0,49.56,0.3336025848142165,False,True
INV-200575,2026-02-23,2633,77779,4,1.5,48.4,11.0,12.1,44.0,4.399999999999999,0.09090909090909088,False,True
INV-200576,2026-03-24,2501,35918,1,1.75,13.49,8.99,13.49,8.99,4.5,0.3335804299481097,False,True
INV-200577,2026-03-23,3385,35918,1,1.75,13.49,8.99,13.49,8.99,4.5,0.3335804299481097,False,True
INV-200578,2026-04-26,5102,26827,1,0.75,18.75,12.5,18.75,12.5,6.25,0.3333333333333333,False,True
INV-200579,2026-05-02,3385,26827,1,0.75,18.75,12.5,18.75,12.5,6.25,0.3333333333333333,False,True
INV-200580,2026-03-16,3385,43336,2,1.5,24.76,8.25,12.38,16.5,8.260000000000002,0.3336025848142165,False,True
INV-200581,2026-06-19,2633,35918,21,36.75,283.29,8.99,13.49,188.79,94.50000000000003,0.33358042994810977,False,True
INV-200582,2026-05-26,2633,35918,1,1.75,13.49,8.99,13.49,8.99,4.5,0.3335804299481097,False,True
INV-200583,2026-06-26,2648,35918,5,8.75,67.45,8.99,13.49,44.95,22.5,0.3335804299481097,False,True
INV-200584,2026-06-24,2501,35918,4,7.0,53.96,8.99,13.49,35.96,18.0,0.3335804299481097,False,True
INV-200585,2026-03-19,5102,77779,8,3.0,96.8,11.0,12.1,88.0,8.799999999999997,0.09090909090909088,False,True
INV-200586,2026-07-25,2633,19067,1,0.75,26.99,17.99,26.99,17.99,9.0,0.33345683586513525,False,True
INV-200587,2026-03-16,2501,77779,8,3.0,96.8,11.0,12.1,88.0,8.799999999999997,0.09090909090909088,False,True
INV-200588,2026-03-13,5102,19067,3,2.25,80.97,17.99,26.99,53.97,27.0,0.33345683586513525,False,True
INV-200589,2026-07-24,5102,77779,3,1.12,36.3,11.0,12.1,33.0,3.299999999999997,0.09090909090909084,False,True
INV-200590,2026-07-21,2190,26827,1,0.75,18.75,12.5,18.75,12.5,6.25,0.3333333333333333,False,True
INV-200591,2026-05-17,2633,77779,3,1.12,36.3,11.0,12.1,33.0,3.299999999999997,0.09090909090909084,False,True
INV-200592,2026-06-18,5102,26827,5,3.75,93.75,12.5,18.75,62.5,31.25,0.3333333333333333,False,True
INV-200593,2026-07-27,2633,19067,1,0.75,26.99,17.99,26.99,17.99,9.0,0.33345683586513525,False,True
INV-200594,2026-02-12,3385,11788,24,42.0,351.12,9.75,14.63,234.0,117.12,0.33356117566643884,False,True
INV-200595,2026-03-31,2501,36308,3,3.0,20.25,4.5,6.75,13.5,6.75,0.3333333333333333,False,True
INV-200596,2026-03-10,2190,77779,-1,-0.38,-12.1,11.0,12.1,-11.0,-1.0999999999999996,0.09090909090909088,True,True
INV-200597,2026-04-14,2501,11788,10,17.5,146.3,9.75,14.63,97.5,48.80000000000001,0.3335611756664389,False,True
INV-200598,2026-02-26,4829,64866,1,0.75,37.49,24.99,37.49,24.99,12.500000000000004,0.3334222459322487,False,True
INV-200599,2026-02-08,2190,26827,36,27.0,675.0,12.5,18.75,450.0,225.0,0.3333333333333333,False,True
INV-200600,2026-07-23,2501,36308,3,3.0,20.25,4.5,6.75,13.5,6.75,0.3333333333333333,False,True
INV-200601,2026-03-06,2190,35918,5,8.75,67.45,8.99,13.49,44.95,22.5,0.3335804299481097,False,True
INV-200602,2026-05-02,3385,64866,3,2.25,112.47,24.99,37.49,74.97,37.5,0.3334222459322486,False,True
INV-200603,2026-03-29,2190,43336,8,6.0,99.04,8.25,12.38,66.0,33.040000000000006,0.3336025848142165,False,True
INV-200604,2026-02-14,3385,43336,1,0.75,12.38,8.25,12.38,8.25,4.130000000000001,0.3336025848142165,False,True
INV-200605,2026-05-04,4829,43336,3,2.25,37.14,8.25,12.38,24.75,12.39,0.3336025848142165,False,True
INV-200606,2026-03-12,2633,26827,16,12.0,300.0,12.5,18.75,200.0,100.0,0.3333333333333333,False,True
INV-200607,2026-03-23,4829,35918,1,1.75,13.49,8.99,13.49,8.99,4.5,0.3335804299481097,False,True
INV-200608,2026-04-06,2501,43336,1,0.75,12.38,8.25,12.38,8.25,4.130000000000001,0.3336025848142165,False,True
INV-200609,2026-07-16,5102,11788,3,5.25,43.89,9.75,14.63,29.25,14.64,0.33356117566643884,False,True
INV-200610,2026-01-31,4829,36308,2,2.0,13.5,4.5,6.75,9.0,4.5,0.3333333333333333,False,True
INV-200611,2026-05-24,2501,19067,1,0.75,26.99,17.99,26.99,17.99,9.0,0.33345683586513525,False,True
INV-200612,2026-07-24,2190,77779,1,0.38,12.1,11.0,12.1,11.0,1.0999999999999996,0.09090909090909088,False,True
INV-200613,2026-07-22,4829,36308,2,2.0,13.5,4.5,6.75,9.0,4.5,0.3333333333333333,False,True
INV-200614,2026-05-18,5102,35918,1,1.75,13.49,8.99,13.49,8.99,4.5,0.3335804299481097,False,True
INV-200615,2026-05-23,2190,19067,3,2.25,80.97,17.99,26.99,53.97,27.0,0.33345683586513525,False,True
INV-200616,2026-03-04,2648,77779,1,0.38,12.1,11.0,12.1,11.0,1.0999999999999996,0.09090909090909088,False,True
INV-200617,2026-05-19,4829,36308,7,7.0,47.25,4.5,6.75,31.5,15.75,0.3333333333333333,False,True
INV-200618,2026-05-28,2501,35918,6,10.5,80.94,8.99,13.49,53.94,27.0,0.3335804299481097,False,True
INV-200619,2026-04-28,4829,64866,3,2.25,112.47,24.99,37.49,74.97,37.5,0.3334222459322486,False,True
INV-200620,2026-07-11,2648,36308,2,2.0,13.5,4.5,6.75,9.0,4.5,0.3333333333333333,False,True
INV-200621,2026-01-30,3385,77779,6,2.25,72.6,11.0,12.1,66.0,6.599999999999994,0.09090909090909084,False,True
INV-200622,2026-04-06,2190,77779,2,0.75,24.2,11.0,12.1,22.0,2.1999999999999993,0.09090909090909088,False,True
INV-200623,2026-01-30,5102,26827,8,6.0,150.0,12.5,18.75,100.0,50.0,0.3333333333333333,False,True
INV-200624,2026-04-07,2190,43336,22,16.5,272.36,8.25,12.38,181.5,90.86000000000001,0.3336025848142165,False,True
INV-200625,2026-06-15,4829,77779,8,3.0,96.8,11.0,12.1,88.0,8.799999999999997,0.09090909090909088,False,True
INV-200626,2026-03-31,4829,43336,17,12.75,210.46,8.25,12.38,140.25,70.21000000000001,0.3336025848142165,False,True
INV-200627,2026-03-21,2190,43336,2,1.5,24.76,8.25,12.38,16.5,8.260000000000002,0.3336025848142165,False,True
INV-200628,2026-02-12,2648,11788,2,3.5,29.26,9.75,14.63,19.5,9.760000000000002,0.33356117566643884,False,True
INV-200629,2026-07-10,5102,77779,2,0.75,24.2,11.0,12.1,22.0,2.1999999999999993,0.09090909090909088,False,True
INV-200630,2026-05-08,2648,43336,1,0.75,12.38,8.25,12.38,8.25,4.130000000000001,0.3336025848142165,False,True
INV-200631,2026-05-02,4829,11788,3,5.25,43.89,9.75,14.63,29.25,14.64,0.33356117566643884,False,True
INV-200632,2026-03-19,3385,19067,1,0.75,26.99,17.99,26.99,17.99,9.0,0.33345683586513525,False,True
INV-200633,2026-03-03,3385,26827,2,1.5,37.5,12.5,18.75,25.0,12.5,0.3333333333333333,False,True
INV-200634,2026-06-30,2648,43336,1,0.75,12.38,8.25,12.38,8.25,4.130000000000001,0.3336025848142165,False,True
INV-200635,2026-02-16,3385,11788,9,15.75,131.67,9.75,14.63,87.75,43.91999999999999,0.3335611756664388,False,True
INV-200636,2026-04-16,5102,36308,1,1.0,6.75,4.5,6.75,4.5,2.25,0.3333333333333333,False,True
INV-200637,2026-04-30,4829,19067,1,0.75,26.99,17.99,26.99,17.99,9.0,0.33345683586513525,False,True
INV-200638,2026-06-27,5102,43336,-7,-5.25,-86.66,8.25,12.38,-57.75,-28.909999999999997,0.33360258481421645,True,True
INV-200639,2026-02-09,2648,26827,7,5.25,131.25,12.5,18.75,87.5,43.75,0.3333333333333333,False,True
INV-200640,2026-02-27,5102,26827,1,0.75,18.75,12.5,18.75,12.5,6.25,0.3333333333333333,False,True
INV-200641,2026-04-12,2501,35918,4,7.0,53.96,8.99,13.49,35.96,18.0,0.3335804299481097,False,True
INV-200642,2026-02-09,2190,77779,5,1.88,60.5,11.0,12.1,55.0,5.5,0.09090909090909091,False,True
INV-200643,2026-05-16,4829,36308,5,5.0,33.75,4.5,6.75,22.5,11.25,0.3333333333333333,False,True
INV-200644,2026-06-09,3385,26827,1,0.75,18.75,12.5,18.75,12.5,6.25,0.3333333333333333,False,True
INV-200645,2026-03-14,4829,77779,2,0.75,24.2,11.0,12.1,22.0,2.1999999999999993,0.09090909090909088,False,True
INV-200646,2026-03-14,3385,11788,1,1.75,14.63,9.75,14.63,9.75,4.880000000000001,0.33356117566643884,False,True
INV-200647,2026-05-01,2190,11788,1,1.75,14.63,9.75,14.63,9.75,4.880000000000001,0.33356117566643884,False,True
INV-200648,2026-07-21,3385,36308,5,5.0,33.75,4.5,6.75,22.5,11.25,0.3333333333333333,False,True
INV-200649,2026-02-02,4829,43336,1,0.75,12.38,8.25,12.38,8.25,4.130000000000001,0.3336025848142165,False,True
INV-200650,2026-02-19,2648,11788,1,1.75,14.63,9.75,14.63,9.75,4.880000000000001,0.33356117566643884,False,True
INV-200651,2026-02-07,2190,26827,2,1.5,37.5,12.5,18.75,25.0,12.5,0.3333333333333333,False,True
INV-200652,2026-03-04,4829,77779,1,0.38,12.1,11.0,12.1,11.0,1.0999999999999996,0.09090909090909088,False,True
INV-200653,2026-03-28,2633,11788,2,3.5,29.26,9.75,14.63,19.5,9.760000000000002,0.33356117566643884,False,True
INV-200654,2026-04-02,4829,26827,1,0.75,18.75,12.5,18.75,12.5,6.25,0.3333333333333333,False,True
INV-200655,2026-05-21,2501,11788,5,8.75,73.15,9.75,14.63,48.75,24.400000000000006,0.3335611756664389,False,True
INV-200656,2026-02-11,5102,43336,1,0.75,12.38,8.25,12.38,8.25,4.130000000000001,0.3336025848142165,False,True
INV-200657,2026-03-28,2190,19067,4,3.0,107.96,17.99,26.99,71.96,36.0,0.33345683586513525,False,True
INV-200658,2026-07-10,2501,11788,4,7.0,58.52,9.75,14.63,39.0,19.520000000000003,0.33356117566643884,False,True
INV-200659,2026-07-12,3385,11788,1,1.75,14.63,9.75,14.63,9.75,4.880000000000001,0.33356117566643884,False,True
INV-200660,2026-07-27,2501,43336,3,2.25,37.14,8.25,12.38,24.75,12.39,0.3336025848142165,False,True
INV-200661,2026-02-27,2633,64866,5,3.75,187.45,24.99,37.49,124.94999999999999,62.5,0.3334222459322486,False,True
INV-200662,2026-02-16,2501,77779,3,1.12,36.3,11.0,12.1,33.0,3.299999999999997,0.09090909090909084,False,True
INV-200663,2026-05-28,2633,26827,9,6.75,168.75,12.5,18.75,112.5,56.25,0.3333333333333333,False,True
INV-200664,2026-04-27,5102,26827,1,0.75,18.75,12.5,18.75,12.5,6.25,0.3333333333333333,False,True
INV-200665,2026-04-20,2501,11788,2,3.5,29.26,9.75,14.63,19.5,9.760000000000002,0.33356117566643884,False,True
INV-200666,2026-05-13,2648,35918,9,15.75,121.41,8.99,13.49,80.91,40.5,0.3335804299481097,False,True
INV-200667,2026-02-15,2501,36308,3,3.0,20.25,4.5,6.75,13.5,6.75,0.3333333333333333,False,True
INV-200668,2026-02-08,5102,19067,6,4.5,161.94,17.99,26.99,107.94,54.0,0.33345683586513525,False,True
INV-200669,2026-03-02,2501,26827,7,5.25,131.25,12.5,18.75,87.5,43.75,0.3333333333333333,False,True
INV-200670,2026-02-17,2501,77779,3,1.12,36.3,11.0,12.1,33.0,3.299999999999997,0.09090909090909084,False,True
INV-200671,2026-07-23,2501,77779,2,0.75,24.2,11.0,12.1,22.0,2.1999999999999993,0.09090909090909088,False,True
INV-200672,2026-03-30,2501,77779,7,2.62,84.7,11.0,12.1,77.0,7.700000000000003,0.09090909090909094,False,True
INV-200673,2026-06-29,2190,35918,4,7.0,53.96,8.99,13.49,35.96,18.0,0.3335804299481097,False,True
INV-200674,2026-07-05,3385,19067,82,61.5,2213.18,17.99,26.99,1475.1799999999998,738.0,0.33345683586513525,False,True
INV-200675,2026-07-02,2633,43336,24,18.0,297.12,8.25,12.38,198.0,99.12,0.3336025848142165,False,True
INV-200676,2026-06-11,3385,64866,1,0.75,37.49,24.99,37.49,24.99,12.500000000000004,0.3334222459322487,False,True
INV-200677,2026-06-15,3385,19067,2,1.5,53.98,17.99,26.99,35.98,18.0,0.33345683586513525,False,True
INV-200678,2026-07-17,2633,26827,7,5.25,131.25,,18.75,,,,False,False
INV-200679,2026-07-04,4829,26827,1,0.75,18.75,12.5,18.75,12.5,6.25,0.3333333333333333,False,True
INV-200680,2026-02-02,2648,43336,6,4.5,74.28,8.25,12.38,49.5,24.78,0.3336025848142165,False,True
INV-200681,2026-05-23,2633,35918,2,3.5,26.98,8.99,13.49,17.98,9.0,0.3335804299481097,False,True
INV-200682,2026-05-08,2633,11788,1,1.75,14.63,9.75,14.63,9.75,4.880000000000001,0.33356117566643884,False,True
INV-200683,2026-05-08,4829,77779,4,1.5,48.4,11.0,12.1,44.0,4.399999999999999,0.09090909090909088,False,True
INV-200684,2026-06-11,5102,11788,2,3.5,29.26,9.75,14.63,19.5,9.760000000000002,0.33356117566643884,False,True
INV-200685,2026-02-18,2633,19067,6,4.5,161.94,17.99,26.99,107.94,54.0,0.33345683586513525,False,True
INV-200686,2026-03-12,2648,35918,1,1.75,13.49,8.99,13.49,8.99,4.5,0.3335804299481097,False,True
INV-200687,2026-05-12,5102,19067,1,0.75,26.99,17.99,26.99,17.99,9.0,0.33345683586513525,False,True
INV-200688,2026-04-26,2633,36308,4,4.0,27.0,4.5,6.75,18.0,9.0,0.3333333333333333,False,True
INV-200689,2026-02-22,4829,77779,1,0.38,12.1,11.0,12.1,11.0,1.0999999999999996,0.09090909090909088,False,True
INV-200690,2026-07-15,2190,19067,10,7.5,269.9,17.99,26.99,179.89999999999998,90.0,0.33345683586513525,False,True
INV-200691,2026-07-12,2501,43336,7,5.25,86.66,8.25,12.38,57.75,28.909999999999997,0.33360258481421645,False,True
INV-200692,2026-02-19,2633,36308,1,1.0,6.75,4.5,6.75,4.5,2.25,0.3333333333333333,False,True
INV-200693,2026-06-12,2190,43336,1,0.75,12.38,8.25,12.38,8.25,4.130000000000001,0.3336025848142165,False,True
INV-200694,2026-06-04,3385,11788,2,3.5,29.26,9.75,14.63,19.5,9.760000000000002,0.33356117566643884,False,True
INV-200695,2026-06-07,2648,43336,14,10.5,173.32,8.25,12.38,115.5,57.81999999999999,0.33360258481421645,False,True
INV-200696,2026-06-25,4829,11788,2,3.5,29.26,9.75,14.63,19.5,9.760000000000002,0.33356117566643884,False,True
INV-200697,2026-01-31,5102,35918,1,1.75,13.49,8.99,13.49,8.99,4.5,0.3335804299481097,False,True
INV-200698,2026-05-04,5102,19067,4,3.0,107.96,17.99,26.99,71.96,36.0,0.33345683586513525,False,True
INV-200699,2026-04-28,3385,77779,1,0.38,12.1,11.0,12.1,11.0,1.0999999999999996,0.09090909090909088,False,True
INV-200700,2026-05-11,2633,26827,1,0.75,18.75,12.5,18.75,12.5,6.25,0.3333333333333333,False,True
INV-200701,2026-07-08,3385,11788,1,1.75,14.63,9.75,14.63,9.75,4.880000000000001,0.33356117566643884,False,True
INV-200702,2026-02-25,2633,77779,2,0.75,24.2,11.0,12.1,22.0,2.1999999999999993,0.09090909090909088,False,True
INV-200703,2026-06-14,2501,36308,6,6.0,40.5,4.5,6.75,27.0,13.5,0.3333333333333333,False,True
INV-200704,2026-03-13,2648,35918,3,5.25,40.47,8.99,13.49,26.97,13.5,0.3335804299481097,False,True
INV-200705,2026-04-04,4829,19067,-3,-2.25,-80.97,17.99,26.99,-53.97,-27.0,0.33345683586513525,True,True
INV-200706,2026-02-26,5102,36308,4,4.0,27.0,4.5,6.75,18.0,9.0,0.3333333333333333,False,True
INV-200707,2026-04-11,4829,19067,1,0.75,26.99,17.99,26.99,17.99,9.0,0.33345683586513525,False,True
INV-200708,2026-04-16,2190,77779,31,11.62,375.1,11.0,12.1,341.0,34.10000000000002,0.09090909090909097,False,True
INV-200709,2026-06-21,2633,19067,1,0.75,26.99,17.99,26.99,17.99,9.0,0.33345683586513525,False,True
INV-200710,2026-04-27,2501,77779,7,2.62,84.7,11.0,12.1,77.0,7.700000000000003,0.09090909090909094,False,True
INV-200711,2026-02-21,3385,11788,1,1.75,14.63,9.75,14.63,9.75,4.880000000000001,0.33356117566643884,False,True
INV-200712,2026-02-21,2501,11788,6,10.5,87.78,9.75,14.63,58.5,29.28,0.33356117566643884,False,True
INV-200713,2026-03-20,5102,26827,7,5.25,131.25,12.5,18.75,87.5,43.75,0.3333333333333333,False,True
INV-200714,2026-02-13,5102,11788,8,14.0,117.04,9.75,14.63,78.0,39.040000000000006,0.33356117566643884,False,True
INV-200715,2026-02-25,2190,64866,3,2.25,112.47,24.99,37.49,74.97,37.5,0.3334222459322486,False,True
INV-200716,2026-05-13,2501,26827,2,1.5,37.5,12.5,18.75,25.0,12.5,0.3333333333333333,False,True
INV-200717,2026-03-23,4829,11788,2,3.5,29.26,9.75,14.63,19.5,9.760000000000002,0.33356117566643884,False,True
INV-200718,2026-05-04,2501,19067,2,1.5,53.98,17.99,26.99,35.98,18.0,0.33345683586513525,False,True
INV-200719,2026-02-09,2501,19067,1,0.75,26.99,17.99,26.99,17.99,9.0,0.33345683586513525,False,True
INV-200720,2026-06-12,2633,36308,1,1.0,6.75,4.5,6.75,4.5,2.25,0.3333333333333333,False,True
INV-200721,2026-06-11,3385,26827,2,1.5,37.5,12.5,18.75,25.0,12.5,0.3333333333333333,False,True
INV-200722,2026-03-03,2501,35918,1,1.75,13.49,8.99,13.49,8.99,4.5,0.3335804299481097,False,True
INV-200723,2026-04-18,2633,77779,3,1.12,36.3,11.0,12.1,33.0,3.299999999999997,0.09090909090909084,False,True
INV-200724,2026-05-05,2501,11788,1,1.75,14.63,9.75,14.63,9.75,4.880000000000001,0.33356117566643884,False,True
INV-200725,2026-06-25,4829,19067,3,2.25,80.97,17.99,26.99,53.97,27.0,0.33345683586513525,False,True
INV-200726,2026-03-06,2633,77779,1,0.38,12.1,11.0,12.1,11.0,1.0999999999999996,0.09090909090909088,False,True
INV-200727,2026-03-30,4829,26827,3,2.25,56.25,12.5,18.75,37.5,18.75,0.3333333333333333,False,True
INV-200728,2026-03-29,3385,36308,2,2.0,13.5,4.5,6.75,9.0,4.5,0.3333333333333333,False,True
INV-200729,2026-05-30,4829,35918,9,15.75,121.41,8.99,13.49,80.91,40.5,0.3335804299481097,False,True
INV-200730,2026-04-25,2190,43336,12,9.0,148.56,8.25,12.38,99.0,49.56,0.3336025848142165,False,True
INV-200731,2026-04-09,3385,11788,2,3.5,29.26,9.75,14.63,19.5,9.760000000000002,0.33356117566643884,False,True
INV-200732,2026-02-24,5102,11788,2,3.5,29.26,9.75,14.63,19.5,9.760000000000002,0.33356117566643884,False,True
INV-200733,2026-05-07,2501,36308,1,1.0,6.75,4.5,6.75,4.5,2.25,0.3333333333333333,False,True
INV-200734,2026-04-30,3385,43336,4,3.0,49.52,8.25,12.38,33.0,16.520000000000003,0.3336025848142165,False,True
INV-200735,2026-04-02,3385,43336,3,2.25,37.14,8.25,12.38,24.75,12.39,0.3336025848142165,False,True
INV-200736,2026-03-07,4829,26827,4,3.0,75.0,12.5,18.75,50.0,25.0,0.3333333333333333,False,True
INV-200737,2026-06-17,2501,36308,2,2.0,13.5,4.5,6.75,9.0,4.5,0.3333333333333333,False,True
INV-200738,2026-02-01,2633,36308,1,1.0,6.75,4.5,6.75,4.5,2.25,0.3333333333333333,False,True
INV-200739,2026-06-17,2633,26827,4,3.0,75.0,12.5,18.75,50.0,25.0,0.3333333333333333,False,True
INV-200740,2026-04-20,2633,19067,5,3.75,134.95,17.99,26.99,89.94999999999999,45.0,0.33345683586513525,False,True
INV-200741,2026-03-07,3385,11788,1,1.75,14.63,9.75,14.63,9.75,4.880000000000001,0.33356117566643884,False,True
INV-200742,2026-05-27,2648,26827,1,0.75,18.75,12.5,18.75,12.5,6.25,0.3333333333333333,False,True
INV-200743,2026-05-31,2633,11788,9,15.75,131.67,9.75,14.63,87.75,43.91999999999999,0.3335611756664388,False,True
INV-200744,2026-03-16,2190,77779,1,0.38,12.1,11.0,12.1,11.0,1.0999999999999996,0.09090909090909088,False,True
INV-200745,2026-06-19,3385,35918,4,7.0,53.96,8.99,13.49,35.96,18.0,0.3335804299481097,False,True
INV-200746,2026-04-14,5102,26827,8,6.0,150.0,12.5,18.75,100.0,50.0,0.3333333333333333,False,True
INV-200747,2026-05-07,2648,77779,2,0.75,24.2,11.0,12.1,22.0,2.1999999999999993,0.09090909090909088,False,True
INV-200748,2026-03-03,3385,26827,1,0.75,18.75,12.5,18.75,12.5,6.25,0.3333333333333333,False,True
INV-200749,2026-07-21,2501,19067,2,1.5,53.98,17.99,26.99,35.98,18.0,0.33345683586513525,False,True
INV-200750,2026-06-18,2633,43336,23,17.25,284.74,8.25,12.38,189.75,94.99000000000001,0.3336025848142165,False,True
INV-200751,2026-02-23,2633,36308,12,12.0,81.0,4.5,6.75,54.0,27.0,0.3333333333333333,False,True
INV-200752,2026-02-25,2501,11788,2,3.5,29.26,9.75,14.63,19.5,9.760000000000002,0.33356117566643884,False,True
INV-200753,2026-05-11,2190,35918,5,8.75,67.45,8.99,13.49,44.95,22.5,0.3335804299481097,False,True
INV-200754,2026-07-09,3385,19067,1,0.75,26.99,17.99,26.99,17.99,9.0,0.33345683586513525,False,True
INV-200755,2026-02-12,5102,43336,2,1.5,24.76,8.25,12.38,16.5,8.260000000000002,0.3336025848142165,False,True
INV-200756,2026-05-26,2633,26827,9,6.75,168.75,12.5,18.75,112.5,56.25,0.3333333333333333,False,True
INV-200757,2026-02-02,2633,43336,6,4.5,74.28,8.25,12.38,49.5,24.78,0.3336025848142165,False,True
INV-200758,2026-07-15,2190,36308,1,1.0,6.75,4.5,6.75,4.5,2.25,0.3333333333333333,False,True
INV-200759,2026-02-06,3385,77779,1,0.38,12.1,11.0,12.1,11.0,1.0999999999999996,0.09090909090909088,False,True
INV-200760,2026-07-19,2190,19067,6,4.5,161.94,17.99,26.99,107.94,54.0,0.33345683586513525,False,True
INV-200761,2026-02-05,2633,43336,2,1.5,24.76,8.25,12.38,16.5,8.260000000000002,0.3336025848142165,False,True
INV-200762,2026-05-21,2190,26827,1,0.75,18.75,12.5,18.75,12.5,6.25,0.3333333333333333,False,True
INV-200763,2026-06-27,5102,26827,2,1.5,37.5,12.5,18.75,25.0,12.5,0.3333333333333333,False,True
INV-200764,2026-02-03,4829,77779,1,0.38,12.1,11.0,12.1,11.0,1.0999999999999996,0.09090909090909088,False,True
INV-200765,2026-03-27,2633,77779,1,0.38,12.1,11.0,12.1,11.0,1.0999999999999996,0.09090909090909088,False,True
INV-200766,2026-07-24,2648,35918,5,8.75,67.45,8.99,13.49,44.95,22.5,0.3335804299481097,False,True
INV-200767,2026-03-07,2190,77779,17,6.38,205.7,11.0,12.1,187.0,18.69999999999999,0.09090909090909086,False,True
INV-200768,2026-03-23,2190,19067,2,1.5,53.98,17.99,26.99,35.98,18.0,0.33345683586513525,False,True
INV-200769,2026-03-07,2190,64866,6,4.5,224.94,24.99,37.49,149.94,75.0,0.3334222459322486,False,True
INV-200770,2026-06-05,5102,43336,2,1.5,24.76,8.25,12.38,16.5,8.260000000000002,0.3336025848142165,False,True
INV-200771,2026-03-21,3385,43336,1,0.75,12.38,8.25,12.38,8.25,4.130000000000001,0.3336025848142165,False,True
INV-200772,2026-05-13,2190,64866,2,1.5,74.98,24.99,37.49,49.98,25.000000000000007,0.3334222459322487,False,True
INV-200773,2026-05-22,4829,26827,1,0.75,18.75,12.5,18.75,12.5,6.25,0.3333333333333333,False,True
INV-200774,2026-03-05,2190,43336,1,0.75,12.38,8.25,12.38,8.25,4.130000000000001,0.3336025848142165,False,True
INV-200775,2026-04-12,4829,19067,2,1.5,53.98,17.99,26.99,35.98,18.0,0.33345683586513525,False,True
INV-200776,2026-06-13,4829,43336,1,0.75,12.38,8.25,12.38,8.25,4.130000000000001,0.3336025848142165,False,True
INV-200777,2026-03-12,2501,35918,1,1.75,13.49,8.99,13.49,8.99,4.5,0.3335804299481097,False,True
INV-200778,2026-06-03,2190,11788,1,1.75,14.63,9.75,14.63,9.75,4.880000000000001,0.33356117566643884,False,True
INV-200779,2026-07-08,2633,64866,2,1.5,74.98,,37.49,,,,False,False
INV-200780,2026-02-23,2501,26827,1,0.75,18.75,12.5,18.75,12.5,6.25,0.3333333333333333,False,True
INV-200781,2026-03-27,3385,36308,9,9.0,60.75,4.5,6.75,40.5,20.25,0.3333333333333333,False,True
INV-200782,2026-02-09,2648,36308,7,7.0,47.25,4.5,6.75,31.5,15.75,0.3333333333333333,False,True
INV-200783,2026-03-31,3385,77779,3,1.12,36.3,11.0,12.1,33.0,3.299999999999997,0.09090909090909084,False,True
INV-200784,2026-05-14,3385,19067,4,3.0,107.96,17.99,26.99,71.96,36.0,0.33345683586513525,False,True
INV-200785,2026-02-28,2190,64866,2,1.5,74.98,24.99,37.49,49.98,25.000000000000007,0.3334222459322487,False,True
INV-200786,2026-05-10,5102,11788,1,1.75,14.63,9.75,14.63,9.75,4.880000000000001,0.33356117566643884,False,True
INV-200787,2026-02-26,2190,26827,3,2.25,56.25,12.5,18.75,37.5,18.75,0.3333333333333333,False,True
INV-200788,2026-07-03,4829,35918,2,3.5,26.98,8.99,13.49,17.98,9.0,0.3335804299481097,False,True
INV-200789,2026-05-01,2633,11788,1,1.75,14.63,9.75,14.63,9.75,4.880000000000001,0.33356117566643884,False,True
INV-200790,2026-05-04,4829,19067,7,5.25,188.93,17.99,26.99,125.92999999999999,63.000000000000014,0.3334568358651353,False,True
INV-200791,2026-02-11,5102,26827,1,0.75,18.75,12.5,18.75,12.5,6.25,0.3333333333333333,False,True
INV-200792,2026-03-06,2633,77779,12,4.5,145.2,,12.1,,,,False,False
INV-200793,2026-05-31,2633,36308,4,4.0,27.0,4.5,6.75,18.0,9.0,0.3333333333333333,False,True
INV-200794,2026-07-15,2501,26827,4,3.0,75.0,12.5,18.75,50.0,25.0,0.3333333333333333,False,True
INV-200795,2026-06-22,4829,35918,1,1.75,13.49,8.99,13.49,8.99,4.5,0.3335804299481097,False,True
INV-200796,2026-06-29,4829,77779,1,0.38,12.1,11.0,12.1,11.0,1.0999999999999996,0.09090909090909088,False,True
INV-200797,2026-03-06,2633,26827,16,12.0,300.0,12.5,18.75,200.0,100.0,0.3333333333333333,False,True
INV-200798,2026-03-17,2501,11788,3,5.25,43.89,9.75,14.63,29.25,14.64,0.33356117566643884,False,True
INV-200799,2026-02-14,3385,19067,22,16.5,593.78,17.99,26.99,395.78,198.0,0.33345683586513525,False,True
INV-200800,2026-02-03,4829,11788,5,8.75,73.15,9.75,14.63,48.75,24.400000000000006,0.3335611756664389,False,True
INV-200801,2026-07-01,2648,64866,5,3.75,187.45,24.99,37.49,124.94999999999999,62.5,0.3334222459322486,False,True
INV-200802,2026-04-20,3385,77779,1,0.38,12.1,11.0,12.1,11.0,1.0999999999999996,0.09090909090909088,False,True
INV-200803,2026-03-22,5102,35918,4,7.0,53.96,8.99,13.49,35.96,18.0,0.3335804299481097,False,True
INV-200804,2026-07-13,3385,19067,3,2.25,80.97,17.99,26.99,53.97,27.0,0.33345683586513525,False,True
INV-200805,2026-06-23,2501,26827,4,3.0,75.0,12.5,18.75,50.0,25.0,0.3333333333333333,False,True
INV-200806,2026-07-23,3385,77779,5,1.88,60.5,11.0,12.1,55.0,5.5,0.09090909090909091,False,True
INV-200807,2026-06-13,5102,11788,9,15.75,131.67,9.75,14.63,87.75,43.91999999999999,0.3335611756664388,False,True
INV-200808,2026-03-14,4829,11788,1,1.75,14.63,9.75,14.63,9.75,4.880000000000001,0.33356117566643884,False,True
INV-200809,2026-02-24,4829,26827,4,3.0,75.0,12.5,18.75,50.0,25.0,0.3333333333333333,False,True
INV-200810,2026-04-10,4829,77779,8,3.0,96.8,11.0,12.1,88.0,8.799999999999997,0.09090909090909088,False,True
INV-200811,2026-06-26,2190,36308,4,4.0,27.0,4.5,6.75,18.0,9.0,0.3333333333333333,False,True
INV-200812,2026-02-09,2633,35918,1,1.75,13.49,8.99,13.49,8.99,4.5,0.3335804299481097,False,True
INV-200813,2026-05-03,2648,35918,3,5.25,40.47,8.99,13.49,26.97,13.5,0.3335804299481097,False,True
INV-200814,2026-06-03,2648,19067,1,0.75,26.99,17.99,26.99,17.99,9.0,0.33345683586513525,False,True
INV-200815,2026-04-10,2648,35918,9,15.75,121.41,8.99,13.49,80.91,40.5,0.3335804299481097,False,True
INV-200816,2026-04-15,2633,64866,1,0.75,37.49,24.99,37.49,24.99,12.500000000000004,0.3334222459322487,False,True
INV-200817,2026-02-25,3385,11788,1,1.75,14.63,9.75,14.63,9.75,4.880000000000001,0.33356117566643884,False,True
INV-200818,2026-02-01,2648,43336,8,6.0,99.04,8.25,12.38,66.0,33.040000000000006,0.3336025848142165,False,True
INV-200819,2026-04-18,2648,64866,4,3.0,149.96,24.99,37.49,99.96,50.000000000000014,0.3334222459322487,False,True
INV-200820,2026-04-25,2501,26827,2,1.5,37.5,,18.75,,,,False,False
INV-200821,2026-04-01,4829,19067,1,0.75,26.99,17.99,26.99,17.99,9.0,0.33345683586513525,False,True
INV-200822,2026-03-10,2648,36308,1,1.0,6.75,4.5,6.75,4.5,2.25,0.3333333333333333,False,True
INV-200823,2026-04-30,2501,64866,2,1.5,74.98,24.99,37.49,49.98,25.000000000000007,0.3334222459322487,False,True
INV-200824,2026-04-24,3385,64866,5,3.75,187.45,24.99,37.49,124.94999999999999,62.5,0.3334222459322486,False,True
INV-200825,2026-04-01,4829,64866,4,3.0,149.96,24.99,37.49,99.96,50.000000000000014,0.3334222459322487,False,True
INV-200826,2026-02-05,2501,36308,1,1.0,6.75,4.5,6.75,4.5,2.25,0.3333333333333333,False,True
INV-200827,2026-04-25,5102,77779,4,1.5,48.4,11.0,12.1,44.0,4.399999999999999,0.09090909090909088,False,True
INV-200828,2026-05-21,3385,43336,1,0.75,12.38,8.25,12.38,8.25,4.130000000000001,0.3336025848142165,False,True
INV-200829,2026-06-08,2648,26827,1,0.75,18.75,12.5,18.75,12.5,6.25,0.3333333333333333,False,True
INV-200830,2026-06-06,2501,43336,1,0.75,12.38,8.25,12.38,8.25,4.130000000000001,0.3336025848142165,False,True
INV-200831,2026-03-12,2501,19067,3,2.25,80.97,17.99,26.99,53.97,27.0,0.33345683586513525,False,True
INV-200832,2026-07-22,4829,77779,10,3.75,121.0,11.0,12.1,110.0,11.0,0.09090909090909091,False,True
INV-200833,2026-07-05,5102,77779,8,3.0,96.8,,12.1,,,,False,False
INV-200834,2026-02-01,3385,19067,2,1.5,53.98,17.99,26.99,35.98,18.0,0.33345683586513525,False,True
INV-200835,2026-03-09,2648,77779,2,0.75,24.2,11.0,12.1,22.0,2.1999999999999993,0.09090909090909088,False,True
INV-200836,2026-06-08,2633,19067,1,0.75,26.99,17.99,26.99,17.99,9.0,0.33345683586513525,False,True
INV-200837,2026-03-15,2501,64866,1,0.75,37.49,24.99,37.49,24.99,12.500000000000004,0.3334222459322487,False,True
INV-200838,2026-04-30,2501,26827,1,0.75,18.75,12.5,18.75,12.5,6.25,0.3333333333333333,False,True
INV-200839,2026-06-21,3385,35918,1,1.75,13.49,8.99,13.49,8.99,4.5,0.3335804299481097,False,True
INV-200840,2026-05-16,5102,43336,12,9.0,148.56,8.25,12.38,99.0,49.56,0.3336025848142165,False,True
INV-200841,2026-07-12,2633,11788,1,1.75,14.63,9.75,14.63,9.75,4.880000000000001,0.33356117566643884,False,True
INV-200842,2026-06-28,5102,36308,3,3.0,20.25,4.5,6.75,13.5,6.75,0.3333333333333333,False,True
INV-200843,2026-02-10,3385,43336,6,4.5,74.28,8.25,12.38,49.5,24.78,0.3336025848142165,False,True
INV-200844,2026-02-08,2648,36308,4,4.0,27.0,4.5,6.75,18.0,9.0,0.3333333333333333,False,True
INV-200845,2026-04-14,2501,77779,4,1.5,48.4,11.0,12.1,44.0,4.399999999999999,0.09090909090909088,False,True
INV-200846,2026-02-05,2648,64866,1,0.75,37.49,24.99,37.49,24.99,12.500000000000004,0.3334222459322487,False,True
INV-200847,2026-05-19,5102,43336,4,3.0,49.52,8.25,12.38,33.0,16.520000000000003,0.3336025848142165,False,True
INV-200848,2026-06-08,2190,19067,1,0.75,26.99,17.99,26.99,17.99,9.0,0.33345683586513525,False,True
INV-200849,2026-06-07,2633,64866,1,0.75,37.49,24.99,37.49,24.99,12.500000000000004,0.3334222459322487,False,True
INV-200850,2026-06-09,2633,11788,6,10.5,87.78,9.75,14.63,58.5,29.28,0.33356117566643884,False,True
INV-200851,2026-04-20,4829,11788,-1,-1.75,-14.63,9.75,14.63,-9.75,-4.880000000000001,0.33356117566643884,True,True
INV-200852,2026-04-03,3385,11788,8,14.0,117.04,9.75,14.63,78.0,39.040000000000006,0.33356117566643884,False,True
INV-200853,2026-07-22,3385,43336,2,1.5,24.76,8.25,12.38,16.5,8.260000000000002,0.3336025848142165,False,True
INV-200854,2026-07-15,2648,43336,2,1.5,24.76,8.25,12.38,16.5,8.260000000000002,0.3336025848142165,False,True
INV-200855,2026-06-15,3385,11788,1,1.75,14.63,9.75,14.63,9.75,4.880000000000001,0.33356117566643884,False,True
INV-200856,2026-04-18,2648,11788,5,8.75,73.15,9.75,14.63,48.75,24.400000000000006,0.3335611756664389,False,True
INV-200857,2026-05-16,2633,43336,5,3.75,61.9,8.25,12.38,41.25,20.65,0.33360258481421645,False,True
INV-200858,2026-04-05,2190,77779,3,1.12,36.3,11.0,12.1,33.0,3.299999999999997,0.09090909090909084,False,True
INV-200859,2026-07-03,5102,19067,1,0.75,26.99,,26.99,,,,False,False
INV-200860,2026-02-12,3385,43336,1,0.75,12.38,8.25,12.38,8.25,4.130000000000001,0.3336025848142165,False,True
INV-200861,2026-07-05,4829,26827,4,3.0,75.0,12.5,18.75,50.0,25.0,0.3333333333333333,False,True
INV-200862,2026-05-23,2648,77779,1,0.38,12.1,11.0,12.1,11.0,1.0999999999999996,0.09090909090909088,False,True
INV-200863,2026-03-08,2648,19067,2,1.5,53.98,17.99,26.99,35.98,18.0,0.33345683586513525,False,True
INV-200864,2026-02-22,2633,64866,2,1.5,74.98,24.99,37.49,49.98,25.000000000000007,0.3334222459322487,False,True
INV-200865,2026-05-03,4829,64866,1,0.75,37.49,24.99,37.49,24.99,12.500000000000004,0.3334222459322487,False,True
INV-200866,2026-02-09,3385,11788,1,1.75,14.63,9.75,14.63,9.75,4.880000000000001,0.33356117566643884,False,True
INV-200867,2026-02-27,3385,35918,1,1.75,13.49,8.99,13.49,8.99,4.5,0.3335804299481097,False,True
INV-200868,2026-06-07,2501,11788,2,3.5,29.26,9.75,14.63,19.5,9.760000000000002,0.33356117566643884,False,True
INV-200869,2026-05-03,2501,43336,2,1.5,24.76,8.25,12.38,16.5,8.260000000000002,0.3336025848142165,False,True
INV-200870,2026-06-11,3385,11788,1,1.75,14.63,9.75,14.63,9.75,4.880000000000001,0.33356117566643884,False,True
INV-200871,2026-07-20,2190,11788,1,1.75,14.63,9.75,14.63,9.75,4.880000000000001,0.33356117566643884,False,True
INV-200872,2026-07-04,5102,35918,1,1.75,13.49,8.99,13.49,8.99,4.5,0.3335804299481097,False,True
INV-200873,2026-02-27,3385,35918,3,5.25,40.47,8.99,13.49,26.97,13.5,0.3335804299481097,False,True
INV-200874,2026-05-31,2501,36308,2,2.0,13.5,4.5,6.75,9.0,4.5,0.3333333333333333,False,True
INV-200875,2026-02-13,4829,35918,5,8.75,67.45,8.99,13.49,44.95,22.5,0.3335804299481097,False,True
INV-200876,2026-04-15,4829,11788,3,5.25,43.89,9.75,14.63,29.25,14.64,0.33356117566643884,False,True
INV-200877,2026-03-09,2190,11788,5,8.75,73.15,9.75,14.63,48.75,24.400000000000006,0.3335611756664389,False,True
INV-200878,2026-04-18,2633,35918,3,5.25,40.47,8.99,13.49,26.97,13.5,0.3335804299481097,False,True
INV-200879,2026-04-16,2190,19067,1,0.75,26.99,17.99,26.99,17.99,9.0,0.33345683586513525,False,True
INV-200880,2026-02-14,5102,36308,9,9.0,60.75,4.5,6.75,40.5,20.25,0.3333333333333333,False,True
INV-200881,2026-03-09,2190,11788,9,15.75,131.67,9.75,14.63,87.75,43.91999999999999,0.3335611756664388,False,True
INV-200882,2026-03-14,4829,26827,6,4.5,112.5,12.5,18.75,75.0,37.5,0.3333333333333333,False,True
INV-200883,2026-07-14,2633,19067,5,3.75,134.95,17.99,26.99,89.94999999999999,45.0,0.33345683586513525,False,True
INV-200884,2026-05-01,2633,19067,6,4.5,161.94,17.99,26.99,107.94,54.0,0.33345683586513525,False,True
INV-200885,2026-03-18,5102,19067,7,5.25,188.93,17.99,26.99,125.92999999999999,63.000000000000014,0.3334568358651353,False,True
INV-200886,2026-02-13,2648,43336,2,1.5,24.76,8.25,12.38,16.5,8.260000000000002,0.3336025848142165,False,True
INV-200887,2026-04-29,2501,77779,12,4.5,145.2,,12.1,,,,False,False
INV-200888,2026-05-14,5102,35918,10,17.5,134.9,8.99,13.49,89.9,45.0,0.3335804299481097,False,True
INV-200889,2026-07-01,3385,64866,1,0.75,37.49,24.99,37.49,24.99,12.500000000000004,0.3334222459322487,False,True
INV-200890,2026-03-27,4829,19067,5,3.75,134.95,17.99,26.99,89.94999999999999,45.0,0.33345683586513525,False,True
INV-200891,2026-07-24,2190,11788,7,12.25,102.41,9.75,14.63,68.25,34.16,0.3335611756664388,False,True
INV-200892,2026-02-28,2633,35918,1,1.75,13.49,8.99,13.49,8.99,4.5,0.3335804299481097,False,True
INV-200893,2026-04-25,4829,26827,3,2.25,56.25,12.5,18.75,37.5,18.75,0.3333333333333333,False,True
INV-200894,2026-06-05,3385,35918,2,3.5,26.98,8.99,13.49,17.98,9.0,0.3335804299481097,False,True
INV-200895,2026-06-04,5102,35918,2,3.5,26.98,8.99,13.49,17.98,9.0,0.3335804299481097,False,True
INV-200896,2026-05-09,5102,26827,4,3.0,75.0,12.5,18.75,50.0,25.0,0.3333333333333333,False,True
INV-200897,2026-04-30,3385,36308,5,5.0,33.75,4.5,6.75,22.5,11.25,0.3333333333333333,False,True
INV-200898,2026-02-17,2648,36308,3,3.0,20.25,4.5,6.75,13.5,6.75,0.3333333333333333,False,True
INV-200899,2026-02-04,2501,35918,1,1.75,13.49,8.99,13.49,8.99,4.5,0.3335804299481097,False,True
INV-200900,2026-04-13,4829,35918,2,3.5,26.98,8.99,13.49,17.98,9.0,0.3335804299481097,False,True
INV-200901,2026-02-23,2648,26827,1,0.75,18.75,12.5,18.75,12.5,6.25,0.3333333333333333,False,True
INV-200902,2026-04-27,2648,26827,12,9.0,225.0,12.5,18.75,150.0,75.0,0.3333333333333333,False,True
INV-200903,2026-03-22,4829,64866,3,2.25,112.47,24.99,37.49,74.97,37.5,0.3334222459322486,False,True
INV-200904,2026-07-21,4829,26827,5,3.75,93.75,12.5,18.75,62.5,31.25,0.3333333333333333,False,True
INV-200905,2026-03-08,5102,11788,3,5.25,43.89,9.75,14.63,29.25,14.64,0.33356117566643884,False,True
INV-200906,2026-04-25,2648,26827,7,5.25,131.25,12.5,18.75,87.5,43.75,0.3333333333333333,False,True
INV-200907,2026-07-20,5102,35918,2,3.5,26.98,8.99,13.49,17.98,9.0,0.3335804299481097,False,True
INV-200908,2026-04-09,2633,43336,2,1.5,24.76,8.25,12.38,16.5,8.260000000000002,0.3336025848142165,False,True
INV-200909,2026-07-11,2648,35918,1,1.75,13.49,8.99,13.49,8.99,4.5,0.3335804299481097,False,True
INV-200910,2026-04-12,2190,35918,4,7.0,53.96,8.99,13.49,35.96,18.0,0.3335804299481097,False,True
INV-200911,2026-06-03,2190,26827,3,2.25,56.25,12.5,18.75,37.5,18.75,0.3333333333333333,False,True
INV-200912,2026-06-22,2633,36308,8,8.0,54.0,4.5,6.75,36.0,18.0,0.3333333333333333,False,True
INV-200913,2026-05-26,2501,77779,2,0.75,24.2,11.0,12.1,22.0,2.1999999999999993,0.09090909090909088,False,True
INV-200914,2026-04-01,2190,26827,3,2.25,56.25,12.5,18.75,37.5,18.75,0.3333333333333333,False,True
INV-200915,2026-05-11,2648,43336,1,0.75,12.38,8.25,12.38,8.25,4.130000000000001,0.3336025848142165,False,True
INV-200916,2026-03-01,5102,26827,1,0.75,18.75,12.5,18.75,12.5,6.25,0.3333333333333333,False,True
INV-200917,2026-07-02,4829,36308,4,4.0,27.0,4.5,6.75,18.0,9.0,0.3333333333333333,False,True
INV-200918,2026-07-09,2633,64866,1,0.75,37.49,24.99,37.49,24.99,12.500000000000004,0.3334222459322487,False,True
INV-200919,2026-04-20,3385,36308,2,2.0,13.5,4.5,6.75,9.0,4.5,0.3333333333333333,False,True
INV-200920,2026-06-03,2190,43336,1,0.75,12.38,8.25,12.38,8.25,4.130000000000001,0.3336025848142165,False,True
INV-200921,2026-07-26,2190,43336,1,0.75,12.38,8.25,12.38,8.25,4.130000000000001,0.3336025848142165,False,True
INV-200922,2026-03-15,2648,36308,1,1.0,6.75,4.5,6.75,4.5,2.25,0.3333333333333333,False,True
INV-200923,2026-01-31,2501,64866,6,4.5,224.94,24.99,37.49,149.94,75.0,0.3334222459322486,False,True
INV-200924,2026-03-28,4829,26827,1,0.75,18.75,12.5,18.75,12.5,6.25,0.3333333333333333,False,True
INV-200925,2026-05-01,4829,64866,3,2.25,112.47,24.99,37.49,74.97,37.5,0.3334222459322486,False,True
INV-200926,2026-05-01,2633,43336,1,0.75,12.38,8.25,12.38,8.25,4.130000000000001,0.3336025848142165,False,True
INV-200927,2026-06-25,2633,35918,10,17.5,134.9,,13.49,,,,False,False
INV-200928,2026-07-25,3385,43336,1,0.75,12.38,8.25,12.38,8.25,4.130000000000001,0.3336025848142165,False,True
INV-200929,2026-03-02,2501,35918,3,5.25,40.47,8.99,13.49,26.97,13.5,0.3335804299481097,False,True
INV-200930,2026-02-03,4829,64866,4,3.0,149.96,24.99,37.49,99.96,50.000000000000014,0.3334222459322487,False,True
INV-200931,2026-07-04,3385,35918,2,3.5,26.98,8.99,13.49,17.98,9.0,0.3335804299481097,False,True
INV-200932,2026-02-09,4829,35918,3,5.25,40.47,8.99,13.49,26.97,13.5,0.3335804299481097,False,True
INV-200933,2026-07-08,2633,36308,1,1.0,6.75,4.5,6.75,4.5,2.25,0.3333333333333333,False,True
INV-200934,2026-02-21,2190,26827,4,3.0,75.0,12.5,18.75,50.0,25.0,0.3333333333333333,False,True
INV-200935,2026-05-03,5102,64866,6,4.5,224.94,24.99,37.49,149.94,75.0,0.3334222459322486,False,True
INV-200936,2026-03-26,2190,35918,1,1.75,13.49,8.99,13.49,8.99,4.5,0.3335804299481097,False,True
INV-200937,2026-05-24,2501,26827,5,3.75,93.75,12.5,18.75,62.5,31.25,0.3333333333333333,False,True
INV-200938,2026-03-30,2501,19067,2,1.5,53.98,17.99,26.99,35.98,18.0,0.33345683586513525,False,True
INV-200939,2026-07-19,5102,64866,7,5.25,262.43,24.99,37.49,174.92999999999998,87.50000000000003,0.3334222459322487,False,True
INV-200940,2026-04-28,2633,36308,2,2.0,13.5,4.5,6.75,9.0,4.5,0.3333333333333333,False,True
INV-200941,2026-04-02,2648,64866,1,0.75,37.49,24.99,37.49,24.99,12.500000000000004,0.3334222459322487,False,True
INV-200942,2026-06-14,3385,77779,4,1.5,48.4,11.0,12.1,44.0,4.399999999999999,0.09090909090909088,False,True
INV-200943,2026-02-21,2190,11788,1,1.75,14.63,9.75,14.63,9.75,4.880000000000001,0.33356117566643884,False,True
INV-200944,2026-06-08,3385,77779,5,1.88,60.5,11.0,12.1,55.0,5.5,0.09090909090909091,False,True
INV-200945,2026-02-24,2633,19067,6,4.5,161.94,17.99,26.99,107.94,54.0,0.33345683586513525,False,True
INV-200946,2026-05-01,2633,35918,1,1.75,13.49,8.99,13.49,8.99,4.5,0.3335804299481097,False,True
INV-200947,2026-07-22,4829,64866,1,0.75,37.49,24.99,37.49,24.99,12.500000000000004,0.3334222459322487,False,True
INV-200948,2026-02-23,2501,26827,1,0.75,18.75,12.5,18.75,12.5,6.25,0.3333333333333333,False,True
INV-200949,2026-04-27,4829,35918,6,10.5,80.94,8.99,13.49,53.94,27.0,0.3335804299481097,False,True
INV-200950,2026-07-23,3385,11788,1,1.75,14.63,9.75,14.63,9.75,4.880000000000001,0.33356117566643884,False,True
INV-200951,2026-07-18,5102,19067,5,3.75,134.95,17.99,26.99,89.94999999999999,45.0,0.33345683586513525,False,True
INV-200952,2026-05-23,2648,26827,12,9.0,225.0,12.5,18.75,150.0,75.0,0.3333333333333333,False,True
INV-200953,2026-05-29,5102,77779,1,0.38,12.1,11.0,12.1,11.0,1.0999999999999996,0.09090909090909088,False,True
INV-200954,2026-07-26,3385,35918,10,17.5,134.9,8.99,13.49,89.9,45.0,0.3335804299481097,False,True
INV-200955,2026-02-12,2633,64866,3,2.25,112.47,24.99,37.49,74.97,37.5,0.3334222459322486,False,True
INV-200956,2026-06-01,3385,26827,1,0.75,18.75,12.5,18.75,12.5,6.25,0.3333333333333333,False,True
INV-200957,2026-02-16,2648,11788,5,8.75,73.15,9.75,14.63,48.75,24.400000000000006,0.3335611756664389,False,True
INV-200958,2026-02-25,4829,64866,11,8.25,412.39,24.99,37.49,274.89,137.5,0.3334222459322486,False,True
INV-200959,2026-03-13,2190,19067,3,2.25,80.97,17.99,26.99,53.97,27.0,0.33345683586513525,False,True
INV-200960,2026-03-18,5102,36308,11,11.0,74.25,4.5,6.75,49.5,24.75,0.3333333333333333,False,True
INV-200961,2026-04-27,3385,35918,1,1.75,13.49,8.99,13.49,8.99,4.5,0.3335804299481097,False,True
INV-200962,2026-03-26,2501,36308,3,3.0,20.25,4.5,6.75,13.5,6.75,0.3333333333333333,False,True
INV-200963,2026-06-11,2633,19067,1,0.75,26.99,17.99,26.99,17.99,9.0,0.33345683586513525,False,True
INV-200964,2026-02-07,2501,64866,2,1.5,74.98,24.99,37.49,49.98,25.000000000000007,0.3334222459322487,False,True
INV-200965,2026-07-09,2648,19067,3,2.25,80.97,17.99,26.99,53.97,27.0,0.33345683586513525,False,True
INV-200966,2026-03-30,2633,11788,3,5.25,43.89,9.75,14.63,29.25,14.64,0.33356117566643884,False,True
INV-200967,2026-03-11,4829,11788,3,5.25,43.89,9.75,14.63,29.25,14.64,0.33356117566643884,False,True
INV-200968,2026-06-20,3385,11788,2,3.5,29.26,9.75,14.63,19.5,9.760000000000002,0.33356117566643884,False,True
INV-200969,2026-02-25,2633,35918,2,3.5,26.98,8.99,13.49,17.98,9.0,0.3335804299481097,False,True
INV-200970,2026-03-26,2501,36308,5,5.0,33.75,4.5,6.75,22.5,11.25,0.3333333333333333,False,True
INV-200971,2026-03-22,2633,36308,2,2.0,13.5,4.5,6.75,9.0,4.5,0.3333333333333333,False,True
INV-200972,2026-02-19,2648,64866,1,0.75,37.49,24.99,37.49,24.99,12.500000000000004,0.3334222459322487,False,True
INV-200973,2026-04-01,5102,77779,4,1.5,48.4,11.0,12.1,44.0,4.399999999999999,0.09090909090909088,False,True
INV-200974,2026-05-25,3385,11788,2,3.5,29.26,9.75,14.63,19.5,9.760000000000002,0.33356117566643884,False,True
INV-200975,2026-02-20,2633,19067,2,1.5,53.98,17.99,26.99,35.98,18.0,0.33345683586513525,False,True
INV-200976,2026-05-27,2501,19067,1,0.75,26.99,17.99,26.99,17.99,9.0,0.33345683586513525,False,True
INV-200977,2026-02-04,4829,35918,2,3.5,26.98,8.99,13.49,17.98,9.0,0.3335804299481097,False,True
INV-200978,2026-03-18,2501,26827,3,2.25,56.25,12.5,18.75,37.5,18.75,0.3333333333333333,False,True
INV-200979,2026-07-03,2501,77779,4,1.5,48.4,11.0,12.1,44.0,4.399999999999999,0.09090909090909088,False,True
INV-200980,2026-02-16,4829,19067,3,2.25,80.97,17.99,26.99,53.97,27.0,0.33345683586513525,False,True
INV-200981,2026-04-15,2633,36308,4,4.0,27.0,4.5,6.75,18.0,9.0,0.3333333333333333,False,True
INV-200982,2026-07-18,5102,35918,21,36.75,283.29,8.99,13.49,188.79,94.50000000000003,0.33358042994810977,False,True
INV-200983,2026-05-02,3385,77779,10,3.75,121.0,11.0,12.1,110.0,11.0,0.09090909090909091,False,True
INV-200984,2026-03-17,5102,11788,36,63.0,526.68,9.75,14.63,351.0,175.67999999999995,0.3335611756664388,False,True
INV-200985,2026-07-05,4829,11788,1,1.75,14.63,9.75,14.63,9.75,4.880000000000001,0.33356117566643884,False,True
INV-200986,2026-03-15,5102,19067,5,3.75,134.95,17.99,26.99,89.94999999999999,45.0,0.33345683586513525,False,True
INV-200987,2026-05-29,2190,11788,5,8.75,73.15,9.75,14.63,48.75,24.400000000000006,0.3335611756664389,False,True
INV-200988,2026-07-08,2633,43336,2,1.5,24.76,8.25,12.38,16.5,8.260000000000002,0.3336025848142165,False,True
INV-200989,2026-06-13,5102,19067,1,0.75,26.99,17.99,26.99,17.99,9.0,0.33345683586513525,False,True
INV-200990,2026-07-10,2190,26827,10,7.5,187.5,12.5,18.75,125.0,62.5,0.3333333333333333,False,True
INV-200991,2026-02-16,2501,64866,29,21.75,1087.21,24.99,37.49,724.7099999999999,362.5000000000001,0.3334222459322487,False,True
INV-200992,2026-06-09,4829,64866,1,0.75,37.49,,37.49,,,,False,False
INV-200993,2026-03-13,4829,35918,8,14.0,107.92,8.99,13.49,71.92,36.0,0.3335804299481097,False,True
INV-200994,2026-02-19,5102,36308,1,1.0,6.75,4.5,6.75,4.5,2.25,0.3333333333333333,False,True
INV-200995,2026-02-15,2190,26827,10,7.5,187.5,12.5,18.75,125.0,62.5,0.3333333333333333,False,True
INV-200996,2026-03-29,2648,35918,5,8.75,67.45,8.99,13.49,44.95,22.5,0.3335804299481097,False,True
INV-200997,2026-02-19,2633,11788,4,7.0,58.52,9.75,14.63,39.0,19.520000000000003,0.33356117566643884,False,True
INV-200998,2026-06-26,2633,26827,1,0.75,18.75,12.5,18.75,12.5,6.25,0.3333333333333333,False,True
INV-200999,2026-07-06,5102,77779,8,3.0,96.8,11.0,12.1,88.0,8.799999999999997,0.09090909090909088,False,True
INV-201000,2026-07-14,2190,36308,14,14.0,94.5,4.5,6.75,63.0,31.5,0.3333333333333333,False,True
INV-201001,2026-03-20,4829,43336,10,7.5,123.8,8.25,12.38,82.5,41.3,0.33360258481421645,False,True
INV-201002,2026-04-07,2501,64866,5,3.75,187.45,24.99,37.49,124.94999999999999,62.5,0.3334222459322486,False,True
INV-201003,2026-06-28,2501,19067,19,14.25,512.81,17.99,26.99,341.80999999999995,171.0,0.33345683586513525,False,True
INV-201004,2026-06-04,3385,26827,1,0.75,18.75,12.5,18.75,12.5,6.25,0.3333333333333333,False,True
INV-201005,2026-02-01,2648,77779,1,0.38,12.1,11.0,12.1,11.0,1.0999999999999996,0.09090909090909088,False,True
INV-201006,2026-06-23,2501,11788,1,1.75,14.63,9.75,14.63,9.75,4.880000000000001,0.33356117566643884,False,True
INV-201007,2026-03-29,2190,77779,1,0.38,12.1,11.0,12.1,11.0,1.0999999999999996,0.09090909090909088,False,True
INV-201008,2026-07-15,2190,64866,2,1.5,74.98,24.99,37.49,49.98,25.000000000000007,0.3334222459322487,False,True
INV-201009,2026-05-11,2190,19067,1,0.75,26.99,17.99,26.99,17.99,9.0,0.33345683586513525,False,True
INV-201010,2026-02-07,5102,43336,3,2.25,37.14,8.25,12.38,24.75,12.39,0.3336025848142165,False,True
INV-201011,2026-04-21,2633,35918,3,5.25,40.47,8.99,13.49,26.97,13.5,0.3335804299481097,False,True
INV-201012,2026-05-11,5102,43336,7,5.25,86.66,8.25,12.38,57.75,28.909999999999997,0.33360258481421645,False,True
INV-201013,2026-02-20,2648,43336,-3,-2.25,-37.14,8.25,12.38,-24.75,-12.39,0.3336025848142165,True,True
INV-201014,2026-04-15,2190,19067,3,2.25,80.97,17.99,26.99,53.97,27.0,0.33345683586513525,False,True
INV-201015,2026-05-13,3385,11788,8,14.0,117.04,9.75,14.63,78.0,39.040000000000006,0.33356117566643884,False,True
INV-201016,2026-03-13,4829,43336,2,1.5,24.76,8.25,12.38,16.5,8.260000000000002,0.3336025848142165,False,True
INV-201017,2026-06-16,2633,26827,4,3.0,75.0,12.5,18.75,50.0,25.0,0.3333333333333333,False,True
INV-201018,2026-06-24,2501,64866,2,1.5,74.98,24.99,37.49,49.98,25.000000000000007,0.3334222459322487,False,True
INV-201019,2026-05-14,2648,36308,1,1.0,6.75,4.5,6.75,4.5,2.25,0.3333333333333333,False,True
INV-201020,2026-06-02,3385,19067,1,0.75,26.99,17.99,26.99,17.99,9.0,0.33345683586513525,False,True
INV-201021,2026-04-26,3385,19067,2,1.5,53.98,17.99,26.99,35.98,18.0,0.33345683586513525,False,True
INV-201022,2026-03-11,4829,36308,1,1.0,6.75,4.5,6.75,4.5,2.25,0.3333333333333333,False,True
INV-201023,2026-02-12,2633,35918,4,7.0,53.96,8.99,13.49,35.96,18.0,0.3335804299481097,False,True
INV-201024,2026-05-23,2190,43336,6,4.5,74.28,8.25,12.38,49.5,24.78,0.3336025848142165,False,True
INV-201025,2026-02-13,2648,26827,1,0.75,18.75,12.5,18.75,12.5,6.25,0.3333333333333333,False,True
INV-201026,2026-06-09,2501,35918,3,5.25,40.47,8.99,13.49,26.97,13.5,0.3335804299481097,False,True
INV-201027,2026-07-01,2648,11788,4,7.0,58.52,9.75,14.63,39.0,19.520000000000003,0.33356117566643884,False,True
INV-201028,2026-06-24,2501,11788,10,17.5,146.3,9.75,14.63,97.5,48.80000000000001,0.3335611756664389,False,True
INV-201029,2026-03-22,2190,35918,4,7.0,53.96,8.99,13.49,35.96,18.0,0.3335804299481097,False,True
INV-201030,2026-07-28,2190,36308,3,3.0,20.25,,6.75,,,,False,False
INV-201031,2026-04-15,2190,26827,3,2.25,56.25,12.5,18.75,37.5,18.75,0.3333333333333333,False,True
INV-201032,2026-07-21,2648,26827,3,2.25,56.25,12.5,18.75,37.5,18.75,0.3333333333333333,False,True
INV-201033,2026-03-27,2633,36308,4,4.0,27.0,4.5,6.75,18.0,9.0,0.3333333333333333,False,True
INV-201034,2026-03-21,3385,35918,1,1.75,13.49,8.99,13.49,8.99,4.5,0.3335804299481097,False,True
INV-201035,2026-06-15,4829,77779,4,1.5,48.4,11.0,12.1,44.0,4.399999999999999,0.09090909090909088,False,True
INV-201036,2026-04-05,2633,11788,3,5.25,43.89,9.75,14.63,29.25,14.64,0.33356117566643884,False,True
INV-201037,2026-02-20,5102,64866,1,0.75,37.49,24.99,37.49,24.99,12.500000000000004,0.3334222459322487,False,True
INV-201038,2026-03-29,2648,35918,3,5.25,40.47,8.99,13.49,26.97,13.5,0.3335804299481097,False,True
INV-201039,2026-02-06,5102,36308,2,2.0,13.5,4.5,6.75,9.0,4.5,0.3333333333333333,False,True
INV-201040,2026-06-03,2633,26827,8,6.0,150.0,12.5,18.75,100.0,50.0,0.3333333333333333,False,True
INV-201041,2026-05-10,5102,19067,1,0.75,26.99,17.99,26.99,17.99,9.0,0.33345683586513525,False,True
INV-201042,2026-02-20,5102,36308,3,3.0,20.25,4.5,6.75,13.5,6.75,0.3333333333333333,False,True
INV-201043,2026-05-20,3385,64866,1,0.75,37.49,24.99,37.49,24.99,12.500000000000004,0.3334222459322487,False,True
INV-201044,2026-05-15,4829,77779,9,3.38,108.9,11.0,12.1,99.0,9.900000000000006,0.09090909090909095,False,True
INV-201045,2026-05-22,2648,64866,1,0.75,37.49,24.99,37.49,24.99,12.500000000000004,0.3334222459322487,False,True
INV-201046,2026-04-28,2648,64866,1,0.75,37.49,24.99,37.49,24.99,12.500000000000004,0.3334222459322487,False,True
INV-201047,2026-02-06,5102,11788,4,7.0,58.52,9.75,14.63,39.0,19.520000000000003,0.33356117566643884,False,True
INV-201048,2026-03-14,2501,64866,1,0.75,37.49,24.99,37.49,24.99,12.500000000000004,0.3334222459322487,False,True
INV-201049,2026-06-06,2190,11788,3,5.25,43.89,9.75,14.63,29.25,14.64,0.33356117566643884,False,True
INV-201050,2026-06-21,5102,11788,1,1.75,14.63,9.75,14.63,9.75,4.880000000000001,0.33356117566643884,False,True
INV-201051,2026-07-12,2633,64866,2,1.5,74.98,24.99,37.49,49.98,25.000000000000007,0.3334222459322487,False,True
INV-201052,2026-07-12,2190,43336,2,1.5,24.76,8.25,12.38,16.5,8.260000000000002,0.3336025848142165,False,True
INV-201053,2026-07-08,3385,26827,10,7.5,187.5,12.5,18.75,125.0,62.5,0.3333333333333333,False,True
INV-201054,2026-02-12,5102,35918,2,3.5,26.98,8.99,13.49,17.98,9.0,0.3335804299481097,False,True
INV-201055,2026-05-01,5102,64866,4,3.0,149.96,24.99,37.49,99.96,50.000000000000014,0.3334222459322487,False,True
INV-201056,2026-05-26,4829,64866,2,1.5,74.98,24.99,37.49,49.98,25.000000000000007,0.3334222459322487,False,True
INV-201057,2026-07-04,2501,77779,7,2.62,84.7,11.0,12.1,77.0,7.700000000000003,0.09090909090909094,False,True
INV-201058,2026-03-16,2648,35918,2,3.5,26.98,8.99,13.49,17.98,9.0,0.3335804299481097,False,True
INV-201059,2026-04-24,2501,35918,1,1.75,13.49,8.99,13.49,8.99,4.5,0.3335804299481097,False,True
INV-201060,2026-05-01,5102,35918,1,1.75,13.49,8.99,13.49,8.99,4.5,0.3335804299481097,False,True
INV-201061,2026-07-19,3385,11788,1,1.75,14.63,9.75,14.63,9.75,4.880000000000001,0.33356117566643884,False,True
INV-201062,2026-07-02,2190,64866,4,3.0,149.96,24.99,37.49,99.96,50.000000000000014,0.3334222459322487,False,True
INV-201063,2026-06-30,2190,26827,5,3.75,93.75,12.5,18.75,62.5,31.25,0.3333333333333333,False,True
INV-201064,2026-03-31,2501,11788,2,3.5,29.26,9.75,14.63,19.5,9.760000000000002,0.33356117566643884,False,True
INV-201065,2026-06-25,5102,43336,13,9.75,160.94,8.25,12.38,107.25,53.69,0.33360258481421645,False,True
INV-201066,2026-02-13,2633,43336,10,7.5,123.8,8.25,12.38,82.5,41.3,0.33360258481421645,False,True
INV-201067,2026-03-24,2648,64866,2,1.5,74.98,24.99,37.49,49.98,25.000000000000007,0.3334222459322487,False,True
INV-201068,2026-03-11,2633,19067,7,5.25,188.93,17.99,26.99,125.92999999999999,63.000000000000014,0.3334568358651353,False,True
INV-201069,2026-02-08,5102,36308,1,1.0,6.75,4.5,6.75,4.5,2.25,0.3333333333333333,False,True
INV-201070,2026-05-30,2190,26827,6,4.5,112.5,12.5,18.75,75.0,37.5,0.3333333333333333,False,True
INV-201071,2026-05-18,2648,43336,2,1.5,24.76,8.25,12.38,16.5,8.260000000000002,0.3336025848142165,False,True
INV-201072,2026-03-20,2501,77779,6,2.25,72.6,11.0,12.1,66.0,6.599999999999994,0.09090909090909084,False,True
INV-201073,2026-05-26,5102,26827,4,3.0,75.0,12.5,18.75,50.0,25.0,0.3333333333333333,False,True
INV-201074,2026-02-07,3385,64866,1,0.75,37.49,24.99,37.49,24.99,12.500000000000004,0.3334222459322487,False,True
INV-201075,2026-06-18,2633,77779,4,1.5,48.4,11.0,12.1,44.0,4.399999999999999,0.09090909090909088,False,True
INV-201076,2026-04-12,2501,19067,1,0.75,26.99,17.99,26.99,17.99,9.0,0.33345683586513525,False,True
INV-201077,2026-02-24,2633,11788,1,1.75,14.63,9.75,14.63,9.75,4.880000000000001,0.33356117566643884,False,True
INV-201078,2026-03-02,4829,77779,3,1.12,36.3,11.0,12.1,33.0,3.299999999999997,0.09090909090909084,False,True
INV-201079,2026-07-25,4829,64866,1,0.75,37.49,24.99,37.49,24.99,12.500000000000004,0.3334222459322487,False,True
INV-201080,2026-02-21,4829,64866,2,1.5,74.98,24.99,37.49,49.98,25.000000000000007,0.3334222459322487,False,True
INV-201081,2026-05-14,4829,19067,2,1.5,53.98,17.99,26.99,35.98,18.0,0.33345683586513525,False,True
INV-201082,2026-03-21,2190,35918,13,22.75,175.37,8.99,13.49,116.87,58.5,0.3335804299481097,False,True
INV-201083,2026-06-25,4829,77779,2,0.75,24.2,11.0,12.1,22.0,2.1999999999999993,0.09090909090909088,False,True
INV-201084,2026-07-10,4829,35918,1,1.75,13.49,8.99,13.49,8.99,4.5,0.3335804299481097,False,True
INV-201085,2026-05-27,2190,43336,1,0.75,12.38,8.25,12.38,8.25,4.130000000000001,0.3336025848142165,False,True
INV-201086,2026-05-31,4829,26827,2,1.5,37.5,12.5,18.75,25.0,12.5,0.3333333333333333,False,True
INV-201087,2026-05-30,2501,19067,10,7.5,269.9,17.99,26.99,179.89999999999998,90.0,0.33345683586513525,False,True
INV-201088,2026-07-13,2633,64866,5,3.75,187.45,,37.49,,,,False,False
INV-201089,2026-05-24,2633,35918,5,8.75,67.45,8.99,13.49,44.95,22.5,0.3335804299481097,False,True
INV-201090,2026-07-05,3385,43336,6,4.5,74.28,8.25,12.38,49.5,24.78,0.3336025848142165,False,True
INV-201091,2026-07-06,4829,43336,4,3.0,49.52,8.25,12.38,33.0,16.520000000000003,0.3336025848142165,False,True
INV-201092,2026-03-07,2648,26827,3,2.25,56.25,12.5,18.75,37.5,18.75,0.3333333333333333,False,True
INV-201093,2026-05-22,3385,11788,17,29.75,248.71,9.75,14.63,165.75,82.96000000000001,0.33356117566643884,False,True
INV-201094,2026-03-13,2648,36308,11,11.0,74.25,,6.75,,,,False,False
INV-201095,2026-03-12,2501,35918,4,7.0,53.96,8.99,13.49,35.96,18.0,0.3335804299481097,False,True
INV-201096,2026-04-25,2633,11788,1,1.75,14.63,9.75,14.63,9.75,4.880000000000001,0.33356117566643884,False,True
INV-201097,2026-03-16,4829,26827,1,0.75,18.75,12.5,18.75,12.5,6.25,0.3333333333333333,False,True
INV-201098,2026-04-20,2648,26827,9,6.75,168.75,12.5,18.75,112.5,56.25,0.3333333333333333,False,True
INV-201099,2026-04-29,2633,43336,2,1.5,24.76,8.25,12.38,16.5,8.260000000000002,0.3336025848142165,False,True
INV-201100,2026-03-17,2501,77779,2,0.75,24.2,11.0,12.1,22.0,2.1999999999999993,0.09090909090909088,False,True
INV-201101,2026-06-09,2501,11788,1,1.75,14.63,9.75,14.63,9.75,4.880000000000001,0.33356117566643884,False,True
INV-201102,2026-07-28,3385,36308,2,2.0,13.5,4.5,6.75,9.0,4.5,0.3333333333333333,False,True
INV-201103,2026-02-24,2190,19067,10,7.5,269.9,17.99,26.99,179.89999999999998,90.0,0.33345683586513525,False,True
INV-201104,2026-05-08,5102,35918,4,7.0,53.96,8.99,13.49,35.96,18.0,0.3335804299481097,False,True
INV-201105,2026-06-10,2648,11788,5,8.75,73.15,9.75,14.63,48.75,24.400000000000006,0.3335611756664389,False,True
INV-201106,2026-05-04,4829,35918,6,10.5,80.94,8.99,13.49,53.94,27.0,0.3335804299481097,False,True
INV-201107,2026-05-17,2633,64866,1,0.75,37.49,24.99,37.49,24.99,12.500000000000004,0.3334222459322487,False,True
INV-201108,2026-03-01,5102,77779,1,0.38,12.1,11.0,12.1,11.0,1.0999999999999996,0.09090909090909088,False,True
INV-201109,2026-02-01,2648,64866,11,8.25,412.39,24.99,37.49,274.89,137.5,0.3334222459322486,False,True
INV-201110,2026-03-31,2648,26827,1,0.75,18.75,12.5,18.75,12.5,6.25,0.3333333333333333,False,True
INV-201111,2026-07-22,2633,26827,2,1.5,37.5,12.5,18.75,25.0,12.5,0.3333333333333333,False,True
INV-201112,2026-06-04,3385,43336,2,1.5,24.76,8.25,12.38,16.5,8.260000000000002,0.3336025848142165,False,True
INV-201113,2026-05-31,5102,77779,15,5.62,181.5,11.0,12.1,165.0,16.5,0.09090909090909091,False,True
INV-201114,2026-07-05,2648,36308,1,1.0,6.75,4.5,6.75,4.5,2.25,0.3333333333333333,False,True
INV-201115,2026-07-12,2501,19067,1,0.75,26.99,17.99,26.99,17.99,9.0,0.33345683586513525,False,True
INV-201116,2026-03-16,2190,43336,4,3.0,49.52,8.25,12.38,33.0,16.520000000000003,0.3336025848142165,False,True
INV-201117,2026-03-03,5102,26827,1,0.75,18.75,12.5,18.75,12.5,6.25,0.3333333333333333,False,True
INV-201118,2026-05-14,2190,77779,17,6.38,205.7,11.0,12.1,187.0,18.69999999999999,0.09090909090909086,False,True
INV-201119,2026-05-21,5102,19067,15,11.25,404.85,17.99,26.99,269.84999999999997,135.00000000000006,0.33345683586513536,False,True
INV-201120,2026-02-12,2190,36308,18,18.0,121.5,4.5,6.75,81.0,40.5,0.3333333333333333,False,True
INV-201121,2026-06-06,2633,26827,15,11.25,281.25,12.5,18.75,187.5,93.75,0.3333333333333333,False,True
INV-201122,2026-03-20,2648,64866,1,0.75,37.49,24.99,37.49,24.99,12.500000000000004,0.3334222459322487,False,True
INV-201123,2026-06-27,2501,64866,1,0.75,37.49,24.99,37.49,24.99,12.500000000000004,0.3334222459322487,False,True
INV-201124,2026-06-20,2501,43336,5,3.75,61.9,8.25,12.38,41.25,20.65,0.33360258481421645,False,True
INV-201125,2026-03-22,2501,19067,1,0.75,26.99,17.99,26.99,17.99,9.0,0.33345683586513525,False,True
INV-201126,2026-06-03,2501,36308,1,1.0,6.75,4.5,6.75,4.5,2.25,0.3333333333333333,False,True
INV-201127,2026-06-29,2501,35918,4,7.0,53.96,8.99,13.49,35.96,18.0,0.3335804299481097,False,True
INV-201128,2026-03-19,3385,26827,9,6.75,168.75,12.5,18.75,112.5,56.25,0.3333333333333333,False,True
INV-201129,2026-04-19,5102,77779,1,0.38,12.1,11.0,12.1,11.0,1.0999999999999996,0.09090909090909088,False,True
INV-201130,2026-06-20,2648,77779,6,2.25,72.6,11.0,12.1,66.0,6.599999999999994,0.09090909090909084,False,True
INV-201131,2026-06-20,2501,36308,11,11.0,74.25,4.5,6.75,49.5,24.75,0.3333333333333333,False,True
INV-201132,2026-02-12,5102,26827,2,1.5,37.5,12.5,18.75,25.0,12.5,0.3333333333333333,False,True
INV-201133,2026-06-15,5102,77779,8,3.0,96.8,11.0,12.1,88.0,8.799999999999997,0.09090909090909088,False,True
INV-201134,2026-05-21,5102,19067,6,4.5,161.94,17.99,26.99,107.94,54.0,0.33345683586513525,False,True
INV-201135,2026-07-02,2190,77779,8,3.0,96.8,,12.1,,,,False,False
INV-201136,2026-07-20,2648,19067,2,1.5,53.98,17.99,26.99,35.98,18.0,0.33345683586513525,False,True
INV-201137,2026-02-06,4829,77779,3,1.12,36.3,11.0,12.1,33.0,3.299999999999997,0.09090909090909084,False,True
INV-201138,2026-04-13,3385,43336,1,0.75,12.38,8.25,12.38,8.25,4.130000000000001,0.3336025848142165,False,True
INV-201139,2026-05-12,2190,35918,2,3.5,26.98,8.99,13.49,17.98,9.0,0.3335804299481097,False,True
INV-201140,2026-05-02,4829,35918,8,14.0,107.92,8.99,13.49,71.92,36.0,0.3335804299481097,False,True
INV-201141,2026-07-10,3385,36308,8,8.0,54.0,4.5,6.75,36.0,18.0,0.3333333333333333,False,True
INV-201142,2026-04-24,2633,35918,3,5.25,40.47,8.99,13.49,26.97,13.5,0.3335804299481097,False,True
INV-201143,2026-05-12,2633,19067,8,6.0,215.92,17.99,26.99,143.92,72.0,0.33345683586513525,False,True
INV-201144,2026-04-01,5102,11788,2,3.5,29.26,9.75,14.63,19.5,9.760000000000002,0.33356117566643884,False,True
INV-201145,2026-02-25,2501,26827,1,0.75,18.75,12.5,18.75,12.5,6.25,0.3333333333333333,False,True
INV-201146,2026-04-17,2501,36308,3,3.0,20.25,4.5,6.75,13.5,6.75,0.3333333333333333,False,True
INV-201147,2026-02-12,2190,26827,1,0.75,18.75,12.5,18.75,12.5,6.25,0.3333333333333333,False,True
INV-201148,2026-05-02,2190,11788,1,1.75,14.63,9.75,14.63,9.75,4.880000000000001,0.33356117566643884,False,True
INV-201149,2026-05-12,4829,64866,1,0.75,37.49,24.99,37.49,24.99,12.500000000000004,0.3334222459322487,False,True
INV-201150,2026-07-17,5102,77779,3,1.12,36.3,11.0,12.1,33.0,3.299999999999997,0.09090909090909084,False,True
INV-201151,2026-04-07,2648,43336,7,5.25,86.66,8.25,12.38,57.75,28.909999999999997,0.33360258481421645,False,True
INV-201152,2026-03-10,2633,64866,1,0.75,37.49,24.99,37.49,24.99,12.500000000000004,0.3334222459322487,False,True
INV-201153,2026-07-14,3385,26827,14,10.5,262.5,12.5,18.75,175.0,87.5,0.3333333333333333,False,True
INV-201154,2026-06-08,2633,19067,4,3.0,107.96,17.99,26.99,71.96,36.0,0.33345683586513525,False,True
INV-201155,2026-06-05,2648,19067,5,3.75,134.95,17.99,26.99,89.94999999999999,45.0,0.33345683586513525,False,True
INV-201156,2026-02-06,2633,77779,3,1.12,36.3,11.0,12.1,33.0,3.299999999999997,0.09090909090909084,False,True
INV-201157,2026-02-23,3385,43336,3,2.25,37.14,8.25,12.38,24.75,12.39,0.3336025848142165,False,True
INV-201158,2026-07-03,2190,26827,2,1.5,37.5,12.5,18.75,25.0,12.5,0.3333333333333333,False,True
INV-201159,2026-04-28,2633,36308,1,1.0,6.75,4.5,6.75,4.5,2.25,0.3333333333333333,False,True
INV-201160,2026-05-03,2648,11788,1,1.75,14.63,9.75,14.63,9.75,4.880000000000001,0.33356117566643884,False,True
INV-201161,2026-05-07,2648,11788,1,1.75,14.63,9.75,14.63,9.75,4.880000000000001,0.33356117566643884,False,True
INV-201162,2026-03-07,4829,26827,8,6.0,150.0,12.5,18.75,100.0,50.0,0.3333333333333333,False,True
INV-201163,2026-04-03,2648,36308,1,1.0,6.75,4.5,6.75,4.5,2.25,0.3333333333333333,False,True
INV-201164,2026-05-17,2501,64866,2,1.5,74.98,24.99,37.49,49.98,25.000000000000007,0.3334222459322487,False,True
INV-201165,2026-03-04,2633,19067,1,0.75,26.99,17.99,26.99,17.99,9.0,0.33345683586513525,False,True
INV-201166,2026-07-19,2633,64866,1,0.75,37.49,24.99,37.49,24.99,12.500000000000004,0.3334222459322487,False,True
INV-201167,2026-02-10,5102,35918,3,5.25,40.47,,13.49,,,,False,False
INV-201168,2026-07-15,2190,43336,1,0.75,12.38,8.25,12.38,8.25,4.130000000000001,0.3336025848142165,False,True
INV-201169,2026-05-19,4829,64866,1,0.75,37.49,24.99,37.49,24.99,12.500000000000004,0.3334222459322487,False,True
INV-201170,2026-06-22,4829,26827,1,0.75,18.75,12.5,18.75,12.5,6.25,0.3333333333333333,False,True
INV-201171,2026-07-11,5102,36308,1,1.0,6.75,4.5,6.75,4.5,2.25,0.3333333333333333,False,True
INV-201172,2026-07-14,2501,43336,1,0.75,12.38,8.25,12.38,8.25,4.130000000000001,0.3336025848142165,False,True
INV-201173,2026-03-11,2190,77779,1,0.38,12.1,11.0,12.1,11.0,1.0999999999999996,0.09090909090909088,False,True
INV-201174,2026-07-19,2633,64866,8,6.0,299.92,24.99,37.49,199.92,100.00000000000003,0.3334222459322487,False,True
INV-201175,2026-03-25,4829,64866,2,1.5,74.98,24.99,37.49,49.98,25.000000000000007,0.3334222459322487,False,True
INV-201176,2026-05-29,2648,36308,1,1.0,6.75,4.5,6.75,4.5,2.25,0.3333333333333333,False,True
INV-201177,2026-05-09,2501,77779,1,0.38,12.1,11.0,12.1,11.0,1.0999999999999996,0.09090909090909088,False,True
INV-201178,2026-04-14,5102,43336,1,0.75,12.38,8.25,12.38,8.25,4.130000000000001,0.3336025848142165,False,True
INV-201179,2026-04-25,2648,36308,6,6.0,40.5,4.5,6.75,27.0,13.5,0.3333333333333333,False,True
INV-201180,2026-01-30,2501,35918,1,1.75,13.49,8.99,13.49,8.99,4.5,0.3335804299481097,False,True
INV-201181,2026-05-04,2633,43336,1,0.75,12.38,8.25,12.38,8.25,4.130000000000001,0.3336025848142165,False,True
INV-201182,2026-03-08,5102,11788,3,5.25,43.89,9.75,14.63,29.25,14.64,0.33356117566643884,False,True
INV-201183,2026-07-18,3385,43336,1,0.75,12.38,8.25,12.38,8.25,4.130000000000001,0.3336025848142165,False,True
INV-201184,2026-06-07,4829,35918,1,1.75,13.49,8.99,13.49,8.99,4.5,0.3335804299481097,False,True
INV-201185,2026-04-06,3385,64866,1,0.75,37.49,24.99,37.49,24.99,12.500000000000004,0.3334222459322487,False,True
INV-201186,2026-06-26,5102,77779,8,3.0,96.8,11.0,12.1,88.0,8.799999999999997,0.09090909090909088,False,True
INV-201187,2026-04-24,2501,36308,12,12.0,81.0,4.5,6.75,54.0,27.0,0.3333333333333333,False,True
INV-201188,2026-04-28,2648,77779,5,1.88,60.5,11.0,12.1,55.0,5.5,0.09090909090909091,False,True
INV-201189,2026-05-21,3385,11788,13,22.75,190.19,9.75,14.63,126.75,63.44,0.33356117566643884,False,True
INV-201190,2026-02-03,2190,11788,3,5.25,43.89,9.75,14.63,29.25,14.64,0.33356117566643884,False,True
INV-201191,2026-07-09,2648,19067,2,1.5,53.98,17.99,26.99,35.98,18.0,0.33345683586513525,False,True
INV-201192,2026-04-08,2633,64866,1,0.75,37.49,24.99,37.49,24.99,12.500000000000004,0.3334222459322487,False,True
INV-201193,2026-03-17,2190,36308,4,4.0,27.0,4.5,6.75,18.0,9.0,0.3333333333333333,False,True
INV-201194,2026-07-15,2633,26827,9,6.75,168.75,12.5,18.75,112.5,56.25,0.3333333333333333,False,True
INV-201195,2026-03-17,3385,19067,4,3.0,107.96,17.99,26.99,71.96,36.0,0.33345683586513525,False,True
INV-201196,2026-02-25,3385,19067,5,3.75,134.95,17.99,26.99,89.94999999999999,45.0,0.33345683586513525,False,True
INV-201197,2026-04-21,2501,77779,1,0.38,12.1,11.0,12.1,11.0,1.0999999999999996,0.09090909090909088,False,True
INV-201198,2026-05-24,2633,64866,3,2.25,112.47,24.99,37.49,74.97,37.5,0.3334222459322486,False,True
INV-201199,2026-05-06,2648,11788,10,17.5,146.3,9.75,14.63,97.5,48.80000000000001,0.3335611756664389,False,True
INV-201200,2026-01-31,2633,77779,5,1.88,60.5,11.0,12.1,55.0,5.5,0.09090909090909091,False,True
INV-201201,2026-02-07,2633,77779,8,3.0,96.8,11.0,12.1,88.0,8.799999999999997,0.09090909090909088,False,True
INV-201202,2026-05-11,2633,36308,3,3.0,20.25,4.5,6.75,13.5,6.75,0.3333333333333333,False,True
INV-201203,2026-07-22,4829,64866,14,10.5,524.86,24.99,37.49,349.85999999999996,175.00000000000006,0.3334222459322487,False,True
INV-201204,2026-06-28,2501,26827,6,4.5,112.5,12.5,18.75,75.0,37.5,0.3333333333333333,False,True
INV-201205,2026-02-04,2633,11788,4,7.0,58.52,9.75,14.63,39.0,19.520000000000003,0.33356117566643884,False,True
INV-201206,2026-03-06,2501,11788,1,1.75,14.63,9.75,14.63,9.75,4.880000000000001,0.33356117566643884,False,True
INV-201207,2026-05-27,2648,64866,2,1.5,74.98,24.99,37.49,49.98,25.000000000000007,0.3334222459322487,False,True
INV-201208,2026-03-16,2190,43336,2,1.5,24.76,8.25,12.38,16.5,8.260000000000002,0.3336025848142165,False,True
INV-201209,2026-06-27,4829,64866,5,3.75,187.45,24.99,37.49,124.94999999999999,62.5,0.3334222459322486,False,True
INV-201210,2026-03-20,2633,64866,4,3.0,149.96,24.99,37.49,99.96,50.000000000000014,0.3334222459322487,False,True
INV-201211,2026-07-26,5102,36308,1,1.0,6.75,4.5,6.75,4.5,2.25,0.3333333333333333,False,True
INV-201212,2026-07-12,4829,11788,3,5.25,43.89,9.75,14.63,29.25,14.64,0.33356117566643884,False,True
INV-201213,2026-06-24,5102,11788,1,1.75,14.63,9.75,14.63,9.75,4.880000000000001,0.33356117566643884,False,True
INV-201214,2026-06-19,5102,43336,2,1.5,24.76,8.25,12.38,16.5,8.260000000000002,0.3336025848142165,False,True
INV-201215,2026-04-02,2633,77779,1,0.38,12.1,11.0,12.1,11.0,1.0999999999999996,0.09090909090909088,False,True
INV-201216,2026-02-17,3385,35918,3,5.25,40.47,8.99,13.49,26.97,13.5,0.3335804299481097,False,True
INV-201217,2026-03-12,5102,19067,1,0.75,26.99,17.99,26.99,17.99,9.0,0.33345683586513525,False,True
INV-201218,2026-03-07,3385,77779,4,1.5,48.4,11.0,12.1,44.0,4.399999999999999,0.09090909090909088,False,True
INV-201219,2026-02-21,2501,26827,1,0.75,18.75,12.5,18.75,12.5,6.25,0.3333333333333333,False,True
INV-201220,2026-04-19,5102,43336,1,0.75,12.38,8.25,12.38,8.25,4.130000000000001,0.3336025848142165,False,True
INV-201221,2026-06-15,4829,26827,2,1.5,37.5,12.5,18.75,25.0,12.5,0.3333333333333333,False,True
INV-201222,2026-07-04,3385,19067,1,0.75,26.99,17.99,26.99,17.99,9.0,0.33345683586513525,False,True
INV-201223,2026-05-10,2501,11788,1,1.75,14.63,9.75,14.63,9.75,4.880000000000001,0.33356117566643884,False,True
INV-201224,2026-05-26,2190,77779,8,3.0,96.8,11.0,12.1,88.0,8.799999999999997,0.09090909090909088,False,True
INV-201225,2026-04-01,5102,77779,1,0.38,12.1,11.0,12.1,11.0,1.0999999999999996,0.09090909090909088,False,True
INV-201226,2026-04-22,2633,11788,8,14.0,117.04,9.75,14.63,78.0,39.040000000000006,0.33356117566643884,False,True
INV-201227,2026-07-08,2190,19067,6,4.5,161.94,17.99,26.99,107.94,54.0,0.33345683586513525,False,True
INV-201228,2026-03-30,2501,11788,5,8.75,73.15,9.75,14.63,48.75,24.400000000000006,0.3335611756664389,False,True
INV-201229,2026-02-24,4829,35918,1,1.75,13.49,8.99,13.49,8.99,4.5,0.3335804299481097,False,True
INV-201230,2026-04-05,2633,36308,8,8.0,54.0,4.5,6.75,36.0,18.0,0.3333333333333333,False,True
INV-201231,2026-07-01,3385,26827,1,0.75,18.75,12.5,18.75,12.5,6.25,0.3333333333333333,False,True
INV-201232,2026-05-14,2501,26827,1,0.75,18.75,12.5,18.75,12.5,6.25,0.3333333333333333,False,True
INV-201233,2026-07-16,4829,26827,3,2.25,56.25,12.5,18.75,37.5,18.75,0.3333333333333333,False,True
INV-201234,2026-05-02,2190,77779,1,0.38,12.1,11.0,12.1,11.0,1.0999999999999996,0.09090909090909088,False,True
INV-201235,2026-04-05,5102,77779,1,0.38,12.1,11.0,12.1,11.0,1.0999999999999996,0.09090909090909088,False,True
INV-201236,2026-05-19,2648,35918,8,14.0,107.92,8.99,13.49,71.92,36.0,0.3335804299481097,False,True
INV-201237,2026-04-11,4829,19067,10,7.5,269.9,17.99,26.99,179.89999999999998,90.0,0.33345683586513525,False,True
INV-201238,2026-07-02,2648,36308,3,3.0,20.25,4.5,6.75,13.5,6.75,0.3333333333333333,False,True
INV-201239,2026-03-30,2648,36308,1,1.0,6.75,4.5,6.75,4.5,2.25,0.3333333333333333,False,True
INV-201240,2026-03-15,2501,36308,2,2.0,13.5,4.5,6.75,9.0,4.5,0.3333333333333333,False,True
INV-201241,2026-06-09,5102,35918,1,1.75,13.49,8.99,13.49,8.99,4.5,0.3335804299481097,False,True
INV-201242,2026-04-19,2633,43336,1,0.75,12.38,8.25,12.38,8.25,4.130000000000001,0.3336025848142165,False,True
INV-201243,2026-02-20,2190,36308,3,3.0,20.25,4.5,6.75,13.5,6.75,0.3333333333333333,False,True
INV-201244,2026-06-27,2633,64866,5,3.75,187.45,24.99,37.49,124.94999999999999,62.5,0.3334222459322486,False,True
INV-201245,2026-03-24,2501,19067,1,0.75,26.99,17.99,26.99,17.99,9.0,0.33345683586513525,False,True
INV-201246,2026-06-18,4829,36308,1,1.0,6.75,4.5,6.75,4.5,2.25,0.3333333333333333,False,True
INV-201247,2026-03-01,2501,43336,4,3.0,49.52,8.25,12.38,33.0,16.520000000000003,0.3336025848142165,False,True
INV-201248,2026-02-13,2190,77779,1,0.38,12.1,11.0,12.1,11.0,1.0999999999999996,0.09090909090909088,False,True
INV-201249,2026-05-03,2648,19067,3,2.25,80.97,17.99,26.99,53.97,27.0,0.33345683586513525,False,True
INV-201250,2026-04-07,4829,43336,11,8.25,136.18,8.25,12.38,90.75,45.43000000000001,0.3336025848142165,False,True
INV-201251,2026-04-24,3385,77779,-1,-0.38,-12.1,11.0,12.1,-11.0,-1.0999999999999996,0.09090909090909088,True,True
INV-201252,2026-02-15,2501,26827,1,0.75,18.75,12.5,18.75,12.5,6.25,0.3333333333333333,False,True
INV-201253,2026-07-06,4829,26827,3,2.25,56.25,12.5,18.75,37.5,18.75,0.3333333333333333,False,True
INV-201254,2026-06-15,2633,43336,1,0.75,12.38,8.25,12.38,8.25,4.130000000000001,0.3336025848142165,False,True
INV-201255,2026-06-13,3385,64866,1,0.75,37.49,24.99,37.49,24.99,12.500000000000004,0.3334222459322487,False,True
INV-201256,2026-07-10,2501,11788,2,3.5,29.26,9.75,14.63,19.5,9.760000000000002,0.33356117566643884,False,True
INV-201257,2026-05-24,2633,26827,6,4.5,112.5,12.5,18.75,75.0,37.5,0.3333333333333333,False,True
INV-201258,2026-04-13,2648,35918,1,1.75,13.49,8.99,13.49,8.99,4.5,0.3335804299481097,False,True
INV-201259,2026-06-04,2633,64866,1,0.75,37.49,24.99,37.49,24.99,12.500000000000004,0.3334222459322487,False,True
INV-201260,2026-07-21,4829,19067,1,0.75,26.99,17.99,26.99,17.99,9.0,0.33345683586513525,False,True
INV-201261,2026-03-01,5102,26827,1,0.75,18.75,12.5,18.75,12.5,6.25,0.3333333333333333,False,True
INV-201262,2026-03-29,5102,35918,3,5.25,40.47,8.99,13.49,26.97,13.5,0.3335804299481097,False,True
INV-201263,2026-05-06,4829,36308,1,1.0,6.75,4.5,6.75,4.5,2.25,0.3333333333333333,False,True
INV-201264,2026-03-21,3385,43336,2,1.5,24.76,8.25,12.38,16.5,8.260000000000002,0.3336025848142165,False,True
INV-201265,2026-03-22,2501,26827,1,0.75,18.75,12.5,18.75,12.5,6.25,0.3333333333333333,False,True
INV-201266,2026-03-15,5102,77779,1,0.38,12.1,11.0,12.1,11.0,1.0999999999999996,0.09090909090909088,False,True
INV-201267,2026-02-24,4829,26827,10,7.5,187.5,12.5,18.75,125.0,62.5,0.3333333333333333,False,True
INV-201268,2026-05-17,2633,77779,1,0.38,12.1,11.0,12.1,11.0,1.0999999999999996,0.09090909090909088,False,True
INV-201269,2026-05-05,2501,64866,11,8.25,412.39,24.99,37.49,274.89,137.5,0.3334222459322486,False,True
INV-201270,2026-02-01,2501,19067,3,2.25,80.97,17.99,26.99,53.97,27.0,0.33345683586513525,False,True
INV-201271,2026-05-17,2648,43336,14,10.5,173.32,8.25,12.38,115.5,57.81999999999999,0.33360258481421645,False,True
INV-201272,2026-03-30,2501,35918,3,5.25,40.47,8.99,13.49,26.97,13.5,0.3335804299481097,False,True
INV-201273,2026-07-11,4829,35918,4,7.0,53.96,8.99,13.49,35.96,18.0,0.3335804299481097,False,True
INV-201274,2026-04-04,2190,35918,1,1.75,13.49,8.99,13.49,8.99,4.5,0.3335804299481097,False,True
INV-201275,2026-06-26,3385,36308,3,3.0,20.25,4.5,6.75,13.5,6.75,0.3333333333333333,False,True
INV-201276,2026-03-20,4829,35918,5,8.75,67.45,8.99,13.49,44.95,22.5,0.3335804299481097,False,True
INV-201277,2026-03-28,2501,35918,21,36.75,283.29,8.99,13.49,188.79,94.50000000000003,0.33358042994810977,False,True
INV-201278,2026-03-29,5102,43336,1,0.75,12.38,8.25,12.38,8.25,4.130000000000001,0.3336025848142165,False,True
INV-201279,2026-05-12,2501,35918,6,10.5,80.94,8.99,13.49,53.94,27.0,0.3335804299481097,False,True
INV-201280,2026-04-30,2501,35918,1,1.75,13.49,8.99,13.49,8.99,4.5,0.3335804299481097,False,True
INV-201281,2026-07-10,3385,11788,16,28.0,234.08,9.75,14.63,156.0,78.08000000000001,0.33356117566643884,False,True
INV-201282,2026-07-09,2648,43336,2,1.5,24.76,8.25,12.38,16.5,8.260000000000002,0.3336025848142165,False,True
INV-201283,2026-03-12,5102,19067,6,4.5,161.94,17.99,26.99,107.94,54.0,0.33345683586513525,False,True
INV-201284,2026-07-12,5102,64866,6,4.5,224.94,24.99,37.49,149.94,75.0,0.3334222459322486,False,True
INV-201285,2026-07-01,2190,26827,5,3.75,93.75,12.5,18.75,62.5,31.25,0.3333333333333333,False,True
INV-201286,2026-03-20,3385,64866,1,0.75,37.49,24.99,37.49,24.99,12.500000000000004,0.3334222459322487,False,True
INV-201287,2026-02-16,3385,36308,2,2.0,13.5,4.5,6.75,9.0,4.5,0.3333333333333333,False,True
INV-201288,2026-04-08,2648,26827,6,4.5,112.5,12.5,18.75,75.0,37.5,0.3333333333333333,False,True
INV-201289,2026-03-04,2648,26827,2,1.5,37.5,12.5,18.75,25.0,12.5,0.3333333333333333,False,True
INV-201290,2026-03-27,2648,64866,4,3.0,149.96,24.99,37.49,99.96,50.000000000000014,0.3334222459322487,False,True
INV-201291,2026-05-16,2633,64866,1,0.75,37.49,24.99,37.49,24.99,12.500000000000004,0.3334222459322487,False,True
INV-201292,2026-03-07,5102,77779,3,1.12,36.3,11.0,12.1,33.0,3.299999999999997,0.09090909090909084,False,True
INV-201293,2026-06-14,2633,36308,1,1.0,6.75,,6.75,,,,False,False
INV-201294,2026-06-16,5102,43336,6,4.5,74.28,8.25,12.38,49.5,24.78,0.3336025848142165,False,True
INV-201295,2026-03-21,2648,64866,5,3.75,187.45,24.99,37.49,124.94999999999999,62.5,0.3334222459322486,False,True
INV-201296,2026-02-05,2633,64866,1,0.75,37.49,24.99,37.49,24.99,12.500000000000004,0.3334222459322487,False,True
INV-201297,2026-02-02,2190,11788,1,1.75,14.63,9.75,14.63,9.75,4.880000000000001,0.33356117566643884,False,True
INV-201298,2026-02-03,2501,26827,2,1.5,37.5,12.5,18.75,25.0,12.5,0.3333333333333333,False,True
INV-201299,2026-05-29,4829,64866,4,3.0,149.96,24.99,37.49,99.96,50.000000000000014,0.3334222459322487,False,True
INV-201300,2026-03-07,5102,36308,2,2.0,13.5,4.5,6.75,9.0,4.5,0.3333333333333333,False,True
INV-201301,2026-05-05,3385,77779,1,0.38,12.1,11.0,12.1,11.0,1.0999999999999996,0.09090909090909088,False,True
INV-201302,2026-04-10,2190,77779,1,0.38,12.1,11.0,12.1,11.0,1.0999999999999996,0.09090909090909088,False,True
INV-201303,2026-06-15,2190,19067,9,6.75,242.91,17.99,26.99,161.91,81.0,0.33345683586513525,False,True
INV-201304,2026-02-20,2648,64866,1,0.75,37.49,24.99,37.49,24.99,12.500000000000004,0.3334222459322487,False,True
INV-201305,2026-07-12,5102,35918,21,36.75,283.29,8.99,13.49,188.79,94.50000000000003,0.33358042994810977,False,True
INV-201306,2026-07-28,2648,26827,9,6.75,168.75,12.5,18.75,112.5,56.25,0.3333333333333333,False,True
INV-201307,2026-05-17,5102,43336,4,3.0,49.52,8.25,12.38,33.0,16.520000000000003,0.3336025848142165,False,True
INV-201308,2026-07-25,2501,43336,-2,-1.5,-24.76,8.25,12.38,-16.5,-8.260000000000002,0.3336025848142165,True,True
INV-201309,2026-06-01,2633,19067,2,1.5,53.98,17.99,26.99,35.98,18.0,0.33345683586513525,False,True
INV-201310,2026-03-24,4829,43336,1,0.75,12.38,8.25,12.38,8.25,4.130000000000001,0.3336025848142165,False,True
INV-201311,2026-03-16,2190,19067,3,2.25,80.97,17.99,26.99,53.97,27.0,0.33345683586513525,False,True
INV-201312,2026-02-20,2501,35918,17,29.75,229.33,8.99,13.49,152.83,76.5,0.3335804299481097,False,True
INV-201313,2026-04-03,2501,11788,4,7.0,58.52,9.75,14.63,39.0,19.520000000000003,0.33356117566643884,False,True
INV-201314,2026-02-22,2190,19067,4,3.0,107.96,17.99,26.99,71.96,36.0,0.33345683586513525,False,True
INV-201315,2026-03-24,2501,19067,2,1.5,53.98,17.99,26.99,35.98,18.0,0.33345683586513525,False,True
INV-201316,2026-05-25,2633,36308,2,2.0,13.5,4.5,6.75,9.0,4.5,0.3333333333333333,False,True
INV-201317,2026-07-14,2648,35918,1,1.75,13.49,8.99,13.49,8.99,4.5,0.3335804299481097,False,True
INV-201318,2026-07-08,2501,19067,1,0.75,26.99,17.99,26.99,17.99,9.0,0.33345683586513525,False,True
INV-201319,2026-07-14,5102,35918,7,12.25,94.43,8.99,13.49,62.93,31.500000000000007,0.33358042994810977,False,True
INV-201320,2026-07-24,4829,77779,39,14.62,471.9,11.0,12.1,429.0,42.89999999999998,0.09090909090909087,False,True
INV-201321,2026-06-24,2648,77779,1,0.38,12.1,11.0,12.1,11.0,1.0999999999999996,0.09090909090909088,False,True
INV-201322,2026-03-11,2633,43336,10,7.5,123.8,8.25,12.38,82.5,41.3,0.33360258481421645,False,True
INV-201323,2026-03-10,3385,26827,1,0.75,18.75,12.5,18.75,12.5,6.25,0.3333333333333333,False,True
INV-201324,2026-07-16,5102,19067,4,3.0,107.96,17.99,26.99,71.96,36.0,0.33345683586513525,False,True
INV-201325,2026-06-14,2648,36308,6,6.0,40.5,,6.75,,,,False,False
INV-201326,2026-03-21,2648,11788,2,3.5,29.26,9.75,14.63,19.5,9.760000000000002,0.33356117566643884,False,True
INV-201327,2026-04-01,2633,43336,3,2.25,37.14,8.25,12.38,24.75,12.39,0.3336025848142165,False,True
INV-201328,2026-03-27,5102,35918,1,1.75,13.49,8.99,13.49,8.99,4.5,0.3335804299481097,False,True
INV-201329,2026-04-21,4829,43336,5,3.75,61.9,8.25,12.38,41.25,20.65,0.33360258481421645,False,True
INV-201330,2026-02-05,2648,11788,12,21.0,175.56,9.75,14.63,117.0,58.56,0.33356117566643884,False,True
INV-201331,2026-06-07,2633,36308,5,5.0,33.75,4.5,6.75,22.5,11.25,0.3333333333333333,False,True
INV-201332,2026-07-09,2190,64866,2,1.5,74.98,24.99,37.49,49.98,25.000000000000007,0.3334222459322487,False,True
INV-201333,2026-02-24,5102,64866,9,6.75,337.41,24.99,37.49,224.91,112.50000000000003,0.3334222459322487,False,True
INV-201334,2026-05-28,3385,36308,2,2.0,13.5,4.5,6.75,9.0,4.5,0.3333333333333333,False,True
INV-201335,2026-06-24,4829,35918,1,1.75,13.49,8.99,13.49,8.99,4.5,0.3335804299481097,False,True
INV-201336,2026-03-26,2633,64866,1,0.75,37.49,24.99,37.49,24.99,12.500000000000004,0.3334222459322487,False,True
INV-201337,2026-03-04,2501,11788,6,10.5,87.78,9.75,14.63,58.5,29.28,0.33356117566643884,False,True
INV-201338,2026-06-12,2190,35918,7,12.25,94.43,8.99,13.49,62.93,31.500000000000007,0.33358042994810977,False,True
INV-201339,2026-07-11,3385,43336,7,5.25,86.66,8.25,12.38,57.75,28.909999999999997,0.33360258481421645,False,True
INV-201340,2026-02-21,2190,64866,2,1.5,74.98,24.99,37.49,49.98,25.000000000000007,0.3334222459322487,False,True
INV-201341,2026-07-23,2648,35918,3,5.25,40.47,8.99,13.49,26.97,13.5,0.3335804299481097,False,True
INV-201342,2026-03-13,2501,64866,4,3.0,149.96,24.99,37.49,99.96,50.000000000000014,0.3334222459322487,False,True
INV-201343,2026-07-22,2190,64866,3,2.25,112.47,24.99,37.49,74.97,37.5,0.3334222459322486,False,True
INV-201344,2026-05-28,5102,35918,3,5.25,40.47,8.99,13.49,26.97,13.5,0.3335804299481097,False,True
INV-201345,2026-05-01,4829,19067,8,6.0,215.92,17.99,26.99,143.92,72.0,0.33345683586513525,False,True
INV-201346,2026-07-07,4829,64866,3,2.25,112.47,24.99,37.49,74.97,37.5,0.3334222459322486,False,True
INV-201347,2026-06-20,4829,36308,5,5.0,33.75,4.5,6.75,22.5,11.25,0.3333333333333333,False,True
INV-201348,2026-06-06,3385,11788,4,7.0,58.52,9.75,14.63,39.0,19.520000000000003,0.33356117566643884,False,True
INV-201349,2026-03-17,3385,35918,1,1.75,13.49,8.99,13.49,8.99,4.5,0.3335804299481097,False,True
INV-201350,2026-07-20,2648,77779,1,0.38,12.1,11.0,12.1,11.0,1.0999999999999996,0.09090909090909088,False,True
INV-201351,2026-03-02,4829,35918,1,1.75,13.49,8.99,13.49,8.99,4.5,0.3335804299481097,False,True
INV-201352,2026-01-31,2648,19067,2,1.5,53.98,17.99,26.99,35.98,18.0,0.33345683586513525,False,True
INV-201353,2026-06-21,4829,35918,4,7.0,53.96,8.99,13.49,35.96,18.0,0.3335804299481097,False,True
INV-201354,2026-02-20,2501,64866,3,2.25,112.47,24.99,37.49,74.97,37.5,0.3334222459322486,False,True
INV-201355,2026-06-23,5102,35918,2,3.5,26.98,8.99,13.49,17.98,9.0,0.3335804299481097,False,True
INV-201356,2026-02-21,2633,11788,5,8.75,73.15,9.75,14.63,48.75,24.400000000000006,0.3335611756664389,False,True
INV-201357,2026-02-20,2501,19067,1,0.75,26.99,17.99,26.99,17.99,9.0,0.33345683586513525,False,True
INV-201358,2026-02-13,2633,11788,4,7.0,58.52,9.75,14.63,39.0,19.520000000000003,0.33356117566643884,False,True
INV-201359,2026-06-10,5102,11788,3,5.25,43.89,9.75,14.63,29.25,14.64,0.33356117566643884,False,True
INV-201360,2026-05-23,4829,19067,1,0.75,26.99,17.99,26.99,17.99,9.0,0.33345683586513525,False,True
INV-201361,2026-05-15,5102,64866,6,4.5,224.94,24.99,37.49,149.94,75.0,0.3334222459322486,False,True
INV-201362,2026-04-03,2501,11788,1,1.75,14.63,9.75,14.63,9.75,4.880000000000001,0.33356117566643884,False,True
INV-201363,2026-02-20,2648,43336,1,0.75,12.38,8.25,12.38,8.25,4.130000000000001,0.3336025848142165,False,True
INV-201364,2026-06-19,2501,11788,2,3.5,29.26,9.75,14.63,19.5,9.760000000000002,0.33356117566643884,False,True
INV-201365,2026-07-11,5102,43336,5,3.75,61.9,8.25,12.38,41.25,20.65,0.33360258481421645,False,True
INV-201366,2026-03-01,2501,77779,4,1.5,48.4,11.0,12.1,44.0,4.399999999999999,0.09090909090909088,False,True
INV-201367,2026-02-13,3385,19067,9,6.75,242.91,17.99,26.99,161.91,81.0,0.33345683586513525,False,True
INV-201368,2026-06-10,2633,11788,3,5.25,43.89,9.75,14.63,29.25,14.64,0.33356117566643884,False,True
INV-201369,2026-03-07,5102,19067,31,23.25,836.69,17.99,26.99,557.6899999999999,279.0000000000001,0.33345683586513536,False,True
INV-201370,2026-05-17,2190,77779,2,0.75,24.2,11.0,12.1,22.0,2.1999999999999993,0.09090909090909088,False,True
INV-201371,2026-05-07,4829,43336,2,1.5,24.76,8.25,12.38,16.5,8.260000000000002,0.3336025848142165,False,True
INV-201372,2026-06-23,2501,35918,9,15.75,121.41,8.99,13.49,80.91,40.5,0.3335804299481097,False,True
INV-201373,2026-04-30,2190,43336,5,3.75,61.9,8.25,12.38,41.25,20.65,0.33360258481421645,False,True
INV-201374,2026-06-30,2648,35918,5,8.75,67.45,8.99,13.49,44.95,22.5,0.3335804299481097,False,True
INV-201375,2026-06-19,2633,19067,1,0.75,26.99,17.99,26.99,17.99,9.0,0.33345683586513525,False,True
INV-201376,2026-04-20,2501,26827,1,0.75,18.75,12.5,18.75,12.5,6.25,0.3333333333333333,False,True
INV-201377,2026-05-24,2648,35918,1,1.75,13.49,8.99,13.49,8.99,4.5,0.3335804299481097,False,True
INV-201378,2026-07-09,2190,11788,-1,-1.75,-14.63,9.75,14.63,-9.75,-4.880000000000001,0.33356117566643884,True,True
INV-201379,2026-05-13,4829,36308,25,25.0,168.75,4.5,6.75,112.5,56.25,0.3333333333333333,False,True
INV-201380,2026-05-14,2633,11788,1,1.75,14.63,9.75,14.63,9.75,4.880000000000001,0.33356117566643884,False,True
INV-201381,2026-04-09,2190,11788,4,7.0,58.52,9.75,14.63,39.0,19.520000000000003,0.33356117566643884,False,True
INV-201382,2026-04-09,2501,64866,1,0.75,37.49,24.99,37.49,24.99,12.500000000000004,0.3334222459322487,False,True
INV-201383,2026-05-09,2190,26827,14,10.5,262.5,12.5,18.75,175.0,87.5,0.3333333333333333,False,True
INV-201384,2026-02-28,2501,11788,10,17.5,146.3,9.75,14.63,97.5,48.80000000000001,0.3335611756664389,False,True
INV-201385,2026-02-21,2501,11788,2,3.5,29.26,9.75,14.63,19.5,9.760000000000002,0.33356117566643884,False,True
INV-201386,2026-07-02,5102,26827,1,0.75,18.75,12.5,18.75,12.5,6.25,0.3333333333333333,False,True
INV-201387,2026-05-26,4829,36308,14,14.0,94.5,4.5,6.75,63.0,31.5,0.3333333333333333,False,True
INV-201388,2026-02-11,2190,77779,2,0.75,24.2,11.0,12.1,22.0,2.1999999999999993,0.09090909090909088,False,True
INV-201389,2026-05-13,2648,36308,10,10.0,67.5,4.5,6.75,45.0,22.5,0.3333333333333333,False,True
INV-201390,2026-02-04,4829,64866,24,18.0,899.76,24.99,37.49,599.76,300.0,0.3334222459322486,False,True
INV-201391,2026-02-09,2648,77779,1,0.38,12.1,11.0,12.1,11.0,1.0999999999999996,0.09090909090909088,False,True
INV-201392,2026-04-25,2501,64866,1,0.75,37.49,24.99,37.49,24.99,12.500000000000004,0.3334222459322487,False,True
INV-201393,2026-05-31,2190,36308,4,4.0,27.0,4.5,6.75,18.0,9.0,0.3333333333333333,False,True
INV-201394,2026-04-10,2648,64866,4,3.0,149.96,24.99,37.49,99.96,50.000000000000014,0.3334222459322487,False,True
INV-201395,2026-02-18,5102,77779,1,0.38,12.1,11.0,12.1,11.0,1.0999999999999996,0.09090909090909088,False,True
INV-201396,2026-02-13,3385,77779,9,3.38,108.9,11.0,12.1,99.0,9.900000000000006,0.09090909090909095,False,True
INV-201397,2026-06-05,2633,43336,7,5.25,86.66,8.25,12.38,57.75,28.909999999999997,0.33360258481421645,False,True
INV-201398,2026-02-23,5102,11788,2,3.5,29.26,9.75,14.63,19.5,9.760000000000002,0.33356117566643884,False,True
INV-201399,2026-04-04,3385,11788,3,5.25,43.89,9.75,14.63,29.25,14.64,0.33356117566643884,False,True
INV-201400,2026-03-20,4829,64866,1,0.75,37.49,24.99,37.49,24.99,12.500000000000004,0.3334222459322487,False,True
INV-201401,2026-05-10,5102,26827,2,1.5,37.5,12.5,18.75,25.0,12.5,0.3333333333333333,False,True
INV-201402,2026-02-07,2190,19067,6,4.5,161.94,17.99,26.99,107.94,54.0,0.33345683586513525,False,True
INV-201403,2026-04-14,4829,43336,1,0.75,12.38,8.25,12.38,8.25,4.130000000000001,0.3336025848142165,False,True
INV-201404,2026-04-08,2633,36308,5,5.0,33.75,4.5,6.75,22.5,11.25,0.3333333333333333,False,True
INV-201405,2026-06-13,2633,64866,7,5.25,262.43,24.99,37.49,174.92999999999998,87.50000000000003,0.3334222459322487,False,True
INV-201406,2026-06-03,4829,36308,4,4.0,27.0,4.5,6.75,18.0,9.0,0.3333333333333333,False,True
INV-201407,2026-04-28,3385,36308,2,2.0,13.5,4.5,6.75,9.0,4.5,0.3333333333333333,False,True
INV-201408,2026-06-10,2648,19067,2,1.5,53.98,17.99,26.99,35.98,18.0,0.33345683586513525,False,True
INV-201409,2026-03-12,2501,43336,1,0.75,12.38,8.25,12.38,8.25,4.130000000000001,0.3336025848142165,False,True
INV-201410,2026-04-11,2190,43336,3,2.25,37.14,8.25,12.38,24.75,12.39,0.3336025848142165,False,True
INV-201411,2026-06-30,2190,35918,1,1.75,13.49,8.99,13.49,8.99,4.5,0.3335804299481097,False,True
INV-201412,2026-03-30,2501,43336,1,0.75,12.38,8.25,12.38,8.25,4.130000000000001,0.3336025848142165,False,True
INV-201413,2026-03-16,2190,64866,4,3.0,149.96,24.99,37.49,99.96,50.000000000000014,0.3334222459322487,False,True
INV-201414,2026-03-06,2190,43336,9,6.75,111.42,8.25,12.38,74.25,37.17,0.3336025848142165,False,True
INV-201415,2026-04-26,5102,64866,1,0.75,37.49,24.99,37.49,24.99,12.500000000000004,0.3334222459322487,False,True
INV-201416,2026-07-27,3385,35918,1,1.75,13.49,8.99,13.49,8.99,4.5,0.3335804299481097,False,True
INV-201417,2026-05-31,2501,64866,1,0.75,37.49,24.99,37.49,24.99,12.500000000000004,0.3334222459322487,False,True
INV-201418,2026-02-02,2648,36308,4,4.0,27.0,4.5,6.75,18.0,9.0,0.3333333333333333,False,True
INV-201419,2026-03-13,2190,19067,4,3.0,107.96,17.99,26.99,71.96,36.0,0.33345683586513525,False,True
INV-201420,2026-04-25,3385,11788,1,1.75,14.63,9.75,14.63,9.75,4.880000000000001,0.33356117566643884,False,True
INV-201421,2026-05-11,2190,26827,3,2.25,56.25,12.5,18.75,37.5,18.75,0.3333333333333333,False,True
INV-201422,2026-03-29,2190,26827,7,5.25,131.25,12.5,18.75,87.5,43.75,0.3333333333333333,False,True
INV-201423,2026-03-28,5102,19067,1,0.75,26.99,17.99,26.99,17.99,9.0,0.33345683586513525,False,True
INV-201424,2026-06-24,3385,35918,6,10.5,80.94,8.99,13.49,53.94,27.0,0.3335804299481097,False,True
INV-201425,2026-05-21,2633,11788,7,12.25,102.41,9.75,14.63,68.25,34.16,0.3335611756664388,False,True
INV-201426,2026-05-25,2648,26827,1,0.75,18.75,12.5,18.75,12.5,6.25,0.3333333333333333,False,True
INV-201427,2026-02-13,2501,64866,2,1.5,74.98,24.99,37.49,49.98,25.000000000000007,0.3334222459322487,False,True
INV-201428,2026-04-22,5102,35918,1,1.75,13.49,8.99,13.49,8.99,4.5,0.3335804299481097,False,True
INV-201429,2026-02-21,2633,11788,7,12.25,102.41,9.75,14.63,68.25,34.16,0.3335611756664388,False,True
INV-201430,2026-05-28,5102,64866,1,0.75,37.49,24.99,37.49,24.99,12.500000000000004,0.3334222459322487,False,True
INV-201431,2026-02-08,2501,19067,6,4.5,161.94,17.99,26.99,107.94,54.0,0.33345683586513525,False,True
INV-201432,2026-04-15,3385,35918,3,5.25,40.47,8.99,13.49,26.97,13.5,0.3335804299481097,False,True
INV-201433,2026-05-12,5102,11788,1,1.75,14.63,9.75,14.63,9.75,4.880000000000001,0.33356117566643884,False,True
INV-201434,2026-05-28,5102,77779,13,4.88,157.3,11.0,12.1,143.0,14.300000000000011,0.09090909090909098,False,True
INV-201435,2026-03-31,2648,11788,7,12.25,102.41,9.75,14.63,68.25,34.16,0.3335611756664388,False,True
INV-201436,2026-04-12,2648,35918,4,7.0,53.96,8.99,13.49,35.96,18.0,0.3335804299481097,False,True
INV-201437,2026-02-08,3385,36308,2,2.0,13.5,4.5,6.75,9.0,4.5,0.3333333333333333,False,True
INV-201438,2026-03-29,2648,35918,7,12.25,94.43,8.99,13.49,62.93,31.500000000000007,0.33358042994810977,False,True
INV-201439,2026-06-30,4829,26827,3,2.25,56.25,12.5,18.75,37.5,18.75,0.3333333333333333,False,True
INV-201440,2026-03-08,2501,11788,4,7.0,58.52,9.75,14.63,39.0,19.520000000000003,0.33356117566643884,False,True
INV-201441,2026-06-04,2190,35918,1,1.75,13.49,8.99,13.49,8.99,4.5,0.3335804299481097,False,True
INV-201442,2026-07-17,2648,43336,4,3.0,49.52,8.25,12.38,33.0,16.520000000000003,0.3336025848142165,False,True
INV-201443,2026-04-18,2501,64866,2,1.5,74.98,24.99,37.49,49.98,25.000000000000007,0.3334222459322487,False,True
INV-201444,2026-03-18,2501,19067,1,0.75,26.99,17.99,26.99,17.99,9.0,0.33345683586513525,False,True
INV-201445,2026-03-24,2648,35918,3,5.25,40.47,8.99,13.49,26.97,13.5,0.3335804299481097,False,True
INV-201446,2026-07-05,3385,77779,1,0.38,12.1,11.0,12.1,11.0,1.0999999999999996,0.09090909090909088,False,True
INV-201447,2026-04-01,2633,77779,3,1.12,36.3,11.0,12.1,33.0,3.299999999999997,0.09090909090909084,False,True
INV-201448,2026-02-28,4829,36308,4,4.0,27.0,4.5,6.75,18.0,9.0,0.3333333333333333,False,True
INV-201449,2026-05-30,4829,11788,10,17.5,146.3,9.75,14.63,97.5,48.80000000000001,0.3335611756664389,False,True
INV-201450,2026-02-03,5102,77779,2,0.75,24.2,11.0,12.1,22.0,2.1999999999999993,0.09090909090909088,False,True
INV-201451,2026-05-27,4829,64866,2,1.5,74.98,24.99,37.49,49.98,25.000000000000007,0.3334222459322487,False,True
INV-201452,2026-03-22,2501,64866,3,2.25,112.47,24.99,37.49,74.97,37.5,0.3334222459322486,False,True
INV-201453,2026-05-01,2501,11788,5,8.75,73.15,9.75,14.63,48.75,24.400000000000006,0.3335611756664389,False,True
INV-201454,2026-05-13,3385,11788,1,1.75,14.63,9.75,14.63,9.75,4.880000000000001,0.33356117566643884,False,True
INV-201455,2026-03-28,3385,43336,4,3.0,49.52,8.25,12.38,33.0,16.520000000000003,0.3336025848142165,False,True
INV-201456,2026-02-22,4829,35918,4,7.0,53.96,8.99,13.49,35.96,18.0,0.3335804299481097,False,True
INV-201457,2026-03-31,3385,77779,1,0.38,12.1,11.0,12.1,11.0,1.0999999999999996,0.09090909090909088,False,True
INV-201458,2026-02-20,2501,77779,8,3.0,96.8,11.0,12.1,88.0,8.799999999999997,0.09090909090909088,False,True
INV-201459,2026-02-10,2501,35918,1,1.75,13.49,8.99,13.49,8.99,4.5,0.3335804299481097,False,True
INV-201460,2026-05-24,5102,36308,7,7.0,47.25,4.5,6.75,31.5,15.75,0.3333333333333333,False,True
INV-201461,2026-03-18,4829,64866,8,6.0,299.92,24.99,37.49,199.92,100.00000000000003,0.3334222459322487,False,True
INV-201462,2026-04-21,2648,36308,1,1.0,6.75,4.5,6.75,4.5,2.25,0.3333333333333333,False,True
INV-201463,2026-04-03,2501,26827,2,1.5,37.5,12.5,18.75,25.0,12.5,0.3333333333333333,False,True
INV-201464,2026-03-03,5102,64866,4,3.0,149.96,24.99,37.49,99.96,50.000000000000014,0.3334222459322487,False,True
INV-201465,2026-03-27,2633,77779,19,7.12,229.9,11.0,12.1,209.0,20.900000000000006,0.09090909090909093,False,True
INV-201466,2026-02-06,3385,35918,1,1.75,13.49,8.99,13.49,8.99,4.5,0.3335804299481097,False,True
INV-201467,2026-06-11,2190,64866,6,4.5,224.94,24.99,37.49,149.94,75.0,0.3334222459322486,False,True
INV-201468,2026-04-29,5102,26827,2,1.5,37.5,12.5,18.75,25.0,12.5,0.3333333333333333,False,True
INV-201469,2026-02-02,3385,77779,2,0.75,24.2,11.0,12.1,22.0,2.1999999999999993,0.09090909090909088,False,True
INV-201470,2026-02-14,2501,35918,1,1.75,13.49,8.99,13.49,8.99,4.5,0.3335804299481097,False,True
INV-201471,2026-02-27,2633,26827,3,2.25,56.25,12.5,18.75,37.5,18.75,0.3333333333333333,False,True
INV-201472,2026-03-25,2648,26827,5,3.75,93.75,12.5,18.75,62.5,31.25,0.3333333333333333,False,True
INV-201473,2026-02-19,5102,64866,2,1.5,74.98,24.99,37.49,49.98,25.000000000000007,0.3334222459322487,False,True
INV-201474,2026-04-13,2633,43336,1,0.75,12.38,8.25,12.38,8.25,4.130000000000001,0.3336025848142165,False,True
INV-201475,2026-02-19,2648,77779,1,0.38,12.1,11.0,12.1,11.0,1.0999999999999996,0.09090909090909088,False,True
INV-201476,2026-02-10,2633,77779,1,0.38,12.1,11.0,12.1,11.0,1.0999999999999996,0.09090909090909088,False,True
INV-201477,2026-03-12,4829,77779,2,0.75,24.2,11.0,12.1,22.0,2.1999999999999993,0.09090909090909088,False,True
INV-201478,2026-05-20,2501,11788,1,1.75,14.63,9.75,14.63,9.75,4.880000000000001,0.33356117566643884,False,True
INV-201479,2026-02-02,3385,36308,2,2.0,13.5,4.5,6.75,9.0,4.5,0.3333333333333333,False,True
INV-201480,2026-05-08,2633,19067,2,1.5,53.98,17.99,26.99,35.98,18.0,0.33345683586513525,False,True
INV-201481,2026-02-21,2190,64866,4,3.0,149.96,24.99,37.49,99.96,50.000000000000014,0.3334222459322487,False,True
INV-201482,2026-06-24,2633,11788,5,8.75,73.15,9.75,14.63,48.75,24.400000000000006,0.3335611756664389,False,True
INV-201483,2026-05-30,3385,11788,4,7.0,58.52,9.75,14.63,39.0,19.520000000000003,0.33356117566643884,False,True
INV-201484,2026-02-04,2501,36308,1,1.0,6.75,4.5,6.75,4.5,2.25,0.3333333333333333,False,True
INV-201485,2026-06-06,4829,26827,10,7.5,187.5,12.5,18.75,125.0,62.5,0.3333333333333333,False,True
INV-201486,2026-02-23,2633,11788,-2,-3.5,-29.26,9.75,14.63,-19.5,-9.760000000000002,0.33356117566643884,True,True
INV-201487,2026-06-29,2648,35918,1,1.75,13.49,8.99,13.49,8.99,4.5,0.3335804299481097,False,True
INV-201488,2026-06-01,2633,35918,5,8.75,67.45,8.99,13.49,44.95,22.5,0.3335804299481097,False,True
INV-201489,2026-05-08,2501,35918,1,1.75,13.49,8.99,13.49,8.99,4.5,0.3335804299481097,False,True
INV-201490,2026-02-15,2190,26827,3,2.25,56.25,12.5,18.75,37.5,18.75,0.3333333333333333,False,True
INV-201491,2026-07-07,2633,35918,5,8.75,67.45,8.99,13.49,44.95,22.5,0.3335804299481097,False,True
INV-201492,2026-02-16,5102,26827,2,1.5,37.5,12.5,18.75,25.0,12.5,0.3333333333333333,False,True
INV-201493,2026-03-04,4829,35918,14,24.5,188.86,8.99,13.49,125.86,63.000000000000014,0.33358042994810977,False,True
INV-201494,2026-06-10,2633,26827,2,1.5,37.5,12.5,18.75,25.0,12.5,0.3333333333333333,False,True
INV-201495,2026-05-06,4829,11788,1,1.75,14.63,9.75,14.63,9.75,4.880000000000001,0.33356117566643884,False,True
INV-201496,2026-07-21,2633,64866,5,3.75,187.45,24.99,37.49,124.94999999999999,62.5,0.3334222459322486,False,True
INV-201497,2026-02-10,2501,36308,11,11.0,74.25,,6.75,,,,False,False
INV-201498,2026-02-17,3385,19067,17,12.75,458.83,17.99,26.99,305.83,153.0,0.33345683586513525,False,True
INV-201499,2026-02-20,2501,36308,7,7.0,47.25,4.5,6.75,31.5,15.75,0.3333333333333333,False,True
INV-201500,2026-03-11,5102,64866,1,0.75,37.49,24.99,37.49,24.99,12.500000000000004,0.3334222459322487,False,True
INV-201501,2026-05-15,5102,35918,1,1.75,13.49,8.99,13.49,8.99,4.5,0.3335804299481097,False,True
INV-201502,2026-06-12,2633,77779,2,0.75,24.2,11.0,12.1,22.0,2.1999999999999993,0.09090909090909088,False,True
INV-201503,2026-02-14,2633,77779,1,0.38,12.1,11.0,12.1,11.0,1.0999999999999996,0.09090909090909088,False,True
INV-201504,2026-05-09,4829,35918,1,1.75,13.49,8.99,13.49,8.99,4.5,0.3335804299481097,False,True
INV-201505,2026-06-04,2633,19067,1,0.75,26.99,17.99,26.99,17.99,9.0,0.33345683586513525,False,True
INV-201506,2026-06-07,2648,19067,4,3.0,107.96,17.99,26.99,71.96,36.0,0.33345683586513525,False,True
INV-201507,2026-04-29,2633,77779,4,1.5,48.4,11.0,12.1,44.0,4.399999999999999,0.09090909090909088,False,True
INV-201508,2026-07-11,2633,77779,10,3.75,121.0,11.0,12.1,110.0,11.0,0.09090909090909091,False,True
INV-201509,2026-03-09,2633,36308,1,1.0,6.75,4.5,6.75,4.5,2.25,0.3333333333333333,False,True
INV-201510,2026-03-03,2633,77779,1,0.38,12.1,11.0,12.1,11.0,1.0999999999999996,0.09090909090909088,False,True
INV-201511,2026-07-16,2501,26827,10,7.5,187.5,12.5,18.75,125.0,62.5,0.3333333333333333,False,True
INV-201512,2026-02-11,2633,43336,18,13.5,222.84,8.25,12.38,148.5,74.34,0.3336025848142165,False,True
INV-201513,2026-05-07,2501,77779,6,2.25,72.6,11.0,12.1,66.0,6.599999999999994,0.09090909090909084,False,True
INV-201514,2026-05-23,5102,43336,1,0.75,12.38,8.25,12.38,8.25,4.130000000000001,0.3336025848142165,False,True
INV-201515,2026-07-04,2190,11788,5,8.75,73.15,9.75,14.63,48.75,24.400000000000006,0.3335611756664389,False,True
INV-201516,2026-05-31,2190,26827,1,0.75,18.75,12.5,18.75,12.5,6.25,0.3333333333333333,False,True
INV-201517,2026-06-25,5102,19067,-1,-0.75,-26.99,17.99,26.99,-17.99,-9.0,0.33345683586513525,True,True
INV-201518,2026-05-07,2648,26827,12,9.0,225.0,12.5,18.75,150.0,75.0,0.3333333333333333,False,True
INV-201519,2026-03-02,2501,36308,2,2.0,13.5,4.5,6.75,9.0,4.5,0.3333333333333333,False,True
INV-201520,2026-06-20,2501,11788,1,1.75,14.63,9.75,14.63,9.75,4.880000000000001,0.33356117566643884,False,True
INV-201521,2026-04-21,2501,19067,3,2.25,80.97,17.99,26.99,53.97,27.0,0.33345683586513525,False,True
INV-201522,2026-03-18,2190,26827,11,8.25,206.25,12.5,18.75,137.5,68.75,0.3333333333333333,False,True
INV-201523,2026-03-14,2501,26827,1,0.75,18.75,12.5,18.75,12.5,6.25,0.3333333333333333,False,True
INV-201524,2026-02-10,4829,64866,3,2.25,112.47,,37.49,,,,False,False
INV-201525,2026-03-09,4829,11788,1,1.75,14.63,9.75,14.63,9.75,4.880000000000001,0.33356117566643884,False,True
INV-201526,2026-04-07,2190,19067,1,0.75,26.99,17.99,26.99,17.99,9.0,0.33345683586513525,False,True
INV-201527,2026-03-13,3385,36308,2,2.0,13.5,4.5,6.75,9.0,4.5,0.3333333333333333,False,True
INV-201528,2026-06-22,5102,36308,2,2.0,13.5,4.5,6.75,9.0,4.5,0.3333333333333333,False,True
INV-201529,2026-05-18,3385,77779,1,0.38,12.1,11.0,12.1,11.0,1.0999999999999996,0.09090909090909088,False,True
INV-201530,2026-05-28,2190,77779,2,0.75,24.2,11.0,12.1,22.0,2.1999999999999993,0.09090909090909088,False,True
INV-201531,2026-05-24,2648,26827,2,1.5,37.5,12.5,18.75,25.0,12.5,0.3333333333333333,False,True
INV-201532,2026-04-07,3385,77779,1,0.38,12.1,11.0,12.1,11.0,1.0999999999999996,0.09090909090909088,False,True
INV-201533,2026-06-01,2190,19067,4,3.0,107.96,17.99,26.99,71.96,36.0,0.33345683586513525,False,True
INV-201534,2026-05-13,5102,43336,1,0.75,12.38,8.25,12.38,8.25,4.130000000000001,0.3336025848142165,False,True
INV-201535,2026-03-27,4829,11788,-1,-1.75,-14.63,9.75,14.63,-9.75,-4.880000000000001,0.33356117566643884,True,True
INV-201536,2026-07-05,2648,11788,1,1.75,14.63,9.75,14.63,9.75,4.880000000000001,0.33356117566643884,False,True
INV-201537,2026-04-28,2501,64866,1,0.75,37.49,24.99,37.49,24.99,12.500000000000004,0.3334222459322487,False,True
INV-201538,2026-05-31,2190,19067,3,2.25,80.97,17.99,26.99,53.97,27.0,0.33345683586513525,False,True
INV-201539,2026-03-06,2633,43336,3,2.25,37.14,8.25,12.38,24.75,12.39,0.3336025848142165,False,True
INV-201540,2026-02-11,2633,35918,4,7.0,53.96,8.99,13.49,35.96,18.0,0.3335804299481097,False,True
INV-201541,2026-06-26,5102,19067,1,0.75,26.99,17.99,26.99,17.99,9.0,0.33345683586513525,False,True
INV-201542,2026-02-03,3385,64866,1,0.75,37.49,24.99,37.49,24.99,12.500000000000004,0.3334222459322487,False,True
INV-201543,2026-04-29,2648,64866,4,3.0,149.96,24.99,37.49,99.96,50.000000000000014,0.3334222459322487,False,True
INV-201544,2026-06-16,4829,43336,2,1.5,24.76,8.25,12.38,16.5,8.260000000000002,0.3336025848142165,False,True
INV-201545,2026-05-02,3385,35918,1,1.75,13.49,8.99,13.49,8.99,4.5,0.3335804299481097,False,True
INV-201546,2026-07-17,2501,36308,1,1.0,6.75,4.5,6.75,4.5,2.25,0.3333333333333333,False,True
INV-201547,2026-05-02,3385,35918,1,1.75,13.49,8.99,13.49,8.99,4.5,0.3335804299481097,False,True
INV-201548,2026-03-12,4829,77779,8,3.0,96.8,11.0,12.1,88.0,8.799999999999997,0.09090909090909088,False,True
INV-201549,2026-07-07,2648,43336,8,6.0,99.04,8.25,12.38,66.0,33.040000000000006,0.3336025848142165,False,True
INV-201550,2026-02-22,2648,77779,4,1.5,48.4,11.0,12.1,44.0,4.399999999999999,0.09090909090909088,False,True
INV-201551,2026-06-07,4829,26827,2,1.5,37.5,12.5,18.75,25.0,12.5,0.3333333333333333,False,True
INV-201552,2026-03-13,2501,36308,1,1.0,6.75,4.5,6.75,4.5,2.25,0.3333333333333333,False,True
INV-201553,2026-02-18,3385,35918,10,17.5,134.9,8.99,13.49,89.9,45.0,0.3335804299481097,False,True
INV-201554,2026-06-10,5102,26827,3,2.25,56.25,12.5,18.75,37.5,18.75,0.3333333333333333,False,True
INV-201555,2026-05-03,5102,43336,2,1.5,24.76,8.25,12.38,16.5,8.260000000000002,0.3336025848142165,False,True
INV-201556,2026-02-09,2648,26827,2,1.5,37.5,12.5,18.75,25.0,12.5,0.3333333333333333,False,True
INV-201557,2026-05-14,2190,36308,16,16.0,108.0,4.5,6.75,72.0,36.0,0.3333333333333333,False,True
INV-201558,2026-06-04,5102,26827,1,0.75,18.75,12.5,18.75,12.5,6.25,0.3333333333333333,False,True
INV-201559,2026-07-28,2648,36308,5,5.0,33.75,4.5,6.75,22.5,11.25,0.3333333333333333,False,True
INV-201560,2026-04-23,2648,19067,7,5.25,188.93,17.99,26.99,125.92999999999999,63.000000000000014,0.3334568358651353,False,True
INV-201561,2026-03-31,3385,35918,3,5.25,40.47,8.99,13.49,26.97,13.5,0.3335804299481097,False,True
INV-201562,2026-07-07,2648,64866,12,9.0,449.88,24.99,37.49,299.88,150.0,0.3334222459322486,False,True
INV-201563,2026-07-13,2648,26827,1,0.75,18.75,12.5,18.75,12.5,6.25,0.3333333333333333,False,True
INV-201564,2026-04-04,3385,35918,4,7.0,53.96,8.99,13.49,35.96,18.0,0.3335804299481097,False,True
INV-201565,2026-04-15,2648,26827,1,0.75,18.75,12.5,18.75,12.5,6.25,0.3333333333333333,False,True
INV-201566,2026-02-07,2633,35918,3,5.25,40.47,,13.49,,,,False,False
INV-201567,2026-06-19,2648,19067,1,0.75,26.99,17.99,26.99,17.99,9.0,0.33345683586513525,False,True
INV-201568,2026-04-13,2190,26827,2,1.5,37.5,12.5,18.75,25.0,12.5,0.3333333333333333,False,True
INV-201569,2026-01-31,2648,35918,1,1.75,13.49,8.99,13.49,8.99,4.5,0.3335804299481097,False,True
INV-201570,2026-03-24,4829,36308,5,5.0,33.75,4.5,6.75,22.5,11.25,0.3333333333333333,False,True
INV-201571,2026-04-05,2633,11788,1,1.75,14.63,9.75,14.63,9.75,4.880000000000001,0.33356117566643884,False,True
INV-201572,2026-03-30,2190,77779,7,2.62,84.7,11.0,12.1,77.0,7.700000000000003,0.09090909090909094,False,True
INV-201573,2026-06-10,2648,26827,6,4.5,112.5,12.5,18.75,75.0,37.5,0.3333333333333333,False,True
INV-201574,2026-07-16,2190,19067,2,1.5,53.98,17.99,26.99,35.98,18.0,0.33345683586513525,False,True
INV-201575,2026-05-20,2633,35918,1,1.75,13.49,8.99,13.49,8.99,4.5,0.3335804299481097,False,True
INV-201576,2026-07-07,4829,11788,2,3.5,29.26,9.75,14.63,19.5,9.760000000000002,0.33356117566643884,False,True
INV-201577,2026-07-02,2190,64866,5,3.75,187.45,24.99,37.49,124.94999999999999,62.5,0.3334222459322486,False,True
INV-201578,2026-02-13,5102,36308,2,2.0,13.5,4.5,6.75,9.0,4.5,0.3333333333333333,False,True
INV-201579,2026-05-06,5102,11788,7,12.25,102.41,9.75,14.63,68.25,34.16,0.3335611756664388,False,True
INV-201580,2026-05-18,3385,35918,4,7.0,53.96,8.99,13.49,35.96,18.0,0.3335804299481097,False,True
INV-201581,2026-06-26,2648,43336,24,18.0,297.12,8.25,12.38,198.0,99.12,0.3336025848142165,False,True
INV-201582,2026-01-30,2501,36308,-1,-1.0,-6.75,4.5,6.75,-4.5,-2.25,0.3333333333333333,True,True
INV-201583,2026-06-22,5102,19067,1,0.75,26.99,17.99,26.99,17.99,9.0,0.33345683586513525,False,True
INV-201584,2026-03-06,2190,36308,1,1.0,6.75,4.5,6.75,4.5,2.25,0.3333333333333333,False,True
INV-201585,2026-06-21,3385,77779,3,1.12,36.3,11.0,12.1,33.0,3.299999999999997,0.09090909090909084,False,True
INV-201586,2026-07-05,3385,35918,1,1.75,13.49,8.99,13.49,8.99,4.5,0.3335804299481097,False,True
INV-201587,2026-03-17,2501,19067,5,3.75,134.95,17.99,26.99,89.94999999999999,45.0,0.33345683586513525,False,True
INV-201588,2026-05-22,4829,19067,2,1.5,53.98,17.99,26.99,35.98,18.0,0.33345683586513525,False,True
INV-201589,2026-07-12,5102,26827,2,1.5,37.5,12.5,18.75,25.0,12.5,0.3333333333333333,False,True
INV-201590,2026-03-09,3385,64866,1,0.75,37.49,24.99,37.49,24.99,12.500000000000004,0.3334222459322487,False,True
INV-201591,2026-03-23,4829,35918,4,7.0,53.96,8.99,13.49,35.96,18.0,0.3335804299481097,False,True
INV-201592,2026-06-15,3385,26827,7,5.25,131.25,12.5,18.75,87.5,43.75,0.3333333333333333,False,True
INV-201593,2026-06-25,4829,36308,2,2.0,13.5,4.5,6.75,9.0,4.5,0.3333333333333333,False,True
INV-201594,2026-03-29,2648,64866,4,3.0,149.96,24.99,37.49,99.96,50.000000000000014,0.3334222459322487,False,True
INV-201595,2026-05-02,4829,19067,2,1.5,53.98,17.99,26.99,35.98,18.0,0.33345683586513525,False,True
INV-201596,2026-03-27,2501,11788,10,17.5,146.3,9.75,14.63,97.5,48.80000000000001,0.3335611756664389,False,True
INV-201597,2026-02-09,2190,19067,1,0.75,26.99,17.99,26.99,17.99,9.0,0.33345683586513525,False,True
INV-201598,2026-02-23,2633,26827,-1,-0.75,-18.75,12.5,18.75,-12.5,-6.25,0.3333333333333333,True,True
INV-201599,2026-04-11,2190,43336,3,2.25,37.14,8.25,12.38,24.75,12.39,0.3336025848142165,False,True
INV-201600,2026-06-23,2190,64866,1,0.75,37.49,24.99,37.49,24.99,12.500000000000004,0.3334222459322487,False,True
INV-201601,2026-03-29,2501,36308,23,23.0,155.25,4.5,6.75,103.5,51.75,0.3333333333333333,False,True
INV-201602,2026-02-14,3385,19067,1,0.75,26.99,17.99,26.99,17.99,9.0,0.33345683586513525,False,True
INV-201603,2026-02-16,2633,26827,10,7.5,187.5,12.5,18.75,125.0,62.5,0.3333333333333333,False,True
INV-201604,2026-05-23,4829,64866,11,8.25,412.39,24.99,37.49,274.89,137.5,0.3334222459322486,False,True
INV-201605,2026-02-21,4829,64866,1,0.75,37.49,24.99,37.49,24.99,12.500000000000004,0.3334222459322487,False,True
INV-201606,2026-07-27,2648,26827,1,0.75,18.75,12.5,18.75,12.5,6.25,0.3333333333333333,False,True
INV-201607,2026-05-13,3385,35918,4,7.0,53.96,8.99,13.49,35.96,18.0,0.3335804299481097,False,True
INV-201608,2026-06-29,2633,35918,1,1.75,13.49,8.99,13.49,8.99,4.5,0.3335804299481097,False,True
INV-201609,2026-07-12,2501,26827,2,1.5,37.5,12.5,18.75,25.0,12.5,0.3333333333333333,False,True
INV-201610,2026-04-17,2190,43336,7,5.25,86.66,8.25,12.38,57.75,28.909999999999997,0.33360258481421645,False,True
INV-201611,2026-05-08,2648,26827,2,1.5,37.5,12.5,18.75,25.0,12.5,0.3333333333333333,False,True
INV-201612,2026-07-12,2648,35918,2,3.5,26.98,8.99,13.49,17.98,9.0,0.3335804299481097,False,True
INV-201613,2026-04-10,2648,35918,1,1.75,13.49,8.99,13.49,8.99,4.5,0.3335804299481097,False,True
INV-201614,2026-04-09,2648,11788,12,21.0,175.56,9.75,14.63,117.0,58.56,0.33356117566643884,False,True
INV-201615,2026-06-04,2633,19067,1,0.75,26.99,17.99,26.99,17.99,9.0,0.33345683586513525,False,True
INV-201616,2026-03-03,2190,36308,1,1.0,6.75,4.5,6.75,4.5,2.25,0.3333333333333333,False,True
INV-201617,2026-07-15,2633,77779,16,6.0,193.6,11.0,12.1,176.0,17.599999999999994,0.09090909090909088,False,True
INV-201618,2026-07-16,2190,11788,4,7.0,58.52,9.75,14.63,39.0,19.520000000000003,0.33356117566643884,False,True
INV-201619,2026-04-25,4829,36308,6,6.0,40.5,4.5,6.75,27.0,13.5,0.3333333333333333,False,True
INV-201620,2026-07-16,2633,35918,9,15.75,121.41,8.99,13.49,80.91,40.5,0.3335804299481097,False,True
INV-201621,2026-02-13,2190,11788,1,1.75,14.63,9.75,14.63,9.75,4.880000000000001,0.33356117566643884,False,True
INV-201622,2026-02-28,2633,36308,3,3.0,20.25,4.5,6.75,13.5,6.75,0.3333333333333333,False,True
INV-201623,2026-03-11,2648,77779,2,0.75,24.2,11.0,12.1,22.0,2.1999999999999993,0.09090909090909088,False,True
INV-201624,2026-02-23,5102,19067,1,0.75,26.99,17.99,26.99,17.99,9.0,0.33345683586513525,False,True
INV-201625,2026-07-20,2501,35918,3,5.25,40.47,8.99,13.49,26.97,13.5,0.3335804299481097,False,True
INV-201626,2026-07-06,5102,43336,1,0.75,12.38,8.25,12.38,8.25,4.130000000000001,0.3336025848142165,False,True
INV-201627,2026-04-15,2190,36308,1,1.0,6.75,4.5,6.75,4.5,2.25,0.3333333333333333,False,True
INV-201628,2026-04-06,2648,26827,5,3.75,93.75,12.5,18.75,62.5,31.25,0.3333333333333333,False,True
INV-201629,2026-03-13,2190,19067,1,0.75,26.99,17.99,26.99,17.99,9.0,0.33345683586513525,False,True
INV-201630,2026-04-20,2190,64866,1,0.75,37.49,24.99,37.49,24.99,12.500000000000004,0.3334222459322487,False,True
INV-201631,2026-04-09,2190,35918,1,1.75,13.49,8.99,13.49,8.99,4.5,0.3335804299481097,False,True
INV-201632,2026-02-26,5102,77779,4,1.5,48.4,11.0,12.1,44.0,4.399999999999999,0.09090909090909088,False,True
INV-201633,2026-06-05,5102,36308,4,4.0,27.0,4.5,6.75,18.0,9.0,0.3333333333333333,False,True
INV-201634,2026-06-23,4829,26827,1,0.75,18.75,12.5,18.75,12.5,6.25,0.3333333333333333,False,True
INV-201635,2026-03-11,5102,43336,1,0.75,12.38,8.25,12.38,8.25,4.130000000000001,0.3336025848142165,False,True
INV-201636,2026-03-08,2633,35918,10,17.5,134.9,8.99,13.49,89.9,45.0,0.3335804299481097,False,True
INV-201637,2026-05-31,4829,11788,3,5.25,43.89,9.75,14.63,29.25,14.64,0.33356117566643884,False,True
INV-201638,2026-04-27,2190,26827,2,1.5,37.5,12.5,18.75,25.0,12.5,0.3333333333333333,False,True
INV-201639,2026-03-13,2633,64866,6,4.5,224.94,24.99,37.49,149.94,75.0,0.3334222459322486,False,True
INV-201640,2026-05-23,5102,26827,1,0.75,18.75,12.5,18.75,12.5,6.25,0.3333333333333333,False,True
INV-201641,2026-02-03,2190,36308,1,1.0,6.75,4.5,6.75,4.5,2.25,0.3333333333333333,False,True
INV-201642,2026-06-13,2190,35918,2,3.5,26.98,8.99,13.49,17.98,9.0,0.3335804299481097,False,True
INV-201643,2026-06-24,4829,26827,1,0.75,18.75,12.5,18.75,12.5,6.25,0.3333333333333333,False,True
INV-201644,2026-07-12,2190,26827,3,2.25,56.25,12.5,18.75,37.5,18.75,0.3333333333333333,False,True
INV-201645,2026-07-08,2648,19067,10,7.5,269.9,17.99,26.99,179.89999999999998,90.0,0.33345683586513525,False,True
INV-201646,2026-05-03,3385,77779,1,0.38,12.1,11.0,12.1,11.0,1.0999999999999996,0.09090909090909088,False,True
INV-201647,2026-05-12,2190,64866,5,3.75,187.45,24.99,37.49,124.94999999999999,62.5,0.3334222459322486,False,True
INV-201648,2026-02-23,5102,11788,1,1.75,14.63,9.75,14.63,9.75,4.880000000000001,0.33356117566643884,False,True
INV-201649,2026-06-29,2633,26827,9,6.75,168.75,12.5,18.75,112.5,56.25,0.3333333333333333,False,True
INV-201650,2026-04-19,4829,43336,1,0.75,12.38,8.25,12.38,8.25,4.130000000000001,0.3336025848142165,False,True
INV-201651,2026-07-20,4829,64866,6,4.5,224.94,24.99,37.49,149.94,75.0,0.3334222459322486,False,True
INV-201652,2026-07-10,2501,36308,3,3.0,20.25,4.5,6.75,13.5,6.75,0.3333333333333333,False,True
INV-201653,2026-05-03,2501,11788,30,52.5,438.9,9.75,14.63,292.5,146.39999999999998,0.3335611756664388,False,True
INV-201654,2026-07-24,4829,26827,1,0.75,18.75,12.5,18.75,12.5,6.25,0.3333333333333333,False,True
INV-201655,2026-03-11,3385,77779,1,0.38,12.1,11.0,12.1,11.0,1.0999999999999996,0.09090909090909088,False,True
INV-201656,2026-07-14,2501,35918,6,10.5,80.94,8.99,13.49,53.94,27.0,0.3335804299481097,False,True
INV-201657,2026-06-19,3385,19067,7,5.25,188.93,17.99,26.99,125.92999999999999,63.000000000000014,0.3334568358651353,False,True
INV-201658,2026-04-29,2633,36308,6,6.0,40.5,4.5,6.75,27.0,13.5,0.3333333333333333,False,True
INV-201659,2026-03-15,2648,64866,5,3.75,187.45,24.99,37.49,124.94999999999999,62.5,0.3334222459322486,False,True
INV-201660,2026-07-16,3385,36308,4,4.0,27.0,4.5,6.75,18.0,9.0,0.3333333333333333,False,True
INV-201661,2026-03-08,2633,36308,44,44.0,297.0,4.5,6.75,198.0,99.0,0.3333333333333333,False,True
INV-201662,2026-06-03,3385,36308,1,1.0,6.75,4.5,6.75,4.5,2.25,0.3333333333333333,False,True
INV-201663,2026-06-24,5102,43336,5,3.75,61.9,8.25,12.38,41.25,20.65,0.33360258481421645,False,True
INV-201664,2026-04-11,2648,19067,1,0.75,26.99,17.99,26.99,17.99,9.0,0.33345683586513525,False,True
INV-201665,2026-05-18,2633,19067,2,1.5,53.98,17.99,26.99,35.98,18.0,0.33345683586513525,False,True
INV-201666,2026-03-25,5102,64866,1,0.75,37.49,24.99,37.49,24.99,12.500000000000004,0.3334222459322487,False,True
INV-201667,2026-04-25,2501,26827,1,0.75,18.75,12.5,18.75,12.5,6.25,0.3333333333333333,False,True
INV-201668,2026-04-17,5102,77779,3,1.12,36.3,11.0,12.1,33.0,3.299999999999997,0.09090909090909084,False,True
INV-201669,2026-05-31,4829,11788,4,7.0,58.52,9.75,14.63,39.0,19.520000000000003,0.33356117566643884,False,True
INV-201670,2026-04-17,5102,26827,15,11.25,281.25,12.5,18.75,187.5,93.75,0.3333333333333333,False,True
INV-201671,2026-07-03,3385,77779,3,1.12,36.3,11.0,12.1,33.0,3.299999999999997,0.09090909090909084,False,True
INV-201672,2026-07-23,2501,26827,6,4.5,112.5,12.5,18.75,75.0,37.5,0.3333333333333333,False,True
INV-201673,2026-03-05,4829,36308,2,2.0,13.5,4.5,6.75,9.0,4.5,0.3333333333333333,False,True
INV-201674,2026-07-19,5102,36308,1,1.0,6.75,4.5,6.75,4.5,2.25,0.3333333333333333,False,True
INV-201675,2026-03-14,2648,64866,1,0.75,37.49,24.99,37.49,24.99,12.500000000000004,0.3334222459322487,False,True
INV-201676,2026-05-17,2501,43336,2,1.5,24.76,8.25,12.38,16.5,8.260000000000002,0.3336025848142165,False,True
INV-201677,2026-06-01,4829,35918,1,1.75,13.49,8.99,13.49,8.99,4.5,0.3335804299481097,False,True
INV-201678,2026-03-25,2633,26827,7,5.25,131.25,12.5,18.75,87.5,43.75,0.3333333333333333,False,True
INV-201679,2026-02-27,2648,64866,2,1.5,74.98,24.99,37.49,49.98,25.000000000000007,0.3334222459322487,False,True
INV-201680,2026-02-19,4829,64866,1,0.75,37.49,24.99,37.49,24.99,12.500000000000004,0.3334222459322487,False,True
INV-201681,2026-06-30,2190,77779,1,0.38,12.1,11.0,12.1,11.0,1.0999999999999996,0.09090909090909088,False,True
INV-201682,2026-04-26,4829,36308,1,1.0,6.75,4.5,6.75,4.5,2.25,0.3333333333333333,False,True
INV-201683,2026-07-16,5102,43336,8,6.0,99.04,8.25,12.38,66.0,33.040000000000006,0.3336025848142165,False,True
INV-201684,2026-07-16,2648,43336,7,5.25,86.66,8.25,12.38,57.75,28.909999999999997,0.33360258481421645,False,True
INV-201685,2026-04-01,2501,43336,4,3.0,49.52,8.25,12.38,33.0,16.520000000000003,0.3336025848142165,False,True
INV-201686,2026-03-29,2648,11788,1,1.75,14.63,9.75,14.63,9.75,4.880000000000001,0.33356117566643884,False,True
INV-201687,2026-05-23,4829,43336,21,15.75,259.98,8.25,12.38,173.25,86.73000000000002,0.3336025848142165,False,True
INV-201688,2026-06-29,2501,36308,1,1.0,6.75,4.5,6.75,4.5,2.25,0.3333333333333333,False,True
INV-201689,2026-07-02,2190,36308,1,1.0,6.75,4.5,6.75,4.5,2.25,0.3333333333333333,False,True
INV-201690,2026-05-03,2633,19067,1,0.75,26.99,17.99,26.99,17.99,9.0,0.33345683586513525,False,True
INV-201691,2026-05-28,2648,43336,1,0.75,12.38,8.25,12.38,8.25,4.130000000000001,0.3336025848142165,False,True
INV-201692,2026-03-06,2648,19067,3,2.25,80.97,17.99,26.99,53.97,27.0,0.33345683586513525,False,True
INV-201693,2026-06-10,4829,35918,1,1.75,13.49,8.99,13.49,8.99,4.5,0.3335804299481097,False,True
INV-201694,2026-06-24,2633,43336,1,0.75,12.38,8.25,12.38,8.25,4.130000000000001,0.3336025848142165,False,True
INV-201695,2026-06-23,4829,35918,8,14.0,107.92,8.99,13.49,71.92,36.0,0.3335804299481097,False,True
INV-201696,2026-06-10,2501,26827,8,6.0,150.0,12.5,18.75,100.0,50.0,0.3333333333333333,False,True
INV-201697,2026-05-25,2648,64866,6,4.5,224.94,24.99,37.49,149.94,75.0,0.3334222459322486,False,True
INV-201698,2026-06-29,2501,26827,4,3.0,75.0,12.5,18.75,50.0,25.0,0.3333333333333333,False,True
INV-201699,2026-07-17,4829,64866,1,0.75,37.49,24.99,37.49,24.99,12.500000000000004,0.3334222459322487,False,True
INV-201700,2026-04-25,3385,36308,10,10.0,67.5,4.5,6.75,45.0,22.5,0.3333333333333333,False,True
INV-201701,2026-05-15,2633,64866,3,2.25,112.47,24.99,37.49,74.97,37.5,0.3334222459322486,False,True
INV-201702,2026-05-14,2633,11788,1,1.75,14.63,9.75,14.63,9.75,4.880000000000001,0.33356117566643884,False,True
INV-201703,2026-02-10,4829,35918,1,1.75,13.49,8.99,13.49,8.99,4.5,0.3335804299481097,False,True
INV-201704,2026-05-13,4829,35918,1,1.75,13.49,8.99,13.49,8.99,4.5,0.3335804299481097,False,True
INV-201705,2026-03-10,2648,35918,2,3.5,26.98,8.99,13.49,17.98,9.0,0.3335804299481097,False,True
INV-201706,2026-04-20,2501,11788,1,1.75,14.63,9.75,14.63,9.75,4.880000000000001,0.33356117566643884,False,True
INV-201707,2026-06-13,5102,11788,1,1.75,14.63,9.75,14.63,9.75,4.880000000000001,0.33356117566643884,False,True
INV-201708,2026-07-19,4829,36308,1,1.0,6.75,4.5,6.75,4.5,2.25,0.3333333333333333,False,True
INV-201709,2026-07-09,2633,11788,1,1.75,14.63,9.75,14.63,9.75,4.880000000000001,0.33356117566643884,False,True
INV-201710,2026-03-21,3385,11788,36,63.0,526.68,9.75,14.63,351.0,175.67999999999995,0.3335611756664388,False,True
INV-201711,2026-04-07,2501,19067,1,0.75,26.99,17.99,26.99,17.99,9.0,0.33345683586513525,False,True
INV-201712,2026-06-03,2633,35918,5,8.75,67.45,8.99,13.49,44.95,22.5,0.3335804299481097,False,True
INV-201713,2026-04-02,2190,43336,2,1.5,24.76,8.25,12.38,16.5,8.260000000000002,0.3336025848142165,False,True
INV-201714,2026-04-02,2633,77779,2,0.75,24.2,11.0,12.1,22.0,2.1999999999999993,0.09090909090909088,False,True
INV-201715,2026-05-17,5102,43336,16,12.0,198.08,8.25,12.38,132.0,66.08000000000001,0.3336025848142165,False,True
INV-201716,2026-03-25,5102,35918,2,3.5,26.98,8.99,13.49,17.98,9.0,0.3335804299481097,False,True
INV-201717,2026-04-11,5102,26827,1,0.75,18.75,12.5,18.75,12.5,6.25,0.3333333333333333,False,True
INV-201718,2026-02-05,2648,64866,4,3.0,149.96,24.99,37.49,99.96,50.000000000000014,0.3334222459322487,False,True
INV-201719,2026-03-18,2633,36308,1,1.0,6.75,4.5,6.75,4.5,2.25,0.3333333333333333,False,True
INV-201720,2026-03-23,5102,43336,1,0.75,12.38,8.25,12.38,8.25,4.130000000000001,0.3336025848142165,False,True
INV-201721,2026-03-25,2190,36308,1,1.0,6.75,4.5,6.75,4.5,2.25,0.3333333333333333,False,True
INV-201722,2026-03-15,2501,19067,1,0.75,26.99,17.99,26.99,17.99,9.0,0.33345683586513525,False,True
INV-201723,2026-07-19,5102,77779,17,6.38,205.7,11.0,12.1,187.0,18.69999999999999,0.09090909090909086,False,True
INV-201724,2026-06-26,2190,77779,1,0.38,12.1,11.0,12.1,11.0,1.0999999999999996,0.09090909090909088,False,True
INV-201725,2026-03-28,2648,64866,3,2.25,112.47,24.99,37.49,74.97,37.5,0.3334222459322486,False,True
INV-201726,2026-03-17,2501,77779,1,0.38,12.1,,12.1,,,,False,False
INV-201727,2026-07-19,3385,35918,5,8.75,67.45,8.99,13.49,44.95,22.5,0.3335804299481097,False,True
INV-201728,2026-07-07,4829,11788,4,7.0,58.52,9.75,14.63,39.0,19.520000000000003,0.33356117566643884,False,True
INV-201729,2026-03-27,2501,11788,2,3.5,29.26,9.75,14.63,19.5,9.760000000000002,0.33356117566643884,False,True
INV-201730,2026-05-22,3385,26827,9,6.75,168.75,12.5,18.75,112.5,56.25,0.3333333333333333,False,True
INV-201731,2026-06-29,3385,26827,8,6.0,150.0,12.5,18.75,100.0,50.0,0.3333333333333333,False,True
INV-201732,2026-04-06,2190,26827,2,1.5,37.5,12.5,18.75,25.0,12.5,0.3333333333333333,False,True
INV-201733,2026-06-29,4829,43336,1,0.75,12.38,8.25,12.38,8.25,4.130000000000001,0.3336025848142165,False,True
INV-201734,2026-03-17,2633,26827,1,0.75,18.75,12.5,18.75,12.5,6.25,0.3333333333333333,False,True
INV-201735,2026-06-15,4829,77779,2,0.75,24.2,11.0,12.1,22.0,2.1999999999999993,0.09090909090909088,False,True
INV-201736,2026-03-17,4829,26827,1,0.75,18.75,12.5,18.75,12.5,6.25,0.3333333333333333,False,True
INV-201737,2026-05-11,2633,64866,1,0.75,37.49,24.99,37.49,24.99,12.500000000000004,0.3334222459322487,False,True
INV-201738,2026-03-17,2190,26827,4,3.0,75.0,12.5,18.75,50.0,25.0,0.3333333333333333,False,True
INV-201739,2026-02-15,2633,77779,13,4.88,157.3,11.0,12.1,143.0,14.300000000000011,0.09090909090909098,False,True
INV-201740,2026-06-28,2190,26827,2,1.5,37.5,12.5,18.75,25.0,12.5,0.3333333333333333,False,True
INV-201741,2026-07-17,5102,35918,3,5.25,40.47,8.99,13.49,26.97,13.5,0.3335804299481097,False,True
INV-201742,2026-03-22,2633,77779,3,1.12,36.3,11.0,12.1,33.0,3.299999999999997,0.09090909090909084,False,True
INV-201743,2026-03-08,2633,36308,14,14.0,94.5,4.5,6.75,63.0,31.5,0.3333333333333333,False,True
INV-201744,2026-07-20,2648,77779,3,1.12,36.3,,12.1,,,,False,False
INV-201745,2026-03-11,2190,64866,3,2.25,112.47,24.99,37.49,74.97,37.5,0.3334222459322486,False,True
INV-201746,2026-06-15,3385,11788,3,5.25,43.89,9.75,14.63,29.25,14.64,0.33356117566643884,False,True
INV-201747,2026-05-28,2190,64866,3,2.25,112.47,24.99,37.49,74.97,37.5,0.3334222459322486,False,True
INV-201748,2026-07-16,4829,11788,2,3.5,29.26,9.75,14.63,19.5,9.760000000000002,0.33356117566643884,False,True
INV-201749,2026-05-28,4829,35918,1,1.75,13.49,8.99,13.49,8.99,4.5,0.3335804299481097,False,True
INV-201750,2026-06-13,5102,43336,1,0.75,12.38,8.25,12.38,8.25,4.130000000000001,0.3336025848142165,False,True
INV-201751,2026-07-07,4829,43336,2,1.5,24.76,8.25,12.38,16.5,8.260000000000002,0.3336025848142165,False,True
INV-201752,2026-07-09,2633,11788,2,3.5,29.26,9.75,14.63,19.5,9.760000000000002,0.33356117566643884,False,True
INV-201753,2026-02-06,2648,43336,1,0.75,12.38,8.25,12.38,8.25,4.130000000000001,0.3336025848142165,False,True
INV-201754,2026-07-11,4829,77779,2,0.75,24.2,11.0,12.1,22.0,2.1999999999999993,0.09090909090909088,False,True
INV-201755,2026-05-11,5102,64866,6,4.5,224.94,24.99,37.49,149.94,75.0,0.3334222459322486,False,True
INV-201756,2026-04-19,2190,26827,7,5.25,131.25,12.5,18.75,87.5,43.75,0.3333333333333333,False,True
INV-201757,2026-04-20,2648,43336,13,9.75,160.94,8.25,12.38,107.25,53.69,0.33360258481421645,False,True
INV-201758,2026-03-20,3385,19067,1,0.75,26.99,17.99,26.99,17.99,9.0,0.33345683586513525,False,True
INV-201759,2026-02-27,4829,36308,1,1.0,6.75,4.5,6.75,4.5,2.25,0.3333333333333333,False,True
INV-201760,2026-05-22,2648,36308,1,1.0,6.75,4.5,6.75,4.5,2.25,0.3333333333333333,False,True
INV-201761,2026-02-01,4829,64866,2,1.5,74.98,24.99,37.49,49.98,25.000000000000007,0.3334222459322487,False,True
INV-201762,2026-03-24,4829,36308,4,4.0,27.0,4.5,6.75,18.0,9.0,0.3333333333333333,False,True
INV-201763,2026-04-11,4829,64866,2,1.5,74.98,24.99,37.49,49.98,25.000000000000007,0.3334222459322487,False,True
INV-201764,2026-02-01,2190,77779,8,3.0,96.8,11.0,12.1,88.0,8.799999999999997,0.09090909090909088,False,True
INV-201765,2026-06-07,2648,77779,15,5.62,181.5,11.0,12.1,165.0,16.5,0.09090909090909091,False,True
INV-201766,2026-02-05,3385,11788,1,1.75,14.63,9.75,14.63,9.75,4.880000000000001,0.33356117566643884,False,True
INV-201767,2026-07-21,3385,77779,1,0.38,12.1,11.0,12.1,11.0,1.0999999999999996,0.09090909090909088,False,True
INV-201768,2026-02-07,3385,64866,1,0.75,37.49,24.99,37.49,24.99,12.500000000000004,0.3334222459322487,False,True
INV-201769,2026-07-04,2648,19067,10,7.5,269.9,17.99,26.99,179.89999999999998,90.0,0.33345683586513525,False,True
INV-201770,2026-05-12,2648,64866,1,0.75,37.49,24.99,37.49,24.99,12.500000000000004,0.3334222459322487,False,True
INV-201771,2026-04-18,2190,26827,3,2.25,56.25,12.5,18.75,37.5,18.75,0.3333333333333333,False,True
INV-201772,2026-05-17,4829,77779,8,3.0,96.8,11.0,12.1,88.0,8.799999999999997,0.09090909090909088,False,True
INV-201773,2026-04-25,5102,11788,1,1.75,14.63,9.75,14.63,9.75,4.880000000000001,0.33356117566643884,False,True
INV-201774,2026-07-05,4829,77779,3,1.12,36.3,11.0,12.1,33.0,3.299999999999997,0.09090909090909084,False,True
INV-201775,2026-04-23,2190,64866,2,1.5,74.98,24.99,37.49,49.98,25.000000000000007,0.3334222459322487,False,True
INV-201776,2026-03-07,2648,11788,1,1.75,14.63,9.75,14.63,9.75,4.880000000000001,0.33356117566643884,False,True
INV-201777,2026-02-21,2633,43336,1,0.75,12.38,8.25,12.38,8.25,4.130000000000001,0.3336025848142165,False,True
INV-201778,2026-05-03,4829,43336,7,5.25,86.66,8.25,12.38,57.75,28.909999999999997,0.33360258481421645,False,True
INV-201779,2026-04-04,2501,11788,11,19.25,160.93,9.75,14.63,107.25,53.68000000000001,0.33356117566643884,False,True
INV-201780,2026-06-30,4829,11788,3,5.25,43.89,9.75,14.63,29.25,14.64,0.33356117566643884,False,True
INV-201781,2026-03-10,2633,77779,1,0.38,12.1,11.0,12.1,11.0,1.0999999999999996,0.09090909090909088,False,True
INV-201782,2026-05-19,2501,19067,9,6.75,242.91,17.99,26.99,161.91,81.0,0.33345683586513525,False,True
INV-201783,2026-03-28,2633,35918,1,1.75,13.49,8.99,13.49,8.99,4.5,0.3335804299481097,False,True
INV-201784,2026-03-08,2633,64866,3,2.25,112.47,24.99,37.49,74.97,37.5,0.3334222459322486,False,True
INV-201785,2026-02-21,3385,11788,2,3.5,29.26,9.75,14.63,19.5,9.760000000000002,0.33356117566643884,False,True
INV-201786,2026-07-09,2633,64866,7,5.25,262.43,24.99,37.49,174.92999999999998,87.50000000000003,0.3334222459322487,False,True
INV-201787,2026-02-17,2190,43336,13,9.75,160.94,8.25,12.38,107.25,53.69,0.33360258481421645,False,True
INV-201788,2026-02-06,3385,26827,3,2.25,56.25,12.5,18.75,37.5,18.75,0.3333333333333333,False,True
INV-201789,2026-07-21,3385,11788,3,5.25,43.89,9.75,14.63,29.25,14.64,0.33356117566643884,False,True
INV-201790,2026-06-29,3385,64866,7,5.25,262.43,24.99,37.49,174.92999999999998,87.50000000000003,0.3334222459322487,False,True
INV-201791,2026-02-18,2501,77779,10,3.75,121.0,11.0,12.1,110.0,11.0,0.09090909090909091,False,True
INV-201792,2026-07-28,4829,26827,1,0.75,18.75,12.5,18.75,12.5,6.25,0.3333333333333333,False,True
INV-201793,2026-02-20,2501,43336,1,0.75,12.38,8.25,12.38,8.25,4.130000000000001,0.3336025848142165,False,True
INV-201794,2026-05-18,2190,35918,3,5.25,40.47,8.99,13.49,26.97,13.5,0.3335804299481097,False,True
INV-201795,2026-04-24,2501,26827,7,5.25,131.25,12.5,18.75,87.5,43.75,0.3333333333333333,False,True
INV-201796,2026-04-17,2633,43336,1,0.75,12.38,,12.38,,,,False,False
INV-201797,2026-04-13,5102,26827,1,0.75,18.75,12.5,18.75,12.5,6.25,0.3333333333333333,False,True
INV-201798,2026-06-13,5102,11788,3,5.25,43.89,9.75,14.63,29.25,14.64,0.33356117566643884,False,True
INV-201799,2026-05-09,4829,43336,1,0.75,12.38,8.25,12.38,8.25,4.130000000000001,0.3336025848142165,False,True
INV-201800,2026-02-17,4829,11788,1,1.75,14.63,9.75,14.63,9.75,4.880000000000001,0.33356117566643884,False,True
INV-201801,2026-02-01,4829,43336,1,0.75,12.38,8.25,12.38,8.25,4.130000000000001,0.3336025848142165,False,True
INV-201802,2026-07-19,2190,43336,2,1.5,24.76,8.25,12.38,16.5,8.260000000000002,0.3336025848142165,False,True
INV-201803,2026-05-03,2190,11788,4,7.0,58.52,9.75,14.63,39.0,19.520000000000003,0.33356117566643884,False,True
INV-201804,2026-07-06,2648,36308,3,3.0,20.25,4.5,6.75,13.5,6.75,0.3333333333333333,False,True
INV-201805,2026-06-01,2648,26827,1,0.75,18.75,12.5,18.75,12.5,6.25,0.3333333333333333,False,True
INV-201806,2026-04-22,3385,64866,5,3.75,187.45,24.99,37.49,124.94999999999999,62.5,0.3334222459322486,False,True
INV-201807,2026-03-06,2190,35918,4,7.0,53.96,8.99,13.49,35.96,18.0,0.3335804299481097,False,True
INV-201808,2026-04-26,2633,11788,1,1.75,14.63,9.75,14.63,9.75,4.880000000000001,0.33356117566643884,False,True
INV-201809,2026-02-09,3385,35918,2,3.5,26.98,8.99,13.49,17.98,9.0,0.3335804299481097,False,True
INV-201810,2026-04-30,3385,77779,3,1.12,36.3,11.0,12.1,33.0,3.299999999999997,0.09090909090909084,False,True
INV-201811,2026-07-15,4829,77779,1,0.38,12.1,11.0,12.1,11.0,1.0999999999999996,0.09090909090909088,False,True
INV-201812,2026-04-08,2190,64866,2,1.5,74.98,24.99,37.49,49.98,25.000000000000007,0.3334222459322487,False,True
INV-201813,2026-07-20,2648,77779,2,0.75,24.2,11.0,12.1,22.0,2.1999999999999993,0.09090909090909088,False,True
INV-201814,2026-03-23,2648,36308,1,1.0,6.75,4.5,6.75,4.5,2.25,0.3333333333333333,False,True
INV-201815,2026-03-12,2633,26827,8,6.0,150.0,12.5,18.75,100.0,50.0,0.3333333333333333,False,True
INV-201816,2026-07-09,2501,35918,2,3.5,26.98,8.99,13.49,17.98,9.0,0.3335804299481097,False,True
INV-201817,2026-07-12,2190,19067,2,1.5,53.98,17.99,26.99,35.98,18.0,0.33345683586513525,False,True
INV-201818,2026-04-06,3385,35918,2,3.5,26.98,8.99,13.49,17.98,9.0,0.3335804299481097,False,True
INV-201819,2026-04-02,2648,11788,7,12.25,102.41,9.75,14.63,68.25,34.16,0.3335611756664388,False,True
INV-201820,2026-04-14,3385,19067,1,0.75,26.99,17.99,26.99,17.99,9.0,0.33345683586513525,False,True
INV-201821,2026-02-09,2190,11788,1,1.75,14.63,9.75,14.63,9.75,4.880000000000001,0.33356117566643884,False,True
INV-201822,2026-07-13,5102,35918,1,1.75,13.49,8.99,13.49,8.99,4.5,0.3335804299481097,False,True
INV-201823,2026-02-16,2648,35918,6,10.5,80.94,8.99,13.49,53.94,27.0,0.3335804299481097,False,True
INV-201824,2026-06-21,2190,35918,4,7.0,53.96,8.99,13.49,35.96,18.0,0.3335804299481097,False,True
INV-201825,2026-07-06,3385,26827,7,5.25,131.25,12.5,18.75,87.5,43.75,0.3333333333333333,False,True
INV-201826,2026-02-07,5102,35918,1,1.75,13.49,8.99,13.49,8.99,4.5,0.3335804299481097,False,True
INV-201827,2026-02-23,4829,77779,1,0.38,12.1,11.0,12.1,11.0,1.0999999999999996,0.09090909090909088,False,True
INV-201828,2026-05-21,2633,64866,2,1.5,74.98,24.99,37.49,49.98,25.000000000000007,0.3334222459322487,False,True
INV-201829,2026-05-19,3385,64866,11,8.25,412.39,24.99,37.49,274.89,137.5,0.3334222459322486,False,True
INV-201830,2026-02-18,2633,43336,7,5.25,86.66,8.25,12.38,57.75,28.909999999999997,0.33360258481421645,False,True
INV-201831,2026-07-11,2633,36308,1,1.0,6.75,4.5,6.75,4.5,2.25,0.3333333333333333,False,True
INV-201832,2026-04-06,2648,11788,1,1.75,14.63,9.75,14.63,9.75,4.880000000000001,0.33356117566643884,False,True
INV-201833,2026-05-05,2633,43336,3,2.25,37.14,8.25,12.38,24.75,12.39,0.3336025848142165,False,True
INV-201834,2026-02-11,4829,26827,4,3.0,75.0,12.5,18.75,50.0,25.0,0.3333333333333333,False,True
INV-201835,2026-03-30,3385,77779,2,0.75,24.2,11.0,12.1,22.0,2.1999999999999993,0.09090909090909088,False,True
INV-201836,2026-05-09,2648,36308,1,1.0,6.75,4.5,6.75,4.5,2.25,0.3333333333333333,False,True
INV-201837,2026-07-28,2633,19067,1,0.75,26.99,17.99,26.99,17.99,9.0,0.33345683586513525,False,True
INV-201838,2026-03-12,4829,77779,4,1.5,48.4,11.0,12.1,44.0,4.399999999999999,0.09090909090909088,False,True
INV-201839,2026-03-02,2648,35918,9,15.75,121.41,8.99,13.49,80.91,40.5,0.3335804299481097,False,True
INV-201840,2026-02-18,2190,64866,12,9.0,449.88,24.99,37.49,299.88,150.0,0.3334222459322486,False,True
INV-201841,2026-05-22,2648,43336,1,0.75,12.38,8.25,12.38,8.25,4.130000000000001,0.3336025848142165,False,True
INV-201842,2026-04-23,3385,19067,5,3.75,134.95,17.99,26.99,89.94999999999999,45.0,0.33345683586513525,False,True
INV-201843,2026-02-27,2633,64866,1,0.75,37.49,24.99,37.49,24.99,12.500000000000004,0.3334222459322487,False,True
INV-201844,2026-07-12,2190,11788,2,3.5,29.26,9.75,14.63,19.5,9.760000000000002,0.33356117566643884,False,True
INV-201845,2026-06-24,3385,19067,2,1.5,53.98,17.99,26.99,35.98,18.0,0.33345683586513525,False,True
INV-201846,2026-07-08,3385,36308,1,1.0,6.75,4.5,6.75,4.5,2.25,0.3333333333333333,False,True
INV-201847,2026-04-23,4829,43336,3,2.25,37.14,8.25,12.38,24.75,12.39,0.3336025848142165,False,True
INV-201848,2026-05-30,2190,36308,3,3.0,20.25,4.5,6.75,13.5,6.75,0.3333333333333333,False,True
INV-201849,2026-02-27,2501,35918,6,10.5,80.94,8.99,13.49,53.94,27.0,0.3335804299481097,False,True
INV-201850,2026-03-03,2501,77779,1,0.38,12.1,11.0,12.1,11.0,1.0999999999999996,0.09090909090909088,False,True
INV-201851,2026-02-09,3385,77779,6,2.25,72.6,11.0,12.1,66.0,6.599999999999994,0.09090909090909084,False,True
INV-201852,2026-07-07,2190,35918,1,1.75,13.49,8.99,13.49,8.99,4.5,0.3335804299481097,False,True
INV-201853,2026-07-21,2501,43336,5,3.75,61.9,8.25,12.38,41.25,20.65,0.33360258481421645,False,True
INV-201854,2026-06-26,2501,36308,10,10.0,67.5,4.5,6.75,45.0,22.5,0.3333333333333333,False,True
INV-201855,2026-03-23,5102,35918,7,12.25,94.43,8.99,13.49,62.93,31.500000000000007,0.33358042994810977,False,True
INV-201856,2026-05-01,2633,36308,6,6.0,40.5,4.5,6.75,27.0,13.5,0.3333333333333333,False,True
INV-201857,2026-02-16,2501,36308,10,10.0,67.5,4.5,6.75,45.0,22.5,0.3333333333333333,False,True
INV-201858,2026-03-10,5102,26827,2,1.5,37.5,12.5,18.75,25.0,12.5,0.3333333333333333,False,True
INV-201859,2026-05-23,3385,64866,1,0.75,37.49,24.99,37.49,24.99,12.500000000000004,0.3334222459322487,False,True
INV-201860,2026-03-05,2648,35918,-21,-36.75,-283.29,8.99,13.49,-188.79,-94.50000000000003,0.33358042994810977,True,True
INV-201861,2026-02-25,5102,35918,4,7.0,53.96,8.99,13.49,35.96,18.0,0.3335804299481097,False,True
INV-201862,2026-05-28,2633,36308,1,1.0,6.75,4.5,6.75,4.5,2.25,0.3333333333333333,False,True
INV-201863,2026-05-26,4829,11788,3,5.25,43.89,9.75,14.63,29.25,14.64,0.33356117566643884,False,True
INV-201864,2026-07-27,2190,36308,2,2.0,13.5,4.5,6.75,9.0,4.5,0.3333333333333333,False,True
INV-201865,2026-02-09,2501,19067,2,1.5,53.98,17.99,26.99,35.98,18.0,0.33345683586513525,False,True
INV-201866,2026-04-25,5102,36308,1,1.0,6.75,4.5,6.75,4.5,2.25,0.3333333333333333,False,True
INV-201867,2026-05-27,2190,64866,1,0.75,37.49,24.99,37.49,24.99,12.500000000000004,0.3334222459322487,False,True
INV-201868,2026-04-13,2633,36308,3,3.0,20.25,4.5,6.75,13.5,6.75,0.3333333333333333,False,True
INV-201869,2026-05-13,2501,35918,9,15.75,121.41,8.99,13.49,80.91,40.5,0.3335804299481097,False,True
INV-201870,2026-05-01,2190,26827,11,8.25,206.25,12.5,18.75,137.5,68.75,0.3333333333333333,False,True
INV-201871,2026-05-04,5102,19067,1,0.75,26.99,17.99,26.99,17.99,9.0,0.33345683586513525,False,True
INV-201872,2026-07-06,4829,11788,6,10.5,87.78,9.75,14.63,58.5,29.28,0.33356117566643884,False,True
INV-201873,2026-06-16,2648,35918,9,15.75,121.41,8.99,13.49,80.91,40.5,0.3335804299481097,False,True
INV-201874,2026-06-10,5102,43336,2,1.5,24.76,8.25,12.38,16.5,8.260000000000002,0.3336025848142165,False,True
INV-201875,2026-06-19,2501,36308,3,3.0,20.25,4.5,6.75,13.5,6.75,0.3333333333333333,False,True
INV-201876,2026-05-01,2648,36308,2,2.0,13.5,4.5,6.75,9.0,4.5,0.3333333333333333,False,True
INV-201877,2026-04-17,2190,19067,1,0.75,26.99,17.99,26.99,17.99,9.0,0.33345683586513525,False,True
INV-201878,2026-04-22,3385,43336,2,1.5,24.76,8.25,12.38,16.5,8.260000000000002,0.3336025848142165,False,True
INV-201879,2026-02-02,2501,11788,2,3.5,29.26,9.75,14.63,19.5,9.760000000000002,0.33356117566643884,False,True
INV-201880,2026-02-09,2190,64866,-6,-4.5,-224.94,24.99,37.49,-149.94,-75.0,0.3334222459322486,True,True
INV-201881,2026-06-18,3385,26827,13,9.75,243.75,12.5,18.75,162.5,81.25,0.3333333333333333,False,True
INV-201882,2026-06-22,4829,26827,14,10.5,262.5,12.5,18.75,175.0,87.5,0.3333333333333333,False,True
INV-201883,2026-06-02,5102,64866,3,2.25,112.47,24.99,37.49,74.97,37.5,0.3334222459322486,False,True
INV-201884,2026-02-16,2190,77779,2,0.75,24.2,11.0,12.1,22.0,2.1999999999999993,0.09090909090909088,False,True
INV-201885,2026-07-11,2501,36308,5,5.0,33.75,4.5,6.75,22.5,11.25,0.3333333333333333,False,True
INV-201886,2026-05-13,2190,19067,9,6.75,242.91,17.99,26.99,161.91,81.0,0.33345683586513525,False,True
INV-201887,2026-02-28,5102,26827,3,2.25,56.25,12.5,18.75,37.5,18.75,0.3333333333333333,False,True
INV-201888,2026-02-17,2648,19067,20,15.0,539.8,17.99,26.99,359.79999999999995,180.0,0.33345683586513525,False,True
INV-201889,2026-07-20,2648,35918,1,1.75,13.49,8.99,13.49,8.99,4.5,0.3335804299481097,False,True
INV-201890,2026-05-18,2501,11788,4,7.0,58.52,9.75,14.63,39.0,19.520000000000003,0.33356117566643884,False,True
INV-201891,2026-04-09,2648,35918,3,5.25,40.47,8.99,13.49,26.97,13.5,0.3335804299481097,False,True
INV-201892,2026-03-25,5102,26827,3,2.25,56.25,12.5,18.75,37.5,18.75,0.3333333333333333,False,True
INV-201893,2026-05-23,3385,35918,4,7.0,53.96,8.99,13.49,35.96,18.0,0.3335804299481097,False,True
INV-201894,2026-06-09,2648,11788,3,5.25,43.89,9.75,14.63,29.25,14.64,0.33356117566643884,False,True
INV-201895,2026-06-12,4829,64866,2,1.5,74.98,24.99,37.49,49.98,25.000000000000007,0.3334222459322487,False,True
INV-201896,2026-05-01,5102,43336,3,2.25,37.14,8.25,12.38,24.75,12.39,0.3336025848142165,False,True
INV-201897,2026-05-20,4829,77779,1,0.38,12.1,11.0,12.1,11.0,1.0999999999999996,0.09090909090909088,False,True
INV-201898,2026-03-04,4829,36308,1,1.0,6.75,4.5,6.75,4.5,2.25,0.3333333333333333,False,True
INV-201899,2026-06-06,2501,64866,2,1.5,74.98,,37.49,,,,False,False
INV-201900,2026-04-24,2633,35918,1,1.75,13.49,8.99,13.49,8.99,4.5,0.3335804299481097,False,True
INV-201901,2026-05-23,2648,77779,6,2.25,72.6,11.0,12.1,66.0,6.599999999999994,0.09090909090909084,False,True
INV-201902,2026-07-04,5102,77779,17,6.38,205.7,11.0,12.1,187.0,18.69999999999999,0.09090909090909086,False,True
INV-201903,2026-02-05,4829,64866,4,3.0,149.96,24.99,37.49,99.96,50.000000000000014,0.3334222459322487,False,True
INV-201904,2026-05-23,3385,64866,4,3.0,149.96,24.99,37.49,99.96,50.000000000000014,0.3334222459322487,False,True
INV-201905,2026-04-26,2190,26827,6,4.5,112.5,12.5,18.75,75.0,37.5,0.3333333333333333,False,True
INV-201906,2026-06-13,2190,77779,1,0.38,12.1,11.0,12.1,11.0,1.0999999999999996,0.09090909090909088,False,True
INV-201907,2026-05-11,3385,19067,17,12.75,458.83,17.99,26.99,305.83,153.0,0.33345683586513525,False,True
INV-201908,2026-07-28,2648,77779,3,1.12,36.3,11.0,12.1,33.0,3.299999999999997,0.09090909090909084,False,True
INV-201909,2026-02-28,4829,77779,3,1.12,36.3,11.0,12.1,33.0,3.299999999999997,0.09090909090909084,False,True
INV-201910,2026-06-25,5102,26827,1,0.75,18.75,12.5,18.75,12.5,6.25,0.3333333333333333,False,True
INV-201911,2026-04-18,5102,35918,1,1.75,13.49,8.99,13.49,8.99,4.5,0.3335804299481097,False,True
INV-201912,2026-05-01,2633,26827,1,0.75,18.75,12.5,18.75,12.5,6.25,0.3333333333333333,False,True
INV-201913,2026-04-02,5102,19067,1,0.75,26.99,17.99,26.99,17.99,9.0,0.33345683586513525,False,True
INV-201914,2026-05-05,3385,64866,5,3.75,187.45,24.99,37.49,124.94999999999999,62.5,0.3334222459322486,False,True
INV-201915,2026-02-23,2190,77779,-1,-0.38,-12.1,11.0,12.1,-11.0,-1.0999999999999996,0.09090909090909088,True,True
INV-201916,2026-03-30,2648,35918,1,1.75,13.49,8.99,13.49,8.99,4.5,0.3335804299481097,False,True
INV-201917,2026-07-06,2190,36308,1,1.0,6.75,4.5,6.75,4.5,2.25,0.3333333333333333,False,True
INV-201918,2026-04-17,3385,26827,25,18.75,468.75,,18.75,,,,False,False
INV-201919,2026-07-02,2633,43336,4,3.0,49.52,8.25,12.38,33.0,16.520000000000003,0.3336025848142165,False,True
INV-201920,2026-03-22,4829,64866,3,2.25,112.47,24.99,37.49,74.97,37.5,0.3334222459322486,False,True
INV-201921,2026-06-12,2190,64866,5,3.75,187.45,24.99,37.49,124.94999999999999,62.5,0.3334222459322486,False,True
INV-201922,2026-07-24,2648,11788,1,1.75,14.63,9.75,14.63,9.75,4.880000000000001,0.33356117566643884,False,True
INV-201923,2026-04-25,5102,11788,1,1.75,14.63,,14.63,,,,False,False
INV-201924,2026-04-28,5102,19067,4,3.0,107.96,17.99,26.99,71.96,36.0,0.33345683586513525,False,True
INV-201925,2026-04-17,2633,64866,7,5.25,262.43,24.99,37.49,174.92999999999998,87.50000000000003,0.3334222459322487,False,True
INV-201926,2026-03-26,3385,19067,3,2.25,80.97,17.99,26.99,53.97,27.0,0.33345683586513525,False,True
INV-201927,2026-06-27,2190,43336,1,0.75,12.38,8.25,12.38,8.25,4.130000000000001,0.3336025848142165,False,True
INV-201928,2026-02-04,2190,43336,5,3.75,61.9,8.25,12.38,41.25,20.65,0.33360258481421645,False,True
INV-201929,2026-04-25,4829,43336,4,3.0,49.52,8.25,12.38,33.0,16.520000000000003,0.3336025848142165,False,True
INV-201930,2026-04-17,2648,19067,5,3.75,134.95,17.99,26.99,89.94999999999999,45.0,0.33345683586513525,False,True
INV-201931,2026-06-21,2633,26827,7,5.25,131.25,12.5,18.75,87.5,43.75,0.3333333333333333,False,True
INV-201932,2026-06-08,2190,19067,1,0.75,26.99,17.99,26.99,17.99,9.0,0.33345683586513525,False,True
INV-201933,2026-03-14,4829,35918,6,10.5,80.94,8.99,13.49,53.94,27.0,0.3335804299481097,False,True
INV-201934,2026-04-07,5102,19067,2,1.5,53.98,17.99,26.99,35.98,18.0,0.33345683586513525,False,True
INV-201935,2026-06-05,2501,36308,4,4.0,27.0,4.5,6.75,18.0,9.0,0.3333333333333333,False,True
INV-201936,2026-04-26,2501,77779,1,0.38,12.1,11.0,12.1,11.0,1.0999999999999996,0.09090909090909088,False,True
INV-201937,2026-06-19,2190,64866,4,3.0,149.96,24.99,37.49,99.96,50.000000000000014,0.3334222459322487,False,True
INV-201938,2026-04-16,2190,64866,2,1.5,74.98,24.99,37.49,49.98,25.000000000000007,0.3334222459322487,False,True
INV-201939,2026-03-08,2633,26827,1,0.75,18.75,12.5,18.75,12.5,6.25,0.3333333333333333,False,True
INV-201940,2026-06-15,4829,35918,7,12.25,94.43,8.99,13.49,62.93,31.500000000000007,0.33358042994810977,False,True
INV-201941,2026-03-12,2633,64866,1,0.75,37.49,24.99,37.49,24.99,12.500000000000004,0.3334222459322487,False,True
INV-201942,2026-04-21,2648,64866,3,2.25,112.47,24.99,37.49,74.97,37.5,0.3334222459322486,False,True
INV-201943,2026-07-04,3385,19067,5,3.75,134.95,17.99,26.99,89.94999999999999,45.0,0.33345683586513525,False,True
INV-201944,2026-02-13,2648,26827,1,0.75,18.75,12.5,18.75,12.5,6.25,0.3333333333333333,False,True
INV-201945,2026-04-23,2501,19067,2,1.5,53.98,17.99,26.99,35.98,18.0,0.33345683586513525,False,True
INV-201946,2026-05-29,4829,64866,1,0.75,37.49,24.99,37.49,24.99,12.500000000000004,0.3334222459322487,False,True
INV-201947,2026-03-01,5102,36308,1,1.0,6.75,4.5,6.75,4.5,2.25,0.3333333333333333,False,True
INV-201948,2026-07-10,4829,77779,2,0.75,24.2,11.0,12.1,22.0,2.1999999999999993,0.09090909090909088,False,True
INV-201949,2026-03-17,2501,43336,1,0.75,12.38,8.25,12.38,8.25,4.130000000000001,0.3336025848142165,False,True
INV-201950,2026-04-09,2648,36308,7,7.0,47.25,4.5,6.75,31.5,15.75,0.3333333333333333,False,True
INV-201951,2026-04-14,2633,35918,2,3.5,26.98,8.99,13.49,17.98,9.0,0.3335804299481097,False,True
INV-201952,2026-06-17,2633,19067,1,0.75,26.99,17.99,26.99,17.99,9.0,0.33345683586513525,False,True
INV-201953,2026-06-17,2633,43336,3,2.25,37.14,8.25,12.38,24.75,12.39,0.3336025848142165,False,True
INV-201954,2026-07-18,3385,19067,2,1.5,53.98,17.99,26.99,35.98,18.0,0.33345683586513525,False,True
INV-201955,2026-06-10,2648,43336,10,7.5,123.8,8.25,12.38,82.5,41.3,0.33360258481421645,False,True
INV-201956,2026-02-12,2633,36308,3,3.0,20.25,4.5,6.75,13.5,6.75,0.3333333333333333,False,True
INV-201957,2026-04-03,2501,26827,3,2.25,56.25,12.5,18.75,37.5,18.75,0.3333333333333333,False,True
INV-201958,2026-05-19,2633,77779,5,1.88,60.5,11.0,12.1,55.0,5.5,0.09090909090909091,False,True
INV-201959,2026-02-07,2190,36308,1,1.0,6.75,4.5,6.75,4.5,2.25,0.3333333333333333,False,True
INV-201960,2026-06-18,4829,43336,1,0.75,12.38,8.25,12.38,8.25,4.130000000000001,0.3336025848142165,False,True
INV-201961,2026-07-16,2190,64866,1,0.75,37.49,24.99,37.49,24.99,12.500000000000004,0.3334222459322487,False,True
INV-201962,2026-04-03,2190,77779,3,1.12,36.3,,12.1,,,,False,False
INV-201963,2026-01-30,2190,64866,4,3.0,149.96,24.99,37.49,99.96,50.000000000000014,0.3334222459322487,False,True
INV-201964,2026-05-31,4829,11788,1,1.75,14.63,9.75,14.63,9.75,4.880000000000001,0.33356117566643884,False,True
INV-201965,2026-06-14,2501,36308,5,5.0,33.75,4.5,6.75,22.5,11.25,0.3333333333333333,False,True
INV-201966,2026-04-30,2648,11788,11,19.25,160.93,9.75,14.63,107.25,53.68000000000001,0.33356117566643884,False,True
INV-201967,2026-04-11,2633,64866,1,0.75,37.49,24.99,37.49,24.99,12.500000000000004,0.3334222459322487,False,True
INV-201968,2026-02-09,2501,11788,7,12.25,102.41,9.75,14.63,68.25,34.16,0.3335611756664388,False,True
INV-201969,2026-07-25,2648,35918,1,1.75,13.49,8.99,13.49,8.99,4.5,0.3335804299481097,False,True
INV-201970,2026-03-18,2190,11788,1,1.75,14.63,9.75,14.63,9.75,4.880000000000001,0.33356117566643884,False,True
INV-201971,2026-02-25,2648,64866,1,0.75,37.49,24.99,37.49,24.99,12.500000000000004,0.3334222459322487,False,True
INV-201972,2026-03-11,2633,26827,1,0.75,18.75,12.5,18.75,12.5,6.25,0.3333333333333333,False,True
INV-201973,2026-06-10,2190,64866,2,1.5,74.98,24.99,37.49,49.98,25.000000000000007,0.3334222459322487,False,True
INV-201974,2026-05-14,2501,36308,7,7.0,47.25,4.5,6.75,31.5,15.75,0.3333333333333333,False,True
INV-201975,2026-03-15,2633,26827,1,0.75,18.75,12.5,18.75,12.5,6.25,0.3333333333333333,False,True
INV-201976,2026-05-03,2633,26827,2,1.5,37.5,12.5,18.75,25.0,12.5,0.3333333333333333,False,True
INV-201977,2026-04-24,3385,43336,3,2.25,37.14,8.25,12.38,24.75,12.39,0.3336025848142165,False,True
INV-201978,2026-07-14,2501,77779,1,0.38,12.1,11.0,12.1,11.0,1.0999999999999996,0.09090909090909088,False,True
INV-201979,2026-03-16,2501,36308,1,1.0,6.75,4.5,6.75,4.5,2.25,0.3333333333333333,False,True
INV-201980,2026-04-06,2501,11788,1,1.75,14.63,9.75,14.63,9.75,4.880000000000001,0.33356117566643884,False,True
INV-201981,2026-03-04,3385,19067,6,4.5,161.94,17.99,26.99,107.94,54.0,0.33345683586513525,False,True
INV-201982,2026-03-10,2633,64866,12,9.0,449.88,24.99,37.49,299.88,150.0,0.3334222459322486,False,True
INV-201983,2026-05-10,4829,36308,6,6.0,40.5,4.5,6.75,27.0,13.5,0.3333333333333333,False,True
INV-201984,2026-06-21,2648,11788,2,3.5,29.26,9.75,14.63,19.5,9.760000000000002,0.33356117566643884,False,True
INV-201985,2026-04-28,2501,36308,3,3.0,20.25,4.5,6.75,13.5,6.75,0.3333333333333333,False,True
INV-201986,2026-07-06,5102,64866,7,5.25,262.43,24.99,37.49,174.92999999999998,87.50000000000003,0.3334222459322487,False,True
INV-201987,2026-06-21,2633,35918,5,8.75,67.45,8.99,13.49,44.95,22.5,0.3335804299481097,False,True
INV-201988,2026-03-16,3385,19067,1,0.75,26.99,17.99,26.99,17.99,9.0,0.33345683586513525,False,True
INV-201989,2026-02-14,4829,43336,3,2.25,37.14,8.25,12.38,24.75,12.39,0.3336025848142165,False,True
INV-201990,2026-06-24,3385,36308,4,4.0,27.0,4.5,6.75,18.0,9.0,0.3333333333333333,False,True
INV-201991,2026-02-09,3385,43336,24,18.0,297.12,8.25,12.38,198.0,99.12,0.3336025848142165,False,True
INV-201992,2026-07-19,2633,26827,2,1.5,37.5,12.5,18.75,25.0,12.5,0.3333333333333333,False,True
INV-201993,2026-02-22,4829,77779,1,0.38,12.1,11.0,12.1,11.0,1.0999999999999996,0.09090909090909088,False,True
INV-201994,2026-04-18,2190,11788,5,8.75,73.15,9.75,14.63,48.75,24.400000000000006,0.3335611756664389,False,True
INV-201995,2026-04-10,2190,35918,9,15.75,121.41,8.99,13.49,80.91,40.5,0.3335804299481097,False,True
INV-201996,2026-06-23,5102,64866,3,2.25,112.47,24.99,37.49,74.97,37.5,0.3334222459322486,False,True
INV-201997,2026-06-13,5102,43336,4,3.0,49.52,8.25,12.38,33.0,16.520000000000003,0.3336025848142165,False,True
INV-201998,2026-07-21,5102,35918,9,15.75,121.41,8.99,13.49,80.91,40.5,0.3335804299481097,False,True
INV-201999,2026-05-14,2648,64866,1,0.75,37.49,24.99,37.49,24.99,12.500000000000004,0.3334222459322487,False,True
INV-202000,2026-04-12,2190,35918,1,1.75,13.49,8.99,13.49,8.99,4.5,0.3335804299481097,False,True
INV-202001,2026-04-26,5102,77779,3,1.12,36.3,11.0,12.1,33.0,3.299999999999997,0.09090909090909084,False,True
INV-202002,2026-04-01,3385,26827,6,4.5,112.5,12.5,18.75,75.0,37.5,0.3333333333333333,False,True
INV-202003,2026-03-18,2501,43336,19,14.25,235.22,8.25,12.38,156.75,78.47,0.33360258481421645,False,True
INV-202004,2026-05-23,2190,36308,1,1.0,6.75,4.5,6.75,4.5,2.25,0.3333333333333333,False,True
INV-202005,2026-02-14,5102,36308,3,3.0,20.25,4.5,6.75,13.5,6.75,0.3333333333333333,False,True
INV-202006,2026-05-19,5102,11788,1,1.75,14.63,9.75,14.63,9.75,4.880000000000001,0.33356117566643884,False,True
INV-202007,2026-03-28,4829,36308,1,1.0,6.75,4.5,6.75,4.5,2.25,0.3333333333333333,False,True
INV-202008,2026-02-18,4829,26827,1,0.75,18.75,12.5,18.75,12.5,6.25,0.3333333333333333,False,True
INV-202009,2026-07-17,3385,26827,1,0.75,18.75,12.5,18.75,12.5,6.25,0.3333333333333333,False,True
INV-202010,2026-06-20,5102,35918,3,5.25,40.47,8.99,13.49,26.97,13.5,0.3335804299481097,False,True
INV-202011,2026-03-25,2648,35918,27,47.25,364.23,8.99,13.49,242.73000000000002,121.5,0.3335804299481097,False,True
INV-202012,2026-03-06,2648,35918,4,7.0,53.96,8.99,13.49,35.96,18.0,0.3335804299481097,False,True
INV-202013,2026-07-22,2501,19067,1,0.75,26.99,17.99,26.99,17.99,9.0,0.33345683586513525,False,True
INV-202014,2026-07-25,5102,77779,5,1.88,60.5,11.0,12.1,55.0,5.5,0.09090909090909091,False,True
INV-202015,2026-06-29,2501,43336,2,1.5,24.76,8.25,12.38,16.5,8.260000000000002,0.3336025848142165,False,True
INV-202016,2026-07-01,2501,19067,2,1.5,53.98,17.99,26.99,35.98,18.0,0.33345683586513525,False,True
INV-202017,2026-03-15,4829,19067,14,10.5,377.86,17.99,26.99,251.85999999999999,126.00000000000003,0.3334568358651353,False,True
INV-202018,2026-06-21,2648,11788,1,1.75,14.63,9.75,14.63,9.75,4.880000000000001,0.33356117566643884,False,True
INV-202019,2026-04-19,2501,64866,1,0.75,37.49,24.99,37.49,24.99,12.500000000000004,0.3334222459322487,False,True
INV-202020,2026-05-03,3385,26827,1,0.75,18.75,12.5,18.75,12.5,6.25,0.3333333333333333,False,True
INV-202021,2026-06-10,3385,43336,3,2.25,37.14,8.25,12.38,24.75,12.39,0.3336025848142165,False,True
INV-202022,2026-06-20,5102,36308,1,1.0,6.75,4.5,6.75,4.5,2.25,0.3333333333333333,False,True
INV-202023,2026-06-07,3385,43336,1,0.75,12.38,8.25,12.38,8.25,4.130000000000001,0.3336025848142165,False,True
INV-202024,2026-05-31,4829,64866,10,7.5,374.9,24.99,37.49,249.89999999999998,125.0,0.3334222459322486,False,True
INV-202025,2026-07-27,5102,43336,2,1.5,24.76,8.25,12.38,16.5,8.260000000000002,0.3336025848142165,False,True
INV-202026,2026-05-08,2633,64866,25,18.75,937.25,24.99,37.49,624.75,312.5,0.3334222459322486,False,True
INV-202027,2026-02-14,2501,77779,1,0.38,12.1,11.0,12.1,11.0,1.0999999999999996,0.09090909090909088,False,True
INV-202028,2026-02-06,2648,35918,4,7.0,53.96,8.99,13.49,35.96,18.0,0.3335804299481097,False,True
INV-202029,2026-03-26,2648,43336,1,0.75,12.38,8.25,12.38,8.25,4.130000000000001,0.3336025848142165,False,True
INV-202030,2026-04-30,3385,43336,3,2.25,37.14,8.25,12.38,24.75,12.39,0.3336025848142165,False,True
INV-202031,2026-06-22,2633,19067,5,3.75,134.95,17.99,26.99,89.94999999999999,45.0,0.33345683586513525,False,True
INV-202032,2026-04-30,2633,43336,6,4.5,74.28,8.25,12.38,49.5,24.78,0.3336025848142165,False,True
INV-202033,2026-07-02,4829,77779,1,0.38,12.1,11.0,12.1,11.0,1.0999999999999996,0.09090909090909088,False,True
INV-202034,2026-06-30,2190,36308,5,5.0,33.75,4.5,6.75,22.5,11.25,0.3333333333333333,False,True
INV-202035,2026-03-11,3385,35918,3,5.25,40.47,8.99,13.49,26.97,13.5,0.3335804299481097,False,True
INV-202036,2026-03-01,2190,43336,1,0.75,12.38,8.25,12.38,8.25,4.130000000000001,0.3336025848142165,False,True
INV-202037,2026-05-17,5102,36308,1,1.0,6.75,4.5,6.75,4.5,2.25,0.3333333333333333,False,True
INV-202038,2026-02-21,2501,77779,1,0.38,12.1,11.0,12.1,11.0,1.0999999999999996,0.09090909090909088,False,True
INV-202039,2026-02-23,3385,19067,1,0.75,26.99,17.99,26.99,17.99,9.0,0.33345683586513525,False,True
INV-202040,2026-04-25,2633,77779,19,7.12,229.9,11.0,12.1,209.0,20.900000000000006,0.09090909090909093,False,True
INV-202041,2026-06-14,2190,43336,-1,-0.75,-12.38,8.25,12.38,-8.25,-4.130000000000001,0.3336025848142165,True,True
INV-202042,2026-07-23,2648,11788,2,3.5,29.26,9.75,14.63,19.5,9.760000000000002,0.33356117566643884,False,True
INV-202043,2026-03-01,4829,35918,10,17.5,134.9,8.99,13.49,89.9,45.0,0.3335804299481097,False,True
INV-202044,2026-06-11,4829,26827,3,2.25,56.25,12.5,18.75,37.5,18.75,0.3333333333333333,False,True
INV-202045,2026-04-19,2190,35918,4,7.0,53.96,8.99,13.49,35.96,18.0,0.3335804299481097,False,True
INV-202046,2026-07-19,3385,36308,1,1.0,6.75,4.5,6.75,4.5,2.25,0.3333333333333333,False,True
INV-202047,2026-03-05,3385,77779,1,0.38,12.1,11.0,12.1,11.0,1.0999999999999996,0.09090909090909088,False,True
INV-202048,2026-03-08,2190,35918,38,66.5,512.62,8.99,13.49,341.62,171.0,0.3335804299481097,False,True
INV-202049,2026-02-10,4829,11788,9,15.75,131.67,9.75,14.63,87.75,43.91999999999999,0.3335611756664388,False,True
INV-202050,2026-07-27,2648,35918,4,7.0,53.96,8.99,13.49,35.96,18.0,0.3335804299481097,False,True
INV-202051,2026-07-15,2648,64866,17,12.75,637.33,24.99,37.49,424.83,212.50000000000006,0.3334222459322487,False,True
INV-202052,2026-06-23,2633,11788,2,3.5,29.26,9.75,14.63,19.5,9.760000000000002,0.33356117566643884,False,True
INV-202053,2026-04-23,3385,64866,1,0.75,37.49,24.99,37.49,24.99,12.500000000000004,0.3334222459322487,False,True
INV-202054,2026-05-01,2648,36308,1,1.0,6.75,4.5,6.75,4.5,2.25,0.3333333333333333,False,True
INV-202055,2026-05-26,2501,11788,1,1.75,14.63,,14.63,,,,False,False
INV-202056,2026-05-24,2501,36308,3,3.0,20.25,4.5,6.75,13.5,6.75,0.3333333333333333,False,True
INV-202057,2026-05-03,2190,26827,1,0.75,18.75,12.5,18.75,12.5,6.25,0.3333333333333333,False,True
INV-202058,2026-04-09,2633,35918,3,5.25,40.47,8.99,13.49,26.97,13.5,0.3335804299481097,False,True
INV-202059,2026-02-26,2190,36308,-3,-3.0,-20.25,4.5,6.75,-13.5,-6.75,0.3333333333333333,True,True
INV-202060,2026-06-15,2648,35918,6,10.5,80.94,8.99,13.49,53.94,27.0,0.3335804299481097,False,True
INV-202061,2026-04-03,2501,11788,4,7.0,58.52,9.75,14.63,39.0,19.520000000000003,0.33356117566643884,False,True
INV-202062,2026-01-30,2501,19067,10,7.5,269.9,17.99,26.99,179.89999999999998,90.0,0.33345683586513525,False,True
INV-202063,2026-02-21,5102,77779,10,3.75,121.0,11.0,12.1,110.0,11.0,0.09090909090909091,False,True
INV-202064,2026-07-25,2648,36308,6,6.0,40.5,4.5,6.75,27.0,13.5,0.3333333333333333,False,True
INV-202065,2026-05-27,2633,43336,2,1.5,24.76,8.25,12.38,16.5,8.260000000000002,0.3336025848142165,False,True
INV-202066,2026-07-03,5102,77779,10,3.75,121.0,11.0,12.1,110.0,11.0,0.09090909090909091,False,True
INV-202067,2026-04-23,2633,36308,1,1.0,6.75,4.5,6.75,4.5,2.25,0.3333333333333333,False,True
INV-202068,2026-02-09,2648,43336,3,2.25,37.14,8.25,12.38,24.75,12.39,0.3336025848142165,False,True
INV-202069,2026-06-04,3385,36308,4,4.0,27.0,4.5,6.75,18.0,9.0,0.3333333333333333,False,True
INV-202070,2026-04-05,5102,77779,15,5.62,181.5,,12.1,,,,False,False
INV-202071,2026-06-16,5102,11788,2,3.5,29.26,9.75,14.63,19.5,9.760000000000002,0.33356117566643884,False,True
INV-202072,2026-07-27,2648,26827,1,0.75,18.75,12.5,18.75,12.5,6.25,0.3333333333333333,False,True
INV-202073,2026-06-22,4829,11788,5,8.75,73.15,9.75,14.63,48.75,24.400000000000006,0.3335611756664389,False,True
INV-202074,2026-05-29,2648,43336,4,3.0,49.52,8.25,12.38,33.0,16.520000000000003,0.3336025848142165,False,True
INV-202075,2026-02-14,2648,26827,6,4.5,112.5,12.5,18.75,75.0,37.5,0.3333333333333333,False,True
INV-202076,2026-05-12,4829,19067,4,3.0,107.96,17.99,26.99,71.96,36.0,0.33345683586513525,False,True
INV-202077,2026-05-08,2501,11788,5,8.75,73.15,9.75,14.63,48.75,24.400000000000006,0.3335611756664389,False,True
INV-202078,2026-07-12,3385,11788,2,3.5,29.26,9.75,14.63,19.5,9.760000000000002,0.33356117566643884,False,True
INV-202079,2026-02-18,2501,11788,1,1.75,14.63,9.75,14.63,9.75,4.880000000000001,0.33356117566643884,False,True
INV-202080,2026-06-17,2633,36308,2,2.0,13.5,4.5,6.75,9.0,4.5,0.3333333333333333,False,True
INV-202081,2026-02-10,2190,19067,1,0.75,26.99,17.99,26.99,17.99,9.0,0.33345683586513525,False,True
INV-202082,2026-03-28,2501,26827,1,0.75,18.75,12.5,18.75,12.5,6.25,0.3333333333333333,False,True
INV-202083,2026-05-31,2633,19067,1,0.75,26.99,17.99,26.99,17.99,9.0,0.33345683586513525,False,True
INV-202084,2026-03-31,2648,26827,2,1.5,37.5,12.5,18.75,25.0,12.5,0.3333333333333333,False,True
INV-202085,2026-06-13,2648,43336,5,3.75,61.9,8.25,12.38,41.25,20.65,0.33360258481421645,False,True
INV-202086,2026-02-19,2648,19067,2,1.5,53.98,17.99,26.99,35.98,18.0,0.33345683586513525,False,True
INV-202087,2026-02-19,4829,11788,1,1.75,14.63,9.75,14.63,9.75,4.880000000000001,0.33356117566643884,False,True
INV-202088,2026-03-12,2501,35918,3,5.25,40.47,8.99,13.49,26.97,13.5,0.3335804299481097,False,True
INV-202089,2026-07-13,5102,43336,8,6.0,99.04,8.25,12.38,66.0,33.040000000000006,0.3336025848142165,False,True
INV-202090,2026-07-20,2501,26827,3,2.25,56.25,12.5,18.75,37.5,18.75,0.3333333333333333,False,True
INV-202091,2026-06-23,2648,35918,1,1.75,13.49,8.99,13.49,8.99,4.5,0.3335804299481097,False,True
INV-202092,2026-03-29,5102,43336,4,3.0,49.52,8.25,12.38,33.0,16.520000000000003,0.3336025848142165,False,True
INV-202093,2026-04-26,5102,77779,2,0.75,24.2,11.0,12.1,22.0,2.1999999999999993,0.09090909090909088,False,True
INV-202094,2026-03-24,2501,35918,7,12.25,94.43,8.99,13.49,62.93,31.500000000000007,0.33358042994810977,False,True
INV-202095,2026-05-03,5102,77779,1,0.38,12.1,11.0,12.1,11.0,1.0999999999999996,0.09090909090909088,False,True
INV-202096,2026-07-05,2190,35918,1,1.75,13.49,8.99,13.49,8.99,4.5,0.3335804299481097,False,True
INV-202097,2026-07-08,3385,77779,3,1.12,36.3,11.0,12.1,33.0,3.299999999999997,0.09090909090909084,False,True
INV-202098,2026-06-24,2633,43336,2,1.5,24.76,8.25,12.38,16.5,8.260000000000002,0.3336025848142165,False,True
INV-202099,2026-03-16,5102,77779,1,0.38,12.1,11.0,12.1,11.0,1.0999999999999996,0.09090909090909088,False,True
INV-202100,2026-04-27,2633,64866,1,0.75,37.49,24.99,37.49,24.99,12.500000000000004,0.3334222459322487,False,True
INV-202101,2026-05-01,4829,64866,6,4.5,224.94,24.99,37.49,149.94,75.0,0.3334222459322486,False,True
INV-202102,2026-02-19,2633,43336,4,3.0,49.52,8.25,12.38,33.0,16.520000000000003,0.3336025848142165,False,True
INV-202103,2026-05-19,2648,35918,1,1.75,13.49,8.99,13.49,8.99,4.5,0.3335804299481097,False,True
INV-202104,2026-07-09,2501,64866,5,3.75,187.45,24.99,37.49,124.94999999999999,62.5,0.3334222459322486,False,True
INV-202105,2026-07-10,2190,77779,5,1.88,60.5,11.0,12.1,55.0,5.5,0.09090909090909091,False,True
INV-202106,2026-04-16,2501,43336,1,0.75,12.38,8.25,12.38,8.25,4.130000000000001,0.3336025848142165,False,True
INV-202107,2026-06-17,2501,77779,1,0.38,12.1,11.0,12.1,11.0,1.0999999999999996,0.09090909090909088,False,True
INV-202108,2026-03-01,2190,35918,5,8.75,67.45,8.99,13.49,44.95,22.5,0.3335804299481097,False,True
INV-202109,2026-02-25,5102,11788,1,1.75,14.63,9.75,14.63,9.75,4.880000000000001,0.33356117566643884,False,True
INV-202110,2026-01-30,2190,64866,1,0.75,37.49,24.99,37.49,24.99,12.500000000000004,0.3334222459322487,False,True
INV-202111,2026-07-06,2633,36308,3,3.0,20.25,4.5,6.75,13.5,6.75,0.3333333333333333,False,True
INV-202112,2026-05-17,2648,26827,1,0.75,18.75,12.5,18.75,12.5,6.25,0.3333333333333333,False,True
INV-202113,2026-03-09,3385,19067,2,1.5,53.98,17.99,26.99,35.98,18.0,0.33345683586513525,False,True
INV-202114,2026-06-05,2633,36308,5,5.0,33.75,4.5,6.75,22.5,11.25,0.3333333333333333,False,True
INV-202115,2026-03-12,5102,19067,-20,-15.0,-539.8,17.99,26.99,-359.79999999999995,-180.0,0.33345683586513525,True,True
INV-202116,2026-04-15,2633,43336,16,12.0,198.08,8.25,12.38,132.0,66.08000000000001,0.3336025848142165,False,True
INV-202117,2026-04-23,4829,11788,2,3.5,29.26,9.75,14.63,19.5,9.760000000000002,0.33356117566643884,False,True
INV-202118,2026-02-02,2648,77779,2,0.75,24.2,11.0,12.1,22.0,2.1999999999999993,0.09090909090909088,False,True
INV-202119,2026-03-11,3385,43336,2,1.5,24.76,8.25,12.38,16.5,8.260000000000002,0.3336025848142165,False,True
INV-202120,2026-05-23,2648,11788,1,1.75,14.63,9.75,14.63,9.75,4.880000000000001,0.33356117566643884,False,True
INV-202121,2026-05-17,4829,64866,14,10.5,524.86,24.99,37.49,349.85999999999996,175.00000000000006,0.3334222459322487,False,True
INV-202122,2026-05-26,2190,77779,1,0.38,12.1,11.0,12.1,11.0,1.0999999999999996,0.09090909090909088,False,True
INV-202123,2026-06-19,2501,35918,7,12.25,94.43,8.99,13.49,62.93,31.500000000000007,0.33358042994810977,False,True
INV-202124,2026-04-24,4829,35918,2,3.5,26.98,8.99,13.49,17.98,9.0,0.3335804299481097,False,True
INV-202125,2026-02-24,2501,43336,2,1.5,24.76,8.25,12.38,16.5,8.260000000000002,0.3336025848142165,False,True
INV-202126,2026-03-24,2190,36308,1,1.0,6.75,4.5,6.75,4.5,2.25,0.3333333333333333,False,True
INV-202127,2026-05-26,2648,35918,5,8.75,67.45,8.99,13.49,44.95,22.5,0.3335804299481097,False,True
INV-202128,2026-03-08,3385,26827,1,0.75,18.75,12.5,18.75,12.5,6.25,0.3333333333333333,False,True
INV-202129,2026-06-22,4829,19067,3,2.25,80.97,17.99,26.99,53.97,27.0,0.33345683586513525,False,True
INV-202130,2026-03-09,2501,36308,1,1.0,6.75,4.5,6.75,4.5,2.25,0.3333333333333333,False,True
INV-202131,2026-03-29,2190,26827,2,1.5,37.5,12.5,18.75,25.0,12.5,0.3333333333333333,False,True
INV-202132,2026-02-03,2501,35918,2,3.5,26.98,8.99,13.49,17.98,9.0,0.3335804299481097,False,True
INV-202133,2026-03-06,5102,26827,2,1.5,37.5,12.5,18.75,25.0,12.5,0.3333333333333333,False,True
INV-202134,2026-07-04,2633,43336,6,4.5,74.28,,12.38,,,,False,False
INV-202135,2026-07-23,2501,26827,7,5.25,131.25,12.5,18.75,87.5,43.75,0.3333333333333333,False,True
INV-202136,2026-04-01,4829,19067,1,0.75,26.99,17.99,26.99,17.99,9.0,0.33345683586513525,False,True
INV-202137,2026-02-24,5102,43336,6,4.5,74.28,8.25,12.38,49.5,24.78,0.3336025848142165,False,True
INV-202138,2026-05-05,2501,19067,2,1.5,53.98,17.99,26.99,35.98,18.0,0.33345683586513525,False,True
INV-202139,2026-07-20,2190,77779,2,0.75,24.2,11.0,12.1,22.0,2.1999999999999993,0.09090909090909088,False,True
INV-202140,2026-03-09,4829,43336,7,5.25,86.66,8.25,12.38,57.75,28.909999999999997,0.33360258481421645,False,True
INV-202141,2026-02-23,2190,19067,8,6.0,215.92,17.99,26.99,143.92,72.0,0.33345683586513525,False,True
INV-202142,2026-04-28,2633,43336,2,1.5,24.76,8.25,12.38,16.5,8.260000000000002,0.3336025848142165,False,True
INV-202143,2026-07-04,5102,77779,2,0.75,24.2,11.0,12.1,22.0,2.1999999999999993,0.09090909090909088,False,True
INV-202144,2026-06-19,3385,35918,1,1.75,13.49,8.99,13.49,8.99,4.5,0.3335804299481097,False,True
INV-202145,2026-02-02,4829,77779,3,1.12,36.3,11.0,12.1,33.0,3.299999999999997,0.09090909090909084,False,True
INV-202146,2026-05-30,2648,35918,2,3.5,26.98,8.99,13.49,17.98,9.0,0.3335804299481097,False,True
INV-202147,2026-05-20,5102,64866,2,1.5,74.98,24.99,37.49,49.98,25.000000000000007,0.3334222459322487,False,True
INV-202148,2026-05-08,2648,35918,5,8.75,67.45,8.99,13.49,44.95,22.5,0.3335804299481097,False,True
INV-202149,2026-04-29,2501,77779,8,3.0,96.8,11.0,12.1,88.0,8.799999999999997,0.09090909090909088,False,True
INV-202150,2026-03-20,2190,11788,6,10.5,87.78,9.75,14.63,58.5,29.28,0.33356117566643884,False,True
INV-202151,2026-06-29,2190,35918,1,1.75,13.49,8.99,13.49,8.99,4.5,0.3335804299481097,False,True
INV-202152,2026-02-23,2648,77779,1,0.38,12.1,11.0,12.1,11.0,1.0999999999999996,0.09090909090909088,False,True
INV-202153,2026-03-15,4829,35918,1,1.75,13.49,8.99,13.49,8.99,4.5,0.3335804299481097,False,True
INV-202154,2026-03-14,4829,35918,1,1.75,13.49,8.99,13.49,8.99,4.5,0.3335804299481097,False,True
INV-202155,2026-06-13,5102,77779,5,1.88,60.5,11.0,12.1,55.0,5.5,0.09090909090909091,False,True
INV-202156,2026-03-26,5102,26827,15,11.25,281.25,12.5,18.75,187.5,93.75,0.3333333333333333,False,True
INV-202157,2026-04-10,2633,36308,3,3.0,20.25,4.5,6.75,13.5,6.75,0.3333333333333333,False,True
INV-202158,2026-02-05,3385,11788,10,17.5,146.3,9.75,14.63,97.5,48.80000000000001,0.3335611756664389,False,True
INV-202159,2026-03-29,2190,64866,4,3.0,149.96,24.99,37.49,99.96,50.000000000000014,0.3334222459322487,False,True
INV-202160,2026-06-08,2633,11788,2,3.5,29.26,9.75,14.63,19.5,9.760000000000002,0.33356117566643884,False,True
INV-202161,2026-06-04,3385,36308,3,3.0,20.25,4.5,6.75,13.5,6.75,0.3333333333333333,False,True
INV-202162,2026-05-16,2648,64866,1,0.75,37.49,24.99,37.49,24.99,12.500000000000004,0.3334222459322487,False,True
INV-202163,2026-07-19,2190,36308,6,6.0,40.5,4.5,6.75,27.0,13.5,0.3333333333333333,False,True
INV-202164,2026-05-03,2501,11788,5,8.75,73.15,9.75,14.63,48.75,24.400000000000006,0.3335611756664389,False,True
INV-202165,2026-02-18,2633,77779,1,0.38,12.1,11.0,12.1,11.0,1.0999999999999996,0.09090909090909088,False,True
INV-202166,2026-07-21,2190,35918,3,5.25,40.47,8.99,13.49,26.97,13.5,0.3335804299481097,False,True
INV-202167,2026-03-14,2648,43336,1,0.75,12.38,8.25,12.38,8.25,4.130000000000001,0.3336025848142165,False,True
INV-202168,2026-02-09,2648,11788,5,8.75,73.15,9.75,14.63,48.75,24.400000000000006,0.3335611756664389,False,True
INV-202169,2026-06-01,4829,35918,18,31.5,242.82,8.99,13.49,161.82,81.0,0.3335804299481097,False,True
INV-202170,2026-05-31,2648,64866,2,1.5,74.98,24.99,37.49,49.98,25.000000000000007,0.3334222459322487,False,True
INV-202171,2026-04-14,2633,77779,6,2.25,72.6,11.0,12.1,66.0,6.599999999999994,0.09090909090909084,False,True
INV-202172,2026-02-09,2501,36308,1,1.0,6.75,4.5,6.75,4.5,2.25,0.3333333333333333,False,True
INV-202173,2026-04-24,5102,77779,3,1.12,36.3,11.0,12.1,33.0,3.299999999999997,0.09090909090909084,False,True
INV-202174,2026-04-10,2190,19067,5,3.75,134.95,17.99,26.99,89.94999999999999,45.0,0.33345683586513525,False,True
INV-202175,2026-03-03,5102,26827,5,3.75,93.75,12.5,18.75,62.5,31.25,0.3333333333333333,False,True
INV-202176,2026-05-12,4829,35918,4,7.0,53.96,8.99,13.49,35.96,18.0,0.3335804299481097,False,True
INV-202177,2026-06-04,3385,19067,10,7.5,269.9,17.99,26.99,179.89999999999998,90.0,0.33345683586513525,False,True
INV-202178,2026-07-24,2501,19067,5,3.75,134.95,17.99,26.99,89.94999999999999,45.0,0.33345683586513525,False,True
INV-202179,2026-05-26,2633,26827,10,7.5,187.5,12.5,18.75,125.0,62.5,0.3333333333333333,False,True
INV-202180,2026-06-16,4829,36308,1,1.0,6.75,4.5,6.75,4.5,2.25,0.3333333333333333,False,True
INV-202181,2026-03-09,2501,35918,4,7.0,53.96,8.99,13.49,35.96,18.0,0.3335804299481097,False,True
INV-202182,2026-07-09,2648,43336,8,6.0,99.04,8.25,12.38,66.0,33.040000000000006,0.3336025848142165,False,True
INV-202183,2026-02-03,5102,43336,2,1.5,24.76,8.25,12.38,16.5,8.260000000000002,0.3336025848142165,False,True
INV-202184,2026-05-26,2190,19067,3,2.25,80.97,17.99,26.99,53.97,27.0,0.33345683586513525,False,True
INV-202185,2026-03-12,4829,64866,8,6.0,299.92,24.99,37.49,199.92,100.00000000000003,0.3334222459322487,False,True
INV-202186,2026-03-29,2501,19067,3,2.25,80.97,17.99,26.99,53.97,27.0,0.33345683586513525,False,True
INV-202187,2026-01-31,4829,64866,6,4.5,224.94,24.99,37.49,149.94,75.0,0.3334222459322486,False,True
INV-202188,2026-04-05,2501,11788,9,15.75,131.67,9.75,14.63,87.75,43.91999999999999,0.3335611756664388,False,True
INV-202189,2026-02-13,2648,19067,1,0.75,26.99,17.99,26.99,17.99,9.0,0.33345683586513525,False,True
INV-202190,2026-04-11,3385,36308,3,3.0,20.25,4.5,6.75,13.5,6.75,0.3333333333333333,False,True
INV-202191,2026-04-01,5102,35918,1,1.75,13.49,8.99,13.49,8.99,4.5,0.3335804299481097,False,True
INV-202192,2026-06-22,2501,43336,2,1.5,24.76,8.25,12.38,16.5,8.260000000000002,0.3336025848142165,False,True
INV-202193,2026-02-27,4829,36308,6,6.0,40.5,4.5,6.75,27.0,13.5,0.3333333333333333,False,True
INV-202194,2026-07-21,2190,77779,1,0.38,12.1,11.0,12.1,11.0,1.0999999999999996,0.09090909090909088,False,True
INV-202195,2026-06-07,2501,11788,1,1.75,14.63,9.75,14.63,9.75,4.880000000000001,0.33356117566643884,False,True
INV-202196,2026-05-09,2648,36308,5,5.0,33.75,4.5,6.75,22.5,11.25,0.3333333333333333,False,True
INV-202197,2026-06-12,5102,19067,5,3.75,134.95,17.99,26.99,89.94999999999999,45.0,0.33345683586513525,False,True
INV-202198,2026-02-02,2190,26827,1,0.75,18.75,12.5,18.75,12.5,6.25,0.3333333333333333,False,True
INV-202199,2026-07-08,2648,19067,1,0.75,26.99,17.99,26.99,17.99,9.0,0.33345683586513525,False,True
INV-202200,2026-05-22,2633,26827,1,0.75,18.75,12.5,18.75,12.5,6.25,0.3333333333333333,False,True
INV-202201,2026-03-22,5102,43336,7,5.25,86.66,8.25,12.38,57.75,28.909999999999997,0.33360258481421645,False,True
INV-202202,2026-04-14,2190,26827,3,2.25,56.25,12.5,18.75,37.5,18.75,0.3333333333333333,False,True
INV-202203,2026-06-27,5102,43336,1,0.75,12.38,8.25,12.38,8.25,4.130000000000001,0.3336025848142165,False,True
INV-202204,2026-02-15,2190,43336,2,1.5,24.76,,12.38,,,,False,False
INV-202205,2026-07-08,2648,64866,4,3.0,149.96,24.99,37.49,99.96,50.000000000000014,0.3334222459322487,False,True
INV-202206,2026-05-25,3385,43336,4,3.0,49.52,8.25,12.38,33.0,16.520000000000003,0.3336025848142165,False,True
INV-202207,2026-07-22,2501,36308,2,2.0,13.5,4.5,6.75,9.0,4.5,0.3333333333333333,False,True
INV-202208,2026-02-12,2648,64866,1,0.75,37.49,24.99,37.49,24.99,12.500000000000004,0.3334222459322487,False,True
INV-202209,2026-02-28,4829,35918,5,8.75,67.45,8.99,13.49,44.95,22.5,0.3335804299481097,False,True
INV-202210,2026-07-17,2501,11788,25,43.75,365.75,9.75,14.63,243.75,122.0,0.33356117566643884,False,True
INV-202211,2026-06-30,3385,77779,3,1.12,36.3,11.0,12.1,33.0,3.299999999999997,0.09090909090909084,False,True
INV-202212,2026-07-09,5102,19067,3,2.25,80.97,17.99,26.99,53.97,27.0,0.33345683586513525,False,True
INV-202213,2026-02-11,2190,64866,3,2.25,112.47,24.99,37.49,74.97,37.5,0.3334222459322486,False,True
INV-202214,2026-07-19,2501,36308,1,1.0,6.75,4.5,6.75,4.5,2.25,0.3333333333333333,False,True
INV-202215,2026-06-14,5102,19067,1,0.75,26.99,17.99,26.99,17.99,9.0,0.33345683586513525,False,True
INV-202216,2026-03-18,4829,19067,5,3.75,134.95,17.99,26.99,89.94999999999999,45.0,0.33345683586513525,False,True
INV-202217,2026-07-14,3385,26827,2,1.5,37.5,12.5,18.75,25.0,12.5,0.3333333333333333,False,True
INV-202218,2026-07-18,2648,43336,4,3.0,49.52,8.25,12.38,33.0,16.520000000000003,0.3336025848142165,False,True
INV-202219,2026-07-03,2501,64866,3,2.25,112.47,24.99,37.49,74.97,37.5,0.3334222459322486,False,True
INV-202220,2026-03-14,2648,77779,9,3.38,108.9,11.0,12.1,99.0,9.900000000000006,0.09090909090909095,False,True
INV-202221,2026-03-27,2648,11788,1,1.75,14.63,9.75,14.63,9.75,4.880000000000001,0.33356117566643884,False,True
INV-202222,2026-06-04,2648,11788,1,1.75,14.63,9.75,14.63,9.75,4.880000000000001,0.33356117566643884,False,True
INV-202223,2026-07-23,3385,36308,10,10.0,67.5,4.5,6.75,45.0,22.5,0.3333333333333333,False,True
INV-202224,2026-06-02,5102,11788,7,12.25,102.41,9.75,14.63,68.25,34.16,0.3335611756664388,False,True
INV-202225,2026-06-21,2501,19067,17,12.75,458.83,17.99,26.99,305.83,153.0,0.33345683586513525,False,True
INV-202226,2026-02-21,2633,19067,4,3.0,107.96,17.99,26.99,71.96,36.0,0.33345683586513525,False,True
INV-202227,2026-05-04,2633,36308,7,7.0,47.25,4.5,6.75,31.5,15.75,0.3333333333333333,False,True
INV-202228,2026-05-11,5102,64866,7,5.25,262.43,24.99,37.49,174.92999999999998,87.50000000000003,0.3334222459322487,False,True
INV-202229,2026-02-27,2501,64866,1,0.75,37.49,24.99,37.49,24.99,12.500000000000004,0.3334222459322487,False,True
INV-202230,2026-03-27,2501,11788,1,1.75,14.63,9.75,14.63,9.75,4.880000000000001,0.33356117566643884,False,True
INV-202231,2026-06-29,3385,11788,1,1.75,14.63,9.75,14.63,9.75,4.880000000000001,0.33356117566643884,False,True
INV-202232,2026-02-05,5102,35918,1,1.75,13.49,8.99,13.49,8.99,4.5,0.3335804299481097,False,True
INV-202233,2026-03-31,3385,26827,3,2.25,56.25,12.5,18.75,37.5,18.75,0.3333333333333333,False,True
INV-202234,2026-02-13,2501,11788,1,1.75,14.63,9.75,14.63,9.75,4.880000000000001,0.33356117566643884,False,True
INV-202235,2026-06-17,2501,64866,1,0.75,37.49,24.99,37.49,24.99,12.500000000000004,0.3334222459322487,False,True
INV-202236,2026-06-10,2633,26827,3,2.25,56.25,12.5,18.75,37.5,18.75,0.3333333333333333,False,True
INV-202237,2026-04-13,2648,36308,1,1.0,6.75,4.5,6.75,4.5,2.25,0.3333333333333333,False,True
INV-202238,2026-05-23,2501,19067,2,1.5,53.98,17.99,26.99,35.98,18.0,0.33345683586513525,False,True
INV-202239,2026-05-15,2190,19067,5,3.75,134.95,17.99,26.99,89.94999999999999,45.0,0.33345683586513525,False,True
INV-202240,2026-03-02,2190,11788,1,1.75,14.63,9.75,14.63,9.75,4.880000000000001,0.33356117566643884,False,True
INV-202241,2026-04-12,4829,11788,1,1.75,14.63,9.75,14.63,9.75,4.880000000000001,0.33356117566643884,False,True
INV-202242,2026-07-19,5102,11788,1,1.75,14.63,9.75,14.63,9.75,4.880000000000001,0.33356117566643884,False,True
INV-202243,2026-03-22,4829,36308,6,6.0,40.5,4.5,6.75,27.0,13.5,0.3333333333333333,False,True
INV-202244,2026-06-17,4829,77779,1,0.38,12.1,11.0,12.1,11.0,1.0999999999999996,0.09090909090909088,False,True
INV-202245,2026-02-15,5102,43336,3,2.25,37.14,8.25,12.38,24.75,12.39,0.3336025848142165,False,True
INV-202246,2026-07-02,2633,26827,10,7.5,187.5,12.5,18.75,125.0,62.5,0.3333333333333333,False,True
INV-202247,2026-06-25,4829,64866,4,3.0,149.96,24.99,37.49,99.96,50.000000000000014,0.3334222459322487,False,True
INV-202248,2026-05-08,2633,36308,1,1.0,6.75,4.5,6.75,4.5,2.25,0.3333333333333333,False,True
INV-202249,2026-06-24,2501,11788,2,3.5,29.26,9.75,14.63,19.5,9.760000000000002,0.33356117566643884,False,True
INV-202250,2026-06-04,2190,43336,5,3.75,61.9,8.25,12.38,41.25,20.65,0.33360258481421645,False,True
INV-202251,2026-06-01,3385,64866,23,17.25,862.27,24.99,37.49,574.77,287.5,0.3334222459322486,False,True
INV-202252,2026-05-17,3385,19067,17,12.75,458.83,17.99,26.99,305.83,153.0,0.33345683586513525,False,True
INV-202253,2026-07-10,2633,19067,8,6.0,215.92,17.99,26.99,143.92,72.0,0.33345683586513525,False,True
INV-202254,2026-03-22,2633,11788,2,3.5,29.26,9.75,14.63,19.5,9.760000000000002,0.33356117566643884,False,True
INV-202255,2026-04-05,2190,35918,4,7.0,53.96,8.99,13.49,35.96,18.0,0.3335804299481097,False,True
INV-202256,2026-04-24,2633,43336,6,4.5,74.28,8.25,12.38,49.5,24.78,0.3336025848142165,False,True
INV-202257,2026-02-12,2633,36308,2,2.0,13.5,4.5,6.75,9.0,4.5,0.3333333333333333,False,True
INV-202258,2026-03-26,5102,19067,7,5.25,188.93,17.99,26.99,125.92999999999999,63.000000000000014,0.3334568358651353,False,True
INV-202259,2026-02-28,3385,64866,1,0.75,37.49,24.99,37.49,24.99,12.500000000000004,0.3334222459322487,False,True
INV-202260,2026-04-04,2648,43336,2,1.5,24.76,8.25,12.38,16.5,8.260000000000002,0.3336025848142165,False,True
INV-202261,2026-07-01,5102,35918,5,8.75,67.45,8.99,13.49,44.95,22.5,0.3335804299481097,False,True
INV-202262,2026-07-15,2633,36308,6,6.0,40.5,4.5,6.75,27.0,13.5,0.3333333333333333,False,True
INV-202263,2026-02-24,4829,19067,2,1.5,53.98,17.99,26.99,35.98,18.0,0.33345683586513525,False,True
INV-202264,2026-02-18,5102,19067,17,12.75,458.83,17.99,26.99,305.83,153.0,0.33345683586513525,False,True
INV-202265,2026-03-21,4829,43336,1,0.75,12.38,8.25,12.38,8.25,4.130000000000001,0.3336025848142165,False,True
INV-202266,2026-07-25,5102,43336,1,0.75,12.38,8.25,12.38,8.25,4.130000000000001,0.3336025848142165,False,True
INV-202267,2026-03-23,3385,35918,1,1.75,13.49,8.99,13.49,8.99,4.5,0.3335804299481097,False,True
INV-202268,2026-07-16,2633,64866,26,19.5,974.74,24.99,37.49,649.74,325.0,0.3334222459322486,False,True
INV-202269,2026-05-02,2648,35918,5,8.75,67.45,8.99,13.49,44.95,22.5,0.3335804299481097,False,True
INV-202270,2026-05-18,5102,11788,5,8.75,73.15,9.75,14.63,48.75,24.400000000000006,0.3335611756664389,False,True
INV-202271,2026-05-16,2501,36308,3,3.0,20.25,4.5,6.75,13.5,6.75,0.3333333333333333,False,True
INV-202272,2026-07-22,2633,36308,2,2.0,13.5,4.5,6.75,9.0,4.5,0.3333333333333333,False,True
INV-202273,2026-03-16,2648,43336,1,0.75,12.38,8.25,12.38,8.25,4.130000000000001,0.3336025848142165,False,True
INV-202274,2026-05-23,5102,35918,1,1.75,13.49,8.99,13.49,8.99,4.5,0.3335804299481097,False,True
INV-202275,2026-06-09,2501,77779,3,1.12,36.3,11.0,12.1,33.0,3.299999999999997,0.09090909090909084,False,True
INV-202276,2026-04-28,4829,43336,1,0.75,12.38,8.25,12.38,8.25,4.130000000000001,0.3336025848142165,False,True
INV-202277,2026-02-07,4829,35918,3,5.25,40.47,8.99,13.49,26.97,13.5,0.3335804299481097,False,True
INV-202278,2026-06-02,2633,43336,1,0.75,12.38,8.25,12.38,8.25,4.130000000000001,0.3336025848142165,False,True
INV-202279,2026-07-02,5102,35918,1,1.75,13.49,8.99,13.49,8.99,4.5,0.3335804299481097,False,True
INV-202280,2026-07-15,2501,64866,1,0.75,37.49,24.99,37.49,24.99,12.500000000000004,0.3334222459322487,False,True
INV-202281,2026-05-10,2501,11788,4,7.0,58.52,9.75,14.63,39.0,19.520000000000003,0.33356117566643884,False,True
INV-202282,2026-05-02,2633,64866,1,0.75,37.49,24.99,37.49,24.99,12.500000000000004,0.3334222459322487,False,True
INV-202283,2026-05-04,4829,11788,11,19.25,160.93,9.75,14.63,107.25,53.68000000000001,0.33356117566643884,False,True
INV-202284,2026-03-13,4829,35918,13,22.75,175.37,8.99,13.49,116.87,58.5,0.3335804299481097,False,True
INV-202285,2026-05-30,3385,36308,4,4.0,27.0,4.5,6.75,18.0,9.0,0.3333333333333333,False,True
INV-202286,2026-04-17,5102,19067,18,13.5,485.82,17.99,26.99,323.82,162.0,0.33345683586513525,False,True
INV-202287,2026-06-24,2190,77779,6,2.25,72.6,11.0,12.1,66.0,6.599999999999994,0.09090909090909084,False,True
INV-202288,2026-07-20,2190,19067,8,6.0,215.92,17.99,26.99,143.92,72.0,0.33345683586513525,False,True
INV-202289,2026-02-03,2501,35918,4,7.0,53.96,8.99,13.49,35.96,18.0,0.3335804299481097,False,True
INV-202290,2026-05-06,2501,64866,1,0.75,37.49,24.99,37.49,24.99,12.500000000000004,0.3334222459322487,False,True
INV-202291,2026-05-30,2501,36308,5,5.0,33.75,4.5,6.75,22.5,11.25,0.3333333333333333,False,True
INV-202292,2026-04-10,2190,43336,13,9.75,160.94,8.25,12.38,107.25,53.69,0.33360258481421645,False,True
INV-202293,2026-02-16,2501,26827,52,39.0,975.0,12.5,18.75,650.0,325.0,0.3333333333333333,False,True
INV-202294,2026-02-02,2501,77779,1,0.38,12.1,11.0,12.1,11.0,1.0999999999999996,0.09090909090909088,False,True
INV-202295,2026-06-29,5102,26827,4,3.0,75.0,12.5,18.75,50.0,25.0,0.3333333333333333,False,True
INV-202296,2026-02-14,2648,36308,1,1.0,6.75,4.5,6.75,4.5,2.25,0.3333333333333333,False,True
INV-202297,2026-05-27,2648,19067,3,2.25,80.97,17.99,26.99,53.97,27.0,0.33345683586513525,False,True
INV-202298,2026-06-06,2648,77779,7,2.62,84.7,,12.1,,,,False,False
INV-202299,2026-04-01,2633,35918,6,10.5,80.94,8.99,13.49,53.94,27.0,0.3335804299481097,False,True
INV-202300,2026-06-20,2190,77779,1,0.38,12.1,11.0,12.1,11.0,1.0999999999999996,0.09090909090909088,False,True
INV-202301,2026-02-01,5102,43336,1,0.75,12.38,8.25,12.38,8.25,4.130000000000001,0.3336025848142165,False,True
INV-202302,2026-06-09,2190,19067,2,1.5,53.98,17.99,26.99,35.98,18.0,0.33345683586513525,False,True
INV-202303,2026-06-28,4829,19067,4,3.0,107.96,17.99,26.99,71.96,36.0,0.33345683586513525,False,True
INV-202304,2026-03-21,5102,11788,1,1.75,14.63,9.75,14.63,9.75,4.880000000000001,0.33356117566643884,False,True
INV-202305,2026-05-13,2501,26827,45,33.75,843.75,12.5,18.75,562.5,281.25,0.3333333333333333,False,True
INV-202306,2026-02-20,4829,36308,2,2.0,13.5,4.5,6.75,9.0,4.5,0.3333333333333333,False,True
INV-202307,2026-04-07,2648,43336,2,1.5,24.76,8.25,12.38,16.5,8.260000000000002,0.3336025848142165,False,True
INV-202308,2026-02-05,4829,19067,4,3.0,107.96,17.99,26.99,71.96,36.0,0.33345683586513525,False,True
INV-202309,2026-02-11,2501,36308,3,3.0,20.25,4.5,6.75,13.5,6.75,0.3333333333333333,False,True
INV-202310,2026-05-13,4829,64866,3,2.25,112.47,24.99,37.49,74.97,37.5,0.3334222459322486,False,True
INV-202311,2026-04-21,4829,26827,1,0.75,18.75,12.5,18.75,12.5,6.25,0.3333333333333333,False,True
INV-202312,2026-03-19,2648,11788,1,1.75,14.63,9.75,14.63,9.75,4.880000000000001,0.33356117566643884,False,True
INV-202313,2026-03-12,2190,26827,1,0.75,18.75,12.5,18.75,12.5,6.25,0.3333333333333333,False,True
INV-202314,2026-07-13,2501,19067,3,2.25,80.97,17.99,26.99,53.97,27.0,0.33345683586513525,False,True
INV-202315,2026-06-06,3385,43336,2,1.5,24.76,8.25,12.38,16.5,8.260000000000002,0.3336025848142165,False,True
INV-202316,2026-05-21,2190,19067,8,6.0,215.92,17.99,26.99,143.92,72.0,0.33345683586513525,False,True
INV-202317,2026-05-03,2633,64866,1,0.75,37.49,24.99,37.49,24.99,12.500000000000004,0.3334222459322487,False,True
INV-202318,2026-06-19,4829,36308,2,2.0,13.5,4.5,6.75,9.0,4.5,0.3333333333333333,False,True
INV-202319,2026-04-15,2501,19067,2,1.5,53.98,17.99,26.99,35.98,18.0,0.33345683586513525,False,True
INV-202320,2026-03-21,2501,43336,2,1.5,24.76,8.25,12.38,16.5,8.260000000000002,0.3336025848142165,False,True
INV-202321,2026-05-23,2501,19067,1,0.75,26.99,17.99,26.99,17.99,9.0,0.33345683586513525,False,True
INV-202322,2026-05-28,5102,19067,-4,-3.0,-107.96,,26.99,,,,True,False
INV-202323,2026-05-15,4829,11788,13,22.75,190.19,9.75,14.63,126.75,63.44,0.33356117566643884,False,True
INV-202324,2026-06-02,3385,64866,1,0.75,37.49,24.99,37.49,24.99,12.500000000000004,0.3334222459322487,False,True
INV-202325,2026-03-27,4829,19067,4,3.0,107.96,17.99,26.99,71.96,36.0,0.33345683586513525,False,True
INV-202326,2026-05-24,2633,77779,1,0.38,12.1,11.0,12.1,11.0,1.0999999999999996,0.09090909090909088,False,True
INV-202327,2026-06-26,2190,19067,1,0.75,26.99,17.99,26.99,17.99,9.0,0.33345683586513525,False,True
INV-202328,2026-06-14,2501,36308,4,4.0,27.0,,6.75,,,,False,False
INV-202329,2026-05-04,4829,11788,13,22.75,190.19,9.75,14.63,126.75,63.44,0.33356117566643884,False,True
INV-202330,2026-03-27,3385,35918,2,3.5,26.98,8.99,13.49,17.98,9.0,0.3335804299481097,False,True
INV-202331,2026-03-31,2501,43336,-1,-0.75,-12.38,8.25,12.38,-8.25,-4.130000000000001,0.3336025848142165,True,True
INV-202332,2026-03-03,2633,36308,1,1.0,6.75,4.5,6.75,4.5,2.25,0.3333333333333333,False,True
INV-202333,2026-03-22,4829,35918,3,5.25,40.47,8.99,13.49,26.97,13.5,0.3335804299481097,False,True
INV-202334,2026-07-23,4829,43336,8,6.0,99.04,8.25,12.38,66.0,33.040000000000006,0.3336025848142165,False,True
INV-202335,2026-02-16,5102,36308,1,1.0,6.75,4.5,6.75,4.5,2.25,0.3333333333333333,False,True
INV-202336,2026-07-03,5102,11788,2,3.5,29.26,9.75,14.63,19.5,9.760000000000002,0.33356117566643884,False,True
INV-202337,2026-03-18,2190,77779,1,0.38,12.1,11.0,12.1,11.0,1.0999999999999996,0.09090909090909088,False,True
INV-202338,2026-05-14,4829,43336,2,1.5,24.76,8.25,12.38,16.5,8.260000000000002,0.3336025848142165,False,True
INV-202339,2026-05-02,3385,43336,2,1.5,24.76,8.25,12.38,16.5,8.260000000000002,0.3336025848142165,False,True
INV-202340,2026-06-15,5102,36308,3,3.0,20.25,4.5,6.75,13.5,6.75,0.3333333333333333,False,True
INV-202341,2026-06-29,2633,36308,8,8.0,54.0,4.5,6.75,36.0,18.0,0.3333333333333333,False,True
INV-202342,2026-02-22,3385,11788,1,1.75,14.63,9.75,14.63,9.75,4.880000000000001,0.33356117566643884,False,True
INV-202343,2026-04-07,2648,11788,23,40.25,336.49,9.75,14.63,224.25,112.24000000000001,0.33356117566643884,False,True
INV-202344,2026-02-28,2501,19067,7,5.25,188.93,17.99,26.99,125.92999999999999,63.000000000000014,0.3334568358651353,False,True
INV-202345,2026-02-14,3385,43336,4,3.0,49.52,8.25,12.38,33.0,16.520000000000003,0.3336025848142165,False,True
INV-202346,2026-02-08,4829,43336,11,8.25,136.18,8.25,12.38,90.75,45.43000000000001,0.3336025848142165,False,True
INV-202346,2026-02-08,4829,43336,11,8.25,136.18,,12.38,,,,False,False
INV-202347,2026-06-14,2501,36308,2,2.0,13.5,4.5,6.75,9.0,4.5,0.3333333333333333,False,True
INV-202348,2026-06-19,4829,19067,1,0.75,26.99,17.99,26.99,17.99,9.0,0.33345683586513525,False,True
INV-202349,2026-06-22,2501,19067,1,0.75,26.99,17.99,26.99,17.99,9.0,0.33345683586513525,False,True
INV-202350,2026-06-02,2633,36308,2,2.0,13.5,4.5,6.75,9.0,4.5,0.3333333333333333,False,True
INV-202351,2026-04-24,3385,26827,1,0.75,18.75,12.5,18.75,12.5,6.25,0.3333333333333333,False,True
INV-202352,2026-06-26,2633,43336,23,17.25,284.74,8.25,12.38,189.75,94.99000000000001,0.3336025848142165,False,True
INV-202353,2026-04-08,2633,35918,1,1.75,13.49,8.99,13.49,8.99,4.5,0.3335804299481097,False,True
INV-202354,2026-03-14,4829,77779,15,5.62,181.5,11.0,12.1,165.0,16.5,0.09090909090909091,False,True
INV-202355,2026-06-25,2648,43336,14,10.5,173.32,8.25,12.38,115.5,57.81999999999999,0.33360258481421645,False,True
INV-202356,2026-07-07,3385,35918,1,1.75,13.49,8.99,13.49,8.99,4.5,0.3335804299481097,False,True
INV-202357,2026-07-14,2633,64866,1,0.75,37.49,24.99,37.49,24.99,12.500000000000004,0.3334222459322487,False,True
INV-202358,2026-03-27,2190,26827,2,1.5,37.5,12.5,18.75,25.0,12.5,0.3333333333333333,False,True
INV-202359,2026-06-08,2190,64866,4,3.0,149.96,,37.49,,,,False,False
INV-202360,2026-06-20,5102,35918,1,1.75,13.49,8.99,13.49,8.99,4.5,0.3335804299481097,False,True
INV-202361,2026-02-18,3385,19067,4,3.0,107.96,17.99,26.99,71.96,36.0,0.33345683586513525,False,True
INV-202362,2026-07-18,4829,11788,1,1.75,14.63,9.75,14.63,9.75,4.880000000000001,0.33356117566643884,False,True
INV-202363,2026-04-01,2190,64866,6,4.5,224.94,24.99,37.49,149.94,75.0,0.3334222459322486,False,True
INV-202364,2026-07-05,2633,36308,1,1.0,6.75,4.5,6.75,4.5,2.25,0.3333333333333333,False,True
INV-202365,2026-06-01,5102,43336,3,2.25,37.14,8.25,12.38,24.75,12.39,0.3336025848142165,False,True
INV-202366,2026-06-24,5102,43336,1,0.75,12.38,8.25,12.38,8.25,4.130000000000001,0.3336025848142165,False,True
INV-202367,2026-04-11,2633,19067,8,6.0,215.92,17.99,26.99,143.92,72.0,0.33345683586513525,False,True
INV-202368,2026-05-23,4829,35918,5,8.75,67.45,8.99,13.49,44.95,22.5,0.3335804299481097,False,True
INV-202369,2026-02-10,3385,11788,22,38.5,321.86,9.75,14.63,214.5,107.36000000000001,0.33356117566643884,False,True
INV-202370,2026-05-31,4829,35918,8,14.0,107.92,8.99,13.49,71.92,36.0,0.3335804299481097,False,True
INV-202371,2026-05-20,4829,26827,1,0.75,18.75,12.5,18.75,12.5,6.25,0.3333333333333333,False,True
INV-202372,2026-06-10,2190,35918,7,12.25,94.43,8.99,13.49,62.93,31.500000000000007,0.33358042994810977,False,True
INV-202373,2026-06-25,2633,11788,2,3.5,29.26,9.75,14.63,19.5,9.760000000000002,0.33356117566643884,False,True
INV-202374,2026-04-25,2190,64866,1,0.75,37.49,24.99,37.49,24.99,12.500000000000004,0.3334222459322487,False,True
INV-202375,2026-03-17,2648,35918,5,8.75,67.45,8.99,13.49,44.95,22.5,0.3335804299481097,False,True
INV-202376,2026-07-03,5102,64866,3,2.25,112.47,24.99,37.49,74.97,37.5,0.3334222459322486,False,True
INV-202377,2026-06-04,5102,26827,3,2.25,56.25,12.5,18.75,37.5,18.75,0.3333333333333333,False,True
INV-202378,2026-04-18,3385,19067,1,0.75,26.99,17.99,26.99,17.99,9.0,0.33345683586513525,False,True
INV-202379,2026-06-15,2501,43336,12,9.0,148.56,8.25,12.38,99.0,49.56,0.3336025848142165,False,True
INV-202380,2026-07-16,2648,35918,1,1.75,13.49,8.99,13.49,8.99,4.5,0.3335804299481097,False,True
INV-202381,2026-05-15,2501,19067,2,1.5,53.98,17.99,26.99,35.98,18.0,0.33345683586513525,False,True
INV-202382,2026-03-23,2190,19067,1,0.75,26.99,17.99,26.99,17.99,9.0,0.33345683586513525,False,True
INV-202383,2026-07-18,2190,43336,1,0.75,12.38,8.25,12.38,8.25,4.130000000000001,0.3336025848142165,False,True
INV-202384,2026-04-21,2190,64866,1,0.75,37.49,24.99,37.49,24.99,12.500000000000004,0.3334222459322487,False,True
INV-202385,2026-03-06,5102,43336,1,0.75,12.38,8.25,12.38,8.25,4.130000000000001,0.3336025848142165,False,True
INV-202386,2026-07-18,3385,26827,1,0.75,18.75,12.5,18.75,12.5,6.25,0.3333333333333333,False,True
INV-202387,2026-05-14,3385,19067,1,0.75,26.99,17.99,26.99,17.99,9.0,0.33345683586513525,False,True
INV-202388,2026-06-23,2633,64866,5,3.75,187.45,24.99,37.49,124.94999999999999,62.5,0.3334222459322486,False,True
INV-202389,2026-07-03,3385,35918,2,3.5,26.98,8.99,13.49,17.98,9.0,0.3335804299481097,False,True
INV-202390,2026-07-17,5102,77779,12,4.5,145.2,11.0,12.1,132.0,13.199999999999989,0.09090909090909084,False,True
INV-202391,2026-06-13,4829,35918,4,7.0,53.96,8.99,13.49,35.96,18.0,0.3335804299481097,False,True
INV-202392,2026-07-02,2190,64866,4,3.0,149.96,24.99,37.49,99.96,50.000000000000014,0.3334222459322487,False,True
INV-202393,2026-04-04,3385,19067,1,0.75,26.99,17.99,26.99,17.99,9.0,0.33345683586513525,False,True
INV-202394,2026-02-11,2633,26827,4,3.0,75.0,12.5,18.75,50.0,25.0,0.3333333333333333,False,True
INV-202395,2026-07-05,2501,35918,1,1.75,13.49,8.99,13.49,8.99,4.5,0.3335804299481097,False,True
INV-202396,2026-06-13,5102,64866,3,2.25,112.47,24.99,37.49,74.97,37.5,0.3334222459322486,False,True
INV-202397,2026-03-11,3385,64866,1,0.75,37.49,24.99,37.49,24.99,12.500000000000004,0.3334222459322487,False,True
INV-202398,2026-05-20,2190,35918,3,5.25,40.47,8.99,13.49,26.97,13.5,0.3335804299481097,False,True
INV-202399,2026-04-22,3385,26827,6,4.5,112.5,12.5,18.75,75.0,37.5,0.3333333333333333,False,True
INV-202400,2026-07-14,4829,77779,1,0.38,12.1,11.0,12.1,11.0,1.0999999999999996,0.09090909090909088,False,True
INV-202401,2026-06-30,4829,19067,1,0.75,26.99,17.99,26.99,17.99,9.0,0.33345683586513525,False,True
INV-202402,2026-07-09,2648,77779,1,0.38,12.1,11.0,12.1,11.0,1.0999999999999996,0.09090909090909088,False,True
INV-202403,2026-06-29,2190,77779,9,3.38,108.9,11.0,12.1,99.0,9.900000000000006,0.09090909090909095,False,True
INV-202404,2026-07-22,3385,64866,3,2.25,112.47,24.99,37.49,74.97,37.5,0.3334222459322486,False,True
INV-202405,2026-03-19,5102,77779,1,0.38,12.1,11.0,12.1,11.0,1.0999999999999996,0.09090909090909088,False,True
INV-202406,2026-02-03,4829,64866,4,3.0,149.96,24.99,37.49,99.96,50.000000000000014,0.3334222459322487,False,True
INV-202407,2026-07-20,2190,11788,15,26.25,219.45,9.75,14.63,146.25,73.19999999999999,0.3335611756664388,False,True
INV-202408,2026-07-05,2648,19067,1,0.75,26.99,17.99,26.99,17.99,9.0,0.33345683586513525,False,True
INV-202409,2026-05-16,2633,26827,1,0.75,18.75,12.5,18.75,12.5,6.25,0.3333333333333333,False,True
INV-202410,2026-03-08,2648,64866,21,15.75,787.29,24.99,37.49,524.79,262.5,0.3334222459322486,False,True
INV-202411,2026-06-04,5102,19067,2,1.5,53.98,17.99,26.99,35.98,18.0,0.33345683586513525,False,True
INV-202412,2026-02-03,5102,64866,1,0.75,37.49,24.99,37.49,24.99,12.500000000000004,0.3334222459322487,False,True
INV-202413,2026-04-21,5102,11788,1,1.75,14.63,9.75,14.63,9.75,4.880000000000001,0.33356117566643884,False,True
INV-202414,2026-05-20,5102,26827,2,1.5,37.5,12.5,18.75,25.0,12.5,0.3333333333333333,False,True
INV-202415,2026-06-20,3385,35918,1,1.75,13.49,8.99,13.49,8.99,4.5,0.3335804299481097,False,True
INV-202416,2026-05-06,2501,36308,19,19.0,128.25,4.5,6.75,85.5,42.75,0.3333333333333333,False,True
INV-202417,2026-02-05,2633,26827,1,0.75,18.75,12.5,18.75,12.5,6.25,0.3333333333333333,False,True
INV-202418,2026-04-10,2633,26827,2,1.5,37.5,12.5,18.75,25.0,12.5,0.3333333333333333,False,True
INV-202419,2026-07-25,5102,35918,1,1.75,13.49,8.99,13.49,8.99,4.5,0.3335804299481097,False,True
INV-202420,2026-02-27,5102,43336,3,2.25,37.14,8.25,12.38,24.75,12.39,0.3336025848142165,False,True
INV-202421,2026-07-07,4829,64866,1,0.75,37.49,24.99,37.49,24.99,12.500000000000004,0.3334222459322487,False,True
INV-202422,2026-07-09,3385,11788,1,1.75,14.63,9.75,14.63,9.75,4.880000000000001,0.33356117566643884,False,True
INV-202423,2026-01-31,2501,35918,5,8.75,67.45,8.99,13.49,44.95,22.5,0.3335804299481097,False,True
INV-202424,2026-03-25,5102,64866,1,0.75,37.49,24.99,37.49,24.99,12.500000000000004,0.3334222459322487,False,True
INV-202425,2026-06-09,2648,64866,3,2.25,112.47,24.99,37.49,74.97,37.5,0.3334222459322486,False,True
INV-202426,2026-06-26,5102,77779,4,1.5,48.4,11.0,12.1,44.0,4.399999999999999,0.09090909090909088,False,True
INV-202427,2026-04-18,2190,64866,8,6.0,299.92,24.99,37.49,199.92,100.00000000000003,0.3334222459322487,False,True
INV-202428,2026-06-23,3385,77779,13,4.88,157.3,11.0,12.1,143.0,14.300000000000011,0.09090909090909098,False,True
INV-202429,2026-05-02,5102,26827,4,3.0,75.0,12.5,18.75,50.0,25.0,0.3333333333333333,False,True
INV-202430,2026-04-12,2190,64866,10,7.5,374.9,24.99,37.49,249.89999999999998,125.0,0.3334222459322486,False,True
INV-202431,2026-05-27,2633,43336,2,1.5,24.76,8.25,12.38,16.5,8.260000000000002,0.3336025848142165,False,True
INV-202432,2026-03-27,5102,26827,8,6.0,150.0,12.5,18.75,100.0,50.0,0.3333333333333333,False,True
INV-202433,2026-06-06,2633,36308,1,1.0,6.75,4.5,6.75,4.5,2.25,0.3333333333333333,False,True
INV-202434,2026-06-20,2633,64866,11,8.25,412.39,24.99,37.49,274.89,137.5,0.3334222459322486,False,True
INV-202435,2026-04-01,2501,26827,1,0.75,18.75,12.5,18.75,12.5,6.25,0.3333333333333333,False,True
INV-202436,2026-05-09,3385,43336,10,7.5,123.8,8.25,12.38,82.5,41.3,0.33360258481421645,False,True
INV-202437,2026-06-30,5102,35918,3,5.25,40.47,8.99,13.49,26.97,13.5,0.3335804299481097,False,True
INV-202438,2026-04-24,2190,35918,7,12.25,94.43,8.99,13.49,62.93,31.500000000000007,0.33358042994810977,False,True
INV-202439,2026-06-19,5102,11788,12,21.0,175.56,9.75,14.63,117.0,58.56,0.33356117566643884,False,True
INV-202440,2026-02-06,2190,64866,1,0.75,37.49,24.99,37.49,24.99,12.500000000000004,0.3334222459322487,False,True
INV-202441,2026-04-06,3385,26827,4,3.0,75.0,12.5,18.75,50.0,25.0,0.3333333333333333,False,True
INV-202442,2026-04-19,2190,77779,8,3.0,96.8,11.0,12.1,88.0,8.799999999999997,0.09090909090909088,False,True
INV-202443,2026-05-14,3385,26827,2,1.5,37.5,12.5,18.75,25.0,12.5,0.3333333333333333,False,True
INV-202444,2026-07-27,2648,26827,1,0.75,18.75,12.5,18.75,12.5,6.25,0.3333333333333333,False,True
INV-202445,2026-05-10,4829,19067,1,0.75,26.99,17.99,26.99,17.99,9.0,0.33345683586513525,False,True
INV-202446,2026-07-05,2190,35918,1,1.75,13.49,8.99,13.49,8.99,4.5,0.3335804299481097,False,True
INV-202447,2026-05-16,4829,77779,23,8.62,278.3,11.0,12.1,253.0,25.30000000000001,0.09090909090909094,False,True
INV-202448,2026-04-02,2501,36308,1,1.0,6.75,4.5,6.75,4.5,2.25,0.3333333333333333,False,True
INV-202449,2026-02-01,5102,35918,2,3.5,26.98,8.99,13.49,17.98,9.0,0.3335804299481097,False,True
INV-202450,2026-03-19,2633,19067,1,0.75,26.99,17.99,26.99,17.99,9.0,0.33345683586513525,False,True
INV-202451,2026-04-23,2501,11788,3,5.25,43.89,9.75,14.63,29.25,14.64,0.33356117566643884,False,True
INV-202452,2026-02-10,3385,36308,9,9.0,60.75,4.5,6.75,40.5,20.25,0.3333333333333333,False,True
INV-202453,2026-02-07,3385,19067,2,1.5,53.98,17.99,26.99,35.98,18.0,0.33345683586513525,False,True
INV-202454,2026-07-08,2633,35918,7,12.25,94.43,8.99,13.49,62.93,31.500000000000007,0.33358042994810977,False,True
INV-202455,2026-02-12,3385,26827,6,4.5,112.5,12.5,18.75,75.0,37.5,0.3333333333333333,False,True
INV-202456,2026-03-01,3385,26827,4,3.0,75.0,12.5,18.75,50.0,25.0,0.3333333333333333,False,True
INV-202457,2026-02-21,4829,43336,2,1.5,24.76,8.25,12.38,16.5,8.260000000000002,0.3336025848142165,False,True
INV-202458,2026-06-19,2190,36308,1,1.0,6.75,4.5,6.75,4.5,2.25,0.3333333333333333,False,True
INV-202459,2026-05-02,5102,64866,1,0.75,37.49,24.99,37.49,24.99,12.500000000000004,0.3334222459322487,False,True
INV-202460,2026-07-18,5102,35918,6,10.5,80.94,8.99,13.49,53.94,27.0,0.3335804299481097,False,True
INV-202461,2026-03-29,2190,77779,5,1.88,60.5,11.0,12.1,55.0,5.5,0.09090909090909091,False,True
INV-202462,2026-05-16,3385,77779,7,2.62,84.7,11.0,12.1,77.0,7.700000000000003,0.09090909090909094,False,True
INV-202463,2026-04-06,2633,35918,3,5.25,40.47,8.99,13.49,26.97,13.5,0.3335804299481097,False,True
INV-202464,2026-05-01,2501,43336,9,6.75,111.42,,12.38,,,,False,False
INV-202465,2026-03-02,4829,19067,4,3.0,107.96,17.99,26.99,71.96,36.0,0.33345683586513525,False,True
INV-202466,2026-06-15,2190,43336,7,5.25,86.66,8.25,12.38,57.75,28.909999999999997,0.33360258481421645,False,True
INV-202467,2026-06-20,5102,64866,1,0.75,37.49,24.99,37.49,24.99,12.500000000000004,0.3334222459322487,False,True
INV-202468,2026-02-04,2501,36308,9,9.0,60.75,4.5,6.75,40.5,20.25,0.3333333333333333,False,True
INV-202469,2026-05-15,4829,64866,1,0.75,37.49,24.99,37.49,24.99,12.500000000000004,0.3334222459322487,False,True
INV-202470,2026-06-16,2501,43336,2,1.5,24.76,8.25,12.38,16.5,8.260000000000002,0.3336025848142165,False,True
INV-202471,2026-05-15,2648,36308,1,1.0,6.75,4.5,6.75,4.5,2.25,0.3333333333333333,False,True
INV-202472,2026-04-25,2501,43336,1,0.75,12.38,8.25,12.38,8.25,4.130000000000001,0.3336025848142165,False,True
INV-202473,2026-03-25,2501,26827,1,0.75,18.75,12.5,18.75,12.5,6.25,0.3333333333333333,False,True
INV-202474,2026-05-24,4829,64866,1,0.75,37.49,24.99,37.49,24.99,12.500000000000004,0.3334222459322487,False,True
INV-202475,2026-03-02,3385,19067,3,2.25,80.97,17.99,26.99,53.97,27.0,0.33345683586513525,False,True
INV-202476,2026-03-15,2501,26827,1,0.75,18.75,12.5,18.75,12.5,6.25,0.3333333333333333,False,True
INV-202477,2026-01-31,5102,19067,3,2.25,80.97,17.99,26.99,53.97,27.0,0.33345683586513525,False,True
INV-202478,2026-03-01,2501,19067,3,2.25,80.97,17.99,26.99,53.97,27.0,0.33345683586513525,False,True
INV-202479,2026-03-13,5102,26827,1,0.75,18.75,12.5,18.75,12.5,6.25,0.3333333333333333,False,True
INV-202480,2026-04-23,2190,26827,2,1.5,37.5,12.5,18.75,25.0,12.5,0.3333333333333333,False,True
INV-202481,2026-07-10,4829,77779,1,0.38,12.1,11.0,12.1,11.0,1.0999999999999996,0.09090909090909088,False,True
INV-202482,2026-04-28,2648,36308,2,2.0,13.5,4.5,6.75,9.0,4.5,0.3333333333333333,False,True
INV-202483,2026-07-18,2501,35918,3,5.25,40.47,8.99,13.49,26.97,13.5,0.3335804299481097,False,True
INV-202484,2026-05-02,4829,26827,2,1.5,37.5,12.5,18.75,25.0,12.5,0.3333333333333333,False,True
INV-202485,2026-07-03,5102,64866,8,6.0,299.92,24.99,37.49,199.92,100.00000000000003,0.3334222459322487,False,True
INV-202486,2026-05-28,2633,26827,1,0.75,18.75,12.5,18.75,12.5,6.25,0.3333333333333333,False,True
INV-202487,2026-02-03,3385,11788,1,1.75,14.63,9.75,14.63,9.75,4.880000000000001,0.33356117566643884,False,True
INV-202488,2026-03-16,2501,43336,4,3.0,49.52,8.25,12.38,33.0,16.520000000000003,0.3336025848142165,False,True
INV-202489,2026-07-18,4829,26827,3,2.25,56.25,12.5,18.75,37.5,18.75,0.3333333333333333,False,True
INV-202490,2026-07-24,3385,64866,15,11.25,562.35,24.99,37.49,374.84999999999997,187.50000000000006,0.3334222459322487,False,True
INV-202491,2026-02-08,2633,26827,2,1.5,37.5,12.5,18.75,25.0,12.5,0.3333333333333333,False,True
INV-202492,2026-07-23,2190,43336,3,2.25,37.14,8.25,12.38,24.75,12.39,0.3336025848142165,False,True
INV-202493,2026-03-28,4829,19067,4,3.0,107.96,17.99,26.99,71.96,36.0,0.33345683586513525,False,True
INV-202494,2026-02-12,5102,43336,3,2.25,37.14,8.25,12.38,24.75,12.39,0.3336025848142165,False,True
INV-202495,2026-06-01,2633,26827,10,7.5,187.5,12.5,18.75,125.0,62.5,0.3333333333333333,False,True
INV-202496,2026-03-21,2633,11788,1,1.75,14.63,9.75,14.63,9.75,4.880000000000001,0.33356117566643884,False,True
INV-202497,2026-06-15,2501,11788,7,12.25,102.41,9.75,14.63,68.25,34.16,0.3335611756664388,False,True
INV-202498,2026-03-16,5102,43336,3,2.25,37.14,8.25,12.38,24.75,12.39,0.3336025848142165,False,True
INV-202499,2026-04-05,4829,43336,5,3.75,61.9,8.25,12.38,41.25,20.65,0.33360258481421645,False,True
INV-202500,2026-07-21,2648,64866,2,1.5,74.98,24.99,37.49,49.98,25.000000000000007,0.3334222459322487,False,True
INV-202501,2026-04-28,2190,43336,1,0.75,12.38,8.25,12.38,8.25,4.130000000000001,0.3336025848142165,False,True
INV-202502,2026-06-25,2501,11788,2,3.5,29.26,9.75,14.63,19.5,9.760000000000002,0.33356117566643884,False,True
INV-202503,2026-04-11,2648,77779,1,0.38,12.1,11.0,12.1,11.0,1.0999999999999996,0.09090909090909088,False,True
INV-202504,2026-02-24,5102,43336,1,0.75,12.38,,12.38,,,,False,False
INV-202505,2026-02-22,2501,19067,4,3.0,107.96,17.99,26.99,71.96,36.0,0.33345683586513525,False,True
INV-202506,2026-03-24,3385,35918,1,1.75,13.49,8.99,13.49,8.99,4.5,0.3335804299481097,False,True
INV-202507,2026-02-13,2501,43336,9,6.75,111.42,8.25,12.38,74.25,37.17,0.3336025848142165,False,True
INV-202508,2026-07-24,2633,36308,3,3.0,20.25,4.5,6.75,13.5,6.75,0.3333333333333333,False,True
INV-202509,2026-03-07,3385,64866,1,0.75,37.49,24.99,37.49,24.99,12.500000000000004,0.3334222459322487,False,True
INV-202510,2026-06-27,2501,77779,2,0.75,24.2,11.0,12.1,22.0,2.1999999999999993,0.09090909090909088,False,True
INV-202511,2026-06-10,2633,11788,1,1.75,14.63,9.75,14.63,9.75,4.880000000000001,0.33356117566643884,False,True
INV-202512,2026-07-15,2648,26827,3,2.25,56.25,12.5,18.75,37.5,18.75,0.3333333333333333,False,True
INV-202513,2026-05-06,3385,19067,1,0.75,26.99,17.99,26.99,17.99,9.0,0.33345683586513525,False,True
INV-202514,2026-03-22,2501,36308,1,1.0,6.75,4.5,6.75,4.5,2.25,0.3333333333333333,False,True
INV-202515,2026-02-28,3385,19067,6,4.5,161.94,17.99,26.99,107.94,54.0,0.33345683586513525,False,True
INV-202516,2026-06-14,2190,19067,2,1.5,53.98,17.99,26.99,35.98,18.0,0.33345683586513525,False,True
INV-202517,2026-06-28,2633,35918,1,1.75,13.49,8.99,13.49,8.99,4.5,0.3335804299481097,False,True
INV-202518,2026-07-04,2190,35918,1,1.75,13.49,8.99,13.49,8.99,4.5,0.3335804299481097,False,True
INV-202519,2026-02-22,4829,26827,1,0.75,18.75,12.5,18.75,12.5,6.25,0.3333333333333333,False,True
INV-202520,2026-04-11,2501,64866,5,3.75,187.45,24.99,37.49,124.94999999999999,62.5,0.3334222459322486,False,True
INV-202521,2026-04-29,2633,26827,5,3.75,93.75,12.5,18.75,62.5,31.25,0.3333333333333333,False,True
INV-202522,2026-06-11,5102,36308,1,1.0,6.75,4.5,6.75,4.5,2.25,0.3333333333333333,False,True
INV-202523,2026-02-19,2633,35918,3,5.25,40.47,8.99,13.49,26.97,13.5,0.3335804299481097,False,True
INV-202524,2026-06-07,2648,36308,1,1.0,6.75,4.5,6.75,4.5,2.25,0.3333333333333333,False,True
INV-202525,2026-07-06,2501,19067,7,5.25,188.93,17.99,26.99,125.92999999999999,63.000000000000014,0.3334568358651353,False,True
INV-202526,2026-07-24,2190,64866,5,3.75,187.45,,37.49,,,,False,False
INV-202527,2026-03-21,2501,43336,3,2.25,37.14,8.25,12.38,24.75,12.39,0.3336025848142165,False,True
INV-202528,2026-07-10,3385,64866,13,9.75,487.37,24.99,37.49,324.87,162.5,0.3334222459322486,False,True
INV-202529,2026-06-29,5102,26827,3,2.25,56.25,12.5,18.75,37.5,18.75,0.3333333333333333,False,True
INV-202530,2026-03-10,2190,64866,7,5.25,262.43,24.99,37.49,174.92999999999998,87.50000000000003,0.3334222459322487,False,True
INV-202531,2026-02-27,2501,19067,4,3.0,107.96,17.99,26.99,71.96,36.0,0.33345683586513525,False,True
INV-202532,2026-05-05,5102,36308,3,3.0,20.25,4.5,6.75,13.5,6.75,0.3333333333333333,False,True
INV-202533,2026-07-10,2648,43336,6,4.5,74.28,8.25,12.38,49.5,24.78,0.3336025848142165,False,True
INV-202534,2026-07-18,2190,11788,1,1.75,14.63,9.75,14.63,9.75,4.880000000000001,0.33356117566643884,False,True
INV-202535,2026-02-16,5102,64866,1,0.75,37.49,24.99,37.49,24.99,12.500000000000004,0.3334222459322487,False,True
INV-202536,2026-05-21,2648,11788,4,7.0,58.52,9.75,14.63,39.0,19.520000000000003,0.33356117566643884,False,True
INV-202537,2026-03-25,3385,26827,1,0.75,18.75,12.5,18.75,12.5,6.25,0.3333333333333333,False,True
INV-202538,2026-03-01,3385,11788,3,5.25,43.89,9.75,14.63,29.25,14.64,0.33356117566643884,False,True
INV-202539,2026-06-19,5102,64866,12,9.0,449.88,24.99,37.49,299.88,150.0,0.3334222459322486,False,True
INV-202540,2026-06-07,2190,36308,4,4.0,27.0,4.5,6.75,18.0,9.0,0.3333333333333333,False,True
INV-202541,2026-02-10,5102,19067,7,5.25,188.93,17.99,26.99,125.92999999999999,63.000000000000014,0.3334568358651353,False,True
INV-202542,2026-05-18,3385,35918,1,1.75,13.49,8.99,13.49,8.99,4.5,0.3335804299481097,False,True
INV-202543,2026-02-02,3385,35918,1,1.75,13.49,8.99,13.49,8.99,4.5,0.3335804299481097,False,True
INV-202544,2026-02-26,2501,26827,3,2.25,56.25,12.5,18.75,37.5,18.75,0.3333333333333333,False,True
INV-202545,2026-05-26,2501,26827,4,3.0,75.0,12.5,18.75,50.0,25.0,0.3333333333333333,False,True
INV-202546,2026-04-10,4829,26827,5,3.75,93.75,12.5,18.75,62.5,31.25,0.3333333333333333,False,True
INV-202547,2026-06-30,2501,36308,13,13.0,87.75,4.5,6.75,58.5,29.25,0.3333333333333333,False,True
INV-202548,2026-05-09,4829,36308,2,2.0,13.5,4.5,6.75,9.0,4.5,0.3333333333333333,False,True
INV-202549,2026-04-09,4829,19067,10,7.5,269.9,17.99,26.99,179.89999999999998,90.0,0.33345683586513525,False,True
INV-202550,2026-07-14,3385,35918,3,5.25,40.47,8.99,13.49,26.97,13.5,0.3335804299481097,False,True
INV-202551,2026-02-19,2648,36308,1,1.0,6.75,4.5,6.75,4.5,2.25,0.3333333333333333,False,True
INV-202552,2026-03-17,5102,11788,2,3.5,29.26,9.75,14.63,19.5,9.760000000000002,0.33356117566643884,False,True
INV-202553,2026-06-11,3385,19067,5,3.75,134.95,17.99,26.99,89.94999999999999,45.0,0.33345683586513525,False,True
INV-202554,2026-05-12,2501,64866,1,0.75,37.49,24.99,37.49,24.99,12.500000000000004,0.3334222459322487,False,True
INV-202555,2026-02-23,2633,43336,3,2.25,37.14,8.25,12.38,24.75,12.39,0.3336025848142165,False,True
INV-202556,2026-06-08,2190,11788,4,7.0,58.52,9.75,14.63,39.0,19.520000000000003,0.33356117566643884,False,True
INV-202557,2026-06-19,2501,26827,5,3.75,93.75,12.5,18.75,62.5,31.25,0.3333333333333333,False,True
INV-202558,2026-05-27,2648,35918,4,7.0,53.96,8.99,13.49,35.96,18.0,0.3335804299481097,False,True
INV-202559,2026-03-28,2190,11788,2,3.5,29.26,9.75,14.63,19.5,9.760000000000002,0.33356117566643884,False,True
INV-202560,2026-07-20,2501,11788,4,7.0,58.52,9.75,14.63,39.0,19.520000000000003,0.33356117566643884,False,True
INV-202561,2026-05-09,4829,26827,11,8.25,206.25,12.5,18.75,137.5,68.75,0.3333333333333333,False,True
INV-202562,2026-02-20,2648,64866,1,0.75,37.49,24.99,37.49,24.99,12.500000000000004,0.3334222459322487,False,True
INV-202563,2026-02-06,2633,35918,3,5.25,40.47,8.99,13.49,26.97,13.5,0.3335804299481097,False,True
INV-202564,2026-02-05,2501,11788,6,10.5,87.78,9.75,14.63,58.5,29.28,0.33356117566643884,False,True
INV-202565,2026-05-04,4829,64866,2,1.5,74.98,24.99,37.49,49.98,25.000000000000007,0.3334222459322487,False,True
INV-202566,2026-04-16,3385,64866,-6,-4.5,-224.94,24.99,37.49,-149.94,-75.0,0.3334222459322486,True,True
INV-202567,2026-06-09,4829,36308,7,7.0,47.25,4.5,6.75,31.5,15.75,0.3333333333333333,False,True
INV-202568,2026-05-28,3385,43336,2,1.5,24.76,8.25,12.38,16.5,8.260000000000002,0.3336025848142165,False,True
INV-202569,2026-06-05,2501,11788,5,8.75,73.15,9.75,14.63,48.75,24.400000000000006,0.3335611756664389,False,True
INV-202570,2026-05-16,2633,43336,8,6.0,99.04,8.25,12.38,66.0,33.040000000000006,0.3336025848142165,False,True
INV-202571,2026-05-02,2648,19067,7,5.25,188.93,17.99,26.99,125.92999999999999,63.000000000000014,0.3334568358651353,False,True
INV-202572,2026-02-14,2648,36308,6,6.0,40.5,4.5,6.75,27.0,13.5,0.3333333333333333,False,True
INV-202573,2026-03-06,3385,36308,7,7.0,47.25,4.5,6.75,31.5,15.75,0.3333333333333333,False,True
INV-202574,2026-05-08,2648,36308,5,5.0,33.75,4.5,6.75,22.5,11.25,0.3333333333333333,False,True
INV-202575,2026-03-13,3385,26827,13,9.75,243.75,12.5,18.75,162.5,81.25,0.3333333333333333,False,True
INV-202576,2026-06-26,2633,26827,3,2.25,56.25,12.5,18.75,37.5,18.75,0.3333333333333333,False,True
INV-202577,2026-05-20,2501,43336,5,3.75,61.9,,12.38,,,,False,False
INV-202578,2026-03-06,4829,77779,1,0.38,12.1,11.0,12.1,11.0,1.0999999999999996,0.09090909090909088,False,True
INV-202579,2026-07-21,2501,36308,1,1.0,6.75,4.5,6.75,4.5,2.25,0.3333333333333333,False,True
INV-202580,2026-06-14,2633,35918,-30,-52.5,-404.7,8.99,13.49,-269.7,-135.0,0.3335804299481097,True,True
INV-202581,2026-02-06,2633,64866,3,2.25,112.47,24.99,37.49,74.97,37.5,0.3334222459322486,False,True
INV-202582,2026-04-13,2648,35918,6,10.5,80.94,8.99,13.49,53.94,27.0,0.3335804299481097,False,True
INV-202583,2026-03-19,2633,35918,3,5.25,40.47,8.99,13.49,26.97,13.5,0.3335804299481097,False,True
INV-202584,2026-02-04,3385,26827,5,3.75,93.75,12.5,18.75,62.5,31.25,0.3333333333333333,False,True
INV-202585,2026-06-30,2648,35918,4,7.0,53.96,8.99,13.49,35.96,18.0,0.3335804299481097,False,True
INV-202586,2026-07-09,5102,35918,2,3.5,26.98,8.99,13.49,17.98,9.0,0.3335804299481097,False,True
INV-202587,2026-04-05,2501,64866,2,1.5,74.98,24.99,37.49,49.98,25.000000000000007,0.3334222459322487,False,True
INV-202588,2026-04-09,2190,26827,13,9.75,243.75,12.5,18.75,162.5,81.25,0.3333333333333333,False,True
INV-202589,2026-07-06,4829,26827,1,0.75,18.75,12.5,18.75,12.5,6.25,0.3333333333333333,False,True
INV-202590,2026-04-18,2190,11788,2,3.5,29.26,9.75,14.63,19.5,9.760000000000002,0.33356117566643884,False,True
INV-202591,2026-04-04,3385,77779,3,1.12,36.3,11.0,12.1,33.0,3.299999999999997,0.09090909090909084,False,True
INV-202592,2026-05-26,3385,26827,2,1.5,37.5,12.5,18.75,25.0,12.5,0.3333333333333333,False,True
INV-202593,2026-03-05,2501,19067,1,0.75,26.99,17.99,26.99,17.99,9.0,0.33345683586513525,False,True
INV-202594,2026-03-21,2501,11788,1,1.75,14.63,9.75,14.63,9.75,4.880000000000001,0.33356117566643884,False,True
INV-202595,2026-03-26,2648,11788,1,1.75,14.63,9.75,14.63,9.75,4.880000000000001,0.33356117566643884,False,True
INV-202596,2026-05-12,2648,19067,3,2.25,80.97,17.99,26.99,53.97,27.0,0.33345683586513525,False,True
INV-202597,2026-05-19,2648,26827,5,3.75,93.75,12.5,18.75,62.5,31.25,0.3333333333333333,False,True
INV-202598,2026-03-04,2190,35918,4,7.0,53.96,8.99,13.49,35.96,18.0,0.3335804299481097,False,True
INV-202599,2026-03-30,5102,11788,2,3.5,29.26,9.75,14.63,19.5,9.760000000000002,0.33356117566643884,False,True
INV-202600,2026-02-09,2501,19067,1,0.75,26.99,17.99,26.99,17.99,9.0,0.33345683586513525,False,True
INV-202601,2026-05-24,2501,43336,1,0.75,12.38,8.25,12.38,8.25,4.130000000000001,0.3336025848142165,False,True
INV-202602,2026-03-02,2648,11788,5,8.75,73.15,9.75,14.63,48.75,24.400000000000006,0.3335611756664389,False,True
INV-202603,2026-02-10,2648,11788,4,7.0,58.52,9.75,14.63,39.0,19.520000000000003,0.33356117566643884,False,True
INV-202604,2026-02-23,2190,43336,1,0.75,12.38,8.25,12.38,8.25,4.130000000000001,0.3336025848142165,False,True
INV-202605,2026-07-09,2190,36308,7,7.0,47.25,4.5,6.75,31.5,15.75,0.3333333333333333,False,True
INV-202606,2026-06-02,2501,43336,11,8.25,136.18,8.25,12.38,90.75,45.43000000000001,0.3336025848142165,False,True
INV-202607,2026-03-31,2648,26827,9,6.75,168.75,12.5,18.75,112.5,56.25,0.3333333333333333,False,True
INV-202608,2026-02-15,2190,11788,4,7.0,58.52,9.75,14.63,39.0,19.520000000000003,0.33356117566643884,False,True
INV-202609,2026-06-15,2501,19067,15,11.25,404.85,17.99,26.99,269.84999999999997,135.00000000000006,0.33345683586513536,False,True
INV-202610,2026-02-23,2190,64866,3,2.25,112.47,24.99,37.49,74.97,37.5,0.3334222459322486,False,True
INV-202611,2026-05-19,2648,35918,4,7.0,53.96,8.99,13.49,35.96,18.0,0.3335804299481097,False,True
INV-202612,2026-04-16,4829,77779,1,0.38,12.1,11.0,12.1,11.0,1.0999999999999996,0.09090909090909088,False,True
INV-202613,2026-07-08,3385,64866,2,1.5,74.98,24.99,37.49,49.98,25.000000000000007,0.3334222459322487,False,True
INV-202614,2026-05-20,3385,36308,2,2.0,13.5,4.5,6.75,9.0,4.5,0.3333333333333333,False,True
INV-202615,2026-02-26,2501,77779,2,0.75,24.2,11.0,12.1,22.0,2.1999999999999993,0.09090909090909088,False,True
INV-202616,2026-03-24,4829,36308,1,1.0,6.75,4.5,6.75,4.5,2.25,0.3333333333333333,False,True
INV-202617,2026-02-09,2648,43336,6,4.5,74.28,8.25,12.38,49.5,24.78,0.3336025848142165,False,True
INV-202618,2026-07-03,5102,64866,9,6.75,337.41,24.99,37.49,224.91,112.50000000000003,0.3334222459322487,False,True
INV-202619,2026-06-19,2190,11788,4,7.0,58.52,9.75,14.63,39.0,19.520000000000003,0.33356117566643884,False,True
INV-202620,2026-02-20,2501,11788,1,1.75,14.63,9.75,14.63,9.75,4.880000000000001,0.33356117566643884,False,True
INV-202621,2026-06-15,2648,64866,1,0.75,37.49,24.99,37.49,24.99,12.500000000000004,0.3334222459322487,False,True
INV-202622,2026-06-20,2190,77779,8,3.0,96.8,11.0,12.1,88.0,8.799999999999997,0.09090909090909088,False,True
INV-202623,2026-04-15,2501,19067,1,0.75,26.99,17.99,26.99,17.99,9.0,0.33345683586513525,False,True
INV-202624,2026-04-30,2190,64866,2,1.5,74.98,24.99,37.49,49.98,25.000000000000007,0.3334222459322487,False,True
INV-202625,2026-07-08,2190,11788,5,8.75,73.15,9.75,14.63,48.75,24.400000000000006,0.3335611756664389,False,True
INV-202626,2026-03-09,4829,26827,3,2.25,56.25,12.5,18.75,37.5,18.75,0.3333333333333333,False,True
INV-202627,2026-07-07,2648,36308,11,11.0,74.25,4.5,6.75,49.5,24.75,0.3333333333333333,False,True
INV-202628,2026-06-12,2633,64866,3,2.25,112.47,24.99,37.49,74.97,37.5,0.3334222459322486,False,True
INV-202629,2026-06-28,5102,19067,2,1.5,53.98,17.99,26.99,35.98,18.0,0.33345683586513525,False,True
INV-202630,2026-06-15,2501,26827,5,3.75,93.75,12.5,18.75,62.5,31.25,0.3333333333333333,False,True
INV-202631,2026-06-18,2648,11788,2,3.5,29.26,9.75,14.63,19.5,9.760000000000002,0.33356117566643884,False,True
INV-202632,2026-04-13,2501,64866,1,0.75,37.49,24.99,37.49,24.99,12.500000000000004,0.3334222459322487,False,True
INV-202633,2026-06-03,2648,77779,1,0.38,12.1,11.0,12.1,11.0,1.0999999999999996,0.09090909090909088,False,True
INV-202634,2026-07-15,4829,26827,2,1.5,37.5,12.5,18.75,25.0,12.5,0.3333333333333333,False,True
INV-202635,2026-02-06,2648,11788,10,17.5,146.3,9.75,14.63,97.5,48.80000000000001,0.3335611756664389,False,True
INV-202636,2026-06-06,2633,77779,5,1.88,60.5,11.0,12.1,55.0,5.5,0.09090909090909091,False,True
INV-202637,2026-04-17,4829,36308,20,20.0,135.0,4.5,6.75,90.0,45.0,0.3333333333333333,False,True
INV-202638,2026-05-08,2190,64866,5,3.75,187.45,24.99,37.49,124.94999999999999,62.5,0.3334222459322486,False,True
INV-202639,2026-07-21,2190,77779,1,0.38,12.1,11.0,12.1,11.0,1.0999999999999996,0.09090909090909088,False,True
INV-202640,2026-02-14,2633,26827,3,2.25,56.25,12.5,18.75,37.5,18.75,0.3333333333333333,False,True
INV-202641,2026-02-04,2648,64866,4,3.0,149.96,24.99,37.49,99.96,50.000000000000014,0.3334222459322487,False,True
INV-202642,2026-07-14,2648,36308,1,1.0,6.75,4.5,6.75,4.5,2.25,0.3333333333333333,False,True
INV-202643,2026-03-06,3385,77779,4,1.5,48.4,11.0,12.1,44.0,4.399999999999999,0.09090909090909088,False,True
INV-202644,2026-05-20,2190,77779,1,0.38,12.1,11.0,12.1,11.0,1.0999999999999996,0.09090909090909088,False,True
INV-202645,2026-03-30,2633,35918,1,1.75,13.49,8.99,13.49,8.99,4.5,0.3335804299481097,False,True
INV-202646,2026-02-17,2648,43336,5,3.75,61.9,8.25,12.38,41.25,20.65,0.33360258481421645,False,True
INV-202647,2026-04-08,2190,64866,1,0.75,37.49,24.99,37.49,24.99,12.500000000000004,0.3334222459322487,False,True
INV-202648,2026-05-01,2501,77779,2,0.75,24.2,11.0,12.1,22.0,2.1999999999999993,0.09090909090909088,False,True
INV-202649,2026-04-01,3385,43336,1,0.75,12.38,8.25,12.38,8.25,4.130000000000001,0.3336025848142165,False,True
INV-202650,2026-04-25,2633,64866,1,0.75,37.49,24.99,37.49,24.99,12.500000000000004,0.3334222459322487,False,True
INV-202651,2026-05-09,5102,36308,22,22.0,148.5,4.5,6.75,99.0,49.5,0.3333333333333333,False,True
INV-202652,2026-03-18,4829,35918,5,8.75,67.45,8.99,13.49,44.95,22.5,0.3335804299481097,False,True
INV-202653,2026-06-20,2501,64866,4,3.0,149.96,24.99,37.49,99.96,50.000000000000014,0.3334222459322487,False,True
INV-202654,2026-06-28,2190,36308,1,1.0,6.75,4.5,6.75,4.5,2.25,0.3333333333333333,False,True
INV-202655,2026-02-15,4829,35918,2,3.5,26.98,,13.49,,,,False,False
INV-202656,2026-03-03,2648,64866,9,6.75,337.41,24.99,37.49,224.91,112.50000000000003,0.3334222459322487,False,True
INV-202657,2026-04-20,4829,77779,3,1.12,36.3,11.0,12.1,33.0,3.299999999999997,0.09090909090909084,False,True
INV-202658,2026-05-09,4829,77779,1,0.38,12.1,11.0,12.1,11.0,1.0999999999999996,0.09090909090909088,False,True
INV-202659,2026-02-15,2190,35918,1,1.75,13.49,8.99,13.49,8.99,4.5,0.3335804299481097,False,True
INV-202660,2026-06-08,2501,77779,1,0.38,12.1,11.0,12.1,11.0,1.0999999999999996,0.09090909090909088,False,True
INV-202661,2026-06-25,2648,36308,1,1.0,6.75,4.5,6.75,4.5,2.25,0.3333333333333333,False,True
INV-202662,2026-07-05,2190,35918,11,19.25,148.39,8.99,13.49,98.89,49.499999999999986,0.33358042994810966,False,True
INV-202663,2026-06-07,4829,26827,1,0.75,18.75,12.5,18.75,12.5,6.25,0.3333333333333333,False,True
INV-202664,2026-07-18,2501,11788,1,1.75,14.63,9.75,14.63,9.75,4.880000000000001,0.33356117566643884,False,True
INV-202665,2026-06-25,2648,36308,1,1.0,6.75,4.5,6.75,4.5,2.25,0.3333333333333333,False,True
INV-202666,2026-05-01,2633,19067,1,0.75,26.99,17.99,26.99,17.99,9.0,0.33345683586513525,False,True
INV-202667,2026-06-23,2190,77779,1,0.38,12.1,11.0,12.1,11.0,1.0999999999999996,0.09090909090909088,False,True
INV-202668,2026-06-16,2190,43336,1,0.75,12.38,8.25,12.38,8.25,4.130000000000001,0.3336025848142165,False,True
INV-202669,2026-01-30,3385,35918,12,21.0,161.88,8.99,13.49,107.88,54.0,0.3335804299481097,False,True
INV-202670,2026-02-05,2633,19067,13,9.75,350.87,17.99,26.99,233.86999999999998,117.00000000000003,0.3334568358651353,False,True
INV-202671,2026-06-12,2190,77779,1,0.38,12.1,11.0,12.1,11.0,1.0999999999999996,0.09090909090909088,False,True
INV-202672,2026-03-17,2633,11788,2,3.5,29.26,9.75,14.63,19.5,9.760000000000002,0.33356117566643884,False,True
INV-202673,2026-07-08,2633,64866,1,0.75,37.49,24.99,37.49,24.99,12.500000000000004,0.3334222459322487,False,True
INV-202674,2026-07-10,2501,19067,5,3.75,134.95,17.99,26.99,89.94999999999999,45.0,0.33345683586513525,False,True
INV-202675,2026-02-10,2633,43336,1,0.75,12.38,8.25,12.38,8.25,4.130000000000001,0.3336025848142165,False,True
INV-202676,2026-02-15,3385,43336,6,4.5,74.28,,12.38,,,,False,False
INV-202677,2026-06-17,5102,19067,6,4.5,161.94,17.99,26.99,107.94,54.0,0.33345683586513525,False,True
INV-202678,2026-07-15,2501,77779,18,6.75,217.8,11.0,12.1,198.0,19.80000000000001,0.09090909090909095,False,True
INV-202679,2026-03-23,4829,35918,1,1.75,13.49,8.99,13.49,8.99,4.5,0.3335804299481097,False,True
INV-202680,2026-02-07,2648,35918,1,1.75,13.49,8.99,13.49,8.99,4.5,0.3335804299481097,False,True
INV-202681,2026-06-03,2501,19067,3,2.25,80.97,17.99,26.99,53.97,27.0,0.33345683586513525,False,True
INV-202682,2026-04-22,5102,35918,1,1.75,13.49,8.99,13.49,8.99,4.5,0.3335804299481097,False,True
INV-202683,2026-03-11,2633,77779,7,2.62,84.7,11.0,12.1,77.0,7.700000000000003,0.09090909090909094,False,True
INV-202684,2026-04-30,2501,19067,1,0.75,26.99,17.99,26.99,17.99,9.0,0.33345683586513525,False,True
INV-202685,2026-04-14,3385,35918,-1,-1.75,-13.49,8.99,13.49,-8.99,-4.5,0.3335804299481097,True,True
INV-202686,2026-07-11,4829,77779,2,0.75,24.2,11.0,12.1,22.0,2.1999999999999993,0.09090909090909088,False,True
INV-202687,2026-07-08,2633,19067,6,4.5,161.94,17.99,26.99,107.94,54.0,0.33345683586513525,False,True
INV-202688,2026-05-25,3385,43336,1,0.75,12.38,8.25,12.38,8.25,4.130000000000001,0.3336025848142165,False,True
INV-202689,2026-07-23,5102,64866,7,5.25,262.43,24.99,37.49,174.92999999999998,87.50000000000003,0.3334222459322487,False,True
INV-202690,2026-04-27,2501,19067,14,10.5,377.86,17.99,26.99,251.85999999999999,126.00000000000003,0.3334568358651353,False,True
INV-202691,2026-05-17,2501,19067,1,0.75,26.99,17.99,26.99,17.99,9.0,0.33345683586513525,False,True
INV-202692,2026-05-13,4829,26827,2,1.5,37.5,12.5,18.75,25.0,12.5,0.3333333333333333,False,True
INV-202693,2026-05-09,2501,77779,1,0.38,12.1,11.0,12.1,11.0,1.0999999999999996,0.09090909090909088,False,True
INV-202694,2026-03-29,5102,11788,7,12.25,102.41,9.75,14.63,68.25,34.16,0.3335611756664388,False,True
INV-202695,2026-05-25,2648,43336,-1,-0.75,-12.38,8.25,12.38,-8.25,-4.130000000000001,0.3336025848142165,True,True
INV-202696,2026-07-28,3385,36308,2,2.0,13.5,4.5,6.75,9.0,4.5,0.3333333333333333,False,True
INV-202697,2026-06-14,2633,35918,4,7.0,53.96,8.99,13.49,35.96,18.0,0.3335804299481097,False,True
INV-202698,2026-07-05,2501,77779,1,0.38,12.1,11.0,12.1,11.0,1.0999999999999996,0.09090909090909088,False,True
INV-202699,2026-03-06,2633,64866,17,12.75,637.33,24.99,37.49,424.83,212.50000000000006,0.3334222459322487,False,True
INV-202700,2026-05-07,5102,43336,1,0.75,12.38,8.25,12.38,8.25,4.130000000000001,0.3336025848142165,False,True
INV-202701,2026-03-28,4829,26827,8,6.0,150.0,12.5,18.75,100.0,50.0,0.3333333333333333,False,True
INV-202702,2026-07-24,5102,77779,1,0.38,12.1,11.0,12.1,11.0,1.0999999999999996,0.09090909090909088,False,True
INV-202703,2026-06-09,5102,36308,8,8.0,54.0,4.5,6.75,36.0,18.0,0.3333333333333333,False,True
INV-202704,2026-04-14,2501,36308,1,1.0,6.75,4.5,6.75,4.5,2.25,0.3333333333333333,False,True
INV-202705,2026-05-15,2190,11788,2,3.5,29.26,9.75,14.63,19.5,9.760000000000002,0.33356117566643884,False,True
INV-202706,2026-02-16,3385,43336,1,0.75,12.38,8.25,12.38,8.25,4.130000000000001,0.3336025848142165,False,True
INV-202707,2026-02-10,2633,36308,4,4.0,27.0,4.5,6.75,18.0,9.0,0.3333333333333333,False,True
INV-202708,2026-02-17,2501,36308,1,1.0,6.75,4.5,6.75,4.5,2.25,0.3333333333333333,False,True
INV-202709,2026-04-05,3385,64866,11,8.25,412.39,24.99,37.49,274.89,137.5,0.3334222459322486,False,True
INV-202710,2026-04-27,2501,36308,8,8.0,54.0,4.5,6.75,36.0,18.0,0.3333333333333333,False,True
INV-202711,2026-05-11,5102,64866,4,3.0,149.96,24.99,37.49,99.96,50.000000000000014,0.3334222459322487,False,True
INV-202712,2026-07-25,2648,35918,15,26.25,202.35,8.99,13.49,134.85,67.5,0.3335804299481097,False,True
INV-202713,2026-04-17,4829,64866,1,0.75,37.49,24.99,37.49,24.99,12.500000000000004,0.3334222459322487,False,True
INV-202714,2026-04-20,4829,36308,3,3.0,20.25,4.5,6.75,13.5,6.75,0.3333333333333333,False,True
INV-202715,2026-07-04,2190,19067,2,1.5,53.98,17.99,26.99,35.98,18.0,0.33345683586513525,False,True
INV-202716,2026-06-03,3385,36308,7,7.0,47.25,4.5,6.75,31.5,15.75,0.3333333333333333,False,True
INV-202717,2026-04-25,2648,77779,22,8.25,266.2,11.0,12.1,242.0,24.19999999999999,0.09090909090909087,False,True
INV-202718,2026-05-07,5102,43336,8,6.0,99.04,8.25,12.38,66.0,33.040000000000006,0.3336025848142165,False,True
INV-202719,2026-03-08,2501,77779,2,0.75,24.2,11.0,12.1,22.0,2.1999999999999993,0.09090909090909088,False,True
INV-202720,2026-04-08,3385,26827,1,0.75,18.75,12.5,18.75,12.5,6.25,0.3333333333333333,False,True
INV-202721,2026-02-14,2648,19067,1,0.75,26.99,17.99,26.99,17.99,9.0,0.33345683586513525,False,True
INV-202722,2026-05-04,2633,35918,1,1.75,13.49,8.99,13.49,8.99,4.5,0.3335804299481097,False,True
INV-202723,2026-03-31,2633,11788,1,1.75,14.63,9.75,14.63,9.75,4.880000000000001,0.33356117566643884,False,True
INV-202724,2026-03-11,2190,11788,3,5.25,43.89,9.75,14.63,29.25,14.64,0.33356117566643884,False,True
INV-202725,2026-06-10,4829,26827,6,4.5,112.5,12.5,18.75,75.0,37.5,0.3333333333333333,False,True
INV-202726,2026-02-25,2633,64866,3,2.25,112.47,24.99,37.49,74.97,37.5,0.3334222459322486,False,True
INV-202727,2026-06-29,2501,11788,3,5.25,43.89,9.75,14.63,29.25,14.64,0.33356117566643884,False,True
INV-202728,2026-03-30,2190,77779,13,4.88,157.3,11.0,12.1,143.0,14.300000000000011,0.09090909090909098,False,True
INV-202729,2026-04-16,3385,64866,2,1.5,74.98,24.99,37.49,49.98,25.000000000000007,0.3334222459322487,False,True
INV-202730,2026-02-18,2190,43336,5,3.75,61.9,8.25,12.38,41.25,20.65,0.33360258481421645,False,True
INV-202731,2026-05-06,2190,26827,4,3.0,75.0,12.5,18.75,50.0,25.0,0.3333333333333333,False,True
INV-202732,2026-06-09,2190,19067,1,0.75,26.99,17.99,26.99,17.99,9.0,0.33345683586513525,False,True
INV-202733,2026-04-28,2190,64866,9,6.75,337.41,24.99,37.49,224.91,112.50000000000003,0.3334222459322487,False,True
INV-202734,2026-04-29,4829,36308,6,6.0,40.5,4.5,6.75,27.0,13.5,0.3333333333333333,False,True
INV-202735,2026-04-01,2633,36308,3,3.0,20.25,4.5,6.75,13.5,6.75,0.3333333333333333,False,True
INV-202736,2026-03-02,2648,35918,5,8.75,67.45,8.99,13.49,44.95,22.5,0.3335804299481097,False,True
INV-202737,2026-06-09,2633,77779,5,1.88,60.5,11.0,12.1,55.0,5.5,0.09090909090909091,False,True
INV-202738,2026-07-15,5102,11788,3,5.25,43.89,9.75,14.63,29.25,14.64,0.33356117566643884,False,True
INV-202739,2026-07-28,2501,77779,1,0.38,12.1,11.0,12.1,11.0,1.0999999999999996,0.09090909090909088,False,True
INV-202740,2026-03-04,2648,26827,1,0.75,18.75,12.5,18.75,12.5,6.25,0.3333333333333333,False,True
INV-202741,2026-01-30,4829,43336,1,0.75,12.38,8.25,12.38,8.25,4.130000000000001,0.3336025848142165,False,True
INV-202742,2026-06-25,2648,11788,3,5.25,43.89,9.75,14.63,29.25,14.64,0.33356117566643884,False,True
INV-202743,2026-06-19,2501,64866,5,3.75,187.45,24.99,37.49,124.94999999999999,62.5,0.3334222459322486,False,True
INV-202744,2026-06-15,2190,36308,7,7.0,47.25,4.5,6.75,31.5,15.75,0.3333333333333333,False,True
INV-202745,2026-04-08,3385,64866,-2,-1.5,-74.98,24.99,37.49,-49.98,-25.000000000000007,0.3334222459322487,True,True
INV-202746,2026-07-27,2190,35918,8,14.0,107.92,8.99,13.49,71.92,36.0,0.3335804299481097,False,True
INV-202747,2026-02-16,2190,36308,1,1.0,6.75,4.5,6.75,4.5,2.25,0.3333333333333333,False,True
INV-202748,2026-07-27,2190,26827,2,1.5,37.5,12.5,18.75,25.0,12.5,0.3333333333333333,False,True
INV-202749,2026-04-03,2190,77779,3,1.12,36.3,11.0,12.1,33.0,3.299999999999997,0.09090909090909084,False,True
INV-202750,2026-03-26,3385,35918,1,1.75,13.49,8.99,13.49,8.99,4.5,0.3335804299481097,False,True
INV-202751,2026-07-17,2190,26827,10,7.5,187.5,12.5,18.75,125.0,62.5,0.3333333333333333,False,True
INV-202752,2026-06-01,4829,35918,1,1.75,13.49,8.99,13.49,8.99,4.5,0.3335804299481097,False,True
INV-202753,2026-05-16,5102,35918,2,3.5,26.98,8.99,13.49,17.98,9.0,0.3335804299481097,False,True
INV-202754,2026-06-25,3385,77779,1,0.38,12.1,11.0,12.1,11.0,1.0999999999999996,0.09090909090909088,False,True
INV-202755,2026-06-25,4829,43336,1,0.75,12.38,8.25,12.38,8.25,4.130000000000001,0.3336025848142165,False,True
INV-202756,2026-06-24,5102,26827,1,0.75,18.75,12.5,18.75,12.5,6.25,0.3333333333333333,False,True
INV-202757,2026-04-13,2633,77779,1,0.38,12.1,11.0,12.1,11.0,1.0999999999999996,0.09090909090909088,False,True
INV-202758,2026-06-08,2501,36308,4,4.0,27.0,4.5,6.75,18.0,9.0,0.3333333333333333,False,True
INV-202759,2026-06-25,2501,11788,1,1.75,14.63,9.75,14.63,9.75,4.880000000000001,0.33356117566643884,False,True
INV-202760,2026-02-07,5102,26827,3,2.25,56.25,12.5,18.75,37.5,18.75,0.3333333333333333,False,True
INV-202761,2026-02-01,2633,43336,1,0.75,12.38,8.25,12.38,8.25,4.130000000000001,0.3336025848142165,False,True
INV-202762,2026-03-17,5102,64866,5,3.75,187.45,24.99,37.49,124.94999999999999,62.5,0.3334222459322486,False,True
INV-202763,2026-06-01,5102,77779,36,13.5,435.6,11.0,12.1,396.0,39.60000000000002,0.09090909090909095,False,True
INV-202764,2026-02-01,2501,35918,1,1.75,13.49,8.99,13.49,8.99,4.5,0.3335804299481097,False,True
INV-202765,2026-02-01,2190,64866,1,0.75,37.49,24.99,37.49,24.99,12.500000000000004,0.3334222459322487,False,True
INV-202766,2026-07-13,3385,64866,5,3.75,187.45,24.99,37.49,124.94999999999999,62.5,0.3334222459322486,False,True
INV-202767,2026-07-16,5102,64866,2,1.5,74.98,24.99,37.49,49.98,25.000000000000007,0.3334222459322487,False,True
INV-202768,2026-05-05,5102,77779,5,1.88,60.5,11.0,12.1,55.0,5.5,0.09090909090909091,False,True
INV-202769,2026-02-14,5102,77779,2,0.75,24.2,11.0,12.1,22.0,2.1999999999999993,0.09090909090909088,False,True
INV-202770,2026-02-19,2648,19067,20,15.0,539.8,,26.99,,,,False,False
INV-202771,2026-04-26,3385,36308,2,2.0,13.5,4.5,6.75,9.0,4.5,0.3333333333333333,False,True
INV-202772,2026-02-14,5102,43336,15,11.25,185.7,8.25,12.38,123.75,61.94999999999999,0.33360258481421645,False,True
INV-202773,2026-03-11,5102,43336,13,9.75,160.94,8.25,12.38,107.25,53.69,0.33360258481421645,False,True
INV-202774,2026-06-29,4829,19067,8,6.0,215.92,17.99,26.99,143.92,72.0,0.33345683586513525,False,True
INV-202775,2026-07-18,4829,77779,1,0.38,12.1,11.0,12.1,11.0,1.0999999999999996,0.09090909090909088,False,True
INV-202776,2026-07-05,4829,64866,2,1.5,74.98,24.99,37.49,49.98,25.000000000000007,0.3334222459322487,False,True
INV-202777,2026-03-04,2648,36308,14,14.0,94.5,4.5,6.75,63.0,31.5,0.3333333333333333,False,True
INV-202778,2026-03-09,2190,35918,2,3.5,26.98,8.99,13.49,17.98,9.0,0.3335804299481097,False,True
INV-202779,2026-07-19,2501,11788,6,10.5,87.78,9.75,14.63,58.5,29.28,0.33356117566643884,False,True
INV-202780,2026-02-03,2648,36308,1,1.0,6.75,4.5,6.75,4.5,2.25,0.3333333333333333,False,True
INV-202781,2026-05-09,2633,19067,-1,-0.75,-26.99,17.99,26.99,-17.99,-9.0,0.33345683586513525,True,True
INV-202782,2026-02-25,3385,11788,1,1.75,14.63,9.75,14.63,9.75,4.880000000000001,0.33356117566643884,False,True
INV-202783,2026-03-03,2501,77779,3,1.12,36.3,11.0,12.1,33.0,3.299999999999997,0.09090909090909084,False,True
INV-202784,2026-03-24,3385,64866,2,1.5,74.98,24.99,37.49,49.98,25.000000000000007,0.3334222459322487,False,True
INV-202785,2026-03-12,2648,11788,1,1.75,14.63,9.75,14.63,9.75,4.880000000000001,0.33356117566643884,False,True
INV-202786,2026-04-08,2501,36308,3,3.0,20.25,4.5,6.75,13.5,6.75,0.3333333333333333,False,True
INV-202787,2026-02-11,4829,35918,2,3.5,26.98,8.99,13.49,17.98,9.0,0.3335804299481097,False,True
INV-202788,2026-04-24,2501,43336,1,0.75,12.38,8.25,12.38,8.25,4.130000000000001,0.3336025848142165,False,True
INV-202789,2026-05-21,4829,35918,4,7.0,53.96,8.99,13.49,35.96,18.0,0.3335804299481097,False,True
INV-202790,2026-03-08,4829,19067,2,1.5,53.98,17.99,26.99,35.98,18.0,0.33345683586513525,False,True
INV-202791,2026-02-12,2190,43336,2,1.5,24.76,8.25,12.38,16.5,8.260000000000002,0.3336025848142165,False,True
INV-202792,2026-05-23,2501,19067,2,1.5,53.98,17.99,26.99,35.98,18.0,0.33345683586513525,False,True
INV-202793,2026-03-29,2633,19067,1,0.75,26.99,17.99,26.99,17.99,9.0,0.33345683586513525,False,True
INV-202794,2026-06-16,4829,26827,1,0.75,18.75,12.5,18.75,12.5,6.25,0.3333333333333333,False,True
INV-202795,2026-06-11,5102,36308,1,1.0,6.75,4.5,6.75,4.5,2.25,0.3333333333333333,False,True
INV-202796,2026-01-30,2633,77779,1,0.38,12.1,11.0,12.1,11.0,1.0999999999999996,0.09090909090909088,False,True
INV-202797,2026-05-26,2501,19067,3,2.25,80.97,17.99,26.99,53.97,27.0,0.33345683586513525,False,True
INV-202798,2026-03-30,4829,64866,15,11.25,562.35,24.99,37.49,374.84999999999997,187.50000000000006,0.3334222459322487,False,True
INV-202799,2026-07-26,2190,35918,6,10.5,80.94,8.99,13.49,53.94,27.0,0.3335804299481097,False,True
INV-202800,2026-06-29,5102,36308,3,3.0,20.25,4.5,6.75,13.5,6.75,0.3333333333333333,False,True
INV-202801,2026-04-15,4829,19067,3,2.25,80.97,17.99,26.99,53.97,27.0,0.33345683586513525,False,True
INV-202802,2026-06-26,3385,11788,1,1.75,14.63,9.75,14.63,9.75,4.880000000000001,0.33356117566643884,False,True
INV-202803,2026-04-10,3385,64866,1,0.75,37.49,24.99,37.49,24.99,12.500000000000004,0.3334222459322487,False,True
INV-202804,2026-02-24,2648,19067,14,10.5,377.86,17.99,26.99,251.85999999999999,126.00000000000003,0.3334568358651353,False,True
INV-202805,2026-04-01,2190,77779,3,1.12,36.3,11.0,12.1,33.0,3.299999999999997,0.09090909090909084,False,True
INV-202806,2026-06-15,2501,43336,1,0.75,12.38,8.25,12.38,8.25,4.130000000000001,0.3336025848142165,False,True
INV-202807,2026-05-01,2648,35918,2,3.5,26.98,8.99,13.49,17.98,9.0,0.3335804299481097,False,True
INV-202808,2026-02-14,5102,26827,2,1.5,37.5,12.5,18.75,25.0,12.5,0.3333333333333333,False,True
INV-202809,2026-04-24,2648,19067,2,1.5,53.98,17.99,26.99,35.98,18.0,0.33345683586513525,False,True
INV-202810,2026-04-30,3385,26827,1,0.75,18.75,12.5,18.75,12.5,6.25,0.3333333333333333,False,True
INV-202811,2026-05-25,3385,43336,7,5.25,86.66,8.25,12.38,57.75,28.909999999999997,0.33360258481421645,False,True
INV-202812,2026-06-07,2633,43336,4,3.0,49.52,8.25,12.38,33.0,16.520000000000003,0.3336025848142165,False,True
INV-202813,2026-06-10,2501,36308,5,5.0,33.75,4.5,6.75,22.5,11.25,0.3333333333333333,False,True
INV-202814,2026-06-01,2190,64866,5,3.75,187.45,24.99,37.49,124.94999999999999,62.5,0.3334222459322486,False,True
INV-202815,2026-06-24,2633,77779,23,8.62,278.3,11.0,12.1,253.0,25.30000000000001,0.09090909090909094,False,True
INV-202816,2026-03-02,2190,36308,1,1.0,6.75,4.5,6.75,4.5,2.25,0.3333333333333333,False,True
INV-202817,2026-04-28,5102,11788,5,8.75,73.15,9.75,14.63,48.75,24.400000000000006,0.3335611756664389,False,True
INV-202818,2026-07-09,2190,36308,1,1.0,6.75,4.5,6.75,4.5,2.25,0.3333333333333333,False,True
INV-202819,2026-05-29,2633,35918,7,12.25,94.43,8.99,13.49,62.93,31.500000000000007,0.33358042994810977,False,True
INV-202820,2026-05-11,2633,77779,2,0.75,24.2,11.0,12.1,22.0,2.1999999999999993,0.09090909090909088,False,True
INV-202821,2026-04-24,2501,19067,2,1.5,53.98,17.99,26.99,35.98,18.0,0.33345683586513525,False,True
INV-202822,2026-02-20,3385,35918,1,1.75,13.49,8.99,13.49,8.99,4.5,0.3335804299481097,False,True
INV-202823,2026-02-18,2648,36308,15,15.0,101.25,4.5,6.75,67.5,33.75,0.3333333333333333,False,True
INV-202824,2026-02-20,2633,11788,1,1.75,14.63,9.75,14.63,9.75,4.880000000000001,0.33356117566643884,False,True
INV-202825,2026-06-02,2633,77779,15,5.62,181.5,11.0,12.1,165.0,16.5,0.09090909090909091,False,True
INV-202826,2026-05-09,2501,77779,1,0.38,12.1,11.0,12.1,11.0,1.0999999999999996,0.09090909090909088,False,True
INV-202827,2026-07-02,5102,36308,3,3.0,20.25,4.5,6.75,13.5,6.75,0.3333333333333333,False,True
INV-202828,2026-03-03,4829,43336,2,1.5,24.76,8.25,12.38,16.5,8.260000000000002,0.3336025848142165,False,True
INV-202829,2026-03-17,3385,36308,8,8.0,54.0,4.5,6.75,36.0,18.0,0.3333333333333333,False,True
INV-202830,2026-03-31,4829,26827,1,0.75,18.75,12.5,18.75,12.5,6.25,0.3333333333333333,False,True
INV-202831,2026-06-14,4829,64866,1,0.75,37.49,24.99,37.49,24.99,12.500000000000004,0.3334222459322487,False,True
INV-202832,2026-02-04,2190,43336,1,0.75,12.38,8.25,12.38,8.25,4.130000000000001,0.3336025848142165,False,True
INV-202833,2026-06-20,2501,77779,7,2.62,84.7,11.0,12.1,77.0,7.700000000000003,0.09090909090909094,False,True
INV-202834,2026-04-01,2633,64866,2,1.5,74.98,24.99,37.49,49.98,25.000000000000007,0.3334222459322487,False,True
INV-202835,2026-04-17,4829,26827,3,2.25,56.25,12.5,18.75,37.5,18.75,0.3333333333333333,False,True
INV-202836,2026-03-22,2633,26827,8,6.0,150.0,12.5,18.75,100.0,50.0,0.3333333333333333,False,True
INV-202837,2026-06-24,4829,77779,2,0.75,24.2,11.0,12.1,22.0,2.1999999999999993,0.09090909090909088,False,True
INV-202838,2026-07-15,4829,11788,1,1.75,14.63,9.75,14.63,9.75,4.880000000000001,0.33356117566643884,False,True
INV-202839,2026-02-17,2501,35918,10,17.5,134.9,8.99,13.49,89.9,45.0,0.3335804299481097,False,True
INV-202840,2026-06-29,2190,43336,17,12.75,210.46,8.25,12.38,140.25,70.21000000000001,0.3336025848142165,False,True
INV-202841,2026-07-17,5102,26827,12,9.0,225.0,12.5,18.75,150.0,75.0,0.3333333333333333,False,True
INV-202842,2026-03-18,4829,35918,1,1.75,13.49,8.99,13.49,8.99,4.5,0.3335804299481097,False,True
INV-202843,2026-04-10,2648,43336,3,2.25,37.14,8.25,12.38,24.75,12.39,0.3336025848142165,False,True
INV-202844,2026-07-05,3385,35918,4,7.0,53.96,8.99,13.49,35.96,18.0,0.3335804299481097,False,True
INV-202845,2026-03-27,2190,43336,3,2.25,37.14,8.25,12.38,24.75,12.39,0.3336025848142165,False,True
INV-202846,2026-04-17,4829,35918,3,5.25,40.47,8.99,13.49,26.97,13.5,0.3335804299481097,False,True
INV-202847,2026-07-03,2501,36308,1,1.0,6.75,4.5,6.75,4.5,2.25,0.3333333333333333,False,True
INV-202848,2026-04-29,3385,43336,2,1.5,24.76,8.25,12.38,16.5,8.260000000000002,0.3336025848142165,False,True
INV-202849,2026-07-05,2648,36308,6,6.0,40.5,4.5,6.75,27.0,13.5,0.3333333333333333,False,True
INV-202850,2026-04-22,4829,77779,4,1.5,48.4,11.0,12.1,44.0,4.399999999999999,0.09090909090909088,False,True
INV-202851,2026-07-04,2633,36308,1,1.0,6.75,4.5,6.75,4.5,2.25,0.3333333333333333,False,True
INV-202852,2026-04-04,2648,36308,5,5.0,33.75,4.5,6.75,22.5,11.25,0.3333333333333333,False,True
INV-202853,2026-06-24,2501,36308,2,2.0,13.5,4.5,6.75,9.0,4.5,0.3333333333333333,False,True
INV-202854,2026-03-23,3385,35918,8,14.0,107.92,8.99,13.49,71.92,36.0,0.3335804299481097,False,True
INV-202855,2026-02-01,4829,26827,7,5.25,131.25,12.5,18.75,87.5,43.75,0.3333333333333333,False,True
INV-202856,2026-05-06,2501,64866,2,1.5,74.98,24.99,37.49,49.98,25.000000000000007,0.3334222459322487,False,True
INV-202857,2026-03-28,4829,11788,1,1.75,14.63,9.75,14.63,9.75,4.880000000000001,0.33356117566643884,False,True
INV-202858,2026-06-21,4829,43336,2,1.5,24.76,8.25,12.38,16.5,8.260000000000002,0.3336025848142165,False,True
INV-202859,2026-03-13,2648,26827,1,0.75,18.75,12.5,18.75,12.5,6.25,0.3333333333333333,False,True
INV-202860,2026-07-17,4829,64866,8,6.0,299.92,24.99,37.49,199.92,100.00000000000003,0.3334222459322487,False,True
INV-202861,2026-05-29,2633,19067,2,1.5,53.98,17.99,26.99,35.98,18.0,0.33345683586513525,False,True
INV-202862,2026-04-03,5102,11788,13,22.75,190.19,9.75,14.63,126.75,63.44,0.33356117566643884,False,True
INV-202863,2026-03-13,2501,35918,1,1.75,13.49,8.99,13.49,8.99,4.5,0.3335804299481097,False,True
INV-202864,2026-02-18,2501,64866,2,1.5,74.98,24.99,37.49,49.98,25.000000000000007,0.3334222459322487,False,True
INV-202865,2026-06-06,5102,36308,3,3.0,20.25,4.5,6.75,13.5,6.75,0.3333333333333333,False,True
INV-202866,2026-05-12,2190,36308,17,17.0,114.75,4.5,6.75,76.5,38.25,0.3333333333333333,False,True
INV-202867,2026-02-01,2633,11788,2,3.5,29.26,9.75,14.63,19.5,9.760000000000002,0.33356117566643884,False,True
INV-202868,2026-02-04,2633,26827,1,0.75,18.75,12.5,18.75,12.5,6.25,0.3333333333333333,False,True
INV-202869,2026-03-19,5102,36308,1,1.0,6.75,4.5,6.75,4.5,2.25,0.3333333333333333,False,True
INV-202870,2026-06-10,4829,35918,7,12.25,94.43,8.99,13.49,62.93,31.500000000000007,0.33358042994810977,False,True
INV-202871,2026-04-21,2501,77779,11,4.12,133.1,11.0,12.1,121.0,12.099999999999994,0.09090909090909087,False,True
INV-202872,2026-07-27,2190,64866,3,2.25,112.47,24.99,37.49,74.97,37.5,0.3334222459322486,False,True
INV-202873,2026-04-17,2190,64866,7,5.25,262.43,24.99,37.49,174.92999999999998,87.50000000000003,0.3334222459322487,False,True
INV-202874,2026-04-16,4829,43336,1,0.75,12.38,8.25,12.38,8.25,4.130000000000001,0.3336025848142165,False,True
INV-202875,2026-03-06,2633,64866,1,0.75,37.49,24.99,37.49,24.99,12.500000000000004,0.3334222459322487,False,True
INV-202876,2026-06-27,5102,36308,1,1.0,6.75,4.5,6.75,4.5,2.25,0.3333333333333333,False,True
INV-202877,2026-04-15,3385,35918,9,15.75,121.41,8.99,13.49,80.91,40.5,0.3335804299481097,False,True
INV-202878,2026-07-15,2190,26827,2,1.5,37.5,12.5,18.75,25.0,12.5,0.3333333333333333,False,True
INV-202879,2026-02-15,5102,36308,1,1.0,6.75,4.5,6.75,4.5,2.25,0.3333333333333333,False,True
INV-202880,2026-03-15,4829,36308,1,1.0,6.75,4.5,6.75,4.5,2.25,0.3333333333333333,False,True
INV-202881,2026-03-05,3385,11788,5,8.75,73.15,9.75,14.63,48.75,24.400000000000006,0.3335611756664389,False,True
INV-202882,2026-06-13,2633,77779,31,11.62,375.1,11.0,12.1,341.0,34.10000000000002,0.09090909090909097,False,True
INV-202883,2026-07-12,4829,43336,2,1.5,24.76,8.25,12.38,16.5,8.260000000000002,0.3336025848142165,False,True
INV-202884,2026-07-28,2648,43336,1,0.75,12.38,8.25,12.38,8.25,4.130000000000001,0.3336025848142165,False,True
INV-202885,2026-04-26,2633,19067,1,0.75,26.99,17.99,26.99,17.99,9.0,0.33345683586513525,False,True
INV-202886,2026-02-20,3385,36308,3,3.0,20.25,4.5,6.75,13.5,6.75,0.3333333333333333,False,True
INV-202887,2026-06-06,2648,77779,6,2.25,72.6,11.0,12.1,66.0,6.599999999999994,0.09090909090909084,False,True
INV-202888,2026-03-12,2648,26827,1,0.75,18.75,12.5,18.75,12.5,6.25,0.3333333333333333,False,True
INV-202889,2026-07-08,2648,19067,1,0.75,26.99,17.99,26.99,17.99,9.0,0.33345683586513525,False,True
INV-202890,2026-05-13,2648,19067,2,1.5,53.98,17.99,26.99,35.98,18.0,0.33345683586513525,False,True
INV-202891,2026-06-01,4829,43336,7,5.25,86.66,8.25,12.38,57.75,28.909999999999997,0.33360258481421645,False,True
INV-202892,2026-03-13,2633,77779,5,1.88,60.5,11.0,12.1,55.0,5.5,0.09090909090909091,False,True
INV-202893,2026-04-04,2648,19067,1,0.75,26.99,17.99,26.99,17.99,9.0,0.33345683586513525,False,True
INV-202894,2026-04-29,5102,43336,12,9.0,148.56,8.25,12.38,99.0,49.56,0.3336025848142165,False,True
INV-202895,2026-07-07,2648,77779,2,0.75,24.2,11.0,12.1,22.0,2.1999999999999993,0.09090909090909088,False,True
INV-202896,2026-04-29,2633,26827,2,1.5,37.5,12.5,18.75,25.0,12.5,0.3333333333333333,False,True
INV-202897,2026-05-04,3385,36308,1,1.0,6.75,4.5,6.75,4.5,2.25,0.3333333333333333,False,True
INV-202898,2026-04-15,2190,35918,4,7.0,53.96,8.99,13.49,35.96,18.0,0.3335804299481097,False,True
INV-202899,2026-04-12,2648,64866,13,9.75,487.37,24.99,37.49,324.87,162.5,0.3334222459322486,False,True
INV-202900,2026-05-30,2501,11788,2,3.5,29.26,9.75,14.63,19.5,9.760000000000002,0.33356117566643884,False,True
INV-202901,2026-04-15,2190,35918,2,3.5,26.98,8.99,13.49,17.98,9.0,0.3335804299481097,False,True
INV-202902,2026-06-26,3385,77779,6,2.25,72.6,11.0,12.1,66.0,6.599999999999994,0.09090909090909084,False,True
INV-202903,2026-02-15,2648,19067,3,2.25,80.97,17.99,26.99,53.97,27.0,0.33345683586513525,False,True
INV-202904,2026-04-11,5102,19067,3,2.25,80.97,17.99,26.99,53.97,27.0,0.33345683586513525,False,True
INV-202905,2026-02-15,5102,36308,6,6.0,40.5,4.5,6.75,27.0,13.5,0.3333333333333333,False,True
INV-202906,2026-07-18,4829,77779,2,0.75,24.2,11.0,12.1,22.0,2.1999999999999993,0.09090909090909088,False,True
INV-202907,2026-03-27,5102,19067,1,0.75,26.99,17.99,26.99,17.99,9.0,0.33345683586513525,False,True
INV-202908,2026-05-13,5102,64866,5,3.75,187.45,24.99,37.49,124.94999999999999,62.5,0.3334222459322486,False,True
INV-202909,2026-04-09,2501,36308,1,1.0,6.75,4.5,6.75,4.5,2.25,0.3333333333333333,False,True
INV-202910,2026-01-31,2190,64866,2,1.5,74.98,24.99,37.49,49.98,25.000000000000007,0.3334222459322487,False,True
INV-202911,2026-03-22,4829,35918,1,1.75,13.49,8.99,13.49,8.99,4.5,0.3335804299481097,False,True
INV-202912,2026-05-28,3385,11788,10,17.5,146.3,9.75,14.63,97.5,48.80000000000001,0.3335611756664389,False,True
INV-202913,2026-05-02,2501,35918,1,1.75,13.49,8.99,13.49,8.99,4.5,0.3335804299481097,False,True
INV-202914,2026-06-06,2190,64866,1,0.75,37.49,24.99,37.49,24.99,12.500000000000004,0.3334222459322487,False,True
INV-202915,2026-04-06,3385,64866,2,1.5,74.98,24.99,37.49,49.98,25.000000000000007,0.3334222459322487,False,True
INV-202916,2026-03-26,3385,43336,15,11.25,185.7,8.25,12.38,123.75,61.94999999999999,0.33360258481421645,False,True
INV-202917,2026-03-22,2648,64866,1,0.75,37.49,24.99,37.49,24.99,12.500000000000004,0.3334222459322487,False,True
INV-202918,2026-06-14,2190,43336,44,33.0,544.72,8.25,12.38,363.0,181.72000000000003,0.3336025848142165,False,True
INV-202919,2026-05-13,2648,77779,1,0.38,12.1,,12.1,,,,False,False
INV-202920,2026-07-24,3385,43336,2,1.5,24.76,8.25,12.38,16.5,8.260000000000002,0.3336025848142165,False,True
INV-202921,2026-05-12,2501,35918,1,1.75,13.49,8.99,13.49,8.99,4.5,0.3335804299481097,False,True
INV-202922,2026-07-10,4829,26827,1,0.75,18.75,12.5,18.75,12.5,6.25,0.3333333333333333,False,True
INV-202923,2026-01-31,4829,11788,2,3.5,29.26,9.75,14.63,19.5,9.760000000000002,0.33356117566643884,False,True
INV-202924,2026-07-24,4829,26827,5,3.75,93.75,12.5,18.75,62.5,31.25,0.3333333333333333,False,True
INV-202925,2026-02-21,2648,64866,3,2.25,112.47,24.99,37.49,74.97,37.5,0.3334222459322486,False,True
INV-202926,2026-06-09,5102,26827,3,2.25,56.25,12.5,18.75,37.5,18.75,0.3333333333333333,False,True
INV-202927,2026-02-08,3385,35918,1,1.75,13.49,8.99,13.49,8.99,4.5,0.3335804299481097,False,True
INV-202928,2026-07-02,3385,64866,14,10.5,524.86,24.99,37.49,349.85999999999996,175.00000000000006,0.3334222459322487,False,True
INV-202929,2026-07-20,4829,64866,1,0.75,37.49,24.99,37.49,24.99,12.500000000000004,0.3334222459322487,False,True
INV-202930,2026-05-17,2633,35918,4,7.0,53.96,8.99,13.49,35.96,18.0,0.3335804299481097,False,True
INV-202931,2026-07-12,2633,26827,1,0.75,18.75,12.5,18.75,12.5,6.25,0.3333333333333333,False,True
INV-202932,2026-03-16,2501,64866,1,0.75,37.49,24.99,37.49,24.99,12.500000000000004,0.3334222459322487,False,True
INV-202933,2026-04-27,3385,11788,1,1.75,14.63,9.75,14.63,9.75,4.880000000000001,0.33356117566643884,False,True
INV-202934,2026-02-17,4829,43336,2,1.5,24.76,8.25,12.38,16.5,8.260000000000002,0.3336025848142165,False,True
INV-202935,2026-07-09,2633,19067,6,4.5,161.94,17.99,26.99,107.94,54.0,0.33345683586513525,False,True
INV-202936,2026-03-10,3385,26827,5,3.75,93.75,12.5,18.75,62.5,31.25,0.3333333333333333,False,True
INV-202937,2026-04-20,2648,64866,4,3.0,149.96,,37.49,,,,False,False
INV-202938,2026-07-20,4829,77779,2,0.75,24.2,11.0,12.1,22.0,2.1999999999999993,0.09090909090909088,False,True
INV-202939,2026-02-14,4829,11788,3,5.25,43.89,9.75,14.63,29.25,14.64,0.33356117566643884,False,True
INV-202940,2026-02-19,5102,11788,1,1.75,14.63,9.75,14.63,9.75,4.880000000000001,0.33356117566643884,False,True
INV-202941,2026-02-20,3385,26827,3,2.25,56.25,12.5,18.75,37.5,18.75,0.3333333333333333,False,True
INV-202942,2026-06-13,2648,64866,3,2.25,112.47,24.99,37.49,74.97,37.5,0.3334222459322486,False,True
INV-202943,2026-04-20,2501,11788,2,3.5,29.26,9.75,14.63,19.5,9.760000000000002,0.33356117566643884,False,True
INV-202944,2026-02-20,2501,64866,1,0.75,37.49,24.99,37.49,24.99,12.500000000000004,0.3334222459322487,False,True
INV-202945,2026-05-18,2190,19067,5,3.75,134.95,17.99,26.99,89.94999999999999,45.0,0.33345683586513525,False,True
INV-202946,2026-03-22,5102,77779,1,0.38,12.1,11.0,12.1,11.0,1.0999999999999996,0.09090909090909088,False,True
INV-202947,2026-02-25,2501,64866,1,0.75,37.49,24.99,37.49,24.99,12.500000000000004,0.3334222459322487,False,True
INV-202948,2026-05-13,2648,36308,2,2.0,13.5,4.5,6.75,9.0,4.5,0.3333333333333333,False,True
INV-202949,2026-06-27,2648,77779,2,0.75,24.2,11.0,12.1,22.0,2.1999999999999993,0.09090909090909088,False,True
INV-202950,2026-02-15,2190,35918,6,10.5,80.94,8.99,13.49,53.94,27.0,0.3335804299481097,False,True
INV-202951,2026-06-10,2648,64866,3,2.25,112.47,24.99,37.49,74.97,37.5,0.3334222459322486,False,True
INV-202952,2026-03-14,4829,64866,4,3.0,149.96,24.99,37.49,99.96,50.000000000000014,0.3334222459322487,False,True
INV-202953,2026-01-30,2633,43336,5,3.75,61.9,8.25,12.38,41.25,20.65,0.33360258481421645,False,True
INV-202954,2026-05-11,2190,11788,3,5.25,43.89,9.75,14.63,29.25,14.64,0.33356117566643884,False,True
INV-202955,2026-04-19,2501,64866,1,0.75,37.49,24.99,37.49,24.99,12.500000000000004,0.3334222459322487,False,True
INV-202956,2026-05-12,2633,77779,1,0.38,12.1,11.0,12.1,11.0,1.0999999999999996,0.09090909090909088,False,True
INV-202957,2026-06-09,2633,35918,2,3.5,26.98,8.99,13.49,17.98,9.0,0.3335804299481097,False,True
INV-202958,2026-03-12,2648,64866,3,2.25,112.47,24.99,37.49,74.97,37.5,0.3334222459322486,False,True
INV-202959,2026-04-12,2190,43336,1,0.75,12.38,8.25,12.38,8.25,4.130000000000001,0.3336025848142165,False,True
INV-202960,2026-07-24,2190,19067,8,6.0,215.92,17.99,26.99,143.92,72.0,0.33345683586513525,False,True
INV-202961,2026-06-17,3385,26827,1,0.75,18.75,12.5,18.75,12.5,6.25,0.3333333333333333,False,True
INV-202962,2026-04-15,2648,77779,13,4.88,157.3,11.0,12.1,143.0,14.300000000000011,0.09090909090909098,False,True
INV-202963,2026-07-12,2633,19067,5,3.75,134.95,17.99,26.99,89.94999999999999,45.0,0.33345683586513525,False,True
INV-202964,2026-06-09,2190,35918,4,7.0,53.96,8.99,13.49,35.96,18.0,0.3335804299481097,False,True
INV-202965,2026-04-07,2501,77779,4,1.5,48.4,11.0,12.1,44.0,4.399999999999999,0.09090909090909088,False,True
INV-202966,2026-06-13,2190,43336,4,3.0,49.52,8.25,12.38,33.0,16.520000000000003,0.3336025848142165,False,True
INV-202967,2026-03-27,2190,64866,11,8.25,412.39,24.99,37.49,274.89,137.5,0.3334222459322486,False,True
INV-202968,2026-07-07,2633,36308,4,4.0,27.0,,6.75,,,,False,False
INV-202969,2026-07-06,2633,77779,4,1.5,48.4,11.0,12.1,44.0,4.399999999999999,0.09090909090909088,False,True
INV-202970,2026-04-01,5102,35918,3,5.25,40.47,8.99,13.49,26.97,13.5,0.3335804299481097,False,True
INV-202971,2026-04-17,2633,77779,3,1.12,36.3,11.0,12.1,33.0,3.299999999999997,0.09090909090909084,False,True
INV-202972,2026-05-16,2190,19067,1,0.75,26.99,17.99,26.99,17.99,9.0,0.33345683586513525,False,True
INV-202973,2026-05-29,3385,77779,2,0.75,24.2,11.0,12.1,22.0,2.1999999999999993,0.09090909090909088,False,True
INV-202974,2026-05-31,2190,36308,1,1.0,6.75,4.5,6.75,4.5,2.25,0.3333333333333333,False,True
INV-202975,2026-04-28,4829,77779,5,1.88,60.5,11.0,12.1,55.0,5.5,0.09090909090909091,False,True
INV-202976,2026-04-28,2190,19067,2,1.5,53.98,17.99,26.99,35.98,18.0,0.33345683586513525,False,True
INV-202977,2026-06-15,2633,19067,1,0.75,26.99,17.99,26.99,17.99,9.0,0.33345683586513525,False,True
INV-202978,2026-03-07,2190,26827,3,2.25,56.25,12.5,18.75,37.5,18.75,0.3333333333333333,False,True
INV-202979,2026-05-21,2190,11788,3,5.25,43.89,9.75,14.63,29.25,14.64,0.33356117566643884,False,True
INV-202980,2026-02-26,2633,77779,3,1.12,36.3,11.0,12.1,33.0,3.299999999999997,0.09090909090909084,False,True
INV-202981,2026-05-10,2648,35918,8,14.0,107.92,8.99,13.49,71.92,36.0,0.3335804299481097,False,True
INV-202982,2026-03-21,4829,36308,5,5.0,33.75,4.5,6.75,22.5,11.25,0.3333333333333333,False,True
INV-202983,2026-06-03,3385,36308,3,3.0,20.25,4.5,6.75,13.5,6.75,0.3333333333333333,False,True
INV-202984,2026-02-26,3385,35918,2,3.5,26.98,8.99,13.49,17.98,9.0,0.3335804299481097,False,True
INV-202985,2026-05-09,3385,26827,1,0.75,18.75,12.5,18.75,12.5,6.25,0.3333333333333333,False,True
INV-202986,2026-05-13,2648,35918,11,19.25,148.39,8.99,13.49,98.89,49.499999999999986,0.33358042994810966,False,True
INV-202987,2026-03-13,2633,43336,1,0.75,12.38,8.25,12.38,8.25,4.130000000000001,0.3336025848142165,False,True
INV-202988,2026-05-18,3385,26827,1,0.75,18.75,12.5,18.75,12.5,6.25,0.3333333333333333,False,True
INV-202989,2026-02-14,3385,64866,5,3.75,187.45,24.99,37.49,124.94999999999999,62.5,0.3334222459322486,False,True
INV-202990,2026-06-07,2190,19067,1,0.75,26.99,17.99,26.99,17.99,9.0,0.33345683586513525,False,True
INV-202991,2026-05-07,3385,36308,1,1.0,6.75,4.5,6.75,4.5,2.25,0.3333333333333333,False,True
INV-202992,2026-03-20,2190,11788,1,1.75,14.63,9.75,14.63,9.75,4.880000000000001,0.33356117566643884,False,True
INV-202993,2026-07-24,3385,64866,1,0.75,37.49,24.99,37.49,24.99,12.500000000000004,0.3334222459322487,False,True
INV-202994,2026-07-27,3385,26827,3,2.25,56.25,,18.75,,,,False,False
INV-202995,2026-02-13,3385,43336,1,0.75,12.38,8.25,12.38,8.25,4.130000000000001,0.3336025848142165,False,True
INV-202996,2026-05-31,2501,11788,2,3.5,29.26,9.75,14.63,19.5,9.760000000000002,0.33356117566643884,False,True
INV-202997,2026-03-04,2501,77779,8,3.0,96.8,11.0,12.1,88.0,8.799999999999997,0.09090909090909088,False,True
INV-202998,2026-05-05,2190,77779,5,1.88,60.5,11.0,12.1,55.0,5.5,0.09090909090909091,False,True
INV-202999,2026-07-17,2190,35918,1,1.75,13.49,8.99,13.49,8.99,4.5,0.3335804299481097,False,True
INV-203000,2026-05-31,5102,77779,10,3.75,121.0,11.0,12.1,110.0,11.0,0.09090909090909091,False,True
INV-203001,2026-06-09,2648,36308,9,9.0,60.75,4.5,6.75,40.5,20.25,0.3333333333333333,False,True
INV-203002,2026-05-01,2190,64866,4,3.0,149.96,24.99,37.49,99.96,50.000000000000014,0.3334222459322487,False,True
INV-203003,2026-02-23,2501,43336,4,3.0,49.52,8.25,12.38,33.0,16.520000000000003,0.3336025848142165,False,True
INV-203004,2026-02-14,5102,77779,3,1.12,36.3,11.0,12.1,33.0,3.299999999999997,0.09090909090909084,False,True
INV-203005,2026-03-24,2501,35918,2,3.5,26.98,8.99,13.49,17.98,9.0,0.3335804299481097,False,True
INV-203006,2026-06-15,5102,64866,1,0.75,37.49,24.99,37.49,24.99,12.500000000000004,0.3334222459322487,False,True
INV-203007,2026-05-17,3385,77779,3,1.12,36.3,11.0,12.1,33.0,3.299999999999997,0.09090909090909084,False,True
INV-203008,2026-05-07,2648,19067,1,0.75,26.99,17.99,26.99,17.99,9.0,0.33345683586513525,False,True
INV-203009,2026-03-06,2648,64866,3,2.25,112.47,24.99,37.49,74.97,37.5,0.3334222459322486,False,True
INV-203010,2026-07-06,2633,19067,1,0.75,26.99,17.99,26.99,17.99,9.0,0.33345683586513525,False,True
INV-203011,2026-04-19,2190,77779,1,0.38,12.1,11.0,12.1,11.0,1.0999999999999996,0.09090909090909088,False,True
INV-203012,2026-05-31,2190,35918,2,3.5,26.98,8.99,13.49,17.98,9.0,0.3335804299481097,False,True
INV-203013,2026-03-19,2501,43336,1,0.75,12.38,8.25,12.38,8.25,4.130000000000001,0.3336025848142165,False,True
INV-203014,2026-04-15,5102,19067,1,0.75,26.99,17.99,26.99,17.99,9.0,0.33345683586513525,False,True
INV-203015,2026-05-16,4829,35918,4,7.0,53.96,8.99,13.49,35.96,18.0,0.3335804299481097,False,True
INV-203016,2026-02-19,5102,43336,2,1.5,24.76,8.25,12.38,16.5,8.260000000000002,0.3336025848142165,False,True
INV-203017,2026-07-20,3385,36308,3,3.0,20.25,4.5,6.75,13.5,6.75,0.3333333333333333,False,True
INV-203018,2026-03-11,2190,36308,1,1.0,6.75,4.5,6.75,4.5,2.25,0.3333333333333333,False,True
INV-203019,2026-01-31,2501,26827,1,0.75,18.75,12.5,18.75,12.5,6.25,0.3333333333333333,False,True
INV-203020,2026-07-14,5102,11788,8,14.0,117.04,9.75,14.63,78.0,39.040000000000006,0.33356117566643884,False,True
INV-203021,2026-07-23,3385,11788,1,1.75,14.63,9.75,14.63,9.75,4.880000000000001,0.33356117566643884,False,True
INV-203022,2026-04-05,2648,26827,3,2.25,56.25,12.5,18.75,37.5,18.75,0.3333333333333333,False,True
INV-203023,2026-06-07,2633,35918,2,3.5,26.98,8.99,13.49,17.98,9.0,0.3335804299481097,False,True
INV-203024,2026-06-20,5102,43336,1,0.75,12.38,8.25,12.38,8.25,4.130000000000001,0.3336025848142165,False,True
INV-203025,2026-02-09,3385,26827,1,0.75,18.75,12.5,18.75,12.5,6.25,0.3333333333333333,False,True
INV-203026,2026-07-13,5102,64866,4,3.0,149.96,24.99,37.49,99.96,50.000000000000014,0.3334222459322487,False,True
INV-203027,2026-05-07,3385,19067,2,1.5,53.98,17.99,26.99,35.98,18.0,0.33345683586513525,False,True
INV-203028,2026-07-24,5102,64866,92,69.0,3449.08,24.99,37.49,2299.08,1150.0,0.3334222459322486,False,True
INV-203029,2026-04-02,3385,43336,2,1.5,24.76,8.25,12.38,16.5,8.260000000000002,0.3336025848142165,False,True
INV-203030,2026-05-28,2633,36308,1,1.0,6.75,4.5,6.75,4.5,2.25,0.3333333333333333,False,True
INV-203031,2026-07-26,2648,35918,1,1.75,13.49,8.99,13.49,8.99,4.5,0.3335804299481097,False,True
INV-203032,2026-02-10,2501,35918,1,1.75,13.49,8.99,13.49,8.99,4.5,0.3335804299481097,False,True
INV-203033,2026-07-12,4829,35918,1,1.75,13.49,8.99,13.49,8.99,4.5,0.3335804299481097,False,True
INV-203034,2026-06-24,4829,43336,1,0.75,12.38,8.25,12.38,8.25,4.130000000000001,0.3336025848142165,False,True
INV-203035,2026-06-24,2633,77779,4,1.5,48.4,11.0,12.1,44.0,4.399999999999999,0.09090909090909088,False,True
INV-203036,2026-03-23,2190,43336,4,3.0,49.52,8.25,12.38,33.0,16.520000000000003,0.3336025848142165,False,True
INV-203037,2026-04-22,4829,64866,2,1.5,74.98,24.99,37.49,49.98,25.000000000000007,0.3334222459322487,False,True
INV-203038,2026-04-15,2648,26827,3,2.25,56.25,12.5,18.75,37.5,18.75,0.3333333333333333,False,True
INV-203039,2026-03-22,3385,11788,5,8.75,73.15,9.75,14.63,48.75,24.400000000000006,0.3335611756664389,False,True
INV-203040,2026-07-23,2190,11788,3,5.25,43.89,9.75,14.63,29.25,14.64,0.33356117566643884,False,True
INV-203041,2026-02-27,2648,43336,4,3.0,49.52,8.25,12.38,33.0,16.520000000000003,0.3336025848142165,False,True
INV-203042,2026-02-03,5102,19067,3,2.25,80.97,17.99,26.99,53.97,27.0,0.33345683586513525,False,True
INV-203043,2026-02-28,3385,11788,3,5.25,43.89,9.75,14.63,29.25,14.64,0.33356117566643884,False,True
INV-203044,2026-06-16,2633,43336,1,0.75,12.38,8.25,12.38,8.25,4.130000000000001,0.3336025848142165,False,True
INV-203045,2026-07-16,2633,26827,4,3.0,75.0,12.5,18.75,50.0,25.0,0.3333333333333333,False,True
INV-203046,2026-06-26,5102,43336,23,17.25,284.74,8.25,12.38,189.75,94.99000000000001,0.3336025848142165,False,True
INV-203047,2026-02-26,5102,19067,6,4.5,161.94,17.99,26.99,107.94,54.0,0.33345683586513525,False,True
INV-203048,2026-05-16,3385,26827,1,0.75,18.75,12.5,18.75,12.5,6.25,0.3333333333333333,False,True
INV-203049,2026-05-21,2633,43336,2,1.5,24.76,8.25,12.38,16.5,8.260000000000002,0.3336025848142165,False,True
INV-203050,2026-03-09,2190,19067,1,0.75,26.99,17.99,26.99,17.99,9.0,0.33345683586513525,False,True
INV-203051,2026-07-05,5102,26827,6,4.5,112.5,12.5,18.75,75.0,37.5,0.3333333333333333,False,True
INV-203052,2026-03-07,2501,77779,9,3.38,108.9,11.0,12.1,99.0,9.900000000000006,0.09090909090909095,False,True
INV-203053,2026-06-01,4829,11788,6,10.5,87.78,9.75,14.63,58.5,29.28,0.33356117566643884,False,True
INV-203054,2026-03-27,2648,36308,1,1.0,6.75,4.5,6.75,4.5,2.25,0.3333333333333333,False,True
INV-203055,2026-02-28,2633,43336,1,0.75,12.38,8.25,12.38,8.25,4.130000000000001,0.3336025848142165,False,True
INV-203056,2026-02-16,5102,43336,1,0.75,12.38,8.25,12.38,8.25,4.130000000000001,0.3336025848142165,False,True
INV-203057,2026-02-27,3385,26827,6,4.5,112.5,12.5,18.75,75.0,37.5,0.3333333333333333,False,True
INV-203058,2026-06-04,3385,77779,6,2.25,72.6,11.0,12.1,66.0,6.599999999999994,0.09090909090909084,False,True
INV-203059,2026-07-11,2501,26827,2,1.5,37.5,12.5,18.75,25.0,12.5,0.3333333333333333,False,True
INV-203060,2026-07-06,3385,35918,1,1.75,13.49,8.99,13.49,8.99,4.5,0.3335804299481097,False,True
INV-203061,2026-07-02,2633,64866,6,4.5,224.94,24.99,37.49,149.94,75.0,0.3334222459322486,False,True
INV-203062,2026-03-30,3385,64866,2,1.5,74.98,24.99,37.49,49.98,25.000000000000007,0.3334222459322487,False,True
INV-203063,2026-06-15,2190,35918,3,5.25,40.47,8.99,13.49,26.97,13.5,0.3335804299481097,False,True
INV-203064,2026-03-25,2633,19067,12,9.0,323.88,17.99,26.99,215.88,108.0,0.33345683586513525,False,True
INV-203065,2026-06-04,4829,64866,2,1.5,74.98,24.99,37.49,49.98,25.000000000000007,0.3334222459322487,False,True
INV-203066,2026-06-11,3385,11788,10,17.5,146.3,9.75,14.63,97.5,48.80000000000001,0.3335611756664389,False,True
INV-203067,2026-06-04,2501,19067,2,1.5,53.98,17.99,26.99,35.98,18.0,0.33345683586513525,False,True
INV-203068,2026-07-18,2190,19067,5,3.75,134.95,17.99,26.99,89.94999999999999,45.0,0.33345683586513525,False,True
INV-203069,2026-05-04,2633,64866,1,0.75,37.49,24.99,37.49,24.99,12.500000000000004,0.3334222459322487,False,True
INV-203070,2026-05-21,2501,77779,1,0.38,12.1,11.0,12.1,11.0,1.0999999999999996,0.09090909090909088,False,True
INV-203071,2026-04-02,2190,43336,3,2.25,37.14,8.25,12.38,24.75,12.39,0.3336025848142165,False,True
INV-203072,2026-02-21,3385,19067,1,0.75,26.99,17.99,26.99,17.99,9.0,0.33345683586513525,False,True
INV-203073,2026-06-26,2190,26827,6,4.5,112.5,12.5,18.75,75.0,37.5,0.3333333333333333,False,True
INV-203074,2026-07-26,2648,26827,1,0.75,18.75,12.5,18.75,12.5,6.25,0.3333333333333333,False,True
INV-203075,2026-07-20,2648,64866,12,9.0,449.88,24.99,37.49,299.88,150.0,0.3334222459322486,False,True
INV-203076,2026-07-01,2633,36308,1,1.0,6.75,4.5,6.75,4.5,2.25,0.3333333333333333,False,True
INV-203077,2026-07-07,2648,77779,2,0.75,24.2,11.0,12.1,22.0,2.1999999999999993,0.09090909090909088,False,True
INV-203078,2026-05-23,2501,36308,3,3.0,20.25,4.5,6.75,13.5,6.75,0.3333333333333333,False,True
INV-203079,2026-07-24,2633,64866,2,1.5,74.98,24.99,37.49,49.98,25.000000000000007,0.3334222459322487,False,True
INV-203080,2026-02-08,2633,35918,1,1.75,13.49,8.99,13.49,8.99,4.5,0.3335804299481097,False,True
INV-203081,2026-04-16,2501,43336,8,6.0,99.04,8.25,12.38,66.0,33.040000000000006,0.3336025848142165,False,True
INV-203082,2026-06-14,5102,26827,6,4.5,112.5,12.5,18.75,75.0,37.5,0.3333333333333333,False,True
INV-203083,2026-06-06,2633,64866,14,10.5,524.86,24.99,37.49,349.85999999999996,175.00000000000006,0.3334222459322487,False,True
INV-203084,2026-04-18,2648,35918,6,10.5,80.94,8.99,13.49,53.94,27.0,0.3335804299481097,False,True
INV-203085,2026-06-24,2501,11788,6,10.5,87.78,9.75,14.63,58.5,29.28,0.33356117566643884,False,True
INV-203086,2026-03-04,2648,19067,1,0.75,26.99,17.99,26.99,17.99,9.0,0.33345683586513525,False,True
INV-203087,2026-04-10,2501,36308,3,3.0,20.25,4.5,6.75,13.5,6.75,0.3333333333333333,False,True
INV-203088,2026-07-13,4829,36308,1,1.0,6.75,4.5,6.75,4.5,2.25,0.3333333333333333,False,True
INV-203089,2026-05-05,2648,64866,1,0.75,37.49,24.99,37.49,24.99,12.500000000000004,0.3334222459322487,False,True
INV-203090,2026-02-09,2648,77779,9,3.38,108.9,11.0,12.1,99.0,9.900000000000006,0.09090909090909095,False,True
INV-203091,2026-03-27,3385,43336,5,3.75,61.9,8.25,12.38,41.25,20.65,0.33360258481421645,False,True
INV-203092,2026-07-27,2501,64866,3,2.25,112.47,24.99,37.49,74.97,37.5,0.3334222459322486,False,True
INV-203093,2026-03-02,2633,35918,2,3.5,26.98,8.99,13.49,17.98,9.0,0.3335804299481097,False,True
INV-203094,2026-04-17,4829,36308,4,4.0,27.0,4.5,6.75,18.0,9.0,0.3333333333333333,False,True
INV-203095,2026-05-05,3385,11788,8,14.0,117.04,9.75,14.63,78.0,39.040000000000006,0.33356117566643884,False,True
INV-203096,2026-07-01,3385,11788,2,3.5,29.26,9.75,14.63,19.5,9.760000000000002,0.33356117566643884,False,True
INV-203097,2026-04-08,3385,36308,3,3.0,20.25,4.5,6.75,13.5,6.75,0.3333333333333333,False,True
INV-203098,2026-03-08,5102,19067,1,0.75,26.99,17.99,26.99,17.99,9.0,0.33345683586513525,False,True
INV-203099,2026-03-07,3385,26827,7,5.25,131.25,12.5,18.75,87.5,43.75,0.3333333333333333,False,True
INV-203100,2026-05-05,2648,35918,1,1.75,13.49,8.99,13.49,8.99,4.5,0.3335804299481097,False,True
INV-203101,2026-06-08,3385,36308,2,2.0,13.5,4.5,6.75,9.0,4.5,0.3333333333333333,False,True
INV-203102,2026-06-30,3385,26827,4,3.0,75.0,12.5,18.75,50.0,25.0,0.3333333333333333,False,True
INV-203103,2026-05-20,2648,26827,16,12.0,300.0,12.5,18.75,200.0,100.0,0.3333333333333333,False,True
INV-203104,2026-03-27,2633,36308,2,2.0,13.5,4.5,6.75,9.0,4.5,0.3333333333333333,False,True
INV-203105,2026-05-22,4829,36308,1,1.0,6.75,4.5,6.75,4.5,2.25,0.3333333333333333,False,True
INV-203106,2026-07-26,2648,77779,1,0.38,12.1,11.0,12.1,11.0,1.0999999999999996,0.09090909090909088,False,True
INV-203107,2026-02-13,2501,77779,2,0.75,24.2,11.0,12.1,22.0,2.1999999999999993,0.09090909090909088,False,True
INV-203108,2026-03-10,2648,36308,1,1.0,6.75,4.5,6.75,4.5,2.25,0.3333333333333333,False,True
INV-203109,2026-05-14,3385,19067,2,1.5,53.98,17.99,26.99,35.98,18.0,0.33345683586513525,False,True
INV-203110,2026-05-17,5102,26827,32,24.0,600.0,12.5,18.75,400.0,200.0,0.3333333333333333,False,True
INV-203111,2026-03-30,5102,77779,1,0.38,12.1,11.0,12.1,11.0,1.0999999999999996,0.09090909090909088,False,True
INV-203112,2026-06-13,2190,36308,9,9.0,60.75,4.5,6.75,40.5,20.25,0.3333333333333333,False,True
INV-203113,2026-02-19,4829,26827,36,27.0,675.0,12.5,18.75,450.0,225.0,0.3333333333333333,False,True
INV-203114,2026-07-11,2633,11788,4,7.0,58.52,9.75,14.63,39.0,19.520000000000003,0.33356117566643884,False,True
INV-203115,2026-06-01,2633,77779,7,2.62,84.7,11.0,12.1,77.0,7.700000000000003,0.09090909090909094,False,True
INV-203116,2026-05-22,2633,35918,3,5.25,40.47,8.99,13.49,26.97,13.5,0.3335804299481097,False,True
INV-203117,2026-07-21,2648,11788,7,12.25,102.41,9.75,14.63,68.25,34.16,0.3335611756664388,False,True
INV-203118,2026-07-27,2501,11788,1,1.75,14.63,9.75,14.63,9.75,4.880000000000001,0.33356117566643884,False,True
INV-203119,2026-07-03,5102,26827,1,0.75,18.75,12.5,18.75,12.5,6.25,0.3333333333333333,False,True
INV-203120,2026-05-27,2648,36308,2,2.0,13.5,4.5,6.75,9.0,4.5,0.3333333333333333,False,True
INV-203121,2026-07-17,2648,36308,17,17.0,114.75,4.5,6.75,76.5,38.25,0.3333333333333333,False,True
INV-203122,2026-06-11,2648,36308,6,6.0,40.5,4.5,6.75,27.0,13.5,0.3333333333333333,False,True
INV-203123,2026-05-05,3385,19067,4,3.0,107.96,17.99,26.99,71.96,36.0,0.33345683586513525,False,True
INV-203124,2026-06-15,3385,77779,3,1.12,36.3,11.0,12.1,33.0,3.299999999999997,0.09090909090909084,False,True
INV-203125,2026-02-06,2648,36308,1,1.0,6.75,4.5,6.75,4.5,2.25,0.3333333333333333,False,True
INV-203126,2026-06-02,2501,36308,10,10.0,67.5,4.5,6.75,45.0,22.5,0.3333333333333333,False,True
INV-203127,2026-04-01,4829,19067,4,3.0,107.96,17.99,26.99,71.96,36.0,0.33345683586513525,False,True
INV-203128,2026-04-15,2190,36308,6,6.0,40.5,4.5,6.75,27.0,13.5,0.3333333333333333,False,True
INV-203129,2026-06-19,4829,77779,4,1.5,48.4,11.0,12.1,44.0,4.399999999999999,0.09090909090909088,False,True
INV-203130,2026-02-25,2501,35918,2,3.5,26.98,8.99,13.49,17.98,9.0,0.3335804299481097,False,True
INV-203131,2026-02-18,2190,64866,3,2.25,112.47,24.99,37.49,74.97,37.5,0.3334222459322486,False,True
INV-203132,2026-02-10,2190,11788,4,7.0,58.52,9.75,14.63,39.0,19.520000000000003,0.33356117566643884,False,True
INV-203133,2026-07-12,4829,19067,5,3.75,134.95,17.99,26.99,89.94999999999999,45.0,0.33345683586513525,False,True
INV-203134,2026-07-16,4829,43336,7,5.25,86.66,8.25,12.38,57.75,28.909999999999997,0.33360258481421645,False,True
INV-203135,2026-06-14,4829,35918,1,1.75,13.49,8.99,13.49,8.99,4.5,0.3335804299481097,False,True
INV-203136,2026-07-21,2190,64866,1,0.75,37.49,24.99,37.49,24.99,12.500000000000004,0.3334222459322487,False,True
INV-203137,2026-07-14,2648,77779,3,1.12,36.3,11.0,12.1,33.0,3.299999999999997,0.09090909090909084,False,True
INV-203138,2026-03-30,2648,77779,3,1.12,36.3,11.0,12.1,33.0,3.299999999999997,0.09090909090909084,False,True
INV-203139,2026-02-10,2648,11788,12,21.0,175.56,9.75,14.63,117.0,58.56,0.33356117566643884,False,True
INV-203140,2026-07-07,3385,35918,2,3.5,26.98,8.99,13.49,17.98,9.0,0.3335804299481097,False,True
INV-203141,2026-02-11,2501,26827,-4,-3.0,-75.0,12.5,18.75,-50.0,-25.0,0.3333333333333333,True,True
INV-203142,2026-04-15,4829,11788,3,5.25,43.89,9.75,14.63,29.25,14.64,0.33356117566643884,False,True
INV-203143,2026-04-13,2501,26827,5,3.75,93.75,12.5,18.75,62.5,31.25,0.3333333333333333,False,True
INV-203144,2026-05-20,2648,43336,4,3.0,49.52,8.25,12.38,33.0,16.520000000000003,0.3336025848142165,False,True
INV-203145,2026-07-14,4829,36308,29,29.0,195.75,4.5,6.75,130.5,65.25,0.3333333333333333,False,True
INV-203146,2026-05-29,3385,77779,6,2.25,72.6,11.0,12.1,66.0,6.599999999999994,0.09090909090909084,False,True
INV-203147,2026-05-15,5102,26827,3,2.25,56.25,12.5,18.75,37.5,18.75,0.3333333333333333,False,True
INV-203148,2026-04-20,2648,77779,1,0.38,12.1,11.0,12.1,11.0,1.0999999999999996,0.09090909090909088,False,True
INV-203149,2026-07-23,4829,11788,1,1.75,14.63,9.75,14.63,9.75,4.880000000000001,0.33356117566643884,False,True
INV-203150,2026-07-04,2190,77779,1,0.38,12.1,11.0,12.1,11.0,1.0999999999999996,0.09090909090909088,False,True
INV-203151,2026-07-11,2648,36308,3,3.0,20.25,4.5,6.75,13.5,6.75,0.3333333333333333,False,True
INV-203152,2026-02-09,2501,11788,1,1.75,14.63,9.75,14.63,9.75,4.880000000000001,0.33356117566643884,False,True
INV-203153,2026-05-24,3385,35918,1,1.75,13.49,8.99,13.49,8.99,4.5,0.3335804299481097,False,True
INV-203154,2026-01-31,2633,35918,6,10.5,80.94,8.99,13.49,53.94,27.0,0.3335804299481097,False,True
INV-203155,2026-06-14,2190,77779,12,4.5,145.2,11.0,12.1,132.0,13.199999999999989,0.09090909090909084,False,True
INV-203156,2026-05-18,4829,36308,5,5.0,33.75,4.5,6.75,22.5,11.25,0.3333333333333333,False,True
INV-203157,2026-04-29,2190,64866,1,0.75,37.49,24.99,37.49,24.99,12.500000000000004,0.3334222459322487,False,True
INV-203158,2026-04-04,4829,26827,1,0.75,18.75,12.5,18.75,12.5,6.25,0.3333333333333333,False,True
INV-203159,2026-05-18,2501,19067,5,3.75,134.95,17.99,26.99,89.94999999999999,45.0,0.33345683586513525,False,True
INV-203160,2026-07-21,4829,77779,3,1.12,36.3,11.0,12.1,33.0,3.299999999999997,0.09090909090909084,False,True
INV-203161,2026-07-08,2633,35918,5,8.75,67.45,8.99,13.49,44.95,22.5,0.3335804299481097,False,True
INV-203162,2026-03-10,3385,19067,5,3.75,134.95,17.99,26.99,89.94999999999999,45.0,0.33345683586513525,False,True
INV-203163,2026-05-30,2501,77779,6,2.25,72.6,11.0,12.1,66.0,6.599999999999994,0.09090909090909084,False,True
INV-203164,2026-06-20,3385,77779,1,0.38,12.1,11.0,12.1,11.0,1.0999999999999996,0.09090909090909088,False,True
INV-203165,2026-03-20,3385,19067,5,3.75,134.95,17.99,26.99,89.94999999999999,45.0,0.33345683586513525,False,True
INV-203166,2026-02-19,5102,43336,8,6.0,99.04,8.25,12.38,66.0,33.040000000000006,0.3336025848142165,False,True
INV-203167,2026-07-26,4829,64866,6,4.5,224.94,24.99,37.49,149.94,75.0,0.3334222459322486,False,True
INV-203168,2026-04-24,2648,26827,1,0.75,18.75,12.5,18.75,12.5,6.25,0.3333333333333333,False,True
INV-203169,2026-06-01,2633,43336,1,0.75,12.38,8.25,12.38,8.25,4.130000000000001,0.3336025848142165,False,True
INV-203170,2026-03-09,4829,35918,3,5.25,40.47,8.99,13.49,26.97,13.5,0.3335804299481097,False,True
INV-203171,2026-03-07,2648,77779,9,3.38,108.9,,12.1,,,,False,False
INV-203172,2026-05-31,2633,77779,1,0.38,12.1,11.0,12.1,11.0,1.0999999999999996,0.09090909090909088,False,True
INV-203173,2026-03-27,3385,64866,4,3.0,149.96,24.99,37.49,99.96,50.000000000000014,0.3334222459322487,False,True
INV-203174,2026-03-10,3385,19067,1,0.75,26.99,17.99,26.99,17.99,9.0,0.33345683586513525,False,True
INV-203175,2026-06-12,4829,43336,5,3.75,61.9,8.25,12.38,41.25,20.65,0.33360258481421645,False,True
INV-203176,2026-06-26,2501,43336,4,3.0,49.52,8.25,12.38,33.0,16.520000000000003,0.3336025848142165,False,True
INV-203177,2026-02-26,2501,77779,7,2.62,84.7,11.0,12.1,77.0,7.700000000000003,0.09090909090909094,False,True
INV-203178,2026-06-24,3385,11788,6,10.5,87.78,9.75,14.63,58.5,29.28,0.33356117566643884,False,True
INV-203179,2026-06-18,4829,77779,1,0.38,12.1,11.0,12.1,11.0,1.0999999999999996,0.09090909090909088,False,True
INV-203180,2026-05-21,2633,64866,3,2.25,112.47,24.99,37.49,74.97,37.5,0.3334222459322486,False,True
INV-203181,2026-06-24,5102,36308,1,1.0,6.75,4.5,6.75,4.5,2.25,0.3333333333333333,False,True
INV-203182,2026-03-20,2633,35918,2,3.5,26.98,8.99,13.49,17.98,9.0,0.3335804299481097,False,True
INV-203183,2026-03-24,2633,26827,1,0.75,18.75,12.5,18.75,12.5,6.25,0.3333333333333333,False,True
INV-203184,2026-03-11,2190,77779,1,0.38,12.1,11.0,12.1,11.0,1.0999999999999996,0.09090909090909088,False,True
INV-203185,2026-07-07,5102,43336,3,2.25,37.14,8.25,12.38,24.75,12.39,0.3336025848142165,False,True
INV-203186,2026-02-04,2190,64866,1,0.75,37.49,24.99,37.49,24.99,12.500000000000004,0.3334222459322487,False,True
INV-203187,2026-06-20,5102,19067,-1,-0.75,-26.99,17.99,26.99,-17.99,-9.0,0.33345683586513525,True,True
INV-203188,2026-02-26,2648,26827,3,2.25,56.25,12.5,18.75,37.5,18.75,0.3333333333333333,False,True
INV-203189,2026-03-26,4829,19067,4,3.0,107.96,17.99,26.99,71.96,36.0,0.33345683586513525,False,True
INV-203190,2026-07-25,2648,19067,4,3.0,107.96,17.99,26.99,71.96,36.0,0.33345683586513525,False,True
INV-203191,2026-05-22,4829,26827,2,1.5,37.5,12.5,18.75,25.0,12.5,0.3333333333333333,False,True
INV-203192,2026-05-30,5102,26827,13,9.75,243.75,12.5,18.75,162.5,81.25,0.3333333333333333,False,True
INV-203193,2026-02-02,2501,64866,18,13.5,674.82,24.99,37.49,449.82,225.00000000000006,0.3334222459322487,False,True
INV-203194,2026-06-01,5102,43336,3,2.25,37.14,8.25,12.38,24.75,12.39,0.3336025848142165,False,True
INV-203195,2026-05-29,2501,26827,1,0.75,18.75,12.5,18.75,12.5,6.25,0.3333333333333333,False,True
INV-203196,2026-04-01,2501,36308,17,17.0,114.75,4.5,6.75,76.5,38.25,0.3333333333333333,False,True
INV-203197,2026-04-13,2501,26827,1,0.75,18.75,12.5,18.75,12.5,6.25,0.3333333333333333,False,True
INV-203198,2026-05-06,2501,26827,3,2.25,56.25,,18.75,,,,False,False
INV-203199,2026-07-14,4829,19067,1,0.75,26.99,17.99,26.99,17.99,9.0,0.33345683586513525,False,True
INV-203200,2026-06-13,2633,43336,1,0.75,12.38,8.25,12.38,8.25,4.130000000000001,0.3336025848142165,False,True
INV-203201,2026-06-18,2648,11788,1,1.75,14.63,9.75,14.63,9.75,4.880000000000001,0.33356117566643884,False,True
INV-203202,2026-05-04,2633,35918,32,56.0,431.68,8.99,13.49,287.68,144.0,0.3335804299481097,False,True
INV-203203,2026-07-18,3385,36308,1,1.0,6.75,4.5,6.75,4.5,2.25,0.3333333333333333,False,True
INV-203204,2026-07-22,2501,36308,4,4.0,27.0,4.5,6.75,18.0,9.0,0.3333333333333333,False,True
INV-203205,2026-07-16,4829,77779,2,0.75,24.2,11.0,12.1,22.0,2.1999999999999993,0.09090909090909088,False,True
INV-203206,2026-06-21,2648,35918,1,1.75,13.49,8.99,13.49,8.99,4.5,0.3335804299481097,False,True
INV-203207,2026-04-17,2648,35918,1,1.75,13.49,,13.49,,,,False,False
INV-203208,2026-05-20,2648,35918,2,3.5,26.98,8.99,13.49,17.98,9.0,0.3335804299481097,False,True
INV-203209,2026-05-17,2190,77779,2,0.75,24.2,11.0,12.1,22.0,2.1999999999999993,0.09090909090909088,False,True
INV-203210,2026-02-05,2648,64866,5,3.75,187.45,24.99,37.49,124.94999999999999,62.5,0.3334222459322486,False,True
INV-203211,2026-06-11,2501,26827,1,0.75,18.75,12.5,18.75,12.5,6.25,0.3333333333333333,False,True
INV-203212,2026-06-03,2190,35918,1,1.75,13.49,8.99,13.49,8.99,4.5,0.3335804299481097,False,True
INV-203213,2026-04-04,2633,19067,1,0.75,26.99,17.99,26.99,17.99,9.0,0.33345683586513525,False,True
INV-203214,2026-06-07,3385,43336,4,3.0,49.52,8.25,12.38,33.0,16.520000000000003,0.3336025848142165,False,True
INV-203215,2026-03-05,2633,77779,1,0.38,12.1,11.0,12.1,11.0,1.0999999999999996,0.09090909090909088,False,True
INV-203216,2026-07-28,2633,64866,1,0.75,37.49,24.99,37.49,24.99,12.500000000000004,0.3334222459322487,False,True
INV-203217,2026-02-01,2501,64866,7,5.25,262.43,24.99,37.49,174.92999999999998,87.50000000000003,0.3334222459322487,False,True
INV-203218,2026-03-14,2633,11788,17,29.75,248.71,,14.63,,,,False,False
INV-203219,2026-07-10,3385,77779,13,4.88,157.3,11.0,12.1,143.0,14.300000000000011,0.09090909090909098,False,True
INV-203220,2026-06-20,3385,64866,1,0.75,37.49,,37.49,,,,False,False
INV-203221,2026-05-26,4829,64866,2,1.5,74.98,24.99,37.49,49.98,25.000000000000007,0.3334222459322487,False,True
INV-203222,2026-05-26,5102,77779,5,1.88,60.5,11.0,12.1,55.0,5.5,0.09090909090909091,False,True
INV-203223,2026-05-19,4829,11788,2,3.5,29.26,9.75,14.63,19.5,9.760000000000002,0.33356117566643884,False,True
INV-203224,2026-03-28,2633,43336,13,9.75,160.94,8.25,12.38,107.25,53.69,0.33360258481421645,False,True
INV-203225,2026-06-27,2648,11788,2,3.5,29.26,9.75,14.63,19.5,9.760000000000002,0.33356117566643884,False,True
INV-203226,2026-04-11,2633,26827,3,2.25,56.25,12.5,18.75,37.5,18.75,0.3333333333333333,False,True
INV-203227,2026-05-05,5102,64866,2,1.5,74.98,24.99,37.49,49.98,25.000000000000007,0.3334222459322487,False,True
INV-203228,2026-07-24,2190,43336,3,2.25,37.14,8.25,12.38,24.75,12.39,0.3336025848142165,False,True
INV-203229,2026-03-09,4829,19067,19,14.25,512.81,17.99,26.99,341.80999999999995,171.0,0.33345683586513525,False,True
INV-203230,2026-05-08,4829,26827,3,2.25,56.25,12.5,18.75,37.5,18.75,0.3333333333333333,False,True
INV-203231,2026-06-17,5102,36308,1,1.0,6.75,4.5,6.75,4.5,2.25,0.3333333333333333,False,True
INV-203232,2026-03-27,4829,77779,3,1.12,36.3,11.0,12.1,33.0,3.299999999999997,0.09090909090909084,False,True
INV-203233,2026-02-13,5102,26827,1,0.75,18.75,12.5,18.75,12.5,6.25,0.3333333333333333,False,True
INV-203234,2026-03-28,3385,26827,3,2.25,56.25,12.5,18.75,37.5,18.75,0.3333333333333333,False,True
INV-203235,2026-06-03,4829,43336,1,0.75,12.38,8.25,12.38,8.25,4.130000000000001,0.3336025848142165,False,True
INV-203236,2026-04-29,4829,43336,4,3.0,49.52,8.25,12.38,33.0,16.520000000000003,0.3336025848142165,False,True
INV-203237,2026-03-13,3385,77779,4,1.5,48.4,11.0,12.1,44.0,4.399999999999999,0.09090909090909088,False,True
INV-203238,2026-06-15,3385,64866,3,2.25,112.47,24.99,37.49,74.97,37.5,0.3334222459322486,False,True
INV-203239,2026-04-20,3385,11788,5,8.75,73.15,9.75,14.63,48.75,24.400000000000006,0.3335611756664389,False,True
INV-203240,2026-03-06,3385,64866,2,1.5,74.98,24.99,37.49,49.98,25.000000000000007,0.3334222459322487,False,True
INV-203241,2026-03-11,2648,43336,3,2.25,37.14,8.25,12.38,24.75,12.39,0.3336025848142165,False,True
INV-203242,2026-03-30,2190,11788,9,15.75,131.67,9.75,14.63,87.75,43.91999999999999,0.3335611756664388,False,True
INV-203243,2026-06-26,2501,11788,5,8.75,73.15,9.75,14.63,48.75,24.400000000000006,0.3335611756664389,False,True
INV-203244,2026-06-29,2633,19067,4,3.0,107.96,17.99,26.99,71.96,36.0,0.33345683586513525,False,True
INV-203245,2026-03-11,2190,26827,1,0.75,18.75,12.5,18.75,12.5,6.25,0.3333333333333333,False,True
INV-203246,2026-06-10,2190,19067,8,6.0,215.92,17.99,26.99,143.92,72.0,0.33345683586513525,False,True
INV-203247,2026-05-10,4829,26827,1,0.75,18.75,12.5,18.75,12.5,6.25,0.3333333333333333,False,True
INV-203248,2026-05-04,3385,43336,1,0.75,12.38,8.25,12.38,8.25,4.130000000000001,0.3336025848142165,False,True
INV-203249,2026-02-03,4829,19067,3,2.25,80.97,17.99,26.99,53.97,27.0,0.33345683586513525,False,True
INV-203250,2026-06-07,5102,77779,2,0.75,24.2,11.0,12.1,22.0,2.1999999999999993,0.09090909090909088,False,True
INV-203251,2026-06-22,2190,64866,8,6.0,299.92,24.99,37.49,199.92,100.00000000000003,0.3334222459322487,False,True
INV-203252,2026-02-24,5102,11788,2,3.5,29.26,9.75,14.63,19.5,9.760000000000002,0.33356117566643884,False,True
INV-203253,2026-05-10,2633,11788,3,5.25,43.89,9.75,14.63,29.25,14.64,0.33356117566643884,False,True
INV-203254,2026-03-31,2190,19067,3,2.25,80.97,17.99,26.99,53.97,27.0,0.33345683586513525,False,True
INV-203255,2026-03-22,4829,77779,8,3.0,96.8,11.0,12.1,88.0,8.799999999999997,0.09090909090909088,False,True
INV-203256,2026-02-01,4829,11788,2,3.5,29.26,9.75,14.63,19.5,9.760000000000002,0.33356117566643884,False,True
INV-203257,2026-02-01,2501,35918,10,17.5,134.9,8.99,13.49,89.9,45.0,0.3335804299481097,False,True
INV-203258,2026-04-26,2501,11788,2,3.5,29.26,9.75,14.63,19.5,9.760000000000002,0.33356117566643884,False,True
INV-203259,2026-07-16,2190,19067,1,0.75,26.99,17.99,26.99,17.99,9.0,0.33345683586513525,False,True
INV-203260,2026-04-07,2648,43336,1,0.75,12.38,8.25,12.38,8.25,4.130000000000001,0.3336025848142165,False,True
INV-203261,2026-02-18,4829,35918,1,1.75,13.49,8.99,13.49,8.99,4.5,0.3335804299481097,False,True
INV-203262,2026-04-02,3385,19067,2,1.5,53.98,17.99,26.99,35.98,18.0,0.33345683586513525,False,True
INV-203263,2026-03-13,2190,36308,1,1.0,6.75,4.5,6.75,4.5,2.25,0.3333333333333333,False,True
INV-203264,2026-03-18,2648,77779,1,0.38,12.1,11.0,12.1,11.0,1.0999999999999996,0.09090909090909088,False,True
INV-203265,2026-04-25,4829,26827,9,6.75,168.75,12.5,18.75,112.5,56.25,0.3333333333333333,False,True
INV-203266,2026-04-18,2190,11788,2,3.5,29.26,9.75,14.63,19.5,9.760000000000002,0.33356117566643884,False,True
INV-203267,2026-05-03,3385,19067,4,3.0,107.96,17.99,26.99,71.96,36.0,0.33345683586513525,False,True
INV-203268,2026-02-02,4829,35918,1,1.75,13.49,8.99,13.49,8.99,4.5,0.3335804299481097,False,True
INV-203269,2026-03-03,2501,77779,13,4.88,157.3,11.0,12.1,143.0,14.300000000000011,0.09090909090909098,False,True
INV-203270,2026-04-22,2190,77779,1,0.38,12.1,11.0,12.1,11.0,1.0999999999999996,0.09090909090909088,False,True
INV-203271,2026-05-02,4829,35918,4,7.0,53.96,8.99,13.49,35.96,18.0,0.3335804299481097,False,True
INV-203272,2026-03-03,2501,43336,1,0.75,12.38,8.25,12.38,8.25,4.130000000000001,0.3336025848142165,False,True
INV-203273,2026-03-20,3385,35918,1,1.75,13.49,8.99,13.49,8.99,4.5,0.3335804299481097,False,True
INV-203274,2026-02-27,2648,43336,4,3.0,49.52,8.25,12.38,33.0,16.520000000000003,0.3336025848142165,False,True
INV-203275,2026-07-21,2501,36308,6,6.0,40.5,4.5,6.75,27.0,13.5,0.3333333333333333,False,True
INV-203276,2026-05-08,2648,64866,2,1.5,74.98,24.99,37.49,49.98,25.000000000000007,0.3334222459322487,False,True
INV-203277,2026-06-21,5102,36308,1,1.0,6.75,4.5,6.75,4.5,2.25,0.3333333333333333,False,True
INV-203278,2026-05-08,2648,11788,4,7.0,58.52,9.75,14.63,39.0,19.520000000000003,0.33356117566643884,False,True
INV-203279,2026-04-03,5102,36308,5,5.0,33.75,4.5,6.75,22.5,11.25,0.3333333333333333,False,True
INV-203280,2026-05-21,4829,35918,6,10.5,80.94,8.99,13.49,53.94,27.0,0.3335804299481097,False,True
INV-203281,2026-05-28,5102,77779,1,0.38,12.1,11.0,12.1,11.0,1.0999999999999996,0.09090909090909088,False,True
INV-203282,2026-06-17,4829,36308,4,4.0,27.0,4.5,6.75,18.0,9.0,0.3333333333333333,False,True
INV-203283,2026-06-26,3385,43336,3,2.25,37.14,8.25,12.38,24.75,12.39,0.3336025848142165,False,True
INV-203284,2026-06-22,4829,36308,1,1.0,6.75,4.5,6.75,4.5,2.25,0.3333333333333333,False,True
INV-203285,2026-06-17,2190,11788,1,1.75,14.63,9.75,14.63,9.75,4.880000000000001,0.33356117566643884,False,True
INV-203286,2026-06-03,2501,43336,1,0.75,12.38,8.25,12.38,8.25,4.130000000000001,0.3336025848142165,False,True
INV-203287,2026-03-07,2633,36308,1,1.0,6.75,4.5,6.75,4.5,2.25,0.3333333333333333,False,True
INV-203288,2026-06-11,2648,11788,2,3.5,29.26,9.75,14.63,19.5,9.760000000000002,0.33356117566643884,False,True
INV-203289,2026-06-25,2648,19067,7,5.25,188.93,17.99,26.99,125.92999999999999,63.000000000000014,0.3334568358651353,False,True
INV-203290,2026-06-09,5102,36308,2,2.0,13.5,4.5,6.75,9.0,4.5,0.3333333333333333,False,True
INV-203291,2026-05-16,4829,36308,3,3.0,20.25,4.5,6.75,13.5,6.75,0.3333333333333333,False,True
INV-203292,2026-03-28,5102,19067,2,1.5,53.98,17.99,26.99,35.98,18.0,0.33345683586513525,False,True
INV-203293,2026-04-20,4829,26827,2,1.5,37.5,12.5,18.75,25.0,12.5,0.3333333333333333,False,True
INV-203294,2026-02-09,2190,35918,4,7.0,53.96,8.99,13.49,35.96,18.0,0.3335804299481097,False,True
INV-203295,2026-07-23,2648,77779,4,1.5,48.4,11.0,12.1,44.0,4.399999999999999,0.09090909090909088,False,True
INV-203296,2026-07-26,2648,11788,1,1.75,14.63,9.75,14.63,9.75,4.880000000000001,0.33356117566643884,False,True
INV-203297,2026-02-10,5102,64866,2,1.5,74.98,24.99,37.49,49.98,25.000000000000007,0.3334222459322487,False,True
INV-203298,2026-05-28,3385,19067,3,2.25,80.97,17.99,26.99,53.97,27.0,0.33345683586513525,False,True
INV-203299,2026-05-15,2190,36308,2,2.0,13.5,4.5,6.75,9.0,4.5,0.3333333333333333,False,True
INV-203300,2026-03-07,2633,36308,4,4.0,27.0,4.5,6.75,18.0,9.0,0.3333333333333333,False,True
INV-203301,2026-02-21,2190,35918,1,1.75,13.49,8.99,13.49,8.99,4.5,0.3335804299481097,False,True
INV-203302,2026-06-05,5102,35918,4,7.0,53.96,8.99,13.49,35.96,18.0,0.3335804299481097,False,True
INV-203303,2026-06-08,2648,35918,3,5.25,40.47,8.99,13.49,26.97,13.5,0.3335804299481097,False,True
INV-203304,2026-04-20,2501,11788,6,10.5,87.78,9.75,14.63,58.5,29.28,0.33356117566643884,False,True
INV-203305,2026-04-12,2648,77779,1,0.38,12.1,11.0,12.1,11.0,1.0999999999999996,0.09090909090909088,False,True
INV-203306,2026-07-22,2648,36308,2,2.0,13.5,4.5,6.75,9.0,4.5,0.3333333333333333,False,True
INV-203307,2026-07-08,2501,11788,2,3.5,29.26,9.75,14.63,19.5,9.760000000000002,0.33356117566643884,False,True
INV-203308,2026-06-21,2190,77779,1,0.38,12.1,11.0,12.1,11.0,1.0999999999999996,0.09090909090909088,False,True
INV-203309,2026-05-28,2633,26827,3,2.25,56.25,12.5,18.75,37.5,18.75,0.3333333333333333,False,True
INV-203310,2026-07-15,5102,35918,5,8.75,67.45,8.99,13.49,44.95,22.5,0.3335804299481097,False,True
INV-203311,2026-06-30,5102,11788,1,1.75,14.63,9.75,14.63,9.75,4.880000000000001,0.33356117566643884,False,True
INV-203312,2026-05-23,2190,11788,3,5.25,43.89,9.75,14.63,29.25,14.64,0.33356117566643884,False,True
INV-203313,2026-02-20,2633,26827,3,2.25,56.25,12.5,18.75,37.5,18.75,0.3333333333333333,False,True
INV-203314,2026-06-27,5102,64866,5,3.75,187.45,24.99,37.49,124.94999999999999,62.5,0.3334222459322486,False,True
INV-203315,2026-04-06,2633,36308,11,11.0,74.25,4.5,6.75,49.5,24.75,0.3333333333333333,False,True
INV-203316,2026-05-14,2633,43336,4,3.0,49.52,8.25,12.38,33.0,16.520000000000003,0.3336025848142165,False,True
INV-203317,2026-02-09,2633,64866,6,4.5,224.94,24.99,37.49,149.94,75.0,0.3334222459322486,False,True
INV-203318,2026-03-23,2501,36308,2,2.0,13.5,4.5,6.75,9.0,4.5,0.3333333333333333,False,True
INV-203319,2026-06-20,2190,77779,2,0.75,24.2,11.0,12.1,22.0,2.1999999999999993,0.09090909090909088,False,True
INV-203320,2026-04-26,2501,19067,2,1.5,53.98,17.99,26.99,35.98,18.0,0.33345683586513525,False,True
INV-203321,2026-06-23,5102,19067,5,3.75,134.95,17.99,26.99,89.94999999999999,45.0,0.33345683586513525,False,True
INV-203322,2026-04-22,3385,35918,25,43.75,337.25,8.99,13.49,224.75,112.5,0.3335804299481097,False,True
INV-203323,2026-05-20,2648,43336,2,1.5,24.76,8.25,12.38,16.5,8.260000000000002,0.3336025848142165,False,True
INV-203324,2026-05-19,2501,26827,3,2.25,56.25,12.5,18.75,37.5,18.75,0.3333333333333333,False,True
INV-203325,2026-07-03,3385,35918,1,1.75,13.49,8.99,13.49,8.99,4.5,0.3335804299481097,False,True
INV-203326,2026-05-12,2633,11788,2,3.5,29.26,9.75,14.63,19.5,9.760000000000002,0.33356117566643884,False,True
INV-203327,2026-03-18,2501,19067,2,1.5,53.98,17.99,26.99,35.98,18.0,0.33345683586513525,False,True
INV-203328,2026-02-14,2648,64866,9,6.75,337.41,24.99,37.49,224.91,112.50000000000003,0.3334222459322487,False,True
INV-203329,2026-06-10,2190,11788,2,3.5,29.26,9.75,14.63,19.5,9.760000000000002,0.33356117566643884,False,True
INV-203330,2026-05-14,3385,77779,3,1.12,36.3,11.0,12.1,33.0,3.299999999999997,0.09090909090909084,False,True
INV-203331,2026-04-17,4829,36308,2,2.0,13.5,4.5,6.75,9.0,4.5,0.3333333333333333,False,True
INV-203332,2026-05-12,4829,35918,1,1.75,13.49,8.99,13.49,8.99,4.5,0.3335804299481097,False,True
INV-203333,2026-07-19,2648,43336,6,4.5,74.28,8.25,12.38,49.5,24.78,0.3336025848142165,False,True
INV-203334,2026-06-25,2190,35918,8,14.0,107.92,8.99,13.49,71.92,36.0,0.3335804299481097,False,True
INV-203335,2026-02-25,2648,35918,2,3.5,26.98,8.99,13.49,17.98,9.0,0.3335804299481097,False,True
INV-203336,2026-07-05,3385,11788,1,1.75,14.63,9.75,14.63,9.75,4.880000000000001,0.33356117566643884,False,True
INV-203337,2026-03-26,3385,36308,1,1.0,6.75,4.5,6.75,4.5,2.25,0.3333333333333333,False,True
INV-203338,2026-03-03,3385,26827,5,3.75,93.75,12.5,18.75,62.5,31.25,0.3333333333333333,False,True
INV-203339,2026-02-19,3385,77779,3,1.12,36.3,11.0,12.1,33.0,3.299999999999997,0.09090909090909084,False,True
INV-203340,2026-06-08,2648,11788,6,10.5,87.78,9.75,14.63,58.5,29.28,0.33356117566643884,False,True
INV-203341,2026-07-24,2648,26827,5,3.75,93.75,12.5,18.75,62.5,31.25,0.3333333333333333,False,True
INV-203342,2026-05-24,3385,26827,4,3.0,75.0,12.5,18.75,50.0,25.0,0.3333333333333333,False,True
INV-203343,2026-02-28,2633,19067,6,4.5,161.94,17.99,26.99,107.94,54.0,0.33345683586513525,False,True
INV-203344,2026-02-25,3385,64866,1,0.75,37.49,24.99,37.49,24.99,12.500000000000004,0.3334222459322487,False,True
INV-203345,2026-02-28,2190,64866,1,0.75,37.49,24.99,37.49,24.99,12.500000000000004,0.3334222459322487,False,True
INV-203346,2026-06-09,3385,64866,1,0.75,37.49,24.99,37.49,24.99,12.500000000000004,0.3334222459322487,False,True
INV-203347,2026-07-23,4829,35918,5,8.75,67.45,8.99,13.49,44.95,22.5,0.3335804299481097,False,True
INV-203348,2026-07-11,5102,11788,2,3.5,29.26,,14.63,,,,False,False
INV-203349,2026-04-03,2648,43336,6,4.5,74.28,8.25,12.38,49.5,24.78,0.3336025848142165,False,True
INV-203350,2026-05-23,2501,43336,2,1.5,24.76,8.25,12.38,16.5,8.260000000000002,0.3336025848142165,False,True
INV-203351,2026-04-05,2501,36308,9,9.0,60.75,4.5,6.75,40.5,20.25,0.3333333333333333,False,True
INV-203352,2026-05-05,2633,64866,1,0.75,37.49,24.99,37.49,24.99,12.500000000000004,0.3334222459322487,False,True
INV-203353,2026-05-03,2501,35918,5,8.75,67.45,8.99,13.49,44.95,22.5,0.3335804299481097,False,True
INV-203354,2026-03-21,4829,77779,2,0.75,24.2,11.0,12.1,22.0,2.1999999999999993,0.09090909090909088,False,True
INV-203355,2026-07-02,3385,26827,1,0.75,18.75,12.5,18.75,12.5,6.25,0.3333333333333333,False,True
INV-203356,2026-05-14,2501,19067,12,9.0,323.88,17.99,26.99,215.88,108.0,0.33345683586513525,False,True
INV-203357,2026-02-14,2648,77779,1,0.38,12.1,11.0,12.1,11.0,1.0999999999999996,0.09090909090909088,False,True
INV-203358,2026-06-27,3385,35918,6,10.5,80.94,8.99,13.49,53.94,27.0,0.3335804299481097,False,True
INV-203359,2026-04-15,4829,77779,5,1.88,60.5,11.0,12.1,55.0,5.5,0.09090909090909091,False,True
INV-203360,2026-04-18,5102,77779,1,0.38,12.1,11.0,12.1,11.0,1.0999999999999996,0.09090909090909088,False,True
INV-203361,2026-05-14,4829,35918,3,5.25,40.47,8.99,13.49,26.97,13.5,0.3335804299481097,False,True
INV-203362,2026-02-17,2648,11788,1,1.75,14.63,9.75,14.63,9.75,4.880000000000001,0.33356117566643884,False,True
INV-203363,2026-03-20,2648,35918,1,1.75,13.49,8.99,13.49,8.99,4.5,0.3335804299481097,False,True
INV-203364,2026-07-26,5102,35918,1,1.75,13.49,8.99,13.49,8.99,4.5,0.3335804299481097,False,True
INV-203365,2026-07-27,2633,19067,1,0.75,26.99,17.99,26.99,17.99,9.0,0.33345683586513525,False,True
INV-203366,2026-07-05,3385,11788,9,15.75,131.67,9.75,14.63,87.75,43.91999999999999,0.3335611756664388,False,True
INV-203367,2026-05-13,2501,64866,1,0.75,37.49,24.99,37.49,24.99,12.500000000000004,0.3334222459322487,False,True
INV-203368,2026-03-31,2501,43336,3,2.25,37.14,8.25,12.38,24.75,12.39,0.3336025848142165,False,True
INV-203369,2026-04-27,2648,43336,1,0.75,12.38,8.25,12.38,8.25,4.130000000000001,0.3336025848142165,False,True
INV-203370,2026-04-14,3385,35918,1,1.75,13.49,8.99,13.49,8.99,4.5,0.3335804299481097,False,True
INV-203371,2026-02-07,2501,11788,4,7.0,58.52,9.75,14.63,39.0,19.520000000000003,0.33356117566643884,False,True
INV-203372,2026-07-03,5102,43336,1,0.75,12.38,8.25,12.38,8.25,4.130000000000001,0.3336025848142165,False,True
INV-203373,2026-04-25,3385,26827,6,4.5,112.5,12.5,18.75,75.0,37.5,0.3333333333333333,False,True
INV-203374,2026-02-03,5102,35918,1,1.75,13.49,8.99,13.49,8.99,4.5,0.3335804299481097,False,True
INV-203375,2026-03-15,2648,43336,1,0.75,12.38,8.25,12.38,8.25,4.130000000000001,0.3336025848142165,False,True
INV-203376,2026-05-31,3385,36308,1,1.0,6.75,4.5,6.75,4.5,2.25,0.3333333333333333,False,True
INV-203377,2026-05-10,3385,77779,3,1.12,36.3,11.0,12.1,33.0,3.299999999999997,0.09090909090909084,False,True
INV-203378,2026-03-22,3385,77779,4,1.5,48.4,11.0,12.1,44.0,4.399999999999999,0.09090909090909088,False,True
INV-203379,2026-06-13,2633,43336,3,2.25,37.14,8.25,12.38,24.75,12.39,0.3336025848142165,False,True
INV-203380,2026-02-07,2190,36308,9,9.0,60.75,4.5,6.75,40.5,20.25,0.3333333333333333,False,True
INV-203381,2026-07-24,2633,19067,2,1.5,53.98,17.99,26.99,35.98,18.0,0.33345683586513525,False,True
INV-203382,2026-03-05,2633,26827,9,6.75,168.75,12.5,18.75,112.5,56.25,0.3333333333333333,False,True
INV-203383,2026-05-31,2648,35918,5,8.75,67.45,8.99,13.49,44.95,22.5,0.3335804299481097,False,True
INV-203384,2026-05-12,4829,64866,2,1.5,74.98,24.99,37.49,49.98,25.000000000000007,0.3334222459322487,False,True
INV-203385,2026-06-24,2190,35918,1,1.75,13.49,8.99,13.49,8.99,4.5,0.3335804299481097,False,True
INV-203386,2026-07-14,2648,11788,4,7.0,58.52,9.75,14.63,39.0,19.520000000000003,0.33356117566643884,False,True
INV-203387,2026-07-27,2633,36308,6,6.0,40.5,4.5,6.75,27.0,13.5,0.3333333333333333,False,True
INV-203388,2026-01-30,2633,11788,3,5.25,43.89,9.75,14.63,29.25,14.64,0.33356117566643884,False,True
INV-203389,2026-04-12,2501,36308,6,6.0,40.5,4.5,6.75,27.0,13.5,0.3333333333333333,False,True
INV-203390,2026-07-07,3385,64866,1,0.75,37.49,24.99,37.49,24.99,12.500000000000004,0.3334222459322487,False,True
INV-203391,2026-05-06,2501,77779,5,1.88,60.5,11.0,12.1,55.0,5.5,0.09090909090909091,False,True
INV-203392,2026-05-15,2648,36308,19,19.0,128.25,4.5,6.75,85.5,42.75,0.3333333333333333,False,True
INV-203393,2026-04-18,2633,64866,1,0.75,37.49,24.99,37.49,24.99,12.500000000000004,0.3334222459322487,False,True
INV-203394,2026-05-17,4829,64866,1,0.75,37.49,24.99,37.49,24.99,12.500000000000004,0.3334222459322487,False,True
INV-203395,2026-07-28,2501,64866,2,1.5,74.98,24.99,37.49,49.98,25.000000000000007,0.3334222459322487,False,True
INV-203396,2026-07-11,3385,26827,9,6.75,168.75,12.5,18.75,112.5,56.25,0.3333333333333333,False,True
INV-203397,2026-01-31,5102,64866,4,3.0,149.96,24.99,37.49,99.96,50.000000000000014,0.3334222459322487,False,True
INV-203398,2026-05-19,2190,36308,4,4.0,27.0,4.5,6.75,18.0,9.0,0.3333333333333333,False,True
INV-203399,2026-07-28,2633,11788,6,10.5,87.78,9.75,14.63,58.5,29.28,0.33356117566643884,False,True
INV-203400,2026-05-26,2190,36308,1,1.0,6.75,4.5,6.75,4.5,2.25,0.3333333333333333,False,True
INV-203401,2026-03-11,2501,11788,2,3.5,29.26,9.75,14.63,19.5,9.760000000000002,0.33356117566643884,False,True
INV-203402,2026-03-28,3385,19067,5,3.75,134.95,17.99,26.99,89.94999999999999,45.0,0.33345683586513525,False,True
INV-203403,2026-03-07,5102,35918,2,3.5,26.98,8.99,13.49,17.98,9.0,0.3335804299481097,False,True
INV-203404,2026-03-27,3385,43336,1,0.75,12.38,8.25,12.38,8.25,4.130000000000001,0.3336025848142165,False,True
INV-203405,2026-04-18,2501,64866,9,6.75,337.41,24.99,37.49,224.91,112.50000000000003,0.3334222459322487,False,True
INV-203406,2026-05-22,4829,19067,1,0.75,26.99,17.99,26.99,17.99,9.0,0.33345683586513525,False,True
INV-203407,2026-03-09,2501,11788,1,1.75,14.63,9.75,14.63,9.75,4.880000000000001,0.33356117566643884,False,True
INV-203408,2026-02-27,2501,26827,3,2.25,56.25,12.5,18.75,37.5,18.75,0.3333333333333333,False,True
INV-203409,2026-03-18,2190,26827,1,0.75,18.75,12.5,18.75,12.5,6.25,0.3333333333333333,False,True
INV-203410,2026-04-28,4829,19067,1,0.75,26.99,17.99,26.99,17.99,9.0,0.33345683586513525,False,True
INV-203411,2026-04-26,4829,77779,3,1.12,36.3,11.0,12.1,33.0,3.299999999999997,0.09090909090909084,False,True
INV-203412,2026-04-04,5102,64866,4,3.0,149.96,24.99,37.49,99.96,50.000000000000014,0.3334222459322487,False,True
INV-203413,2026-07-14,2190,64866,1,0.75,37.49,24.99,37.49,24.99,12.500000000000004,0.3334222459322487,False,True
INV-203414,2026-04-09,4829,43336,3,2.25,37.14,8.25,12.38,24.75,12.39,0.3336025848142165,False,True
INV-203415,2026-06-21,2501,19067,9,6.75,242.91,17.99,26.99,161.91,81.0,0.33345683586513525,False,True
INV-203416,2026-02-14,3385,77779,3,1.12,36.3,11.0,12.1,33.0,3.299999999999997,0.09090909090909084,False,True
INV-203417,2026-03-05,2648,26827,2,1.5,37.5,12.5,18.75,25.0,12.5,0.3333333333333333,False,True
INV-203418,2026-05-03,5102,36308,5,5.0,33.75,4.5,6.75,22.5,11.25,0.3333333333333333,False,True
INV-203419,2026-03-07,2648,19067,1,0.75,26.99,17.99,26.99,17.99,9.0,0.33345683586513525,False,True
INV-203420,2026-04-06,4829,11788,2,3.5,29.26,9.75,14.63,19.5,9.760000000000002,0.33356117566643884,False,True
INV-203421,2026-03-23,5102,19067,2,1.5,53.98,17.99,26.99,35.98,18.0,0.33345683586513525,False,True
INV-203422,2026-04-05,2648,35918,1,1.75,13.49,,13.49,,,,False,False
INV-203423,2026-03-15,2633,11788,1,1.75,14.63,9.75,14.63,9.75,4.880000000000001,0.33356117566643884,False,True
INV-203424,2026-05-12,4829,35918,3,5.25,40.47,8.99,13.49,26.97,13.5,0.3335804299481097,False,True
INV-203425,2026-06-02,2501,43336,7,5.25,86.66,8.25,12.38,57.75,28.909999999999997,0.33360258481421645,False,True
INV-203426,2026-06-03,2648,19067,1,0.75,26.99,17.99,26.99,17.99,9.0,0.33345683586513525,False,True
INV-203427,2026-04-03,2648,36308,2,2.0,13.5,4.5,6.75,9.0,4.5,0.3333333333333333,False,True
INV-203428,2026-05-29,3385,19067,1,0.75,26.99,17.99,26.99,17.99,9.0,0.33345683586513525,False,True
INV-203429,2026-06-15,2501,11788,12,21.0,175.56,9.75,14.63,117.0,58.56,0.33356117566643884,False,True
INV-203430,2026-05-02,2648,19067,7,5.25,188.93,17.99,26.99,125.92999999999999,63.000000000000014,0.3334568358651353,False,True
INV-203431,2026-06-14,5102,36308,1,1.0,6.75,,6.75,,,,False,False
INV-203432,2026-07-18,2633,35918,1,1.75,13.49,8.99,13.49,8.99,4.5,0.3335804299481097,False,True
INV-203433,2026-03-09,5102,35918,1,1.75,13.49,8.99,13.49,8.99,4.5,0.3335804299481097,False,True
INV-203434,2026-05-30,3385,77779,2,0.75,24.2,11.0,12.1,22.0,2.1999999999999993,0.09090909090909088,False,True
INV-203435,2026-05-10,2501,26827,3,2.25,56.25,12.5,18.75,37.5,18.75,0.3333333333333333,False,True
INV-203436,2026-04-17,5102,11788,1,1.75,14.63,9.75,14.63,9.75,4.880000000000001,0.33356117566643884,False,True
INV-203437,2026-03-19,2648,19067,3,2.25,80.97,17.99,26.99,53.97,27.0,0.33345683586513525,False,True
INV-203438,2026-06-18,2190,77779,1,0.38,12.1,11.0,12.1,11.0,1.0999999999999996,0.09090909090909088,False,True
INV-203439,2026-05-30,2501,77779,4,1.5,48.4,11.0,12.1,44.0,4.399999999999999,0.09090909090909088,False,True
INV-203440,2026-03-12,2501,35918,1,1.75,13.49,8.99,13.49,8.99,4.5,0.3335804299481097,False,True
INV-203441,2026-06-14,4829,19067,15,11.25,404.85,17.99,26.99,269.84999999999997,135.00000000000006,0.33345683586513536,False,True
INV-203442,2026-01-30,2190,35918,3,5.25,40.47,8.99,13.49,26.97,13.5,0.3335804299481097,False,True
INV-203443,2026-05-11,2648,77779,1,0.38,12.1,11.0,12.1,11.0,1.0999999999999996,0.09090909090909088,False,True
INV-203444,2026-03-10,5102,35918,1,1.75,13.49,8.99,13.49,8.99,4.5,0.3335804299481097,False,True
INV-203445,2026-06-20,2648,64866,4,3.0,149.96,24.99,37.49,99.96,50.000000000000014,0.3334222459322487,False,True
INV-203446,2026-06-05,3385,43336,1,0.75,12.38,8.25,12.38,8.25,4.130000000000001,0.3336025848142165,False,True
INV-203447,2026-07-15,2190,36308,1,1.0,6.75,4.5,6.75,4.5,2.25,0.3333333333333333,False,True
INV-203448,2026-05-24,4829,19067,5,3.75,134.95,17.99,26.99,89.94999999999999,45.0,0.33345683586513525,False,True
INV-203449,2026-05-20,4829,43336,5,3.75,61.9,8.25,12.38,41.25,20.65,0.33360258481421645,False,True
INV-203450,2026-07-21,4829,77779,5,1.88,60.5,11.0,12.1,55.0,5.5,0.09090909090909091,False,True
INV-203451,2026-03-16,3385,35918,4,7.0,53.96,8.99,13.49,35.96,18.0,0.3335804299481097,False,True
INV-203452,2026-07-13,3385,64866,1,0.75,37.49,24.99,37.49,24.99,12.500000000000004,0.3334222459322487,False,True
INV-203453,2026-01-31,2501,11788,3,5.25,43.89,9.75,14.63,29.25,14.64,0.33356117566643884,False,True
INV-203454,2026-05-11,2633,36308,3,3.0,20.25,4.5,6.75,13.5,6.75,0.3333333333333333,False,True
INV-203455,2026-02-18,5102,35918,3,5.25,40.47,8.99,13.49,26.97,13.5,0.3335804299481097,False,True
INV-203456,2026-04-18,3385,64866,3,2.25,112.47,24.99,37.49,74.97,37.5,0.3334222459322486,False,True
INV-203457,2026-03-06,2501,36308,2,2.0,13.5,4.5,6.75,9.0,4.5,0.3333333333333333,False,True
INV-203458,2026-02-11,3385,26827,1,0.75,18.75,12.5,18.75,12.5,6.25,0.3333333333333333,False,True
INV-203459,2026-04-01,2190,77779,2,0.75,24.2,11.0,12.1,22.0,2.1999999999999993,0.09090909090909088,False,True
INV-203460,2026-04-17,2648,64866,1,0.75,37.49,24.99,37.49,24.99,12.500000000000004,0.3334222459322487,False,True
INV-203461,2026-03-07,2190,35918,1,1.75,13.49,8.99,13.49,8.99,4.5,0.3335804299481097,False,True
INV-203462,2026-02-06,2501,36308,1,1.0,6.75,4.5,6.75,4.5,2.25,0.3333333333333333,False,True
INV-203463,2026-02-06,2190,64866,2,1.5,74.98,24.99,37.49,49.98,25.000000000000007,0.3334222459322487,False,True
INV-203464,2026-05-01,2190,77779,2,0.75,24.2,11.0,12.1,22.0,2.1999999999999993,0.09090909090909088,False,True
INV-203465,2026-02-13,2501,77779,7,2.62,84.7,11.0,12.1,77.0,7.700000000000003,0.09090909090909094,False,True
INV-203466,2026-05-24,4829,35918,2,3.5,26.98,8.99,13.49,17.98,9.0,0.3335804299481097,False,True
INV-203467,2026-05-11,5102,11788,3,5.25,43.89,9.75,14.63,29.25,14.64,0.33356117566643884,False,True
INV-203468,2026-06-22,5102,64866,9,6.75,337.41,24.99,37.49,224.91,112.50000000000003,0.3334222459322487,False,True
INV-203469,2026-03-01,2190,43336,20,15.0,247.6,8.25,12.38,165.0,82.6,0.33360258481421645,False,True
INV-203470,2026-03-13,2501,19067,1,0.75,26.99,17.99,26.99,17.99,9.0,0.33345683586513525,False,True
INV-203471,2026-03-05,5102,77779,4,1.5,48.4,11.0,12.1,44.0,4.399999999999999,0.09090909090909088,False,True
INV-203472,2026-06-13,2190,35918,2,3.5,26.98,8.99,13.49,17.98,9.0,0.3335804299481097,False,True
INV-203473,2026-03-22,2190,77779,3,1.12,36.3,11.0,12.1,33.0,3.299999999999997,0.09090909090909084,False,True
INV-203474,2026-03-17,4829,19067,4,3.0,107.96,17.99,26.99,71.96,36.0,0.33345683586513525,False,True
INV-203475,2026-06-04,4829,43336,3,2.25,37.14,8.25,12.38,24.75,12.39,0.3336025848142165,False,True
INV-203476,2026-05-02,2648,43336,1,0.75,12.38,8.25,12.38,8.25,4.130000000000001,0.3336025848142165,False,True
INV-203477,2026-01-31,2648,43336,5,3.75,61.9,,12.38,,,,False,False
INV-203478,2026-06-07,2648,64866,3,2.25,112.47,24.99,37.49,74.97,37.5,0.3334222459322486,False,True
INV-203479,2026-05-11,4829,26827,1,0.75,18.75,12.5,18.75,12.5,6.25,0.3333333333333333,False,True
INV-203480,2026-07-03,2501,11788,6,10.5,87.78,9.75,14.63,58.5,29.28,0.33356117566643884,False,True
INV-203481,2026-02-05,5102,26827,1,0.75,18.75,12.5,18.75,12.5,6.25,0.3333333333333333,False,True
INV-203482,2026-03-11,2501,77779,1,0.38,12.1,11.0,12.1,11.0,1.0999999999999996,0.09090909090909088,False,True
INV-203483,2026-05-23,2190,77779,8,3.0,96.8,11.0,12.1,88.0,8.799999999999997,0.09090909090909088,False,True
INV-203484,2026-06-04,2190,77779,2,0.75,24.2,11.0,12.1,22.0,2.1999999999999993,0.09090909090909088,False,True
INV-203485,2026-07-02,2190,35918,1,1.75,13.49,8.99,13.49,8.99,4.5,0.3335804299481097,False,True
INV-203486,2026-03-26,2501,43336,1,0.75,12.38,8.25,12.38,8.25,4.130000000000001,0.3336025848142165,False,True
INV-203487,2026-04-15,4829,35918,7,12.25,94.43,8.99,13.49,62.93,31.500000000000007,0.33358042994810977,False,True
INV-203488,2026-04-23,2648,26827,4,3.0,75.0,12.5,18.75,50.0,25.0,0.3333333333333333,False,True
INV-203489,2026-06-12,4829,64866,3,2.25,112.47,24.99,37.49,74.97,37.5,0.3334222459322486,False,True
INV-203490,2026-07-07,5102,11788,3,5.25,43.89,9.75,14.63,29.25,14.64,0.33356117566643884,False,True
INV-203491,2026-02-14,5102,26827,2,1.5,37.5,12.5,18.75,25.0,12.5,0.3333333333333333,False,True
INV-203492,2026-05-20,2190,36308,2,2.0,13.5,4.5,6.75,9.0,4.5,0.3333333333333333,False,True
INV-203493,2026-05-31,5102,43336,3,2.25,37.14,8.25,12.38,24.75,12.39,0.3336025848142165,False,True
INV-203494,2026-07-24,2633,19067,2,1.5,53.98,17.99,26.99,35.98,18.0,0.33345683586513525,False,True
INV-203495,2026-05-26,3385,35918,1,1.75,13.49,8.99,13.49,8.99,4.5,0.3335804299481097,False,True
INV-203496,2026-04-14,5102,64866,1,0.75,37.49,24.99,37.49,24.99,12.500000000000004,0.3334222459322487,False,True
INV-203497,2026-07-28,2501,19067,1,0.75,26.99,17.99,26.99,17.99,9.0,0.33345683586513525,False,True
INV-203498,2026-05-02,3385,26827,10,7.5,187.5,12.5,18.75,125.0,62.5,0.3333333333333333,False,True
INV-203499,2026-03-13,2633,64866,-4,-3.0,-149.96,24.99,37.49,-99.96,-50.000000000000014,0.3334222459322487,True,True
INV-203500,2026-06-03,2190,77779,2,0.75,24.2,11.0,12.1,22.0,2.1999999999999993,0.09090909090909088,False,True
INV-203501,2026-07-16,2190,35918,1,1.75,13.49,8.99,13.49,8.99,4.5,0.3335804299481097,False,True
INV-203502,2026-05-10,4829,11788,1,1.75,14.63,9.75,14.63,9.75,4.880000000000001,0.33356117566643884,False,True
INV-203503,2026-06-11,2501,77779,4,1.5,48.4,11.0,12.1,44.0,4.399999999999999,0.09090909090909088,False,True
INV-203504,2026-04-28,2633,77779,1,0.38,12.1,11.0,12.1,11.0,1.0999999999999996,0.09090909090909088,False,True
INV-203505,2026-06-06,5102,77779,3,1.12,36.3,11.0,12.1,33.0,3.299999999999997,0.09090909090909084,False,True
INV-203506,2026-05-22,2648,35918,1,1.75,13.49,8.99,13.49,8.99,4.5,0.3335804299481097,False,True
INV-203507,2026-06-11,3385,43336,2,1.5,24.76,8.25,12.38,16.5,8.260000000000002,0.3336025848142165,False,True
INV-203508,2026-03-31,3385,19067,1,0.75,26.99,17.99,26.99,17.99,9.0,0.33345683586513525,False,True
INV-203509,2026-05-26,2648,36308,1,1.0,6.75,4.5,6.75,4.5,2.25,0.3333333333333333,False,True
INV-203510,2026-02-23,3385,11788,12,21.0,175.56,9.75,14.63,117.0,58.56,0.33356117566643884,False,True
INV-203511,2026-02-21,2190,11788,4,7.0,58.52,9.75,14.63,39.0,19.520000000000003,0.33356117566643884,False,True
INV-203512,2026-06-03,5102,64866,4,3.0,149.96,24.99,37.49,99.96,50.000000000000014,0.3334222459322487,False,True
INV-203513,2026-06-23,5102,43336,3,2.25,37.14,8.25,12.38,24.75,12.39,0.3336025848142165,False,True
INV-203514,2026-07-17,2633,77779,1,0.38,12.1,11.0,12.1,11.0,1.0999999999999996,0.09090909090909088,False,True
INV-203515,2026-03-04,2190,77779,1,0.38,12.1,11.0,12.1,11.0,1.0999999999999996,0.09090909090909088,False,True
INV-203516,2026-04-20,2633,35918,7,12.25,94.43,8.99,13.49,62.93,31.500000000000007,0.33358042994810977,False,True
INV-203517,2026-02-26,4829,35918,4,7.0,53.96,8.99,13.49,35.96,18.0,0.3335804299481097,False,True
INV-203518,2026-03-08,2190,11788,8,14.0,117.04,9.75,14.63,78.0,39.040000000000006,0.33356117566643884,False,True
INV-203519,2026-07-07,2633,77779,2,0.75,24.2,11.0,12.1,22.0,2.1999999999999993,0.09090909090909088,False,True
INV-203520,2026-02-13,2648,43336,2,1.5,24.76,8.25,12.38,16.5,8.260000000000002,0.3336025848142165,False,True
INV-203521,2026-02-28,5102,36308,9,9.0,60.75,4.5,6.75,40.5,20.25,0.3333333333333333,False,True
INV-203522,2026-07-10,2501,64866,4,3.0,149.96,24.99,37.49,99.96,50.000000000000014,0.3334222459322487,False,True
INV-203523,2026-02-23,3385,11788,6,10.5,87.78,9.75,14.63,58.5,29.28,0.33356117566643884,False,True
INV-203524,2026-06-23,4829,64866,7,5.25,262.43,24.99,37.49,174.92999999999998,87.50000000000003,0.3334222459322487,False,True
INV-203525,2026-04-28,4829,26827,3,2.25,56.25,12.5,18.75,37.5,18.75,0.3333333333333333,False,True
INV-203526,2026-05-13,5102,11788,5,8.75,73.15,9.75,14.63,48.75,24.400000000000006,0.3335611756664389,False,True
INV-203527,2026-07-19,5102,64866,14,10.5,524.86,24.99,37.49,349.85999999999996,175.00000000000006,0.3334222459322487,False,True
INV-203528,2026-03-25,4829,36308,1,1.0,6.75,4.5,6.75,4.5,2.25,0.3333333333333333,False,True
INV-203529,2026-07-09,2190,11788,1,1.75,14.63,,14.63,,,,False,False
INV-203530,2026-04-02,2633,43336,7,5.25,86.66,8.25,12.38,57.75,28.909999999999997,0.33360258481421645,False,True
INV-203531,2026-02-25,2190,11788,4,7.0,58.52,9.75,14.63,39.0,19.520000000000003,0.33356117566643884,False,True
INV-203532,2026-06-18,5102,43336,2,1.5,24.76,8.25,12.38,16.5,8.260000000000002,0.3336025848142165,False,True
INV-203533,2026-02-12,2501,35918,1,1.75,13.49,8.99,13.49,8.99,4.5,0.3335804299481097,False,True
INV-203534,2026-02-14,2648,43336,2,1.5,24.76,8.25,12.38,16.5,8.260000000000002,0.3336025848142165,False,True
INV-203535,2026-04-12,2501,43336,10,7.5,123.8,8.25,12.38,82.5,41.3,0.33360258481421645,False,True
INV-203536,2026-07-16,3385,36308,1,1.0,6.75,4.5,6.75,4.5,2.25,0.3333333333333333,False,True
INV-203537,2026-04-22,3385,35918,2,3.5,26.98,8.99,13.49,17.98,9.0,0.3335804299481097,False,True
INV-203538,2026-03-18,5102,77779,4,1.5,48.4,11.0,12.1,44.0,4.399999999999999,0.09090909090909088,False,True
INV-203539,2026-05-07,5102,77779,3,1.12,36.3,11.0,12.1,33.0,3.299999999999997,0.09090909090909084,False,True
INV-203540,2026-06-07,5102,64866,1,0.75,37.49,24.99,37.49,24.99,12.500000000000004,0.3334222459322487,False,True
INV-203541,2026-03-15,2501,36308,6,6.0,40.5,4.5,6.75,27.0,13.5,0.3333333333333333,False,True
INV-203542,2026-06-29,5102,26827,1,0.75,18.75,12.5,18.75,12.5,6.25,0.3333333333333333,False,True
INV-203543,2026-03-07,3385,43336,1,0.75,12.38,8.25,12.38,8.25,4.130000000000001,0.3336025848142165,False,True
INV-203544,2026-02-01,2501,77779,7,2.62,84.7,11.0,12.1,77.0,7.700000000000003,0.09090909090909094,False,True
INV-203545,2026-02-04,2501,26827,16,12.0,300.0,12.5,18.75,200.0,100.0,0.3333333333333333,False,True
INV-203546,2026-06-06,2190,26827,13,9.75,243.75,12.5,18.75,162.5,81.25,0.3333333333333333,False,True
INV-203547,2026-05-28,5102,19067,2,1.5,53.98,17.99,26.99,35.98,18.0,0.33345683586513525,False,True
INV-203548,2026-04-17,2190,43336,6,4.5,74.28,8.25,12.38,49.5,24.78,0.3336025848142165,False,True
INV-203549,2026-04-08,4829,64866,10,7.5,374.9,24.99,37.49,249.89999999999998,125.0,0.3334222459322486,False,True
INV-203550,2026-03-08,2633,35918,1,1.75,13.49,8.99,13.49,8.99,4.5,0.3335804299481097,False,True
INV-203551,2026-02-15,5102,36308,15,15.0,101.25,4.5,6.75,67.5,33.75,0.3333333333333333,False,True
INV-203552,2026-06-11,3385,43336,6,4.5,74.28,,12.38,,,,False,False
INV-203553,2026-05-30,4829,26827,4,3.0,75.0,12.5,18.75,50.0,25.0,0.3333333333333333,False,True
INV-203554,2026-03-07,4829,35918,3,5.25,40.47,8.99,13.49,26.97,13.5,0.3335804299481097,False,True
INV-203555,2026-03-07,2190,43336,1,0.75,12.38,8.25,12.38,8.25,4.130000000000001,0.3336025848142165,False,True
INV-203556,2026-05-16,2633,11788,2,3.5,29.26,9.75,14.63,19.5,9.760000000000002,0.33356117566643884,False,True
INV-203557,2026-07-09,2648,11788,2,3.5,29.26,9.75,14.63,19.5,9.760000000000002,0.33356117566643884,False,True
INV-203558,2026-04-22,2633,36308,2,2.0,13.5,4.5,6.75,9.0,4.5,0.3333333333333333,False,True
INV-203559,2026-02-01,2501,77779,3,1.12,36.3,11.0,12.1,33.0,3.299999999999997,0.09090909090909084,False,True
INV-203560,2026-05-08,2648,43336,5,3.75,61.9,8.25,12.38,41.25,20.65,0.33360258481421645,False,True
INV-203561,2026-02-02,2633,11788,18,31.5,263.34,9.75,14.63,175.5,87.83999999999997,0.3335611756664388,False,True
INV-203562,2026-05-14,4829,26827,6,4.5,112.5,12.5,18.75,75.0,37.5,0.3333333333333333,False,True
INV-203563,2026-02-16,4829,35918,2,3.5,26.98,,13.49,,,,False,False
INV-203564,2026-02-19,2190,19067,1,0.75,26.99,17.99,26.99,17.99,9.0,0.33345683586513525,False,True
INV-203565,2026-04-17,2633,36308,5,5.0,33.75,4.5,6.75,22.5,11.25,0.3333333333333333,False,True
INV-203566,2026-03-10,2633,64866,1,0.75,37.49,24.99,37.49,24.99,12.500000000000004,0.3334222459322487,False,True
INV-203567,2026-05-10,2648,19067,2,1.5,53.98,17.99,26.99,35.98,18.0,0.33345683586513525,False,True
INV-203568,2026-03-12,2190,36308,1,1.0,6.75,4.5,6.75,4.5,2.25,0.3333333333333333,False,True
INV-203569,2026-06-21,5102,64866,2,1.5,74.98,24.99,37.49,49.98,25.000000000000007,0.3334222459322487,False,True
INV-203570,2026-07-25,2501,36308,2,2.0,13.5,4.5,6.75,9.0,4.5,0.3333333333333333,False,True
INV-203571,2026-04-30,2633,36308,5,5.0,33.75,4.5,6.75,22.5,11.25,0.3333333333333333,False,True
INV-203572,2026-05-08,4829,43336,2,1.5,24.76,8.25,12.38,16.5,8.260000000000002,0.3336025848142165,False,True
INV-203573,2026-04-26,5102,43336,1,0.75,12.38,8.25,12.38,8.25,4.130000000000001,0.3336025848142165,False,True
INV-203574,2026-05-20,2501,36308,1,1.0,6.75,4.5,6.75,4.5,2.25,0.3333333333333333,False,True
INV-203575,2026-05-07,5102,43336,1,0.75,12.38,8.25,12.38,8.25,4.130000000000001,0.3336025848142165,False,True
INV-203576,2026-03-18,2648,64866,4,3.0,149.96,24.99,37.49,99.96,50.000000000000014,0.3334222459322487,False,True
INV-203577,2026-07-23,2648,26827,3,2.25,56.25,12.5,18.75,37.5,18.75,0.3333333333333333,False,True
INV-203578,2026-02-07,2648,19067,1,0.75,26.99,17.99,26.99,17.99,9.0,0.33345683586513525,False,True
INV-203579,2026-03-31,5102,36308,1,1.0,6.75,4.5,6.75,4.5,2.25,0.3333333333333333,False,True
INV-203580,2026-05-20,3385,64866,5,3.75,187.45,24.99,37.49,124.94999999999999,62.5,0.3334222459322486,False,True
INV-203581,2026-05-10,2501,36308,1,1.0,6.75,4.5,6.75,4.5,2.25,0.3333333333333333,False,True
INV-203582,2026-05-03,2633,35918,1,1.75,13.49,8.99,13.49,8.99,4.5,0.3335804299481097,False,True
INV-203583,2026-03-05,2501,64866,2,1.5,74.98,24.99,37.49,49.98,25.000000000000007,0.3334222459322487,False,True
INV-203584,2026-07-13,4829,43336,4,3.0,49.52,8.25,12.38,33.0,16.520000000000003,0.3336025848142165,False,True
INV-203585,2026-02-02,4829,64866,3,2.25,112.47,24.99,37.49,74.97,37.5,0.3334222459322486,False,True
INV-203586,2026-04-25,3385,35918,10,17.5,134.9,8.99,13.49,89.9,45.0,0.3335804299481097,False,True
INV-203587,2026-02-08,2648,77779,4,1.5,48.4,11.0,12.1,44.0,4.399999999999999,0.09090909090909088,False,True
INV-203588,2026-05-26,5102,36308,1,1.0,6.75,,6.75,,,,False,False
INV-203589,2026-05-26,2648,43336,10,7.5,123.8,8.25,12.38,82.5,41.3,0.33360258481421645,False,True
INV-203590,2026-03-13,2648,26827,2,1.5,37.5,12.5,18.75,25.0,12.5,0.3333333333333333,False,True
INV-203591,2026-04-18,2190,19067,1,0.75,26.99,17.99,26.99,17.99,9.0,0.33345683586513525,False,True
INV-203592,2026-05-28,3385,19067,3,2.25,80.97,17.99,26.99,53.97,27.0,0.33345683586513525,False,True
INV-203593,2026-02-06,3385,64866,1,0.75,37.49,24.99,37.49,24.99,12.500000000000004,0.3334222459322487,False,True
INV-203594,2026-05-11,2633,35918,1,1.75,13.49,8.99,13.49,8.99,4.5,0.3335804299481097,False,True
INV-203595,2026-07-17,3385,26827,3,2.25,56.25,12.5,18.75,37.5,18.75,0.3333333333333333,False,True
INV-203596,2026-04-12,2633,77779,2,0.75,24.2,11.0,12.1,22.0,2.1999999999999993,0.09090909090909088,False,True
INV-203597,2026-03-19,2633,36308,1,1.0,6.75,4.5,6.75,4.5,2.25,0.3333333333333333,False,True
INV-203598,2026-06-05,2190,64866,8,6.0,299.92,24.99,37.49,199.92,100.00000000000003,0.3334222459322487,False,True
INV-203599,2026-05-27,4829,26827,1,0.75,18.75,12.5,18.75,12.5,6.25,0.3333333333333333,False,True
INV-203600,2026-02-17,2501,19067,7,5.25,188.93,17.99,26.99,125.92999999999999,63.000000000000014,0.3334568358651353,False,True
INV-203601,2026-02-17,2501,26827,6,4.5,112.5,12.5,18.75,75.0,37.5,0.3333333333333333,False,True
INV-203602,2026-02-03,4829,64866,-2,-1.5,-74.98,24.99,37.49,-49.98,-25.000000000000007,0.3334222459322487,True,True
INV-203603,2026-03-30,4829,19067,2,1.5,53.98,17.99,26.99,35.98,18.0,0.33345683586513525,False,True
INV-203604,2026-07-13,3385,77779,1,0.38,12.1,11.0,12.1,11.0,1.0999999999999996,0.09090909090909088,False,True
INV-203605,2026-02-15,3385,43336,3,2.25,37.14,8.25,12.38,24.75,12.39,0.3336025848142165,False,True
INV-203606,2026-05-12,4829,11788,1,1.75,14.63,9.75,14.63,9.75,4.880000000000001,0.33356117566643884,False,True
INV-203607,2026-07-27,3385,11788,1,1.75,14.63,9.75,14.63,9.75,4.880000000000001,0.33356117566643884,False,True
INV-203608,2026-02-27,2633,64866,1,0.75,37.49,24.99,37.49,24.99,12.500000000000004,0.3334222459322487,False,True
INV-203609,2026-05-11,4829,64866,1,0.75,37.49,24.99,37.49,24.99,12.500000000000004,0.3334222459322487,False,True
INV-203610,2026-02-02,2648,26827,3,2.25,56.25,12.5,18.75,37.5,18.75,0.3333333333333333,False,True
INV-203611,2026-02-25,3385,19067,7,5.25,188.93,17.99,26.99,125.92999999999999,63.000000000000014,0.3334568358651353,False,True
INV-203612,2026-04-28,2190,26827,5,3.75,93.75,12.5,18.75,62.5,31.25,0.3333333333333333,False,True
INV-203613,2026-02-15,2633,64866,3,2.25,112.47,24.99,37.49,74.97,37.5,0.3334222459322486,False,True
INV-203614,2026-05-24,2190,77779,2,0.75,24.2,11.0,12.1,22.0,2.1999999999999993,0.09090909090909088,False,True
INV-203615,2026-06-25,4829,35918,4,7.0,53.96,8.99,13.49,35.96,18.0,0.3335804299481097,False,True
INV-203616,2026-06-23,2633,43336,2,1.5,24.76,8.25,12.38,16.5,8.260000000000002,0.3336025848142165,False,True
INV-203617,2026-02-02,3385,77779,6,2.25,72.6,11.0,12.1,66.0,6.599999999999994,0.09090909090909084,False,True
INV-203618,2026-07-19,5102,26827,1,0.75,18.75,12.5,18.75,12.5,6.25,0.3333333333333333,False,True
INV-203619,2026-06-17,2501,64866,3,2.25,112.47,24.99,37.49,74.97,37.5,0.3334222459322486,False,True
INV-203620,2026-05-13,2648,11788,1,1.75,14.63,9.75,14.63,9.75,4.880000000000001,0.33356117566643884,False,True
INV-203621,2026-07-13,4829,64866,1,0.75,37.49,24.99,37.49,24.99,12.500000000000004,0.3334222459322487,False,True
INV-203622,2026-04-23,2501,35918,2,3.5,26.98,8.99,13.49,17.98,9.0,0.3335804299481097,False,True
INV-203623,2026-06-17,2501,35918,3,5.25,40.47,8.99,13.49,26.97,13.5,0.3335804299481097,False,True
INV-203624,2026-06-05,2190,26827,1,0.75,18.75,12.5,18.75,12.5,6.25,0.3333333333333333,False,True
INV-203625,2026-05-15,2190,64866,1,0.75,37.49,24.99,37.49,24.99,12.500000000000004,0.3334222459322487,False,True
INV-203626,2026-05-27,2633,26827,3,2.25,56.25,12.5,18.75,37.5,18.75,0.3333333333333333,False,True
INV-203627,2026-04-27,2501,77779,1,0.38,12.1,11.0,12.1,11.0,1.0999999999999996,0.09090909090909088,False,True
INV-203628,2026-03-25,3385,36308,3,3.0,20.25,4.5,6.75,13.5,6.75,0.3333333333333333,False,True
INV-203629,2026-07-13,3385,35918,1,1.75,13.49,8.99,13.49,8.99,4.5,0.3335804299481097,False,True
INV-203630,2026-04-17,4829,26827,1,0.75,18.75,12.5,18.75,12.5,6.25,0.3333333333333333,False,True
INV-203631,2026-04-01,5102,77779,3,1.12,36.3,11.0,12.1,33.0,3.299999999999997,0.09090909090909084,False,True
INV-203632,2026-02-01,3385,43336,1,0.75,12.38,8.25,12.38,8.25,4.130000000000001,0.3336025848142165,False,True
INV-203633,2026-06-25,5102,35918,1,1.75,13.49,8.99,13.49,8.99,4.5,0.3335804299481097,False,True
INV-203634,2026-05-18,5102,35918,1,1.75,13.49,8.99,13.49,8.99,4.5,0.3335804299481097,False,True
INV-203635,2026-04-11,2501,43336,5,3.75,61.9,8.25,12.38,41.25,20.65,0.33360258481421645,False,True
INV-203636,2026-07-27,2648,35918,10,17.5,134.9,8.99,13.49,89.9,45.0,0.3335804299481097,False,True
INV-203637,2026-03-24,2501,77779,2,0.75,24.2,11.0,12.1,22.0,2.1999999999999993,0.09090909090909088,False,True
INV-203638,2026-05-01,2648,35918,1,1.75,13.49,8.99,13.49,8.99,4.5,0.3335804299481097,False,True
INV-203639,2026-06-19,2648,64866,8,6.0,299.92,24.99,37.49,199.92,100.00000000000003,0.3334222459322487,False,True
INV-203640,2026-03-31,3385,35918,10,17.5,134.9,8.99,13.49,89.9,45.0,0.3335804299481097,False,True
INV-203641,2026-05-03,2190,43336,11,8.25,136.18,8.25,12.38,90.75,45.43000000000001,0.3336025848142165,False,True
INV-203642,2026-03-26,5102,64866,1,0.75,37.49,24.99,37.49,24.99,12.500000000000004,0.3334222459322487,False,True
INV-203643,2026-06-15,2190,35918,3,5.25,40.47,8.99,13.49,26.97,13.5,0.3335804299481097,False,True
INV-203644,2026-07-02,2633,35918,2,3.5,26.98,8.99,13.49,17.98,9.0,0.3335804299481097,False,True
INV-203645,2026-02-23,5102,77779,1,0.38,12.1,11.0,12.1,11.0,1.0999999999999996,0.09090909090909088,False,True
INV-203646,2026-02-17,2648,26827,10,7.5,187.5,12.5,18.75,125.0,62.5,0.3333333333333333,False,True
INV-203647,2026-02-09,4829,43336,1,0.75,12.38,8.25,12.38,8.25,4.130000000000001,0.3336025848142165,False,True
INV-203648,2026-04-24,2190,19067,-5,-3.75,-134.95,17.99,26.99,-89.94999999999999,-45.0,0.33345683586513525,True,True
INV-203649,2026-03-30,2190,77779,4,1.5,48.4,11.0,12.1,44.0,4.399999999999999,0.09090909090909088,False,True
INV-203650,2026-03-05,2190,26827,1,0.75,18.75,12.5,18.75,12.5,6.25,0.3333333333333333,False,True
INV-203651,2026-03-06,2648,35918,8,14.0,107.92,8.99,13.49,71.92,36.0,0.3335804299481097,False,True
INV-203652,2026-02-08,2501,19067,3,2.25,80.97,17.99,26.99,53.97,27.0,0.33345683586513525,False,True
INV-203653,2026-06-02,2633,77779,1,0.38,12.1,11.0,12.1,11.0,1.0999999999999996,0.09090909090909088,False,True
INV-203654,2026-07-28,3385,19067,4,3.0,107.96,17.99,26.99,71.96,36.0,0.33345683586513525,False,True
INV-203655,2026-06-12,2633,77779,1,0.38,12.1,11.0,12.1,11.0,1.0999999999999996,0.09090909090909088,False,True
INV-203656,2026-03-21,2648,64866,9,6.75,337.41,24.99,37.49,224.91,112.50000000000003,0.3334222459322487,False,True
INV-203657,2026-07-26,5102,11788,12,21.0,175.56,9.75,14.63,117.0,58.56,0.33356117566643884,False,True
INV-203658,2026-03-31,2648,64866,6,4.5,224.94,24.99,37.49,149.94,75.0,0.3334222459322486,False,True
INV-203659,2026-02-24,4829,19067,1,0.75,26.99,17.99,26.99,17.99,9.0,0.33345683586513525,False,True
INV-203660,2026-05-07,4829,26827,6,4.5,112.5,12.5,18.75,75.0,37.5,0.3333333333333333,False,True
INV-203661,2026-01-30,2633,36308,4,4.0,27.0,4.5,6.75,18.0,9.0,0.3333333333333333,False,True
INV-203662,2026-06-23,2633,11788,8,14.0,117.04,9.75,14.63,78.0,39.040000000000006,0.33356117566643884,False,True
INV-203663,2026-05-03,2648,36308,2,2.0,13.5,4.5,6.75,9.0,4.5,0.3333333333333333,False,True
INV-203664,2026-06-15,3385,11788,4,7.0,58.52,9.75,14.63,39.0,19.520000000000003,0.33356117566643884,False,True
INV-203665,2026-02-13,2648,77779,3,1.12,36.3,11.0,12.1,33.0,3.299999999999997,0.09090909090909084,False,True
INV-203666,2026-02-01,2633,11788,1,1.75,14.63,9.75,14.63,9.75,4.880000000000001,0.33356117566643884,False,True
INV-203667,2026-06-04,2501,26827,2,1.5,37.5,12.5,18.75,25.0,12.5,0.3333333333333333,False,True
INV-203668,2026-02-01,5102,19067,1,0.75,26.99,17.99,26.99,17.99,9.0,0.33345683586513525,False,True
INV-203669,2026-05-19,4829,26827,1,0.75,18.75,12.5,18.75,12.5,6.25,0.3333333333333333,False,True
INV-203670,2026-07-03,2633,36308,10,10.0,67.5,4.5,6.75,45.0,22.5,0.3333333333333333,False,True
INV-203671,2026-07-07,2633,77779,1,0.38,12.1,11.0,12.1,11.0,1.0999999999999996,0.09090909090909088,False,True
INV-203672,2026-07-25,5102,77779,1,0.38,12.1,11.0,12.1,11.0,1.0999999999999996,0.09090909090909088,False,True
INV-203673,2026-04-30,4829,11788,2,3.5,29.26,9.75,14.63,19.5,9.760000000000002,0.33356117566643884,False,True
INV-203674,2026-03-11,3385,77779,1,0.38,12.1,11.0,12.1,11.0,1.0999999999999996,0.09090909090909088,False,True
INV-203675,2026-04-25,2501,19067,1,0.75,26.99,17.99,26.99,17.99,9.0,0.33345683586513525,False,True
INV-203676,2026-05-24,3385,36308,5,5.0,33.75,4.5,6.75,22.5,11.25,0.3333333333333333,False,True
INV-203677,2026-05-20,2648,36308,1,1.0,6.75,4.5,6.75,4.5,2.25,0.3333333333333333,False,True
INV-203678,2026-01-31,2633,36308,6,6.0,40.5,4.5,6.75,27.0,13.5,0.3333333333333333,False,True
INV-203679,2026-07-27,4829,36308,4,4.0,27.0,4.5,6.75,18.0,9.0,0.3333333333333333,False,True
INV-203680,2026-07-22,4829,77779,4,1.5,48.4,11.0,12.1,44.0,4.399999999999999,0.09090909090909088,False,True
INV-203681,2026-05-31,2633,77779,1,0.38,12.1,11.0,12.1,11.0,1.0999999999999996,0.09090909090909088,False,True
INV-203682,2026-07-28,4829,35918,1,1.75,13.49,8.99,13.49,8.99,4.5,0.3335804299481097,False,True
INV-203683,2026-07-24,3385,11788,1,1.75,14.63,9.75,14.63,9.75,4.880000000000001,0.33356117566643884,False,True
INV-203684,2026-02-13,4829,36308,5,5.0,33.75,4.5,6.75,22.5,11.25,0.3333333333333333,False,True
INV-203685,2026-07-14,2633,36308,4,4.0,27.0,4.5,6.75,18.0,9.0,0.3333333333333333,False,True
INV-203686,2026-07-02,2190,36308,1,1.0,6.75,4.5,6.75,4.5,2.25,0.3333333333333333,False,True
INV-203687,2026-03-05,3385,11788,3,5.25,43.89,,14.63,,,,False,False
INV-203688,2026-02-06,2190,11788,2,3.5,29.26,9.75,14.63,19.5,9.760000000000002,0.33356117566643884,False,True
INV-203689,2026-02-26,2633,77779,2,0.75,24.2,11.0,12.1,22.0,2.1999999999999993,0.09090909090909088,False,True
INV-203690,2026-04-05,2501,36308,2,2.0,13.5,4.5,6.75,9.0,4.5,0.3333333333333333,False,True
INV-203691,2026-03-09,5102,77779,3,1.12,36.3,11.0,12.1,33.0,3.299999999999997,0.09090909090909084,False,True
INV-203692,2026-04-22,4829,11788,4,7.0,58.52,9.75,14.63,39.0,19.520000000000003,0.33356117566643884,False,True
INV-203693,2026-06-19,4829,19067,5,3.75,134.95,17.99,26.99,89.94999999999999,45.0,0.33345683586513525,False,True
INV-203694,2026-07-15,2633,36308,1,1.0,6.75,4.5,6.75,4.5,2.25,0.3333333333333333,False,True
INV-203695,2026-06-19,3385,35918,4,7.0,53.96,8.99,13.49,35.96,18.0,0.3335804299481097,False,True
INV-203696,2026-04-20,2633,19067,8,6.0,215.92,17.99,26.99,143.92,72.0,0.33345683586513525,False,True
INV-203697,2026-07-28,2501,11788,1,1.75,14.63,9.75,14.63,9.75,4.880000000000001,0.33356117566643884,False,True
INV-203698,2026-03-26,2633,43336,2,1.5,24.76,8.25,12.38,16.5,8.260000000000002,0.3336025848142165,False,True
INV-203699,2026-04-09,5102,64866,1,0.75,37.49,24.99,37.49,24.99,12.500000000000004,0.3334222459322487,False,True
INV-203700,2026-05-20,2501,64866,1,0.75,37.49,24.99,37.49,24.99,12.500000000000004,0.3334222459322487,False,True
INV-203701,2026-02-23,5102,43336,5,3.75,61.9,8.25,12.38,41.25,20.65,0.33360258481421645,False,True
INV-203702,2026-03-13,2501,19067,6,4.5,161.94,17.99,26.99,107.94,54.0,0.33345683586513525,False,True
INV-203703,2026-04-30,3385,36308,5,5.0,33.75,4.5,6.75,22.5,11.25,0.3333333333333333,False,True
INV-203704,2026-05-01,3385,64866,15,11.25,562.35,24.99,37.49,374.84999999999997,187.50000000000006,0.3334222459322487,False,True
INV-203705,2026-07-21,3385,77779,1,0.38,12.1,11.0,12.1,11.0,1.0999999999999996,0.09090909090909088,False,True
INV-203706,2026-04-25,2190,26827,1,0.75,18.75,12.5,18.75,12.5,6.25,0.3333333333333333,False,True
INV-203707,2026-07-05,2648,35918,3,5.25,40.47,8.99,13.49,26.97,13.5,0.3335804299481097,False,True
INV-203708,2026-05-24,3385,26827,2,1.5,37.5,12.5,18.75,25.0,12.5,0.3333333333333333,False,True
INV-203709,2026-02-20,2648,77779,1,0.38,12.1,11.0,12.1,11.0,1.0999999999999996,0.09090909090909088,False,True
INV-203710,2026-07-02,5102,77779,1,0.38,12.1,11.0,12.1,11.0,1.0999999999999996,0.09090909090909088,False,True
INV-203711,2026-07-18,5102,36308,2,2.0,13.5,4.5,6.75,9.0,4.5,0.3333333333333333,False,True
INV-203712,2026-02-04,2633,19067,4,3.0,107.96,17.99,26.99,71.96,36.0,0.33345683586513525,False,True
INV-203713,2026-04-14,2501,64866,2,1.5,74.98,24.99,37.49,49.98,25.000000000000007,0.3334222459322487,False,True
INV-203714,2026-06-29,5102,26827,2,1.5,37.5,12.5,18.75,25.0,12.5,0.3333333333333333,False,True
INV-203715,2026-04-25,2633,35918,1,1.75,13.49,8.99,13.49,8.99,4.5,0.3335804299481097,False,True
INV-203716,2026-04-12,2633,77779,3,1.12,36.3,11.0,12.1,33.0,3.299999999999997,0.09090909090909084,False,True
INV-203717,2026-06-20,3385,43336,6,4.5,74.28,8.25,12.38,49.5,24.78,0.3336025848142165,False,True
INV-203718,2026-04-03,2190,11788,3,5.25,43.89,9.75,14.63,29.25,14.64,0.33356117566643884,False,True
INV-203719,2026-06-10,2648,77779,3,1.12,36.3,11.0,12.1,33.0,3.299999999999997,0.09090909090909084,False,True
INV-203720,2026-01-30,2190,19067,3,2.25,80.97,17.99,26.99,53.97,27.0,0.33345683586513525,False,True
INV-203721,2026-02-27,3385,19067,2,1.5,53.98,17.99,26.99,35.98,18.0,0.33345683586513525,False,True
INV-203722,2026-04-06,2501,11788,1,1.75,14.63,9.75,14.63,9.75,4.880000000000001,0.33356117566643884,False,True
INV-203723,2026-07-13,2190,77779,1,0.38,12.1,11.0,12.1,11.0,1.0999999999999996,0.09090909090909088,False,True
INV-203724,2026-02-24,2648,26827,1,0.75,18.75,12.5,18.75,12.5,6.25,0.3333333333333333,False,True
INV-203725,2026-05-26,2633,64866,18,13.5,674.82,24.99,37.49,449.82,225.00000000000006,0.3334222459322487,False,True
INV-203726,2026-03-06,5102,64866,9,6.75,337.41,24.99,37.49,224.91,112.50000000000003,0.3334222459322487,False,True
INV-203727,2026-05-08,2501,35918,4,7.0,53.96,8.99,13.49,35.96,18.0,0.3335804299481097,False,True
INV-203728,2026-07-05,2190,64866,3,2.25,112.47,24.99,37.49,74.97,37.5,0.3334222459322486,False,True
INV-203729,2026-06-06,2648,43336,2,1.5,24.76,8.25,12.38,16.5,8.260000000000002,0.3336025848142165,False,True
INV-203730,2026-03-24,3385,11788,11,19.25,160.93,9.75,14.63,107.25,53.68000000000001,0.33356117566643884,False,True
INV-203731,2026-04-12,2648,19067,5,3.75,134.95,17.99,26.99,89.94999999999999,45.0,0.33345683586513525,False,True
INV-203732,2026-07-28,2648,35918,1,1.75,13.49,8.99,13.49,8.99,4.5,0.3335804299481097,False,True
INV-203733,2026-03-07,2633,77779,3,1.12,36.3,11.0,12.1,33.0,3.299999999999997,0.09090909090909084,False,True
INV-203734,2026-04-25,2648,35918,5,8.75,67.45,8.99,13.49,44.95,22.5,0.3335804299481097,False,True
INV-203735,2026-03-01,4829,35918,1,1.75,13.49,8.99,13.49,8.99,4.5,0.3335804299481097,False,True
INV-203736,2026-06-13,2190,36308,1,1.0,6.75,4.5,6.75,4.5,2.25,0.3333333333333333,False,True
INV-203737,2026-03-10,2501,35918,3,5.25,40.47,,13.49,,,,False,False
INV-203738,2026-02-24,5102,26827,1,0.75,18.75,12.5,18.75,12.5,6.25,0.3333333333333333,False,True
INV-203739,2026-06-19,2501,26827,10,7.5,187.5,12.5,18.75,125.0,62.5,0.3333333333333333,False,True
INV-203740,2026-04-16,3385,43336,2,1.5,24.76,8.25,12.38,16.5,8.260000000000002,0.3336025848142165,False,True
INV-203741,2026-02-17,3385,64866,1,0.75,37.49,24.99,37.49,24.99,12.500000000000004,0.3334222459322487,False,True
INV-203742,2026-06-08,2648,26827,2,1.5,37.5,12.5,18.75,25.0,12.5,0.3333333333333333,False,True
INV-203743,2026-05-25,2501,64866,2,1.5,74.98,24.99,37.49,49.98,25.000000000000007,0.3334222459322487,False,True
INV-203744,2026-06-06,2501,26827,7,5.25,131.25,12.5,18.75,87.5,43.75,0.3333333333333333,False,True
INV-203745,2026-02-16,2501,35918,4,7.0,53.96,8.99,13.49,35.96,18.0,0.3335804299481097,False,True
INV-203746,2026-02-08,2190,43336,2,1.5,24.76,8.25,12.38,16.5,8.260000000000002,0.3336025848142165,False,True
INV-203747,2026-05-07,3385,35918,1,1.75,13.49,8.99,13.49,8.99,4.5,0.3335804299481097,False,True
INV-203748,2026-06-27,2190,64866,5,3.75,187.45,24.99,37.49,124.94999999999999,62.5,0.3334222459322486,False,True
INV-203749,2026-03-31,2648,35918,5,8.75,67.45,8.99,13.49,44.95,22.5,0.3335804299481097,False,True
INV-203750,2026-04-17,5102,35918,8,14.0,107.92,8.99,13.49,71.92,36.0,0.3335804299481097,False,True
INV-203751,2026-02-06,3385,26827,1,0.75,18.75,12.5,18.75,12.5,6.25,0.3333333333333333,False,True
INV-203752,2026-02-23,3385,36308,8,8.0,54.0,4.5,6.75,36.0,18.0,0.3333333333333333,False,True
INV-203753,2026-04-24,2190,35918,3,5.25,40.47,8.99,13.49,26.97,13.5,0.3335804299481097,False,True
INV-203754,2026-04-06,5102,64866,1,0.75,37.49,24.99,37.49,24.99,12.500000000000004,0.3334222459322487,False,True
INV-203755,2026-02-20,2190,11788,12,21.0,175.56,9.75,14.63,117.0,58.56,0.33356117566643884,False,True
INV-203756,2026-03-23,2501,36308,2,2.0,13.5,4.5,6.75,9.0,4.5,0.3333333333333333,False,True
INV-203757,2026-03-18,4829,35918,2,3.5,26.98,8.99,13.49,17.98,9.0,0.3335804299481097,False,True
INV-203758,2026-07-12,2190,64866,1,0.75,37.49,24.99,37.49,24.99,12.500000000000004,0.3334222459322487,False,True
INV-203759,2026-03-23,2648,43336,2,1.5,24.76,8.25,12.38,16.5,8.260000000000002,0.3336025848142165,False,True
INV-203760,2026-05-15,2501,35918,8,14.0,107.92,8.99,13.49,71.92,36.0,0.3335804299481097,False,True
INV-203761,2026-02-25,2501,11788,6,10.5,87.78,9.75,14.63,58.5,29.28,0.33356117566643884,False,True
INV-203762,2026-03-06,3385,43336,3,2.25,37.14,8.25,12.38,24.75,12.39,0.3336025848142165,False,True
INV-203763,2026-05-01,5102,26827,4,3.0,75.0,12.5,18.75,50.0,25.0,0.3333333333333333,False,True
INV-203764,2026-02-24,4829,26827,1,0.75,18.75,12.5,18.75,12.5,6.25,0.3333333333333333,False,True
INV-203765,2026-03-19,2648,64866,42,31.5,1574.58,24.99,37.49,1049.58,525.0,0.3334222459322486,False,True
INV-203766,2026-06-11,2648,11788,4,7.0,58.52,9.75,14.63,39.0,19.520000000000003,0.33356117566643884,False,True
INV-203767,2026-07-18,2633,19067,12,9.0,323.88,17.99,26.99,215.88,108.0,0.33345683586513525,False,True
INV-203768,2026-02-05,4829,43336,6,4.5,74.28,8.25,12.38,49.5,24.78,0.3336025848142165,False,True
INV-203769,2026-04-15,2190,36308,1,1.0,6.75,4.5,6.75,4.5,2.25,0.3333333333333333,False,True
INV-203770,2026-03-16,5102,43336,1,0.75,12.38,8.25,12.38,8.25,4.130000000000001,0.3336025848142165,False,True
INV-203771,2026-03-08,2648,35918,4,7.0,53.96,8.99,13.49,35.96,18.0,0.3335804299481097,False,True
INV-203772,2026-07-09,5102,77779,1,0.38,12.1,11.0,12.1,11.0,1.0999999999999996,0.09090909090909088,False,True
INV-203773,2026-04-05,5102,36308,2,2.0,13.5,4.5,6.75,9.0,4.5,0.3333333333333333,False,True
INV-203774,2026-03-15,2648,36308,5,5.0,33.75,4.5,6.75,22.5,11.25,0.3333333333333333,False,True
INV-203775,2026-06-16,2501,36308,4,4.0,27.0,4.5,6.75,18.0,9.0,0.3333333333333333,False,True
INV-203776,2026-04-16,5102,26827,6,4.5,112.5,12.5,18.75,75.0,37.5,0.3333333333333333,False,True
INV-203777,2026-05-28,2190,43336,1,0.75,12.38,8.25,12.38,8.25,4.130000000000001,0.3336025848142165,False,True
INV-203778,2026-06-16,5102,11788,3,5.25,43.89,9.75,14.63,29.25,14.64,0.33356117566643884,False,True
INV-203779,2026-03-04,4829,77779,1,0.38,12.1,11.0,12.1,11.0,1.0999999999999996,0.09090909090909088,False,True
INV-203780,2026-04-18,5102,35918,2,3.5,26.98,8.99,13.49,17.98,9.0,0.3335804299481097,False,True
INV-203781,2026-05-11,3385,19067,1,0.75,26.99,17.99,26.99,17.99,9.0,0.33345683586513525,False,True
INV-203782,2026-07-28,3385,77779,1,0.38,12.1,11.0,12.1,11.0,1.0999999999999996,0.09090909090909088,False,True
INV-203783,2026-06-19,2633,64866,5,3.75,187.45,24.99,37.49,124.94999999999999,62.5,0.3334222459322486,False,True
INV-203784,2026-07-08,3385,35918,1,1.75,13.49,8.99,13.49,8.99,4.5,0.3335804299481097,False,True
INV-203785,2026-03-10,2190,43336,1,0.75,12.38,8.25,12.38,8.25,4.130000000000001,0.3336025848142165,False,True
INV-203786,2026-03-04,5102,19067,8,6.0,215.92,17.99,26.99,143.92,72.0,0.33345683586513525,False,True
INV-203787,2026-06-11,2501,77779,5,1.88,60.5,11.0,12.1,55.0,5.5,0.09090909090909091,False,True
INV-203788,2026-02-25,2648,43336,4,3.0,49.52,8.25,12.38,33.0,16.520000000000003,0.3336025848142165,False,True
INV-203789,2026-06-07,2501,64866,5,3.75,187.45,24.99,37.49,124.94999999999999,62.5,0.3334222459322486,False,True
INV-203790,2026-06-11,5102,19067,7,5.25,188.93,17.99,26.99,125.92999999999999,63.000000000000014,0.3334568358651353,False,True
INV-203791,2026-05-22,2633,36308,1,1.0,6.75,4.5,6.75,4.5,2.25,0.3333333333333333,False,True
INV-203792,2026-05-10,2190,26827,1,0.75,18.75,12.5,18.75,12.5,6.25,0.3333333333333333,False,True
INV-203793,2026-07-26,5102,35918,1,1.75,13.49,8.99,13.49,8.99,4.5,0.3335804299481097,False,True
INV-203794,2026-02-18,4829,26827,1,0.75,18.75,12.5,18.75,12.5,6.25,0.3333333333333333,False,True
INV-203795,2026-02-26,2633,11788,1,1.75,14.63,9.75,14.63,9.75,4.880000000000001,0.33356117566643884,False,True
INV-203796,2026-06-23,4829,43336,3,2.25,37.14,8.25,12.38,24.75,12.39,0.3336025848142165,False,True
INV-203797,2026-03-29,2501,77779,10,3.75,121.0,11.0,12.1,110.0,11.0,0.09090909090909091,False,True
INV-203798,2026-04-20,5102,19067,4,3.0,107.96,17.99,26.99,71.96,36.0,0.33345683586513525,False,True
INV-203799,2026-04-22,2190,35918,14,24.5,188.86,8.99,13.49,125.86,63.000000000000014,0.33358042994810977,False,True
INV-203800,2026-07-18,2648,43336,2,1.5,24.76,8.25,12.38,16.5,8.260000000000002,0.3336025848142165,False,True
INV-203801,2026-03-03,2501,36308,3,3.0,20.25,4.5,6.75,13.5,6.75,0.3333333333333333,False,True
INV-203802,2026-05-14,2190,64866,1,0.75,37.49,24.99,37.49,24.99,12.500000000000004,0.3334222459322487,False,True
INV-203803,2026-02-05,2633,11788,29,50.75,424.27,9.75,14.63,282.75,141.51999999999998,0.3335611756664388,False,True
INV-203804,2026-04-13,4829,26827,23,17.25,431.25,12.5,18.75,287.5,143.75,0.3333333333333333,False,True
INV-203805,2026-03-01,2190,35918,2,3.5,26.98,8.99,13.49,17.98,9.0,0.3335804299481097,False,True
INV-203806,2026-06-05,2648,11788,3,5.25,43.89,9.75,14.63,29.25,14.64,0.33356117566643884,False,True
INV-203807,2026-03-24,3385,77779,3,1.12,36.3,11.0,12.1,33.0,3.299999999999997,0.09090909090909084,False,True
INV-203808,2026-03-24,3385,11788,1,1.75,14.63,9.75,14.63,9.75,4.880000000000001,0.33356117566643884,False,True
INV-203809,2026-05-10,2633,26827,9,6.75,168.75,12.5,18.75,112.5,56.25,0.3333333333333333,False,True
INV-203810,2026-03-05,2501,64866,3,2.25,112.47,24.99,37.49,74.97,37.5,0.3334222459322486,False,True
INV-203811,2026-04-22,2501,43336,8,6.0,99.04,8.25,12.38,66.0,33.040000000000006,0.3336025848142165,False,True
INV-203812,2026-04-16,3385,64866,2,1.5,74.98,24.99,37.49,49.98,25.000000000000007,0.3334222459322487,False,True
INV-203813,2026-02-27,5102,26827,2,1.5,37.5,12.5,18.75,25.0,12.5,0.3333333333333333,False,True
INV-203814,2026-01-30,5102,19067,1,0.75,26.99,17.99,26.99,17.99,9.0,0.33345683586513525,False,True
INV-203815,2026-04-11,4829,11788,2,3.5,29.26,9.75,14.63,19.5,9.760000000000002,0.33356117566643884,False,True
INV-203816,2026-06-20,2190,77779,4,1.5,48.4,11.0,12.1,44.0,4.399999999999999,0.09090909090909088,False,True
INV-203817,2026-04-06,2190,35918,5,8.75,67.45,8.99,13.49,44.95,22.5,0.3335804299481097,False,True
INV-203818,2026-07-20,2648,11788,8,14.0,117.04,9.75,14.63,78.0,39.040000000000006,0.33356117566643884,False,True
INV-203819,2026-07-17,2501,43336,9,6.75,111.42,8.25,12.38,74.25,37.17,0.3336025848142165,False,True
INV-203820,2026-07-26,2648,64866,3,2.25,112.47,24.99,37.49,74.97,37.5,0.3334222459322486,False,True
INV-203821,2026-03-30,2648,64866,10,7.5,374.9,24.99,37.49,249.89999999999998,125.0,0.3334222459322486,False,True
INV-203822,2026-06-06,2633,19067,1,0.75,26.99,17.99,26.99,17.99,9.0,0.33345683586513525,False,True
INV-203823,2026-05-22,4829,43336,1,0.75,12.38,8.25,12.38,8.25,4.130000000000001,0.3336025848142165,False,True
INV-203824,2026-06-11,5102,43336,1,0.75,12.38,8.25,12.38,8.25,4.130000000000001,0.3336025848142165,False,True
INV-203825,2026-04-15,2190,43336,1,0.75,12.38,8.25,12.38,8.25,4.130000000000001,0.3336025848142165,False,True
INV-203826,2026-04-16,4829,64866,3,2.25,112.47,24.99,37.49,74.97,37.5,0.3334222459322486,False,True
INV-203827,2026-04-28,2501,36308,5,5.0,33.75,4.5,6.75,22.5,11.25,0.3333333333333333,False,True
INV-203828,2026-06-28,2633,43336,3,2.25,37.14,8.25,12.38,24.75,12.39,0.3336025848142165,False,True
INV-203829,2026-04-14,2648,36308,1,1.0,6.75,4.5,6.75,4.5,2.25,0.3333333333333333,False,True
INV-203830,2026-03-25,5102,35918,-1,-1.75,-13.49,8.99,13.49,-8.99,-4.5,0.3335804299481097,True,True
INV-203831,2026-06-19,2190,64866,4,3.0,149.96,24.99,37.49,99.96,50.000000000000014,0.3334222459322487,False,True
INV-203832,2026-02-05,2633,43336,13,9.75,160.94,8.25,12.38,107.25,53.69,0.33360258481421645,False,True
INV-203833,2026-06-03,2648,64866,1,0.75,37.49,24.99,37.49,24.99,12.500000000000004,0.3334222459322487,False,True
INV-203834,2026-01-30,4829,36308,2,2.0,13.5,4.5,6.75,9.0,4.5,0.3333333333333333,False,True
INV-203835,2026-04-22,5102,43336,4,3.0,49.52,8.25,12.38,33.0,16.520000000000003,0.3336025848142165,False,True
INV-203836,2026-06-08,2633,19067,7,5.25,188.93,17.99,26.99,125.92999999999999,63.000000000000014,0.3334568358651353,False,True
INV-203837,2026-03-08,4829,43336,5,3.75,61.9,8.25,12.38,41.25,20.65,0.33360258481421645,False,True
INV-203838,2026-05-15,2190,11788,8,14.0,117.04,9.75,14.63,78.0,39.040000000000006,0.33356117566643884,False,True
INV-203839,2026-07-16,4829,77779,2,0.75,24.2,11.0,12.1,22.0,2.1999999999999993,0.09090909090909088,False,True
INV-203840,2026-02-01,4829,19067,3,2.25,80.97,17.99,26.99,53.97,27.0,0.33345683586513525,False,True
INV-203841,2026-05-14,4829,36308,5,5.0,33.75,4.5,6.75,22.5,11.25,0.3333333333333333,False,True
INV-203842,2026-07-12,2190,43336,3,2.25,37.14,8.25,12.38,24.75,12.39,0.3336025848142165,False,True
INV-203843,2026-07-26,2633,36308,2,2.0,13.5,4.5,6.75,9.0,4.5,0.3333333333333333,False,True
INV-203844,2026-03-28,2190,64866,3,2.25,112.47,24.99,37.49,74.97,37.5,0.3334222459322486,False,True
INV-203845,2026-03-12,3385,19067,4,3.0,107.96,17.99,26.99,71.96,36.0,0.33345683586513525,False,True
INV-203846,2026-03-31,5102,43336,3,2.25,37.14,8.25,12.38,24.75,12.39,0.3336025848142165,False,True
INV-203847,2026-04-24,2633,26827,1,0.75,18.75,12.5,18.75,12.5,6.25,0.3333333333333333,False,True
INV-203848,2026-05-22,5102,35918,1,1.75,13.49,8.99,13.49,8.99,4.5,0.3335804299481097,False,True
INV-203849,2026-03-13,5102,43336,7,5.25,86.66,8.25,12.38,57.75,28.909999999999997,0.33360258481421645,False,True
INV-203850,2026-05-20,3385,64866,2,1.5,74.98,24.99,37.49,49.98,25.000000000000007,0.3334222459322487,False,True
INV-203851,2026-05-25,4829,11788,1,1.75,14.63,9.75,14.63,9.75,4.880000000000001,0.33356117566643884,False,True
INV-203852,2026-05-05,3385,64866,-1,-0.75,-37.49,24.99,37.49,-24.99,-12.500000000000004,0.3334222459322487,True,True
INV-203853,2026-06-15,3385,77779,6,2.25,72.6,11.0,12.1,66.0,6.599999999999994,0.09090909090909084,False,True
INV-203854,2026-05-05,2190,36308,2,2.0,13.5,4.5,6.75,9.0,4.5,0.3333333333333333,False,True
INV-203855,2026-03-16,2501,11788,3,5.25,43.89,9.75,14.63,29.25,14.64,0.33356117566643884,False,True
INV-203856,2026-02-09,2633,43336,2,1.5,24.76,8.25,12.38,16.5,8.260000000000002,0.3336025848142165,False,True
INV-203857,2026-04-01,5102,26827,2,1.5,37.5,12.5,18.75,25.0,12.5,0.3333333333333333,False,True
INV-203858,2026-06-19,3385,19067,7,5.25,188.93,17.99,26.99,125.92999999999999,63.000000000000014,0.3334568358651353,False,True
INV-203859,2026-02-16,3385,11788,8,14.0,117.04,9.75,14.63,78.0,39.040000000000006,0.33356117566643884,False,True
INV-203860,2026-06-03,3385,77779,3,1.12,36.3,11.0,12.1,33.0,3.299999999999997,0.09090909090909084,False,True
INV-203861,2026-02-18,3385,36308,3,3.0,20.25,4.5,6.75,13.5,6.75,0.3333333333333333,False,True
INV-203862,2026-03-29,2648,26827,6,4.5,112.5,12.5,18.75,75.0,37.5,0.3333333333333333,False,True
INV-203863,2026-05-31,2648,26827,5,3.75,93.75,12.5,18.75,62.5,31.25,0.3333333333333333,False,True
INV-203864,2026-04-18,4829,19067,13,9.75,350.87,17.99,26.99,233.86999999999998,117.00000000000003,0.3334568358651353,False,True
INV-203865,2026-06-13,5102,26827,2,1.5,37.5,12.5,18.75,25.0,12.5,0.3333333333333333,False,True
INV-203866,2026-02-03,5102,43336,2,1.5,24.76,8.25,12.38,16.5,8.260000000000002,0.3336025848142165,False,True
INV-203867,2026-04-25,2633,11788,-26,-45.5,-380.38,9.75,14.63,-253.5,-126.88,0.33356117566643884,True,True
INV-203868,2026-03-08,5102,11788,4,7.0,58.52,9.75,14.63,39.0,19.520000000000003,0.33356117566643884,False,True
INV-203869,2026-07-04,5102,35918,2,3.5,26.98,8.99,13.49,17.98,9.0,0.3335804299481097,False,True
INV-203870,2026-03-01,4829,64866,2,1.5,74.98,24.99,37.49,49.98,25.000000000000007,0.3334222459322487,False,True
INV-203871,2026-05-19,2190,64866,1,0.75,37.49,24.99,37.49,24.99,12.500000000000004,0.3334222459322487,False,True
INV-203872,2026-02-15,2633,35918,1,1.75,13.49,8.99,13.49,8.99,4.5,0.3335804299481097,False,True
INV-203873,2026-07-08,2501,36308,3,3.0,20.25,4.5,6.75,13.5,6.75,0.3333333333333333,False,True
INV-203874,2026-04-22,2633,19067,3,2.25,80.97,17.99,26.99,53.97,27.0,0.33345683586513525,False,True
INV-203875,2026-05-30,4829,43336,2,1.5,24.76,8.25,12.38,16.5,8.260000000000002,0.3336025848142165,False,True
INV-203876,2026-03-12,3385,11788,1,1.75,14.63,9.75,14.63,9.75,4.880000000000001,0.33356117566643884,False,True
INV-203877,2026-06-24,2633,43336,12,9.0,148.56,8.25,12.38,99.0,49.56,0.3336025848142165,False,True
INV-203878,2026-05-02,4829,36308,2,2.0,13.5,,6.75,,,,False,False
INV-203879,2026-03-09,2501,77779,5,1.88,60.5,11.0,12.1,55.0,5.5,0.09090909090909091,False,True
INV-203880,2026-02-06,5102,11788,5,8.75,73.15,9.75,14.63,48.75,24.400000000000006,0.3335611756664389,False,True
INV-203881,2026-05-22,5102,77779,3,1.12,36.3,11.0,12.1,33.0,3.299999999999997,0.09090909090909084,False,True
INV-203882,2026-04-23,2648,36308,1,1.0,6.75,4.5,6.75,4.5,2.25,0.3333333333333333,False,True
INV-203883,2026-05-07,2501,11788,1,1.75,14.63,9.75,14.63,9.75,4.880000000000001,0.33356117566643884,False,True
INV-203884,2026-03-29,2633,11788,1,1.75,14.63,9.75,14.63,9.75,4.880000000000001,0.33356117566643884,False,True
INV-203885,2026-02-11,2190,43336,7,5.25,86.66,8.25,12.38,57.75,28.909999999999997,0.33360258481421645,False,True
INV-203886,2026-02-05,2501,77779,1,0.38,12.1,11.0,12.1,11.0,1.0999999999999996,0.09090909090909088,False,True
INV-203887,2026-05-16,5102,43336,3,2.25,37.14,8.25,12.38,24.75,12.39,0.3336025848142165,False,True
INV-203888,2026-06-21,3385,36308,2,2.0,13.5,4.5,6.75,9.0,4.5,0.3333333333333333,False,True
INV-203889,2026-04-11,3385,43336,2,1.5,24.76,8.25,12.38,16.5,8.260000000000002,0.3336025848142165,False,True
INV-203890,2026-04-20,5102,77779,2,0.75,24.2,11.0,12.1,22.0,2.1999999999999993,0.09090909090909088,False,True
INV-203891,2026-02-15,2501,11788,2,3.5,29.26,9.75,14.63,19.5,9.760000000000002,0.33356117566643884,False,True
INV-203892,2026-06-13,2633,35918,1,1.75,13.49,8.99,13.49,8.99,4.5,0.3335804299481097,False,True
INV-203893,2026-03-13,4829,11788,8,14.0,117.04,9.75,14.63,78.0,39.040000000000006,0.33356117566643884,False,True
INV-203894,2026-06-23,5102,64866,4,3.0,149.96,24.99,37.49,99.96,50.000000000000014,0.3334222459322487,False,True
INV-203895,2026-02-13,2633,64866,3,2.25,112.47,24.99,37.49,74.97,37.5,0.3334222459322486,False,True
INV-203896,2026-06-10,2633,43336,3,2.25,37.14,8.25,12.38,24.75,12.39,0.3336025848142165,False,True
INV-203897,2026-04-19,2633,19067,1,0.75,26.99,17.99,26.99,17.99,9.0,0.33345683586513525,False,True
INV-203898,2026-05-09,4829,11788,1,1.75,14.63,9.75,14.63,9.75,4.880000000000001,0.33356117566643884,False,True
INV-203899,2026-03-30,4829,36308,6,6.0,40.5,4.5,6.75,27.0,13.5,0.3333333333333333,False,True
INV-203900,2026-04-13,2648,36308,1,1.0,6.75,4.5,6.75,4.5,2.25,0.3333333333333333,False,True
INV-203901,2026-02-13,2501,19067,1,0.75,26.99,17.99,26.99,17.99,9.0,0.33345683586513525,False,True
INV-203902,2026-04-12,2501,77779,5,1.88,60.5,11.0,12.1,55.0,5.5,0.09090909090909091,False,True
INV-203903,2026-04-12,4829,36308,1,1.0,6.75,4.5,6.75,4.5,2.25,0.3333333333333333,False,True
INV-203904,2026-04-12,3385,36308,1,1.0,6.75,4.5,6.75,4.5,2.25,0.3333333333333333,False,True
INV-203905,2026-03-29,2648,43336,1,0.75,12.38,8.25,12.38,8.25,4.130000000000001,0.3336025848142165,False,True
INV-203906,2026-07-02,4829,26827,2,1.5,37.5,12.5,18.75,25.0,12.5,0.3333333333333333,False,True
INV-203907,2026-02-16,3385,11788,1,1.75,14.63,9.75,14.63,9.75,4.880000000000001,0.33356117566643884,False,True
INV-203908,2026-05-22,2501,43336,1,0.75,12.38,8.25,12.38,8.25,4.130000000000001,0.3336025848142165,False,True
INV-203909,2026-03-17,4829,77779,3,1.12,36.3,11.0,12.1,33.0,3.299999999999997,0.09090909090909084,False,True
INV-203910,2026-05-19,4829,19067,10,7.5,269.9,17.99,26.99,179.89999999999998,90.0,0.33345683586513525,False,True
INV-203911,2026-06-26,2633,35918,1,1.75,13.49,8.99,13.49,8.99,4.5,0.3335804299481097,False,True
INV-203912,2026-05-04,2190,64866,1,0.75,37.49,24.99,37.49,24.99,12.500000000000004,0.3334222459322487,False,True
INV-203913,2026-02-17,2190,11788,4,7.0,58.52,9.75,14.63,39.0,19.520000000000003,0.33356117566643884,False,True
INV-203914,2026-03-12,2501,36308,9,9.0,60.75,4.5,6.75,40.5,20.25,0.3333333333333333,False,True
INV-203915,2026-03-21,4829,64866,4,3.0,149.96,24.99,37.49,99.96,50.000000000000014,0.3334222459322487,False,True
INV-203916,2026-06-28,2190,19067,1,0.75,26.99,17.99,26.99,17.99,9.0,0.33345683586513525,False,True
INV-203917,2026-07-08,5102,26827,3,2.25,56.25,12.5,18.75,37.5,18.75,0.3333333333333333,False,True
INV-203918,2026-04-04,4829,43336,8,6.0,99.04,8.25,12.38,66.0,33.040000000000006,0.3336025848142165,False,True
INV-203919,2026-05-24,5102,26827,4,3.0,75.0,12.5,18.75,50.0,25.0,0.3333333333333333,False,True
INV-203920,2026-05-13,2501,64866,3,2.25,112.47,24.99,37.49,74.97,37.5,0.3334222459322486,False,True
INV-203921,2026-05-14,4829,64866,1,0.75,37.49,24.99,37.49,24.99,12.500000000000004,0.3334222459322487,False,True
INV-203922,2026-05-06,5102,35918,5,8.75,67.45,8.99,13.49,44.95,22.5,0.3335804299481097,False,True
INV-203923,2026-07-11,3385,64866,1,0.75,37.49,24.99,37.49,24.99,12.500000000000004,0.3334222459322487,False,True
INV-203924,2026-06-06,5102,43336,7,5.25,86.66,8.25,12.38,57.75,28.909999999999997,0.33360258481421645,False,True
INV-203925,2026-03-15,2501,36308,7,7.0,47.25,4.5,6.75,31.5,15.75,0.3333333333333333,False,True
INV-203926,2026-04-14,2633,77779,3,1.12,36.3,11.0,12.1,33.0,3.299999999999997,0.09090909090909084,False,True
INV-203927,2026-06-17,2501,19067,3,2.25,80.97,17.99,26.99,53.97,27.0,0.33345683586513525,False,True
INV-203928,2026-07-15,3385,64866,2,1.5,74.98,24.99,37.49,49.98,25.000000000000007,0.3334222459322487,False,True
INV-203929,2026-06-18,2190,36308,1,1.0,6.75,4.5,6.75,4.5,2.25,0.3333333333333333,False,True
INV-203930,2026-04-04,2633,11788,6,10.5,87.78,9.75,14.63,58.5,29.28,0.33356117566643884,False,True
INV-203931,2026-07-22,2190,43336,1,0.75,12.38,8.25,12.38,8.25,4.130000000000001,0.3336025848142165,False,True
INV-203932,2026-04-03,2190,11788,6,10.5,87.78,9.75,14.63,58.5,29.28,0.33356117566643884,False,True
INV-203933,2026-03-13,2501,11788,1,1.75,14.63,9.75,14.63,9.75,4.880000000000001,0.33356117566643884,False,True
INV-203934,2026-04-05,2501,77779,2,0.75,24.2,11.0,12.1,22.0,2.1999999999999993,0.09090909090909088,False,True
INV-203935,2026-06-08,5102,26827,5,3.75,93.75,12.5,18.75,62.5,31.25,0.3333333333333333,False,True
INV-203936,2026-05-23,2648,19067,1,0.75,26.99,17.99,26.99,17.99,9.0,0.33345683586513525,False,True
INV-203937,2026-07-27,5102,35918,7,12.25,94.43,8.99,13.49,62.93,31.500000000000007,0.33358042994810977,False,True
INV-203938,2026-05-21,5102,26827,1,0.75,18.75,12.5,18.75,12.5,6.25,0.3333333333333333,False,True
INV-203939,2026-02-03,2633,77779,2,0.75,24.2,11.0,12.1,22.0,2.1999999999999993,0.09090909090909088,False,True
INV-203940,2026-05-10,2501,36308,13,13.0,87.75,4.5,6.75,58.5,29.25,0.3333333333333333,False,True
INV-203941,2026-07-26,2501,36308,4,4.0,27.0,4.5,6.75,18.0,9.0,0.3333333333333333,False,True
INV-203942,2026-07-17,2501,36308,2,2.0,13.5,4.5,6.75,9.0,4.5,0.3333333333333333,False,True
INV-203943,2026-07-05,2501,19067,1,0.75,26.99,17.99,26.99,17.99,9.0,0.33345683586513525,False,True
INV-203944,2026-04-25,3385,19067,3,2.25,80.97,17.99,26.99,53.97,27.0,0.33345683586513525,False,True
INV-203945,2026-04-23,3385,77779,1,0.38,12.1,11.0,12.1,11.0,1.0999999999999996,0.09090909090909088,False,True
INV-203946,2026-03-09,3385,77779,1,0.38,12.1,11.0,12.1,11.0,1.0999999999999996,0.09090909090909088,False,True
INV-203947,2026-02-25,4829,36308,1,1.0,6.75,4.5,6.75,4.5,2.25,0.3333333333333333,False,True
INV-203948,2026-02-16,5102,35918,1,1.75,13.49,8.99,13.49,8.99,4.5,0.3335804299481097,False,True
INV-203949,2026-04-01,2648,26827,3,2.25,56.25,12.5,18.75,37.5,18.75,0.3333333333333333,False,True
INV-203950,2026-02-20,5102,11788,5,8.75,73.15,9.75,14.63,48.75,24.400000000000006,0.3335611756664389,False,True
INV-203951,2026-04-19,2501,64866,-1,-0.75,-37.49,24.99,37.49,-24.99,-12.500000000000004,0.3334222459322487,True,True
INV-203952,2026-04-27,2190,35918,2,3.5,26.98,8.99,13.49,17.98,9.0,0.3335804299481097,False,True
INV-203953,2026-02-03,2633,26827,-3,-2.25,-56.25,12.5,18.75,-37.5,-18.75,0.3333333333333333,True,True
INV-203954,2026-02-25,2648,64866,1,0.75,37.49,24.99,37.49,24.99,12.500000000000004,0.3334222459322487,False,True
INV-203955,2026-05-20,2648,11788,1,1.75,14.63,9.75,14.63,9.75,4.880000000000001,0.33356117566643884,False,True
INV-203956,2026-02-23,3385,11788,2,3.5,29.26,9.75,14.63,19.5,9.760000000000002,0.33356117566643884,False,True
INV-203957,2026-02-09,3385,64866,5,3.75,187.45,24.99,37.49,124.94999999999999,62.5,0.3334222459322486,False,True
INV-203958,2026-02-21,3385,43336,2,1.5,24.76,8.25,12.38,16.5,8.260000000000002,0.3336025848142165,False,True
INV-203959,2026-05-01,5102,36308,3,3.0,20.25,4.5,6.75,13.5,6.75,0.3333333333333333,False,True
INV-203960,2026-02-11,2648,26827,19,14.25,356.25,12.5,18.75,237.5,118.75,0.3333333333333333,False,True
INV-203961,2026-05-08,5102,64866,3,2.25,112.47,24.99,37.49,74.97,37.5,0.3334222459322486,False,True
INV-203962,2026-04-08,4829,35918,1,1.75,13.49,8.99,13.49,8.99,4.5,0.3335804299481097,False,True
INV-203963,2026-05-31,3385,19067,1,0.75,26.99,17.99,26.99,17.99,9.0,0.33345683586513525,False,True
INV-203964,2026-02-04,2648,36308,4,4.0,27.0,4.5,6.75,18.0,9.0,0.3333333333333333,False,True
INV-203965,2026-03-02,3385,43336,1,0.75,12.38,8.25,12.38,8.25,4.130000000000001,0.3336025848142165,False,True
INV-203966,2026-07-27,5102,26827,4,3.0,75.0,12.5,18.75,50.0,25.0,0.3333333333333333,False,True
INV-203967,2026-07-10,2501,64866,4,3.0,149.96,24.99,37.49,99.96,50.000000000000014,0.3334222459322487,False,True
INV-203968,2026-06-18,4829,11788,3,5.25,43.89,9.75,14.63,29.25,14.64,0.33356117566643884,False,True
INV-203969,2026-04-20,2190,77779,6,2.25,72.6,11.0,12.1,66.0,6.599999999999994,0.09090909090909084,False,True
INV-203970,2026-05-02,3385,36308,3,3.0,20.25,4.5,6.75,13.5,6.75,0.3333333333333333,False,True
INV-203971,2026-06-19,2633,77779,3,1.12,36.3,11.0,12.1,33.0,3.299999999999997,0.09090909090909084,False,True
INV-203972,2026-06-23,5102,36308,4,4.0,27.0,4.5,6.75,18.0,9.0,0.3333333333333333,False,True
INV-203973,2026-02-15,2501,77779,2,0.75,24.2,11.0,12.1,22.0,2.1999999999999993,0.09090909090909088,False,True
INV-203974,2026-07-07,3385,19067,1,0.75,26.99,17.99,26.99,17.99,9.0,0.33345683586513525,False,True
INV-203975,2026-03-22,2190,77779,3,1.12,36.3,11.0,12.1,33.0,3.299999999999997,0.09090909090909084,False,True
INV-203976,2026-07-05,3385,11788,1,1.75,14.63,9.75,14.63,9.75,4.880000000000001,0.33356117566643884,False,True
INV-203977,2026-04-08,2648,77779,1,0.38,12.1,11.0,12.1,11.0,1.0999999999999996,0.09090909090909088,False,True
INV-203978,2026-07-05,2648,43336,2,1.5,24.76,8.25,12.38,16.5,8.260000000000002,0.3336025848142165,False,True
INV-203979,2026-04-05,2648,36308,1,1.0,6.75,4.5,6.75,4.5,2.25,0.3333333333333333,False,True
INV-203980,2026-07-21,2501,11788,2,3.5,29.26,9.75,14.63,19.5,9.760000000000002,0.33356117566643884,False,True
INV-203981,2026-06-07,5102,26827,10,7.5,187.5,12.5,18.75,125.0,62.5,0.3333333333333333,False,True
INV-203982,2026-07-18,2633,11788,2,3.5,29.26,9.75,14.63,19.5,9.760000000000002,0.33356117566643884,False,True
INV-203983,2026-07-24,2633,11788,4,7.0,58.52,9.75,14.63,39.0,19.520000000000003,0.33356117566643884,False,True
INV-203984,2026-05-26,2648,35918,12,21.0,161.88,8.99,13.49,107.88,54.0,0.3335804299481097,False,True
INV-203985,2026-07-19,3385,35918,1,1.75,13.49,8.99,13.49,8.99,4.5,0.3335804299481097,False,True
INV-203986,2026-03-19,2648,19067,1,0.75,26.99,17.99,26.99,17.99,9.0,0.33345683586513525,False,True
INV-203987,2026-04-02,3385,64866,4,3.0,149.96,24.99,37.49,99.96,50.000000000000014,0.3334222459322487,False,True
INV-203988,2026-07-08,2190,19067,2,1.5,53.98,17.99,26.99,35.98,18.0,0.33345683586513525,False,True
INV-203989,2026-03-03,3385,64866,6,4.5,224.94,24.99,37.49,149.94,75.0,0.3334222459322486,False,True
INV-203990,2026-07-12,5102,36308,1,1.0,6.75,4.5,6.75,4.5,2.25,0.3333333333333333,False,True
INV-203991,2026-02-10,2501,19067,1,0.75,26.99,17.99,26.99,17.99,9.0,0.33345683586513525,False,True
INV-203992,2026-03-23,3385,64866,1,0.75,37.49,24.99,37.49,24.99,12.500000000000004,0.3334222459322487,False,True
INV-203993,2026-04-19,2501,36308,10,10.0,67.5,4.5,6.75,45.0,22.5,0.3333333333333333,False,True
INV-203994,2026-05-08,3385,36308,2,2.0,13.5,4.5,6.75,9.0,4.5,0.3333333333333333,False,True
INV-203995,2026-07-01,4829,19067,1,0.75,26.99,17.99,26.99,17.99,9.0,0.33345683586513525,False,True
INV-203996,2026-02-05,2633,64866,7,5.25,262.43,24.99,37.49,174.92999999999998,87.50000000000003,0.3334222459322487,False,True
INV-203997,2026-03-18,2633,64866,5,3.75,187.45,24.99,37.49,124.94999999999999,62.5,0.3334222459322486,False,True
INV-203998,2026-03-31,2501,77779,1,0.38,12.1,11.0,12.1,11.0,1.0999999999999996,0.09090909090909088,False,True
INV-203999,2026-03-01,2648,36308,1,1.0,6.75,4.5,6.75,4.5,2.25,0.3333333333333333,False,True
