Facility ID,Facility Name,Address,City/Town,State,ZIP Code,County/Parish,Condition,Measure ID,Measure Name,Score,Sample,Footnote,Start Date,End Date
170115,North View Regional Medical Center,4692 Cedar St,North View,KS,51272,Pine,Emergency Department,OP_23,Percentage of patients who came to the emergency department with stroke symptoms who received brain scan results within 45 minutes,91,3146,,01/01/2025,12/31/2025
260004,Elk Haven Medical Center,6060 Fair St,Elk Haven,NE,53783,River,Emergency Department,OP_18b,Average (median) time patients spent in the emergency department before leaving from the visit,118,1428,,01/01/2025,12/31/2025
260004,Elk Haven Medical Center,5737 Prairie St,Elk Haven,NE,57136,Cedar,Emergency Department,OP_18c,Average (median) time patients spent in the emergency department before leaving from the visit - Psychiatric/Mental Health Patients,185,2328,,01/01/2025,12/31/2025
260033,River Rapids Health System,9223 River St,River Rapids,KS,51065,Fair,Emergency Department,ED_2b,Average (median) time patients spent in the emergency department after the doctor decided to admit them,Not Available,,25,01/01/2025,12/31/2025
520098,Pine Bluff County Hospital,7626 Cedar St,Pine Bluff,WI,55929,Pine,Emergency Department,OP_23,Percentage of patients who came to the emergency department with stroke symptoms who received brain scan results within 45 minutes,36,1091,,01/01/2025,12/31/2025
170063,Elk Haven Medical Center,7929 Prairie St,Elk Haven,MO,52704,Prairie,Emergency Department,OP_22,Left without being seen,,,1,01/01/2025,12/31/2025
170056,Pine Falls Community Hospital,1677 Elk St,Pine Falls,IL,54487,Cedar,Emergency Department,OP_22,Left without being seen,2.2,2893,,01/01/2025,12/31/2025
520038,Fair Grove Community Hospital,5249 Fair St,Fair Grove,IL,53335,Pine,Emergency Department,OP_18c,Average (median) time patients spent in the emergency department before leaving from the visit - Psychiatric/Mental Health Patients,423,1392,,01/01/2025,12/31/2025
430014,Fair Rapids Regional Medical Center,8579 Elk St,Fair Rapids,IL,51297,Fair,Emergency Department,OP_23,Percentage of patients who came to the emergency department with stroke symptoms who received brain scan results within 45 minutes,51,2503,,01/01/2025,12/31/2025
260076,River View County Hospital,4953 Fair St,River View,SD,53809,North,Emergency Department,ED_2b,Average (median) time patients spent in the emergency department after the doctor decided to admit them,,,1,01/01/2025,12/31/2025
430068,Grand Grove County Hospital ,7297 Prairie St,Grand Grove,MO,55307,Fair,Emergency Department,OP_23,Percentage of patients who came to the emergency department with stroke symptoms who received brain scan results within 45 minutes,,,5,01/01/2025,12/31/2025
160102,River Bluff Health System,2686 Fair St,River Bluff,IL,58099,River,Emergency Department,OP_23,Percentage of patients who came to the emergency department with stroke symptoms who received brain scan results within 45 minutes,26,2532,,01/01/2025,12/31/2025
140019,GRAND JUNCTION MEMORIAL HOSPITAL,7479 Prairie St,Grand Junction,NE,57330,North,Emergency Department,OP_18c,Average (median) time patients spent in the emergency department before leaving from the visit - Psychiatric/Mental Health Patients,299,3760,,01/01/2025,12/31/2025
240085,Grand Haven Community Hospital,9118 Prairie St,Grand Haven,MN,50552,Prairie,Emergency Department,ED_2b,Average (median) time patients spent in the emergency department after the doctor decided to admit them,83,478,,01/01/2025,12/31/2025
520090,River Bluff Health System ,8647 Cedar St,River Bluff,MO,58996,Grand,Emergency Department,OP_18c,Average (median) time patients spent in the emergency department before leaving from the visit - Psychiatric/Mental Health Patients,20,169,,01/01/2025,12/31/2025
260045,North Falls County Hospital,5007 Prairie St,North Falls,MN,56227,River,Emergency Department,ED_2b,Average (median) time patients spent in the emergency department after the doctor decided to admit them,114,3399,,01/01/2025,12/31/2025
160040,Grand Rapids Health System,4038 Elk St,Grand Rapids,NE,53366,Grand,Emergency Department,OP_23,Percentage of patients who came to the emergency department with stroke symptoms who received brain scan results within 45 minutes,84,2450,,01/01/2025,12/31/2025
520099,Grand Ridge Community Hospital,5342 Elk St,Grand Ridge,KS,53606,Prairie,Emergency Department,OP_22,Left without being seen,2.1,4179,,01/01/2025,12/31/2025
260032,Fair Junction County Hospital,2015 Pine St,Fair Junction,MN,51273,Cedar,Emergency Department,OP_18c,Average (median) time patients spent in the emergency department before leaving from the visit - Psychiatric/Mental Health Patients,153,162,,01/01/2025,12/31/2025
430010,Grand Haven Medical Center,8732 Pine St,Grand Haven,MN,57376,Elk,Emergency Department,OP_18b,Average (median) time patients spent in the emergency department before leaving from the visit,253,1718,,01/01/2025,12/31/2025
170018,Grand Grove County Hospital,7380 Elk St,Grand Grove,IL,50934,Prairie,Emergency Department,OP_22,Left without being seen,1.1,2842,,01/01/2025,12/31/2025
240006,River Grove Medical Center ,1868 Cedar St,River Grove,WI,50545,Grand,Emergency Department,OP_18c,Average (median) time patients spent in the emergency department before leaving from the visit - Psychiatric/Mental Health Patients,537,2982,,01/01/2025,12/31/2025
160064,Pine Haven Medical Center,9818 Prairie St,Pine Haven,IL,51176,Fair,Emergency Department,ED_2b,Average (median) time patients spent in the emergency department after the doctor decided to admit them,145,3797,,01/01/2025,12/31/2025
160078,Pine Rapids Health System,1786 Fair St,Pine Rapids,IA,58775,Grand,Emergency Department,OP_23,Percentage of patients who came to the emergency department with stroke symptoms who received brain scan results within 45 minutes,50,1832,,01/01/2025,12/31/2025
430039,Prairie View Memorial Hospital,9980 Fair St,Prairie View,SD,55107,River,Emergency Department,OP_18c,Average (median) time patients spent in the emergency department before leaving from the visit - Psychiatric/Mental Health Patients,240,920,,01/01/2025,12/31/2025
240100,Prairie Ridge Community Hospital,1002 River St,Prairie Ridge,WI,58673,Pine,Emergency Department,OP_18c,Average (median) time patients spent in the emergency department before leaving from the visit - Psychiatric/Mental Health Patients,306,4039,,01/01/2025,12/31/2025
170011,River Junction Regional Medical Center,7951 Cedar St,River Junction,IA,52532,Prairie,Emergency Department,OP_22,Left without being seen,3.9,913,,01/01/2025,12/31/2025
240020,Pine Rapids County Hospital,5133 Grand St,Pine Rapids,IA,57446,Cedar,Emergency Department,OP_18c,Average (median) time patients spent in the emergency department before leaving from the visit - Psychiatric/Mental Health Patients,201,427,,01/01/2025,12/31/2025
260084,Cedar Haven Community Hospital,4305 Fair St,Cedar Haven,KS,51447,Elk,Emergency Department,ED_2b,Average (median) time patients spent in the emergency department after the doctor decided to admit them,180,1021,,01/01/2025,12/31/2025
160108,Grand Bluff Memorial Hospital ,2795 Prairie St,Grand Bluff,IA,51450,Cedar,Emergency Department,OP_23,Percentage of patients who came to the emergency department with stroke symptoms who received brain scan results within 45 minutes,,,5,01/01/2025,12/31/2025
170056,Pine Falls Community Hospital,2637 Elk St,Pine Falls,IL,53504,Grand,Emergency Department,OP_23,Percentage of patients who came to the emergency department with stroke symptoms who received brain scan results within 45 minutes,42,4121,,01/01/2025,12/31/2025
260033,River Rapids Health System,7777 Prairie St,River Rapids,KS,54429,North,Emergency Department,OP_23,Percentage of patients who came to the emergency department with stroke symptoms who received brain scan results within 45 minutes,Not Available,,5,01/01/2025,12/31/2025
,KS STATE AVERAGE,,,KS,,,Emergency Department,ED_2b,Average (median) time patients spent in the emergency department after the doctor decided to admit them,118,,,01/01/2025,12/31/2025
140007,Prairie View Memorial Hospital,8198 North St,Prairie View,IA,58425,North,Emergency Department,OP_18b,Average (median) time patients spent in the emergency department before leaving from the visit,236,2450,,01/01/2025,12/31/2025
240012,Grand Falls Community Hospital,5396 Elk St,Grand Falls,IA,50804,Fair,Emergency Department,OP_18c,Average (median) time patients spent in the emergency department before leaving from the visit - Psychiatric/Mental Health Patients,390,3717,,01/01/2025,12/31/2025
170051,Elk View County Hospital,4698 Grand St,Elk View,MO,53057,River,Emergency Department,ED_2b,Average (median) time patients spent in the emergency department after the doctor decided to admit them,141,3604,,01/01/2025,12/31/2025
430070,River Ridge Memorial Hospital ,8463 Elk St,River Ridge,MO,56721,Prairie,Emergency Department,OP_18c,Average (median) time patients spent in the emergency department before leaving from the visit - Psychiatric/Mental Health Patients,247,167,,01/01/2025,12/31/2025
430110,River Ridge Memorial Hospital,1717 North St,River Ridge,NE,50465,North,Emergency Department,ED_2b,Average (median) time patients spent in the emergency department after the doctor decided to admit them,197,1589,,01/01/2025,12/31/2025
,SD STATE AVERAGE,,,SD,,,Emergency Department,OP_22,Left without being seen,2.4,,,01/01/2025,12/31/2025
240059,Cedar Haven Health System,4166 North St,Cedar Haven,IL,54724,River,Emergency Department,OP_22,Left without being seen,4.0,2337,,01/01/2025,12/31/2025
170003,Elk Falls Community Hospital,1996 Elk St,Elk Falls,IA,57699,Pine,Emergency Department,OP_23,Percentage of patients who came to the emergency department with stroke symptoms who received brain scan results within 45 minutes,83,3429,,01/01/2025,12/31/2025
140111,Elk Rapids Medical Center,1309 Fair St,Elk Rapids,IA,51694,Elk,Emergency Department,ED_2b,Average (median) time patients spent in the emergency department after the doctor decided to admit them,103,3499,,01/01/2025,12/31/2025
170063,ELK HAVEN MEDICAL CENTER,2262 Cedar St,Elk Haven,MO,51294,River,Emergency Department,OP_18c,Average (median) time patients spent in the emergency department before leaving from the visit - Psychiatric/Mental Health Patients,257,126,,01/01/2025,12/31/2025
240082,Grand Rapids Memorial Hospital,3115 Elk St,Grand Rapids,IL,57170,Grand,Emergency Department,OP_23,Percentage of patients who came to the emergency department with stroke symptoms who received brain scan results within 45 minutes,37,1066,,01/01/2025,12/31/2025
260004,Elk Haven Medical Center,8856 Pine St,Elk Haven,NE,55843,Prairie,Emergency Department,OP_22,Left without being seen,4.4,2542,,01/01/2025,12/31/2025
280072,Grand Ridge Regional Medical Center,3539 Grand St,Grand Ridge,MN,57567,River,Emergency Department,OP_18b,Average (median) time patients spent in the emergency department before leaving from the visit,207,3273,,01/01/2025,12/31/2025
160097,FAIR GROVE REGIONAL MEDICAL CENTER,1658 Elk St,Fair Grove,KS,54999,Elk,Emergency Department,OP_18c,Average (median) time patients spent in the emergency department before leaving from the visit - Psychiatric/Mental Health Patients,147,1528,,01/01/2025,12/31/2025
160040,Grand Rapids Health System,3978 Grand St,Grand Rapids,NE,52449,North,Emergency Department,OP_18b,Average (median) time patients spent in the emergency department before leaving from the visit,67,4147,,01/01/2025,12/31/2025
160118,North Falls Health System,8149 Grand St,North Falls,MO,58029,Grand,Emergency Department,OP_18b,Average (median) time patients spent in the emergency department before leaving from the visit,Not Available,,25,01/01/2025,12/31/2025
240029,Cedar View County Hospital,4206 Prairie St,Cedar View,MN,50481,Cedar,Emergency Department,OP_23,Percentage of patients who came to the emergency department with stroke symptoms who received brain scan results within 45 minutes,115,2259,,01/01/2025,12/31/2025
260087,Elk Grove Memorial Hospital,1335 Prairie St,Elk Grove,IA,55951,Pine,Emergency Department,OP_23,Percentage of patients who came to the emergency department with stroke symptoms who received brain scan results within 45 minutes,32,873,,01/01/2025,12/31/2025
170051,Elk View County Hospital,3612 Fair St,Elk View,MO,54294,Fair,Emergency Department,OP_23,Percentage of patients who came to the emergency department with stroke symptoms who received brain scan results within 45 minutes,131,2893,,01/01/2025,12/31/2025
260032,Fair Junction County Hospital,6596 Pine St,Fair Junction,MN,57973,North,Emergency Department,OP_22,Left without being seen,,,1,01/01/2025,12/31/2025
240100,Prairie Ridge Community Hospital,8529 Elk St,Prairie Ridge,WI,58290,Elk,Emergency Department,ED_2b,Average (median) time patients spent in the emergency department after the doctor decided to admit them,242,1103,,01/01/2025,12/31/2025
240100,Prairie Ridge Community Hospital,3371 North St,Prairie Ridge,WI,50901,Cedar,Emergency Department,OP_23,Percentage of patients who came to the emergency department with stroke symptoms who received brain scan results within 45 minutes,51,1406,,01/01/2025,12/31/2025
140111,Elk Rapids Medical Center,1680 Fair St,Elk Rapids,IA,53578,Cedar,Emergency Department,OP_18c,Average (median) time patients spent in the emergency department before leaving from the visit - Psychiatric/Mental Health Patients,239,902,,01/01/2025,12/31/2025
170096,Cedar Junction Regional Medical Center,9857 Pine St,Cedar Junction,IL,52991,Pine,Emergency Department,OP_18c,Average (median) time patients spent in the emergency department before leaving from the visit - Psychiatric/Mental Health Patients,528,2882,,01/01/2025,12/31/2025
520016,Pine Grove Medical Center,8871 Elk St,Pine Grove,KS,55792,Prairie,Emergency Department,ED_2b,Average (median) time patients spent in the emergency department after the doctor decided to admit them,115,2189,,01/01/2025,12/31/2025
170052,NORTH RAPIDS COMMUNITY HOSPITAL,4914 River St,North Rapids,MO,52426,River,Emergency Department,OP_18c,Average (median) time patients spent in the emergency department before leaving from the visit - Psychiatric/Mental Health Patients,192,2202,,01/01/2025,12/31/2025
430116,Elk Grove Medical Center,5782 River St,Elk Grove,MN,50281,Prairie,Emergency Department,OP_18c,Average (median) time patients spent in the emergency department before leaving from the visit - Psychiatric/Mental Health Patients,527,187,,01/01/2025,12/31/2025
430009,Grand Bluff Community Hospital,8184 Cedar St,Grand Bluff,IL,52868,River,Emergency Department,OP_18b,Average (median) time patients spent in the emergency department before leaving from the visit,113,2496,,01/01/2025,12/31/2025
280017,Cedar Bluff Regional Medical Center,8737 River St,Cedar Bluff,IA,50130,Fair,Emergency Department,OP_22,Left without being seen,2.7,1895,,01/01/2025,12/31/2025
,IA STATE AVERAGE,,,IA,,,Emergency Department,OP_23,Percentage of patients who came to the emergency department with stroke symptoms who received brain scan results within 45 minutes,68.0,,,01/01/2025,12/31/2025
240026,Elk View Medical Center,7020 Cedar St,Elk View,SD,50037,Pine,Emergency Department,ED_2b,Average (median) time patients spent in the emergency department after the doctor decided to admit them,20,378,,01/01/2025,12/31/2025
240026,Elk View Medical Center,2874 Grand St,Elk View,SD,55381,Pine,Emergency Department,OP_23,Percentage of patients who came to the emergency department with stroke symptoms who received brain scan results within 45 minutes,68,415,,01/01/2025,12/31/2025
260069,Prairie Bluff Memorial Hospital,1520 Prairie St,Prairie Bluff,IA,57644,Grand,Emergency Department,OP_18c,Average (median) time patients spent in the emergency department before leaving from the visit - Psychiatric/Mental Health Patients,330,3083,,01/01/2025,12/31/2025
140053,River Grove Regional Medical Center,6908 Pine St,River Grove,WI,53007,Grand,Emergency Department,ED_2b,Average (median) time patients spent in the emergency department after the doctor decided to admit them,179,2074,,01/01/2025,12/31/2025
170013,NORTH RAPIDS REGIONAL MEDICAL CENTER,6789 River St,North Rapids,IL,53478,Elk,Emergency Department,OP_18c,Average (median) time patients spent in the emergency department before leaving from the visit - Psychiatric/Mental Health Patients,354,4043,,01/01/2025,12/31/2025
160078,Pine Rapids Health System,6361 Pine St,Pine Rapids,IA,57574,River,Emergency Department,OP_22,Left without being seen,4.1,3742,,01/01/2025,12/31/2025
,KS STATE AVERAGE,,,KS,,,Emergency Department,OP_23,Percentage of patients who came to the emergency department with stroke symptoms who received brain scan results within 45 minutes,68.0,,,01/01/2025,12/31/2025
170063,Elk Haven Medical Center,6654 Elk St,Elk Haven,MO,52063,River,Emergency Department,OP_18b,Average (median) time patients spent in the emergency department before leaving from the visit,239,1818,,01/01/2025,12/31/2025
430039,Prairie View Memorial Hospital,7957 Fair St,Prairie View,SD,52740,Elk,Emergency Department,OP_23,Percentage of patients who came to the emergency department with stroke symptoms who received brain scan results within 45 minutes,65,4088,,01/01/2025,12/31/2025
140007,Prairie View Memorial Hospital,8844 River St,Prairie View,IA,55361,Fair,Emergency Department,OP_18c,Average (median) time patients spent in the emergency department before leaving from the visit - Psychiatric/Mental Health Patients,691,2677,,01/01/2025,12/31/2025
140089,North Haven County Hospital,3813 Grand St,North Haven,KS,50579,Cedar,Emergency Department,OP_18c,Average (median) time patients spent in the emergency department before leaving from the visit - Psychiatric/Mental Health Patients,47,694,,01/01/2025,12/31/2025
170047,Cedar Junction Regional Medical Center,914 Cedar St,Cedar Junction,SD,55520,Grand,Emergency Department,OP_22,Left without being seen,,,5,01/01/2025,12/31/2025
520099,Grand Ridge Community Hospital,4783 Grand St,Grand Ridge,KS,58218,North,Emergency Department,OP_18c,Average (median) time patients spent in the emergency department before leaving from the visit - Psychiatric/Mental Health Patients,313,1474,,01/01/2025,12/31/2025
430070,River Ridge Memorial Hospital,2027 North St,River Ridge,MO,58787,Elk,Emergency Department,OP_22,Left without being seen,2.0,297,,01/01/2025,12/31/2025
140081,Elk Ridge County Hospital,3772 Grand St,Elk Ridge,KS,56104,Fair,Emergency Department,OP_23,Percentage of patients who came to the emergency department with stroke symptoms who received brain scan results within 45 minutes,68,699,,01/01/2025,12/31/2025
430070,River Ridge Memorial Hospital,2722 North St,River Ridge,MO,52628,Pine,Emergency Department,OP_23,Percentage of patients who came to the emergency department with stroke symptoms who received brain scan results within 45 minutes,Not Available,,25,01/01/2025,12/31/2025
170027,Prairie Bluff Community Hospital,5660 Prairie St,Prairie Bluff,WI,57456,North,Emergency Department,OP_23,Percentage of patients who came to the emergency department with stroke symptoms who received brain scan results within 45 minutes,47,3768,,01/01/2025,12/31/2025
170115,North View Regional Medical Center,4959 Fair St,North View,KS,58828,Pine,Emergency Department,ED_2b,Average (median) time patients spent in the emergency department after the doctor decided to admit them,,,1,01/01/2025,12/31/2025
430041,Fair Haven County Hospital,8556 Grand St,Fair Haven,IA,53133,Prairie,Emergency Department,OP_23,Percentage of patients who came to the emergency department with stroke symptoms who received brain scan results within 45 minutes,71,2632,,01/01/2025,12/31/2025
240085,Grand Haven Community Hospital,8486 Cedar St,Grand Haven,MN,51528,River,Emergency Department,OP_22,Left without being seen,2.2,1547,,01/01/2025,12/31/2025
260061,Elk Ridge Community Hospital,109 Prairie St,Elk Ridge,IL,54975,North,Emergency Department,OP_18b,Average (median) time patients spent in the emergency department before leaving from the visit,,,5,01/01/2025,12/31/2025
430068,Grand Grove County Hospital,2007 Grand St,Grand Grove,MO,53807,Prairie,Emergency Department,OP_18b,Average (median) time patients spent in the emergency department before leaving from the visit,249,410,,01/01/2025,12/31/2025
160074,Pine Haven Medical Center,1477 Elk St,Pine Haven,SD,54300,Fair,Emergency Department,ED_2b,Average (median) time patients spent in the emergency department after the doctor decided to admit them,36,1671,,01/01/2025,12/31/2025
430066,Grand Ridge Medical Center,7587 Grand St,Grand Ridge,NE,54706,Pine,Emergency Department,OP_18b,Average (median) time patients spent in the emergency department before leaving from the visit,288,3670,,01/01/2025,12/31/2025
260119,Fair Ridge Health System,3521 North St,Fair Ridge,SD,53446,Cedar,Emergency Department,OP_18b,Average (median) time patients spent in the emergency department before leaving from the visit,Not Available,,25,01/01/2025,12/31/2025
240100,Prairie Ridge Community Hospital,2670 Prairie St,Prairie Ridge,WI,51087,River,Emergency Department,OP_22,Left without being seen,0.9,4036,,01/01/2025,12/31/2025
240022,Fair Bluff Regional Medical Center,4136 Fair St,Fair Bluff,MO,53054,Elk,Emergency Department,OP_18c,Average (median) time patients spent in the emergency department before leaving from the visit - Psychiatric/Mental Health Patients,420,2875,,01/01/2025,12/31/2025
140005,North Grove County Hospital,1989 Prairie St,North Grove,SD,50071,Pine,Emergency Department,OP_22,Left without being seen,3.6,1366,,01/01/2025,12/31/2025
260104,North Haven Memorial Hospital,518 Elk St,North Haven,IL,57379,Grand,Emergency Department,OP_18b,Average (median) time patients spent in the emergency department before leaving from the visit,134,4084,,01/01/2025,12/31/2025
140028,River Ridge Medical Center,6707 Cedar St,River Ridge,WI,56287,North,Emergency Department,OP_18b,Average (median) time patients spent in the emergency department before leaving from the visit,190,2100,,01/01/2025,12/31/2025
140113,Fair Bluff Health System,1143 Prairie St,Fair Bluff,SD,57186,Elk,Emergency Department,OP_23,Percentage of patients who came to the emergency department with stroke symptoms who received brain scan results within 45 minutes,,,25,01/01/2025,12/31/2025
520038,Fair Grove Community Hospital,3299 North St,Fair Grove,IL,56732,North,Emergency Department,ED_2b,Average (median) time patients spent in the emergency department after the doctor decided to admit them,227,193,,01/01/2025,12/31/2025
160037,Pine Ridge Health System,9890 Elk St,Pine Ridge,IA,54133,Fair,Emergency Department,OP_18c,Average (median) time patients spent in the emergency department before leaving from the visit - Psychiatric/Mental Health Patients,393,3824,,01/01/2025,12/31/2025
,NE STATE AVERAGE,,,NE,,,Emergency Department,OP_18b,Average (median) time patients spent in the emergency department before leaving from the visit,165,,,01/01/2025,12/31/2025
520016,Pine Grove Medical Center,2417 River St,Pine Grove,KS,54975,Prairie,Emergency Department,OP_23,Percentage of patients who came to the emergency department with stroke symptoms who received brain scan results within 45 minutes,60,1148,,01/01/2025,12/31/2025
,MO STATE AVERAGE,,,MO,,,Emergency Department,OP_18c,Average (median) time patients spent in the emergency department before leaving from the visit - Psychiatric/Mental Health Patients,310,,,01/01/2025,12/31/2025
140081,Elk Ridge County Hospital,3918 Elk St,Elk Ridge,KS,56430,Pine,Emergency Department,ED_2b,Average (median) time patients spent in the emergency department after the doctor decided to admit them,128,1995,,01/01/2025,12/31/2025
280058,Pine Grove Medical Center,8250 River St,Pine Grove,NE,51058,North,Emergency Department,OP_18c,Average (median) time patients spent in the emergency department before leaving from the visit - Psychiatric/Mental Health Patients,76,3752,,01/01/2025,12/31/2025
160108,Grand Bluff Memorial Hospital,4128 North St,Grand Bluff,IA,53401,River,Emergency Department,OP_18b,Average (median) time patients spent in the emergency department before leaving from the visit,133,4007,,01/01/2025,12/31/2025
170011,River Junction Regional Medical Center,160 Cedar St,River Junction,IA,56355,Grand,Emergency Department,OP_18b,Average (median) time patients spent in the emergency department before leaving from the visit,280,1874,,01/01/2025,12/31/2025
160108,Grand Bluff Memorial Hospital,4192 Cedar St,Grand Bluff,IA,54952,Cedar,Emergency Department,OP_18c,Average (median) time patients spent in the emergency department before leaving from the visit - Psychiatric/Mental Health Patients,Not Available,,1,01/01/2025,12/31/2025
140089,North Haven County Hospital,6937 Elk St,North Haven,KS,54325,Cedar,Emergency Department,OP_22,Left without being seen,3.9,1003,,01/01/2025,12/31/2025
280080,Fair Rapids Memorial Hospital,7949 Elk St,Fair Rapids,MO,56339,River,Emergency Department,ED_2b,Average (median) time patients spent in the emergency department after the doctor decided to admit them,114,454,,01/01/2025,12/31/2025
240012,Grand Falls Community Hospital,6592 Pine St,Grand Falls,IA,53857,Cedar,Emergency Department,OP_18b,Average (median) time patients spent in the emergency department before leaving from the visit,282,3067,,01/01/2025,12/31/2025
,MN STATE AVERAGE,,,MN,,,Emergency Department,OP_18c,Average (median) time patients spent in the emergency department before leaving from the visit - Psychiatric/Mental Health Patients,310,,,01/01/2025,12/31/2025
160067,North Ridge County Hospital,7519 Prairie St,North Ridge,IA,56561,Prairie,Emergency Department,OP_22,Left without being seen,0.2,623,,01/01/2025,12/31/2025
280058,Pine Grove Medical Center ,1307 Elk St,Pine Grove,NE,55597,River,Emergency Department,OP_22,Left without being seen,1.9,943,,01/01/2025,12/31/2025
260045,North Falls County Hospital,8680 Prairie St,North Falls,MN,51363,Prairie,Emergency Department,OP_23,Percentage of patients who came to the emergency department with stroke symptoms who received brain scan results within 45 minutes,39,920,,01/01/2025,12/31/2025
160067,North Ridge County Hospital,7283 River St,North Ridge,IA,50877,Fair,Emergency Department,OP_18c,Average (median) time patients spent in the emergency department before leaving from the visit - Psychiatric/Mental Health Patients,150,3731,,01/01/2025,12/31/2025
280008,Elk View Health System ,540 Fair St,Elk View,NE,57313,Cedar,Emergency Department,OP_18c,Average (median) time patients spent in the emergency department before leaving from the visit - Psychiatric/Mental Health Patients,273,1081,,01/01/2025,12/31/2025
430088,GRAND RAPIDS MEDICAL CENTER,5488 Cedar St,Grand Rapids,SD,54560,Pine,Emergency Department,OP_18b,Average (median) time patients spent in the emergency department before leaving from the visit,247,566,,01/01/2025,12/31/2025
280024,Elk Grove Memorial Hospital,2539 Cedar St,Elk Grove,IA,54762,Fair,Emergency Department,ED_2b,Average (median) time patients spent in the emergency department after the doctor decided to admit them,54,2820,,01/01/2025,12/31/2025
,NE STATE AVERAGE,,,NE,,,Emergency Department,OP_22,Left without being seen,2.4,,,01/01/2025,12/31/2025
240065,Prairie Haven Health System,2487 Grand St,Prairie Haven,NE,56039,Pine,Emergency Department,OP_18c,Average (median) time patients spent in the emergency department before leaving from the visit - Psychiatric/Mental Health Patients,119,2672,,01/01/2025,12/31/2025
170056,Pine Falls Community Hospital,1584 Prairie St,Pine Falls,IL,51552,North,Emergency Department,ED_2b,Average (median) time patients spent in the emergency department after the doctor decided to admit them,197,913,,01/01/2025,12/31/2025
260119,Fair Ridge Health System,5130 Prairie St,Fair Ridge,SD,52347,Elk,Emergency Department,OP_18c,Average (median) time patients spent in the emergency department before leaving from the visit - Psychiatric/Mental Health Patients,236,2745,,01/01/2025,12/31/2025
170011,River Junction Regional Medical Center,2123 Pine St,River Junction,IA,55658,Fair,Emergency Department,OP_23,Percentage of patients who came to the emergency department with stroke symptoms who received brain scan results within 45 minutes,60,4168,,01/01/2025,12/31/2025
160108,Grand Bluff Memorial Hospital,3527 Elk St,Grand Bluff,IA,54388,Prairie,Emergency Department,ED_2b,Average (median) time patients spent in the emergency department after the doctor decided to admit them,202,1051,,01/01/2025,12/31/2025
170036,River Junction Community Hospital,5300 Prairie St,River Junction,KS,58854,Fair,Emergency Department,OP_22,Left without being seen,0.0,3218,,01/01/2025,12/31/2025
280017,Cedar Bluff Regional Medical Center,2563 Fair St,Cedar Bluff,IA,56597,Fair,Emergency Department,OP_18c,Average (median) time patients spent in the emergency department before leaving from the visit - Psychiatric/Mental Health Patients,315,3473,,01/01/2025,12/31/2025
430014,Fair Rapids Regional Medical Center,1692 Pine St,Fair Rapids,IL,51189,Grand,Emergency Department,OP_18c,Average (median) time patients spent in the emergency department before leaving from the visit - Psychiatric/Mental Health Patients,475,351,,01/01/2025,12/31/2025
140019,Grand Junction Memorial Hospital,7585 Prairie St,Grand Junction,NE,57960,Pine,Emergency Department,OP_22,Left without being seen,1.2,1331,,01/01/2025,12/31/2025
140019,GRAND JUNCTION MEMORIAL HOSPITAL,7953 Cedar St,Grand Junction,NE,55762,North,Emergency Department,ED_2b,Average (median) time patients spent in the emergency department after the doctor decided to admit them,124,3104,,01/01/2025,12/31/2025
170101,Prairie Grove County Hospital,4484 Grand St,Prairie Grove,IA,54840,Pine,Emergency Department,OP_18c,Average (median) time patients spent in the emergency department before leaving from the visit - Psychiatric/Mental Health Patients,66,2283,,01/01/2025,12/31/2025
260084,Cedar Haven Community Hospital,2068 Cedar St,Cedar Haven,KS,50565,Fair,Emergency Department,OP_23,Percentage of patients who came to the emergency department with stroke symptoms who received brain scan results within 45 minutes,38,2535,,01/01/2025,12/31/2025
140053,River Grove Regional Medical Center,9151 Elk St,River Grove,WI,55421,Cedar,Emergency Department,OP_22,Left without being seen,2.6,2512,,01/01/2025,12/31/2025
140112,PINE JUNCTION COMMUNITY HOSPITAL,4780 Pine St,Pine Junction,MO,51437,North,Emergency Department,OP_23,Percentage of patients who came to the emergency department with stroke symptoms who received brain scan results within 45 minutes,54,664,,01/01/2025,12/31/2025
430093,River Bluff Health System,447 River St,River Bluff,IL,51147,Prairie,Emergency Department,OP_23,Percentage of patients who came to the emergency department with stroke symptoms who received brain scan results within 45 minutes,86,1110,,01/01/2025,12/31/2025
240029,Cedar View County Hospital,1708 Pine St,Cedar View,MN,54618,Pine,Emergency Department,OP_18b,Average (median) time patients spent in the emergency department before leaving from the visit,89,308,,01/01/2025,12/31/2025
430068,Grand Grove County Hospital,8883 North St,Grand Grove,MO,56358,Cedar,Emergency Department,OP_22,Left without being seen,4.2,1940,,01/01/2025,12/31/2025
430041,Fair Haven County Hospital,4025 Grand St,Fair Haven,IA,53396,Prairie,Emergency Department,ED_2b,Average (median) time patients spent in the emergency department after the doctor decided to admit them,Not Available,,5,01/01/2025,12/31/2025
160078,Pine Rapids Health System,9601 Prairie St,Pine Rapids,IA,54753,Prairie,Emergency Department,ED_2b,Average (median) time patients spent in the emergency department after the doctor decided to admit them,Not Available,,5,01/01/2025,12/31/2025
140007,Prairie View Memorial Hospital,6121 River St,Prairie View,IA,57605,Elk,Emergency Department,OP_23,Percentage of patients who came to the emergency department with stroke symptoms who received brain scan results within 45 minutes,53,477,,01/01/2025,12/31/2025
170027,Prairie Bluff Community Hospital,7781 Elk St,Prairie Bluff,WI,55300,Prairie,Emergency Department,ED_2b,Average (median) time patients spent in the emergency department after the doctor decided to admit them,113,2271,,01/01/2025,12/31/2025
430039,Prairie View Memorial Hospital,4983 Fair St,Prairie View,SD,51834,Cedar,Emergency Department,ED_2b,Average (median) time patients spent in the emergency department after the doctor decided to admit them,184,3789,,01/01/2025,12/31/2025
430014,Fair Rapids Regional Medical Center,9574 North St,Fair Rapids,IL,56816,River,Emergency Department,OP_18b,Average (median) time patients spent in the emergency department before leaving from the visit,132,1595,,01/01/2025,12/31/2025
,SD STATE AVERAGE,,,SD,,,Emergency Department,ED_2b,Average (median) time patients spent in the emergency department after the doctor decided to admit them,118,,,01/01/2025,12/31/2025
160037,Pine Ridge Health System,4207 North St,Pine Ridge,IA,51833,River,Emergency Department,OP_23,Percentage of patients who came to the emergency department with stroke symptoms who received brain scan results within 45 minutes,40,3481,,01/01/2025,12/31/2025
520099,Grand Ridge Community Hospital,8478 Cedar St,Grand Ridge,KS,56256,Grand,Emergency Department,ED_2b,Average (median) time patients spent in the emergency department after the doctor decided to admit them,263,1071,,01/01/2025,12/31/2025
,MN STATE AVERAGE,,,MN,,,Emergency Department,ED_2b,Average (median) time patients spent in the emergency department after the doctor decided to admit them,118,,,01/01/2025,12/31/2025
240059,CEDAR HAVEN HEALTH SYSTEM,6853 Pine St,Cedar Haven,IL,50764,North,Emergency Department,OP_23,Percentage of patients who came to the emergency department with stroke symptoms who received brain scan results within 45 minutes,71,2687,,01/01/2025,12/31/2025
280043,Prairie View Regional Medical Center,6971 River St,Prairie View,IA,57266,Grand,Emergency Department,OP_18b,Average (median) time patients spent in the emergency department before leaving from the visit,239,2229,,01/01/2025,12/31/2025
170013,North Rapids Regional Medical Center,2863 Grand St,North Rapids,IL,58410,Elk,Emergency Department,OP_22,Left without being seen,0.8,1367,,01/01/2025,12/31/2025
140113,Fair Bluff Health System,5512 Pine St,Fair Bluff,SD,55984,River,Emergency Department,ED_2b,Average (median) time patients spent in the emergency department after the doctor decided to admit them,52,1351,,01/01/2025,12/31/2025
430107,Elk Haven Community Hospital,5887 Pine St,Elk Haven,MO,56944,River,Emergency Department,OP_18c,Average (median) time patients spent in the emergency department before leaving from the visit - Psychiatric/Mental Health Patients,Not Available,,25,01/01/2025,12/31/2025
170051,Elk View County Hospital ,7130 Grand St,Elk View,MO,58875,Fair,Emergency Department,OP_22,Left without being seen,0.1,2302,,01/01/2025,12/31/2025
520114,Elk Rapids Health System,5788 North St,Elk Rapids,IA,50818,Pine,Emergency Department,OP_22,Left without being seen,1.5,3790,,01/01/2025,12/31/2025
170013,North Rapids Regional Medical Center,1913 Cedar St,North Rapids,IL,58433,Grand,Emergency Department,ED_2b,Average (median) time patients spent in the emergency department after the doctor decided to admit them,28,2815,,01/01/2025,12/31/2025
160077,Cedar Grove Regional Medical Center,4627 River St,Cedar Grove,WI,54568,Pine,Emergency Department,OP_23,Percentage of patients who came to the emergency department with stroke symptoms who received brain scan results within 45 minutes,79,1651,,01/01/2025,12/31/2025
260069,Prairie Bluff Memorial Hospital,4968 Pine St,Prairie Bluff,IA,50472,Fair,Emergency Department,ED_2b,Average (median) time patients spent in the emergency department after the doctor decided to admit them,378,440,,01/01/2025,12/31/2025
260061,Elk Ridge Community Hospital,4045 Prairie St,Elk Ridge,IL,52834,Elk,Emergency Department,OP_23,Percentage of patients who came to the emergency department with stroke symptoms who received brain scan results within 45 minutes,39,4121,,01/01/2025,12/31/2025
430107,Elk Haven Community Hospital,9194 North St,Elk Haven,MO,55875,Cedar,Emergency Department,OP_23,Percentage of patients who came to the emergency department with stroke symptoms who received brain scan results within 45 minutes,82,952,,01/01/2025,12/31/2025
520090,River Bluff Health System,4658 Cedar St,River Bluff,MO,57376,Cedar,Emergency Department,OP_23,Percentage of patients who came to the emergency department with stroke symptoms who received brain scan results within 45 minutes,85,147,,01/01/2025,12/31/2025
260033,River Rapids Health System,3302 River St,River Rapids,KS,51413,Elk,Emergency Department,OP_18b,Average (median) time patients spent in the emergency department before leaving from the visit,292,248,,01/01/2025,12/31/2025
280106,Cedar View Medical Center,9638 Elk St,Cedar View,MO,58829,River,Emergency Department,OP_22,Left without being seen,Not Available,,25,01/01/2025,12/31/2025
160073,Grand View County Hospital,867 Cedar St,Grand View,IA,50649,Elk,Emergency Department,OP_22,Left without being seen,2.8,903,,01/01/2025,12/31/2025
160060,Pine View Health System,6888 Fair St,Pine View,MN,57492,Cedar,Emergency Department,OP_22,Left without being seen,,,25,01/01/2025,12/31/2025
260109,River Falls County Hospital,7020 Pine St,River Falls,IL,50157,Pine,Emergency Department,OP_18c,Average (median) time patients spent in the emergency department before leaving from the visit - Psychiatric/Mental Health Patients,485,722,,01/01/2025,12/31/2025
240006,River Grove Medical Center,2528 River St,River Grove,WI,52933,Grand,Emergency Department,OP_18b,Average (median) time patients spent in the emergency department before leaving from the visit,176,1990,,01/01/2025,12/31/2025
160046,Pine Falls County Hospital,7511 North St,Pine Falls,IA,54200,Pine,Emergency Department,OP_23,Percentage of patients who came to the emergency department with stroke symptoms who received brain scan results within 45 minutes,65,1225,,01/01/2025,12/31/2025
430068,Grand Grove County Hospital,9087 River St,Grand Grove,MO,58456,Prairie,Emergency Department,ED_2b,Average (median) time patients spent in the emergency department after the doctor decided to admit them,176,3620,,01/01/2025,12/31/2025
160030,Cedar View Health System,1265 Cedar St,Cedar View,IA,55334,Prairie,Emergency Department,OP_18b,Average (median) time patients spent in the emergency department before leaving from the visit,188,1925,,01/01/2025,12/31/2025
280072,Grand Ridge Regional Medical Center,2692 Pine St,Grand Ridge,MN,56498,River,Emergency Department,OP_18c,Average (median) time patients spent in the emergency department before leaving from the visit - Psychiatric/Mental Health Patients,185,189,,01/01/2025,12/31/2025
240095,Pine Ridge Medical Center,9958 Elk St,Pine Ridge,KS,51273,Prairie,Emergency Department,OP_22,Left without being seen,1.7,194,,01/01/2025,12/31/2025
430116,Elk Grove Medical Center,5972 Cedar St,Elk Grove,MN,52806,Prairie,Emergency Department,OP_18b,Average (median) time patients spent in the emergency department before leaving from the visit,168,1548,,01/01/2025,12/31/2025
430054,Cedar Grove Health System,1288 Elk St,Cedar Grove,WI,58931,Grand,Emergency Department,OP_18c,Average (median) time patients spent in the emergency department before leaving from the visit - Psychiatric/Mental Health Patients,,,5,01/01/2025,12/31/2025
170034,North Grove Medical Center,2171 Grand St,North Grove,KS,54169,Cedar,Emergency Department,ED_2b,Average (median) time patients spent in the emergency department after the doctor decided to admit them,259,2436,,01/01/2025,12/31/2025
160046,Pine Falls County Hospital,6183 North St,Pine Falls,IA,50850,Grand,Emergency Department,OP_18b,Average (median) time patients spent in the emergency department before leaving from the visit,47,1540,,01/01/2025,12/31/2025
240059,Cedar Haven Health System,4216 Cedar St,Cedar Haven,IL,52689,Pine,Emergency Department,OP_18c,Average (median) time patients spent in the emergency department before leaving from the visit - Psychiatric/Mental Health Patients,356,3278,,01/01/2025,12/31/2025
260087,Elk Grove Memorial Hospital,4009 Elk St,Elk Grove,IA,51181,Pine,Emergency Department,OP_18b,Average (median) time patients spent in the emergency department before leaving from the visit,177,3994,,01/01/2025,12/31/2025
170034,NORTH GROVE MEDICAL CENTER,3873 Cedar St,North Grove,KS,57834,River,Emergency Department,OP_22,Left without being seen,3.1,472,,01/01/2025,12/31/2025
260084,Cedar Haven Community Hospital,1453 Prairie St,Cedar Haven,KS,50561,Elk,Emergency Department,OP_18c,Average (median) time patients spent in the emergency department before leaving from the visit - Psychiatric/Mental Health Patients,384,1448,,01/01/2025,12/31/2025
260084,Cedar Haven Community Hospital,3307 Cedar St,Cedar Haven,KS,55672,North,Emergency Department,OP_22,Left without being seen,3.8,3443,,01/01/2025,12/31/2025
170101,Prairie Grove County Hospital,2641 Fair St,Prairie Grove,IA,54197,North,Emergency Department,OP_18b,Average (median) time patients spent in the emergency department before leaving from the visit,199,937,,01/01/2025,12/31/2025
,IA STATE AVERAGE,,,IA,,,Emergency Department,OP_18c,Average (median) time patients spent in the emergency department before leaving from the visit - Psychiatric/Mental Health Patients,310,,,01/01/2025,12/31/2025
160117,Cedar Haven Health System,963 Cedar St,Cedar Haven,IA,55107,Pine,Emergency Department,OP_18c,Average (median) time patients spent in the emergency department before leaving from the visit - Psychiatric/Mental Health Patients,Not Available,,25,01/01/2025,12/31/2025
160030,Cedar View Health System,6904 Fair St,Cedar View,IA,52312,Fair,Emergency Department,OP_23,Percentage of patients who came to the emergency department with stroke symptoms who received brain scan results within 45 minutes,50,3350,,01/01/2025,12/31/2025
260091,Grand View Community Hospital,8981 Elk St,Grand View,IA,53260,Elk,Emergency Department,ED_2b,Average (median) time patients spent in the emergency department after the doctor decided to admit them,121,2328,,01/01/2025,12/31/2025
170003,Elk Falls Community Hospital,5820 Fair St,Elk Falls,IA,51315,Elk,Emergency Department,OP_22,Left without being seen,3.4,2205,,01/01/2025,12/31/2025
,MO STATE AVERAGE,,,MO,,,Emergency Department,ED_2b,Average (median) time patients spent in the emergency department after the doctor decided to admit them,118,,,01/01/2025,12/31/2025
260092,Elk View Community Hospital,204 Cedar St,Elk View,WI,55444,Grand,Emergency Department,OP_22,Left without being seen,3.7,1490,,01/01/2025,12/31/2025
520055,Fair View Memorial Hospital,6526 Grand St,Fair View,SD,56342,North,Emergency Department,OP_18b,Average (median) time patients spent in the emergency department before leaving from the visit,205,3954,,01/01/2025,12/31/2025
160083,North Bluff Regional Medical Center ,684 Fair St,North Bluff,KS,53723,Elk,Emergency Department,OP_18c,Average (median) time patients spent in the emergency department before leaving from the visit - Psychiatric/Mental Health Patients,411,636,,01/01/2025,12/31/2025
160097,Fair Grove Regional Medical Center,4957 Fair St,Fair Grove,KS,53527,Elk,Emergency Department,OP_22,Left without being seen,4.2,4098,,01/01/2025,12/31/2025
170096,Cedar Junction Regional Medical Center,3174 River St,Cedar Junction,IL,55445,Grand,Emergency Department,ED_2b,Average (median) time patients spent in the emergency department after the doctor decided to admit them,,,5,01/01/2025,12/31/2025
260045,North Falls County Hospital,6242 Pine St,North Falls,MN,58394,Prairie,Emergency Department,OP_22,Left without being seen,2.1,2497,,01/01/2025,12/31/2025
520086,North Grove County Hospital,8208 Fair St,North Grove,KS,58626,River,Emergency Department,OP_18c,Average (median) time patients spent in the emergency department before leaving from the visit - Psychiatric/Mental Health Patients,291,2605,,01/01/2025,12/31/2025
430066,Grand Ridge Medical Center,6465 Elk St,Grand Ridge,NE,50393,River,Emergency Department,OP_23,Percentage of patients who came to the emergency department with stroke symptoms who received brain scan results within 45 minutes,33,3013,,01/01/2025,12/31/2025
,WI STATE AVERAGE,,,WI,,,Emergency Department,OP_22,Left without being seen,2.4,,,01/01/2025,12/31/2025
280058,Pine Grove Medical Center,9145 Cedar St,Pine Grove,NE,58885,Fair,Emergency Department,ED_2b,Average (median) time patients spent in the emergency department after the doctor decided to admit them,85,1089,,01/01/2025,12/31/2025
140028,River Ridge Medical Center,6216 Grand St,River Ridge,WI,52715,Cedar,Emergency Department,OP_23,Percentage of patients who came to the emergency department with stroke symptoms who received brain scan results within 45 minutes,87,1983,,01/01/2025,12/31/2025
160030,Cedar View Health System,9353 Pine St,Cedar View,IA,52513,North,Emergency Department,OP_18c,Average (median) time patients spent in the emergency department before leaving from the visit - Psychiatric/Mental Health Patients,344,245,,01/01/2025,12/31/2025
260091,Grand View Community Hospital,5917 Pine St,Grand View,IA,54835,Fair,Emergency Department,OP_18b,Average (median) time patients spent in the emergency department before leaving from the visit,226,183,,01/01/2025,12/31/2025
430023,Pine Bluff County Hospital,1345 Cedar St,Pine Bluff,WI,54447,Prairie,Emergency Department,OP_23,Percentage of patients who came to the emergency department with stroke symptoms who received brain scan results within 45 minutes,98,771,,01/01/2025,12/31/2025
240085,Grand Haven Community Hospital,3502 Pine St,Grand Haven,MN,56137,Elk,Emergency Department,OP_18b,Average (median) time patients spent in the emergency department before leaving from the visit,183,1602,,01/01/2025,12/31/2025
430070,River Ridge Memorial Hospital,8442 River St,River Ridge,MO,53662,River,Emergency Department,ED_2b,Average (median) time patients spent in the emergency department after the doctor decided to admit them,127,2122,,01/01/2025,12/31/2025
170115,North View Regional Medical Center,7429 North St,North View,KS,55921,Elk,Emergency Department,OP_18c,Average (median) time patients spent in the emergency department before leaving from the visit - Psychiatric/Mental Health Patients,277,1904,,01/01/2025,12/31/2025
430039,Prairie View Memorial Hospital,6737 Prairie St,Prairie View,SD,56795,River,Emergency Department,OP_18b,Average (median) time patients spent in the emergency department before leaving from the visit,172,2212,,01/01/2025,12/31/2025
240042,Prairie Grove County Hospital,6657 North St,Prairie Grove,IL,51181,Prairie,Emergency Department,OP_22,Left without being seen,Not Available,,5,01/01/2025,12/31/2025
240065,Prairie Haven Health System,3025 Cedar St,Prairie Haven,NE,51635,Fair,Emergency Department,OP_23,Percentage of patients who came to the emergency department with stroke symptoms who received brain scan results within 45 minutes,67,1690,,01/01/2025,12/31/2025
520090,River Bluff Health System,7841 Elk St,River Bluff,MO,56168,Pine,Emergency Department,ED_2b,Average (median) time patients spent in the emergency department after the doctor decided to admit them,54,3352,,01/01/2025,12/31/2025
430010,Grand Haven Medical Center,1530 River St,Grand Haven,MN,56103,River,Emergency Department,OP_22,Left without being seen,Not Available,,25,01/01/2025,12/31/2025
160083,NORTH BLUFF REGIONAL MEDICAL CENTER,6837 Elk St,North Bluff,KS,57768,Fair,Emergency Department,OP_18b,Average (median) time patients spent in the emergency department before leaving from the visit,171,2085,,01/01/2025,12/31/2025
430009,Grand Bluff Community Hospital,8325 North St,Grand Bluff,IL,54892,North,Emergency Department,OP_18c,Average (median) time patients spent in the emergency department before leaving from the visit - Psychiatric/Mental Health Patients,513,1762,,01/01/2025,12/31/2025
240035,Pine Haven Medical Center,4109 North St,Pine Haven,SD,54954,Prairie,Emergency Department,OP_23,Percentage of patients who came to the emergency department with stroke symptoms who received brain scan results within 45 minutes,49,600,,01/01/2025,12/31/2025
260045,North Falls County Hospital,8933 Grand St,North Falls,MN,53070,Pine,Emergency Department,OP_18b,Average (median) time patients spent in the emergency department before leaving from the visit,219,2015,,01/01/2025,12/31/2025
160077,Cedar Grove Regional Medical Center,8536 North St,Cedar Grove,WI,58261,Grand,Emergency Department,ED_2b,Average (median) time patients spent in the emergency department after the doctor decided to admit them,81,2930,,01/01/2025,12/31/2025
170101,Prairie Grove County Hospital,9942 Cedar St,Prairie Grove,IA,52254,Grand,Emergency Department,ED_2b,Average (median) time patients spent in the emergency department after the doctor decided to admit them,20,3295,,01/01/2025,12/31/2025
140111,Elk Rapids Medical Center,3204 Cedar St,Elk Rapids,IA,57298,Fair,Emergency Department,OP_22,Left without being seen,0.5,799,,01/01/2025,12/31/2025
170115,North View Regional Medical Center,4730 Elk St,North View,KS,52945,Elk,Emergency Department,OP_22,Left without being seen,,,25,01/01/2025,12/31/2025
260004,Elk Haven Medical Center,2519 Elk St,Elk Haven,NE,55087,Prairie,Emergency Department,ED_2b,Average (median) time patients spent in the emergency department after the doctor decided to admit them,171,3117,,01/01/2025,12/31/2025
240020,Pine Rapids County Hospital,7637 Grand St,Pine Rapids,IA,52853,Elk,Emergency Department,OP_22,Left without being seen,,,5,01/01/2025,12/31/2025
160102,River Bluff Health System,9763 Fair St,River Bluff,IL,56510,Pine,Emergency Department,OP_18b,Average (median) time patients spent in the emergency department before leaving from the visit,151,1976,,01/01/2025,12/31/2025
260015,Fair View Memorial Hospital,5244 Elk St,Fair View,MN,55452,North,Emergency Department,OP_18b,Average (median) time patients spent in the emergency department before leaving from the visit,201,1717,,01/01/2025,12/31/2025
160037,Pine Ridge Health System,7707 Prairie St,Pine Ridge,IA,53472,North,Emergency Department,ED_2b,Average (median) time patients spent in the emergency department after the doctor decided to admit them,208,1499,,01/01/2025,12/31/2025
140028,River Ridge Medical Center,3074 Grand St,River Ridge,WI,54280,North,Emergency Department,OP_18c,Average (median) time patients spent in the emergency department before leaving from the visit - Psychiatric/Mental Health Patients,183,1924,,01/01/2025,12/31/2025
170021,Prairie Ridge County Hospital ,6828 Fair St,Prairie Ridge,NE,55266,Prairie,Emergency Department,OP_23,Percentage of patients who came to the emergency department with stroke symptoms who received brain scan results within 45 minutes,78,2147,,01/01/2025,12/31/2025
160074,Pine Haven Medical Center,4050 River St,Pine Haven,SD,57997,River,Emergency Department,OP_18c,Average (median) time patients spent in the emergency department before leaving from the visit - Psychiatric/Mental Health Patients,145,2814,,01/01/2025,12/31/2025
170003,Elk Falls Community Hospital,4452 Fair St,Elk Falls,IA,50907,Fair,Emergency Department,OP_18b,Average (median) time patients spent in the emergency department before leaving from the visit,287,758,,01/01/2025,12/31/2025
140112,Pine Junction Community Hospital,8705 Pine St,Pine Junction,MO,51750,Pine,Emergency Department,OP_18c,Average (median) time patients spent in the emergency department before leaving from the visit - Psychiatric/Mental Health Patients,55,3802,,01/01/2025,12/31/2025
240059,Cedar Haven Health System,3872 Cedar St,Cedar Haven,IL,55788,Prairie,Emergency Department,OP_18b,Average (median) time patients spent in the emergency department before leaving from the visit,247,3938,,01/01/2025,12/31/2025
260076,River View County Hospital,5933 Pine St,River View,SD,51294,Pine,Emergency Department,OP_18b,Average (median) time patients spent in the emergency department before leaving from the visit,183,3738,,01/01/2025,12/31/2025
170013,North Rapids Regional Medical Center,6657 Prairie St,North Rapids,IL,53953,River,Emergency Department,OP_23,Percentage of patients who came to the emergency department with stroke symptoms who received brain scan results within 45 minutes,95,3747,,01/01/2025,12/31/2025
260104,North Haven Memorial Hospital,3622 North St,North Haven,IL,55604,Prairie,Emergency Department,OP_22,Left without being seen,1.2,4169,,01/01/2025,12/31/2025
280024,Elk Grove Memorial Hospital,7011 Cedar St,Elk Grove,IA,57409,Elk,Emergency Department,OP_18c,Average (median) time patients spent in the emergency department before leaving from the visit - Psychiatric/Mental Health Patients,225,4011,,01/01/2025,12/31/2025
170047,Cedar Junction Regional Medical Center,4782 River St,Cedar Junction,SD,51882,Cedar,Emergency Department,ED_2b,Average (median) time patients spent in the emergency department after the doctor decided to admit them,150,328,,01/01/2025,12/31/2025
170034,North Grove Medical Center,3646 Elk St,North Grove,KS,55075,Prairie,Emergency Department,OP_23,Percentage of patients who came to the emergency department with stroke symptoms who received brain scan results within 45 minutes,110,264,,01/01/2025,12/31/2025
160102,River Bluff Health System,9728 North St,River Bluff,IL,55076,Pine,Emergency Department,ED_2b,Average (median) time patients spent in the emergency department after the doctor decided to admit them,62,1366,,01/01/2025,12/31/2025
240042,PRAIRIE GROVE COUNTY HOSPITAL,1416 North St,Prairie Grove,IL,58761,Fair,Emergency Department,OP_18c,Average (median) time patients spent in the emergency department before leaving from the visit - Psychiatric/Mental Health Patients,152,2138,,01/01/2025,12/31/2025
170027,Prairie Bluff Community Hospital,1969 Elk St,Prairie Bluff,WI,51914,Fair,Emergency Department,OP_22,Left without being seen,2.9,3808,,01/01/2025,12/31/2025
160048,RIVER RAPIDS HEALTH SYSTEM,7977 Fair St,River Rapids,IL,54625,Prairie,Emergency Department,OP_23,Percentage of patients who came to the emergency department with stroke symptoms who received brain scan results within 45 minutes,82,199,,01/01/2025,12/31/2025
240001,Grand Bluff Memorial Hospital,4616 Fair St,Grand Bluff,IA,52671,Prairie,Emergency Department,OP_23,Percentage of patients who came to the emergency department with stroke symptoms who received brain scan results within 45 minutes,87,3113,,01/01/2025,12/31/2025
140050,River View Medical Center,4488 Elk St,River View,KS,57531,Prairie,Emergency Department,OP_18b,Average (median) time patients spent in the emergency department before leaving from the visit,174,206,,01/01/2025,12/31/2025
430039,Prairie View Memorial Hospital,8100 Grand St,Prairie View,SD,52143,Fair,Emergency Department,OP_22,Left without being seen,4.9,4160,,01/01/2025,12/31/2025
430054,Cedar Grove Health System,7433 Grand St,Cedar Grove,WI,54188,North,Emergency Department,ED_2b,Average (median) time patients spent in the emergency department after the doctor decided to admit them,56,1410,,01/01/2025,12/31/2025
170056,Pine Falls Community Hospital,1643 Prairie St,Pine Falls,IL,50608,Cedar,Emergency Department,OP_18c,Average (median) time patients spent in the emergency department before leaving from the visit - Psychiatric/Mental Health Patients,654,365,,01/01/2025,12/31/2025
520086,North Grove County Hospital,8786 Pine St,North Grove,KS,55857,Fair,Emergency Department,ED_2b,Average (median) time patients spent in the emergency department after the doctor decided to admit them,125,708,,01/01/2025,12/31/2025
140113,Fair Bluff Health System,5013 River St,Fair Bluff,SD,55770,Grand,Emergency Department,OP_18b,Average (median) time patients spent in the emergency department before leaving from the visit,90,4009,,01/01/2025,12/31/2025
430070,River Ridge Memorial Hospital,9166 Elk St,River Ridge,MO,53541,River,Emergency Department,OP_18b,Average (median) time patients spent in the emergency department before leaving from the visit,147,2063,,01/01/2025,12/31/2025
160117,Cedar Haven Health System,7863 North St,Cedar Haven,IA,53221,North,Emergency Department,OP_22,Left without being seen,0.0,1139,,01/01/2025,12/31/2025
260087,Elk Grove Memorial Hospital,3455 Grand St,Elk Grove,IA,58505,Elk,Emergency Department,OP_18c,Average (median) time patients spent in the emergency department before leaving from the visit - Psychiatric/Mental Health Patients,128,2603,,01/01/2025,12/31/2025
240082,Grand Rapids Memorial Hospital,4423 Fair St,Grand Rapids,IL,52110,Cedar,Emergency Department,OP_18b,Average (median) time patients spent in the emergency department before leaving from the visit,233,2353,,01/01/2025,12/31/2025
140053,River Grove Regional Medical Center,9043 Pine St,River Grove,WI,51899,River,Emergency Department,OP_23,Percentage of patients who came to the emergency department with stroke symptoms who received brain scan results within 45 minutes,37,1970,,01/01/2025,12/31/2025
240105,Prairie Haven Medical Center,5467 North St,Prairie Haven,IA,53620,Pine,Emergency Department,OP_23,Percentage of patients who came to the emergency department with stroke symptoms who received brain scan results within 45 minutes,72,1335,,01/01/2025,12/31/2025
520090,River Bluff Health System,4311 River St,River Bluff,MO,51621,Elk,Emergency Department,OP_18b,Average (median) time patients spent in the emergency department before leaving from the visit,66,1155,,01/01/2025,12/31/2025
280103,PRAIRIE JUNCTION COMMUNITY HOSPITAL,4408 Elk St,Prairie Junction,KS,58129,Pine,Emergency Department,ED_2b,Average (median) time patients spent in the emergency department after the doctor decided to admit them,20,3469,,01/01/2025,12/31/2025
520098,Pine Bluff County Hospital,9306 North St,Pine Bluff,WI,57522,Pine,Emergency Department,OP_18c,Average (median) time patients spent in the emergency department before leaving from the visit - Psychiatric/Mental Health Patients,253,1428,,01/01/2025,12/31/2025
160060,Pine View Health System,5764 River St,Pine View,MN,56945,Elk,Emergency Department,OP_18c,Average (median) time patients spent in the emergency department before leaving from the visit - Psychiatric/Mental Health Patients,32,621,,01/01/2025,12/31/2025
170047,Cedar Junction Regional Medical Center,3912 Cedar St,Cedar Junction,SD,53257,Grand,Emergency Department,OP_23,Percentage of patients who came to the emergency department with stroke symptoms who received brain scan results within 45 minutes,69,444,,01/01/2025,12/31/2025
520114,Elk Rapids Health System,8539 North St,Elk Rapids,IA,54413,Elk,Emergency Department,OP_18b,Average (median) time patients spent in the emergency department before leaving from the visit,322,1103,,01/01/2025,12/31/2025
160048,River Rapids Health System,7823 Grand St,River Rapids,IL,54856,North,Emergency Department,OP_18c,Average (median) time patients spent in the emergency department before leaving from the visit - Psychiatric/Mental Health Patients,399,3422,,01/01/2025,12/31/2025
280044,PINE FALLS COMMUNITY HOSPITAL,3010 Fair St,Pine Falls,IL,52601,Prairie,Emergency Department,ED_2b,Average (median) time patients spent in the emergency department after the doctor decided to admit them,218,3078,,01/01/2025,12/31/2025
140050,RIVER VIEW MEDICAL CENTER,763 Pine St,River View,KS,56816,Prairie,Emergency Department,OP_22,Left without being seen,4.1,1716,,01/01/2025,12/31/2025
520038,Fair Grove Community Hospital,7804 River St,Fair Grove,IL,50856,Grand,Emergency Department,OP_22,Left without being seen,4.2,737,,01/01/2025,12/31/2025
160075,River Falls Regional Medical Center,2747 North St,River Falls,IA,51472,North,Emergency Department,OP_18c,Average (median) time patients spent in the emergency department before leaving from the visit - Psychiatric/Mental Health Patients,262,2377,,01/01/2025,12/31/2025
140005,North Grove County Hospital,7224 North St,North Grove,SD,54038,Pine,Emergency Department,OP_18c,Average (median) time patients spent in the emergency department before leaving from the visit - Psychiatric/Mental Health Patients,521,1203,,01/01/2025,12/31/2025
280000,Prairie Falls Medical Center,754 Elk St,Prairie Falls,NE,55271,Pine,Emergency Department,ED_2b,Average (median) time patients spent in the emergency department after the doctor decided to admit them,130,3825,,01/01/2025,12/31/2025
280043,Prairie View Regional Medical Center,189 Fair St,Prairie View,IA,57551,Elk,Emergency Department,OP_23,Percentage of patients who came to the emergency department with stroke symptoms who received brain scan results within 45 minutes,78,1222,,01/01/2025,12/31/2025
520016,Pine Grove Medical Center,7331 Elk St,Pine Grove,KS,51241,Elk,Emergency Department,OP_18c,Average (median) time patients spent in the emergency department before leaving from the visit - Psychiatric/Mental Health Patients,397,875,,01/01/2025,12/31/2025
170021,Prairie Ridge County Hospital,9331 Prairie St,Prairie Ridge,NE,55392,River,Emergency Department,OP_22,Left without being seen,1.5,1237,,01/01/2025,12/31/2025
280080,Fair Rapids Memorial Hospital,3960 North St,Fair Rapids,MO,57895,Cedar,Emergency Department,OP_18c,Average (median) time patients spent in the emergency department before leaving from the visit - Psychiatric/Mental Health Patients,280,562,,01/01/2025,12/31/2025
140111,ELK RAPIDS MEDICAL CENTER,8033 Grand St,Elk Rapids,IA,57450,Pine,Emergency Department,OP_23,Percentage of patients who came to the emergency department with stroke symptoms who received brain scan results within 45 minutes,53,2786,,01/01/2025,12/31/2025
430116,Elk Grove Medical Center,7154 Cedar St,Elk Grove,MN,53421,River,Emergency Department,ED_2b,Average (median) time patients spent in the emergency department after the doctor decided to admit them,233,2148,,01/01/2025,12/31/2025
280000,Prairie Falls Medical Center,6764 Prairie St,Prairie Falls,NE,54944,Grand,Emergency Department,OP_22,Left without being seen,1.2,389,,01/01/2025,12/31/2025
240105,Prairie Haven Medical Center,1158 Fair St,Prairie Haven,IA,53597,Grand,Emergency Department,ED_2b,Average (median) time patients spent in the emergency department after the doctor decided to admit them,95,3178,,01/01/2025,12/31/2025
140049,Pine Rapids Community Hospital,7171 Prairie St,Pine Rapids,MO,51279,Prairie,Emergency Department,OP_18b,Average (median) time patients spent in the emergency department before leaving from the visit,217,3200,,01/01/2025,12/31/2025
260091,Grand View Community Hospital,4945 Fair St,Grand View,IA,51237,River,Emergency Department,OP_23,Percentage of patients who came to the emergency department with stroke symptoms who received brain scan results within 45 minutes,59,1283,,01/01/2025,12/31/2025
280106,Cedar View Medical Center,8621 Fair St,Cedar View,MO,52499,River,Emergency Department,OP_18c,Average (median) time patients spent in the emergency department before leaving from the visit - Psychiatric/Mental Health Patients,625,4038,,01/01/2025,12/31/2025
170003,Elk Falls Community Hospital,4423 North St,Elk Falls,IA,50336,North,Emergency Department,ED_2b,Average (median) time patients spent in the emergency department after the doctor decided to admit them,,,1,01/01/2025,12/31/2025
240095,Pine Ridge Medical Center,1169 River St,Pine Ridge,KS,51068,Cedar,Emergency Department,ED_2b,Average (median) time patients spent in the emergency department after the doctor decided to admit them,126,3686,,01/01/2025,12/31/2025
240026,Elk View Medical Center,3475 River St,Elk View,SD,55166,Fair,Emergency Department,OP_18c,Average (median) time patients spent in the emergency department before leaving from the visit - Psychiatric/Mental Health Patients,327,295,,01/01/2025,12/31/2025
260033,River Rapids Health System,1366 Prairie St,River Rapids,KS,50760,Elk,Emergency Department,OP_18c,Average (median) time patients spent in the emergency department before leaving from the visit - Psychiatric/Mental Health Patients,370,4200,,01/01/2025,12/31/2025
,KS STATE AVERAGE,,,KS,,,Emergency Department,OP_18b,Average (median) time patients spent in the emergency department before leaving from the visit,165,,,01/01/2025,12/31/2025
430023,Pine Bluff County Hospital,9941 Elk St,Pine Bluff,WI,55416,Fair,Emergency Department,OP_22,Left without being seen,0.0,1422,,01/01/2025,12/31/2025
160048,RIVER RAPIDS HEALTH SYSTEM,8022 Prairie St,River Rapids,IL,57232,Elk,Emergency Department,ED_2b,Average (median) time patients spent in the emergency department after the doctor decided to admit them,116,2748,,01/01/2025,12/31/2025
240105,Prairie Haven Medical Center,5618 River St,Prairie Haven,IA,58461,Elk,Emergency Department,OP_18c,Average (median) time patients spent in the emergency department before leaving from the visit - Psychiatric/Mental Health Patients,481,901,,01/01/2025,12/31/2025
260094,River Ridge Medical Center,8208 Cedar St,River Ridge,NE,51805,Elk,Emergency Department,OP_22,Left without being seen,0.6,1552,,01/01/2025,12/31/2025
,MO STATE AVERAGE,,,MO,,,Emergency Department,OP_23,Percentage of patients who came to the emergency department with stroke symptoms who received brain scan results within 45 minutes,68.0,,,01/01/2025,12/31/2025
520038,Fair Grove Community Hospital,8872 Fair St,Fair Grove,IL,56250,River,Emergency Department,OP_23,Percentage of patients who came to the emergency department with stroke symptoms who received brain scan results within 45 minutes,33,174,,01/01/2025,12/31/2025
170031,Elk Rapids Medical Center,2076 Grand St,Elk Rapids,KS,56400,Grand,Emergency Department,OP_23,Percentage of patients who came to the emergency department with stroke symptoms who received brain scan results within 45 minutes,31,614,,01/01/2025,12/31/2025
140005,North Grove County Hospital,7875 Elk St,North Grove,SD,54294,Elk,Emergency Department,ED_2b,Average (median) time patients spent in the emergency department after the doctor decided to admit them,22,3053,,01/01/2025,12/31/2025
160067,North Ridge County Hospital,9033 River St,North Ridge,IA,55631,Grand,Emergency Department,ED_2b,Average (median) time patients spent in the emergency department after the doctor decided to admit them,83,2632,,01/01/2025,12/31/2025
170021,Prairie Ridge County Hospital,1173 Cedar St,Prairie Ridge,NE,57112,Grand,Emergency Department,OP_18c,Average (median) time patients spent in the emergency department before leaving from the visit - Psychiatric/Mental Health Patients,167,2989,,01/01/2025,12/31/2025
160097,Fair Grove Regional Medical Center,7904 North St,Fair Grove,KS,57769,River,Emergency Department,ED_2b,Average (median) time patients spent in the emergency department after the doctor decided to admit them,217,750,,01/01/2025,12/31/2025
160118,North Falls Health System,7352 Pine St,North Falls,MO,54143,Cedar,Emergency Department,OP_23,Percentage of patients who came to the emergency department with stroke symptoms who received brain scan results within 45 minutes,96,3217,,01/01/2025,12/31/2025
240001,Grand Bluff Memorial Hospital,7345 Elk St,Grand Bluff,IA,58294,North,Emergency Department,OP_18c,Average (median) time patients spent in the emergency department before leaving from the visit - Psychiatric/Mental Health Patients,338,3740,,01/01/2025,12/31/2025
,MO STATE AVERAGE,,,MO,,,Emergency Department,OP_18b,Average (median) time patients spent in the emergency department before leaving from the visit,165,,,01/01/2025,12/31/2025
160097,Fair Grove Regional Medical Center,2695 Pine St,Fair Grove,KS,56841,Cedar,Emergency Department,OP_23,Percentage of patients who came to the emergency department with stroke symptoms who received brain scan results within 45 minutes,121,2370,,01/01/2025,12/31/2025
430093,River Bluff Health System,9590 Fair St,River Bluff,IL,51473,Elk,Emergency Department,OP_22,Left without being seen,0.0,3114,,01/01/2025,12/31/2025
520055,Fair View Memorial Hospital,2675 Fair St,Fair View,SD,56704,Elk,Emergency Department,ED_2b,Average (median) time patients spent in the emergency department after the doctor decided to admit them,109,1038,,01/01/2025,12/31/2025
240079,North Haven Regional Medical Center,9609 North St,North Haven,MO,50773,Pine,Emergency Department,OP_18b,Average (median) time patients spent in the emergency department before leaving from the visit,Not Available,,5,01/01/2025,12/31/2025
160040,Grand Rapids Health System,9247 Prairie St,Grand Rapids,NE,58167,Elk,Emergency Department,OP_18c,Average (median) time patients spent in the emergency department before leaving from the visit - Psychiatric/Mental Health Patients,158,2157,,01/01/2025,12/31/2025
170071,Cedar Ridge Regional Medical Center,1044 Fair St,Cedar Ridge,NE,56904,Grand,Emergency Department,OP_23,Percentage of patients who came to the emergency department with stroke symptoms who received brain scan results within 45 minutes,113,649,,01/01/2025,12/31/2025
170047,Cedar Junction Regional Medical Center,897 Elk St,Cedar Junction,SD,56697,Prairie,Emergency Department,OP_18c,Average (median) time patients spent in the emergency department before leaving from the visit - Psychiatric/Mental Health Patients,182,1889,,01/01/2025,12/31/2025
160064,Pine Haven Medical Center,1610 Pine St,Pine Haven,IL,57887,Elk,Emergency Department,OP_18c,Average (median) time patients spent in the emergency department before leaving from the visit - Psychiatric/Mental Health Patients,302,3106,,01/01/2025,12/31/2025
240079,North Haven Regional Medical Center,494 Elk St,North Haven,MO,56391,Elk,Emergency Department,OP_22,Left without being seen,3.5,1549,,01/01/2025,12/31/2025
170096,Cedar Junction Regional Medical Center ,5471 Grand St,Cedar Junction,IL,54071,North,Emergency Department,OP_18b,Average (median) time patients spent in the emergency department before leaving from the visit,198,2550,,01/01/2025,12/31/2025
160077,Cedar Grove Regional Medical Center,621 Prairie St,Cedar Grove,WI,58870,Elk,Emergency Department,OP_22,Left without being seen,2.6,3120,,01/01/2025,12/31/2025
,KS STATE AVERAGE,,,KS,,,Emergency Department,OP_22,Left without being seen,2.4,,,01/01/2025,12/31/2025
240012,Grand Falls Community Hospital,240 Cedar St,Grand Falls,IA,52986,Pine,Emergency Department,OP_22,Left without being seen,Not Available,,1,01/01/2025,12/31/2025
160102,River Bluff Health System,7635 Grand St,River Bluff,IL,54838,River,Emergency Department,OP_22,Left without being seen,Not Available,,5,01/01/2025,12/31/2025
430093,River Bluff Health System,269 North St,River Bluff,IL,50583,River,Emergency Department,OP_18b,Average (median) time patients spent in the emergency department before leaving from the visit,179,3387,,01/01/2025,12/31/2025
240100,Prairie Ridge Community Hospital,4009 Elk St,Prairie Ridge,WI,57992,Elk,Emergency Department,OP_18b,Average (median) time patients spent in the emergency department before leaving from the visit,287,3644,,01/01/2025,12/31/2025
160077,Cedar Grove Regional Medical Center,2980 Prairie St,Cedar Grove,WI,56108,Grand,Emergency Department,OP_18c,Average (median) time patients spent in the emergency department before leaving from the visit - Psychiatric/Mental Health Patients,,,5,01/01/2025,12/31/2025
260015,FAIR VIEW MEMORIAL HOSPITAL,7553 Grand St,Fair View,MN,54172,Pine,Emergency Department,OP_18c,Average (median) time patients spent in the emergency department before leaving from the visit - Psychiatric/Mental Health Patients,496,2273,,01/01/2025,12/31/2025
170027,Prairie Bluff Community Hospital,5230 River St,Prairie Bluff,WI,56736,North,Emergency Department,OP_18b,Average (median) time patients spent in the emergency department before leaving from the visit,94,2466,,01/01/2025,12/31/2025
280062,Fair Rapids Community Hospital,6407 Pine St,Fair Rapids,MN,57844,Fair,Emergency Department,OP_23,Percentage of patients who came to the emergency department with stroke symptoms who received brain scan results within 45 minutes,,,25,01/01/2025,12/31/2025
260033,River Rapids Health System,2889 Prairie St,River Rapids,KS,52246,Elk,Emergency Department,OP_22,Left without being seen,2.2,2431,,01/01/2025,12/31/2025
240001,Grand Bluff Memorial Hospital,2826 Cedar St,Grand Bluff,IA,53108,Fair,Emergency Department,OP_18b,Average (median) time patients spent in the emergency department before leaving from the visit,,,25,01/01/2025,12/31/2025
240095,Pine Ridge Medical Center,1734 Cedar St,Pine Ridge,KS,58691,Fair,Emergency Department,OP_23,Percentage of patients who came to the emergency department with stroke symptoms who received brain scan results within 45 minutes,125,3069,,01/01/2025,12/31/2025
240029,Cedar View County Hospital,6050 Prairie St,Cedar View,MN,56667,Prairie,Emergency Department,ED_2b,Average (median) time patients spent in the emergency department after the doctor decided to admit them,78,3270,,01/01/2025,12/31/2025
,WI STATE AVERAGE,,,WI,,,Emergency Department,OP_18b,Average (median) time patients spent in the emergency department before leaving from the visit,165,,,01/01/2025,12/31/2025
,NE STATE AVERAGE,,,NE,,,Emergency Department,OP_18c,Average (median) time patients spent in the emergency department before leaving from the visit - Psychiatric/Mental Health Patients,310,,,01/01/2025,12/31/2025
240105,Prairie Haven Medical Center,6159 Elk St,Prairie Haven,IA,52528,Prairie,Emergency Department,OP_18b,Average (median) time patients spent in the emergency department before leaving from the visit,213,2427,,01/01/2025,12/31/2025
240022,Fair Bluff Regional Medical Center,4266 Pine St,Fair Bluff,MO,57458,North,Emergency Department,OP_23,Percentage of patients who came to the emergency department with stroke symptoms who received brain scan results within 45 minutes,62,3219,,01/01/2025,12/31/2025
280000,Prairie Falls Medical Center,936 Grand St,Prairie Falls,NE,58075,River,Emergency Department,OP_23,Percentage of patients who came to the emergency department with stroke symptoms who received brain scan results within 45 minutes,71,3485,,01/01/2025,12/31/2025
170063,Elk Haven Medical Center,5676 North St,Elk Haven,MO,52717,North,Emergency Department,ED_2b,Average (median) time patients spent in the emergency department after the doctor decided to admit them,83,3695,,01/01/2025,12/31/2025
260119,Fair Ridge Health System,4813 Cedar St,Fair Ridge,SD,54999,Pine,Emergency Department,OP_23,Percentage of patients who came to the emergency department with stroke symptoms who received brain scan results within 45 minutes,79,1099,,01/01/2025,12/31/2025
260084,Cedar Haven Community Hospital,8121 North St,Cedar Haven,KS,51066,Prairie,Emergency Department,OP_18b,Average (median) time patients spent in the emergency department before leaving from the visit,259,3409,,01/01/2025,12/31/2025
240020,Pine Rapids County Hospital,3759 Prairie St,Pine Rapids,IA,57870,Prairie,Emergency Department,OP_23,Percentage of patients who came to the emergency department with stroke symptoms who received brain scan results within 45 minutes,111,1737,,01/01/2025,12/31/2025
160002,Prairie View County Hospital,761 River St,Prairie View,SD,51571,Cedar,Emergency Department,OP_22,Left without being seen,2.0,2364,,01/01/2025,12/31/2025
170021,Prairie Ridge County Hospital,3024 Elk St,Prairie Ridge,NE,51285,Pine,Emergency Department,OP_18b,Average (median) time patients spent in the emergency department before leaving from the visit,160,2464,,01/01/2025,12/31/2025
430093,River Bluff Health System,6347 Fair St,River Bluff,IL,55638,Pine,Emergency Department,ED_2b,Average (median) time patients spent in the emergency department after the doctor decided to admit them,243,3745,,01/01/2025,12/31/2025
260069,Prairie Bluff Memorial Hospital,6753 River St,Prairie Bluff,IA,54168,Fair,Emergency Department,OP_23,Percentage of patients who came to the emergency department with stroke symptoms who received brain scan results within 45 minutes,25,3854,,01/01/2025,12/31/2025
260091,Grand View Community Hospital,4786 Elk St,Grand View,IA,55895,Fair,Emergency Department,OP_22,Left without being seen,Not Available,,1,01/01/2025,12/31/2025
140112,Pine Junction Community Hospital,9258 Elk St,Pine Junction,MO,50577,Elk,Emergency Department,ED_2b,Average (median) time patients spent in the emergency department after the doctor decided to admit them,85,3692,,01/01/2025,12/31/2025
160073,Grand View County Hospital,2182 River St,Grand View,IA,51638,Pine,Emergency Department,OP_18b,Average (median) time patients spent in the emergency department before leaving from the visit,86,1430,,01/01/2025,12/31/2025
140113,Fair Bluff Health System,5122 River St,Fair Bluff,SD,51419,River,Emergency Department,OP_22,Left without being seen,1.6,2280,,01/01/2025,12/31/2025
280072,Grand Ridge Regional Medical Center,5631 Pine St,Grand Ridge,MN,53572,River,Emergency Department,OP_23,Percentage of patients who came to the emergency department with stroke symptoms who received brain scan results within 45 minutes,107,3992,,01/01/2025,12/31/2025
430110,River Ridge Memorial Hospital,7267 Fair St,River Ridge,NE,50512,Fair,Emergency Department,OP_18b,Average (median) time patients spent in the emergency department before leaving from the visit,253,264,,01/01/2025,12/31/2025
140112,Pine Junction Community Hospital,7974 Cedar St,Pine Junction,MO,56458,Grand,Emergency Department,OP_22,Left without being seen,0.6,2095,,01/01/2025,12/31/2025
,MN STATE AVERAGE,,,MN,,,Emergency Department,OP_23,Percentage of patients who came to the emergency department with stroke symptoms who received brain scan results within 45 minutes,68.0,,,01/01/2025,12/31/2025
260015,Fair View Memorial Hospital,1517 Cedar St,Fair View,MN,58464,Elk,Emergency Department,OP_22,Left without being seen,5.8,2833,,01/01/2025,12/31/2025
160060,Pine View Health System,4237 Fair St,Pine View,MN,56024,Prairie,Emergency Department,OP_18b,Average (median) time patients spent in the emergency department before leaving from the visit,154,443,,01/01/2025,12/31/2025
520016,PINE GROVE MEDICAL CENTER,9706 Elk St,Pine Grove,KS,55030,Fair,Emergency Department,OP_18b,Average (median) time patients spent in the emergency department before leaving from the visit,179,3327,,01/01/2025,12/31/2025
430025,Fair Bluff County Hospital ,7422 Fair St,Fair Bluff,IL,55971,Grand,Emergency Department,OP_22,Left without being seen,2.9,3000,,01/01/2025,12/31/2025
170101,Prairie Grove County Hospital,729 Pine St,Prairie Grove,IA,51868,North,Emergency Department,OP_23,Percentage of patients who came to the emergency department with stroke symptoms who received brain scan results within 45 minutes,61,1684,,01/01/2025,12/31/2025
160074,Pine Haven Medical Center,3995 Grand St,Pine Haven,SD,53779,Elk,Emergency Department,OP_23,Percentage of patients who came to the emergency department with stroke symptoms who received brain scan results within 45 minutes,98,3979,,01/01/2025,12/31/2025
260061,Elk Ridge Community Hospital,1128 Cedar St,Elk Ridge,IL,51705,Grand,Emergency Department,OP_18c,Average (median) time patients spent in the emergency department before leaving from the visit - Psychiatric/Mental Health Patients,392,3950,,01/01/2025,12/31/2025
160073,Grand View County Hospital,2711 Grand St,Grand View,IA,54483,Grand,Emergency Department,OP_23,Percentage of patients who came to the emergency department with stroke symptoms who received brain scan results within 45 minutes,87,4154,,01/01/2025,12/31/2025
170031,ELK RAPIDS MEDICAL CENTER,9882 Cedar St,Elk Rapids,KS,55103,Elk,Emergency Department,OP_22,Left without being seen,0.0,2899,,01/01/2025,12/31/2025
260032,Fair Junction County Hospital ,2396 Pine St,Fair Junction,MN,50132,Grand,Emergency Department,ED_2b,Average (median) time patients spent in the emergency department after the doctor decided to admit them,169,172,,01/01/2025,12/31/2025
140007,Prairie View Memorial Hospital,6521 Fair St,Prairie View,IA,56651,Pine,Emergency Department,OP_22,Left without being seen,7.0,3494,,01/01/2025,12/31/2025
260092,Elk View Community Hospital,8060 Prairie St,Elk View,WI,50014,Cedar,Emergency Department,ED_2b,Average (median) time patients spent in the emergency department after the doctor decided to admit them,20,1162,,01/01/2025,12/31/2025
240105,Prairie Haven Medical Center,6770 Fair St,Prairie Haven,IA,54394,Prairie,Emergency Department,OP_22,Left without being seen,3.1,362,,01/01/2025,12/31/2025
170051,ELK VIEW COUNTY HOSPITAL,4201 Prairie St,Elk View,MO,54266,Pine,Emergency Department,OP_18b,Average (median) time patients spent in the emergency department before leaving from the visit,136,3457,,01/01/2025,12/31/2025
430025,Fair Bluff County Hospital,5223 Elk St,Fair Bluff,IL,57241,Elk,Emergency Department,OP_18c,Average (median) time patients spent in the emergency department before leaving from the visit - Psychiatric/Mental Health Patients,20,1641,,01/01/2025,12/31/2025
260094,River Ridge Medical Center ,762 Cedar St,River Ridge,NE,57581,North,Emergency Department,OP_18b,Average (median) time patients spent in the emergency department before leaving from the visit,20,1643,,01/01/2025,12/31/2025
260104,North Haven Memorial Hospital,8904 Pine St,North Haven,IL,53990,North,Emergency Department,OP_18c,Average (median) time patients spent in the emergency department before leaving from the visit - Psychiatric/Mental Health Patients,387,3436,,01/01/2025,12/31/2025
520055,Fair View Memorial Hospital,4353 Grand St,Fair View,SD,54628,Prairie,Emergency Department,OP_18c,Average (median) time patients spent in the emergency department before leaving from the visit - Psychiatric/Mental Health Patients,350,1277,,01/01/2025,12/31/2025
160046,Pine Falls County Hospital,6793 Prairie St,Pine Falls,IA,52425,Prairie,Emergency Department,OP_22,Left without being seen,2.0,3092,,01/01/2025,12/31/2025
280080,Fair Rapids Memorial Hospital,7065 North St,Fair Rapids,MO,50578,North,Emergency Department,OP_22,Left without being seen,0.0,4198,,01/01/2025,12/31/2025
170018,Grand Grove County Hospital,3434 Pine St,Grand Grove,IL,57739,River,Emergency Department,OP_23,Percentage of patients who came to the emergency department with stroke symptoms who received brain scan results within 45 minutes,79,2611,,01/01/2025,12/31/2025
520086,North Grove County Hospital,7245 Fair St,North Grove,KS,54844,Pine,Emergency Department,OP_22,Left without being seen,1.3,2502,,01/01/2025,12/31/2025
170034,NORTH GROVE MEDICAL CENTER,682 Prairie St,North Grove,KS,56697,Grand,Emergency Department,OP_18c,Average (median) time patients spent in the emergency department before leaving from the visit - Psychiatric/Mental Health Patients,56,3008,,01/01/2025,12/31/2025
160118,North Falls Health System,3870 Fair St,North Falls,MO,57866,Elk,Emergency Department,ED_2b,Average (median) time patients spent in the emergency department after the doctor decided to admit them,92,2314,,01/01/2025,12/31/2025
280106,Cedar View Medical Center,5011 Pine St,Cedar View,MO,57846,River,Emergency Department,OP_18b,Average (median) time patients spent in the emergency department before leaving from the visit,216,3367,,01/01/2025,12/31/2025
430054,Cedar Grove Health System ,3226 River St,Cedar Grove,WI,55377,Grand,Emergency Department,OP_23,Percentage of patients who came to the emergency department with stroke symptoms who received brain scan results within 45 minutes,69,2131,,01/01/2025,12/31/2025
240006,River Grove Medical Center,7852 Pine St,River Grove,WI,50411,Elk,Emergency Department,OP_23,Percentage of patients who came to the emergency department with stroke symptoms who received brain scan results within 45 minutes,60,1246,,01/01/2025,12/31/2025
140049,Pine Rapids Community Hospital,5971 River St,Pine Rapids,MO,55580,North,Emergency Department,ED_2b,Average (median) time patients spent in the emergency department after the doctor decided to admit them,205,182,,01/01/2025,12/31/2025
140081,Elk Ridge County Hospital ,2073 Elk St,Elk Ridge,KS,56633,Fair,Emergency Department,OP_18b,Average (median) time patients spent in the emergency department before leaving from the visit,71,2774,,01/01/2025,12/31/2025
240095,Pine Ridge Medical Center,7894 Grand St,Pine Ridge,KS,58082,Fair,Emergency Department,OP_18b,Average (median) time patients spent in the emergency department before leaving from the visit,22,1513,,01/01/2025,12/31/2025
430110,River Ridge Memorial Hospital,8775 North St,River Ridge,NE,51981,North,Emergency Department,OP_22,Left without being seen,3.8,2734,,01/01/2025,12/31/2025
260109,River Falls County Hospital,5597 Pine St,River Falls,IL,52156,River,Emergency Department,OP_22,Left without being seen,4.5,778,,01/01/2025,12/31/2025
280008,ELK VIEW HEALTH SYSTEM,8612 Grand St,Elk View,NE,51244,Grand,Emergency Department,OP_18b,Average (median) time patients spent in the emergency department before leaving from the visit,186,199,,01/01/2025,12/31/2025
260094,River Ridge Medical Center,2978 River St,River Ridge,NE,54218,Grand,Emergency Department,OP_18c,Average (median) time patients spent in the emergency department before leaving from the visit - Psychiatric/Mental Health Patients,656,3453,,01/01/2025,12/31/2025
260109,River Falls County Hospital,788 Elk St,River Falls,IL,57949,Prairie,Emergency Department,OP_18b,Average (median) time patients spent in the emergency department before leaving from the visit,148,3506,,01/01/2025,12/31/2025
170052,North Rapids Community Hospital,7522 Grand St,North Rapids,MO,56149,North,Emergency Department,ED_2b,Average (median) time patients spent in the emergency department after the doctor decided to admit them,20,2470,,01/01/2025,12/31/2025
240035,Pine Haven Medical Center,9085 Grand St,Pine Haven,SD,55407,Fair,Emergency Department,ED_2b,Average (median) time patients spent in the emergency department after the doctor decided to admit them,182,3074,,01/01/2025,12/31/2025
280044,Pine Falls Community Hospital,7101 Cedar St,Pine Falls,IL,53159,Prairie,Emergency Department,OP_18b,Average (median) time patients spent in the emergency department before leaving from the visit,266,1641,,01/01/2025,12/31/2025
160048,River Rapids Health System,7627 Elk St,River Rapids,IL,56762,North,Emergency Department,OP_22,Left without being seen,,,5,01/01/2025,12/31/2025
240026,Elk View Medical Center,2491 Pine St,Elk View,SD,51360,North,Emergency Department,OP_22,Left without being seen,4.1,2781,,01/01/2025,12/31/2025
240065,Prairie Haven Health System,6800 North St,Prairie Haven,NE,53237,Elk,Emergency Department,OP_22,Left without being seen,2.1,1247,,01/01/2025,12/31/2025
240082,Grand Rapids Memorial Hospital,1220 River St,Grand Rapids,IL,56635,Prairie,Emergency Department,OP_18c,Average (median) time patients spent in the emergency department before leaving from the visit - Psychiatric/Mental Health Patients,323,1074,,01/01/2025,12/31/2025
280103,PRAIRIE JUNCTION COMMUNITY HOSPITAL,3143 Fair St,Prairie Junction,KS,50499,Grand,Emergency Department,OP_18b,Average (median) time patients spent in the emergency department before leaving from the visit,191,154,,01/01/2025,12/31/2025
430088,Grand Rapids Medical Center,3209 Fair St,Grand Rapids,SD,54254,Pine,Emergency Department,OP_18c,Average (median) time patients spent in the emergency department before leaving from the visit - Psychiatric/Mental Health Patients,197,2303,,01/01/2025,12/31/2025
430088,Grand Rapids Medical Center,7760 Fair St,Grand Rapids,SD,53993,Pine,Emergency Department,OP_23,Percentage of patients who came to the emergency department with stroke symptoms who received brain scan results within 45 minutes,64,2385,,01/01/2025,12/31/2025
170096,Cedar Junction Regional Medical Center,6386 Prairie St,Cedar Junction,IL,54603,Grand,Emergency Department,OP_22,Left without being seen,2.4,262,,01/01/2025,12/31/2025
170027,Prairie Bluff Community Hospital,9094 River St,Prairie Bluff,WI,52850,Elk,Emergency Department,OP_18c,Average (median) time patients spent in the emergency department before leaving from the visit - Psychiatric/Mental Health Patients,380,286,,01/01/2025,12/31/2025
430014,Fair Rapids Regional Medical Center,1875 North St,Fair Rapids,IL,56782,Cedar,Emergency Department,ED_2b,Average (median) time patients spent in the emergency department after the doctor decided to admit them,107,2950,,01/01/2025,12/31/2025
280058,Pine Grove Medical Center ,9510 River St,Pine Grove,NE,57841,Cedar,Emergency Department,OP_23,Percentage of patients who came to the emergency department with stroke symptoms who received brain scan results within 45 minutes,92,2315,,01/01/2025,12/31/2025
160075,River Falls Regional Medical Center,4218 Pine St,River Falls,IA,57546,North,Emergency Department,OP_22,Left without being seen,3.0,451,,01/01/2025,12/31/2025
280058,Pine Grove Medical Center,7708 Fair St,Pine Grove,NE,52969,Prairie,Emergency Department,OP_18b,Average (median) time patients spent in the emergency department before leaving from the visit,71,2037,,01/01/2025,12/31/2025
160083,North Bluff Regional Medical Center,4718 River St,North Bluff,KS,52748,Elk,Emergency Department,OP_23,Percentage of patients who came to the emergency department with stroke symptoms who received brain scan results within 45 minutes,52,818,,01/01/2025,12/31/2025
170013,North Rapids Regional Medical Center,3838 North St,North Rapids,IL,54371,Pine,Emergency Department,OP_18b,Average (median) time patients spent in the emergency department before leaving from the visit,99,4084,,01/01/2025,12/31/2025
,NE STATE AVERAGE,,,NE,,,Emergency Department,ED_2b,Average (median) time patients spent in the emergency department after the doctor decided to admit them,118,,,01/01/2025,12/31/2025
240079,North Haven Regional Medical Center,1189 Pine St,North Haven,MO,56858,Pine,Emergency Department,OP_23,Percentage of patients who came to the emergency department with stroke symptoms who received brain scan results within 45 minutes,48,1488,,01/01/2025,12/31/2025
160060,Pine View Health System,7501 Elk St,Pine View,MN,57031,Prairie,Emergency Department,ED_2b,Average (median) time patients spent in the emergency department after the doctor decided to admit them,129,1752,,01/01/2025,12/31/2025
430107,Elk Haven Community Hospital,1106 Grand St,Elk Haven,MO,56696,North,Emergency Department,OP_18b,Average (median) time patients spent in the emergency department before leaving from the visit,243,2033,,01/01/2025,12/31/2025
160064,Pine Haven Medical Center,6363 River St,Pine Haven,IL,52423,Grand,Emergency Department,OP_22,Left without being seen,3.2,3900,,01/01/2025,12/31/2025
430025,Fair Bluff County Hospital,1512 Elk St,Fair Bluff,IL,58478,Cedar,Emergency Department,OP_23,Percentage of patients who came to the emergency department with stroke symptoms who received brain scan results within 45 minutes,,,1,01/01/2025,12/31/2025
,WI STATE AVERAGE,,,WI,,,Emergency Department,ED_2b,Average (median) time patients spent in the emergency department after the doctor decided to admit them,118,,,01/01/2025,12/31/2025
140081,Elk Ridge County Hospital,7007 Pine St,Elk Ridge,KS,55313,Elk,Emergency Department,OP_18c,Average (median) time patients spent in the emergency department before leaving from the visit - Psychiatric/Mental Health Patients,362,2207,,01/01/2025,12/31/2025
520098,Pine Bluff County Hospital,6086 River St,Pine Bluff,WI,50083,Elk,Emergency Department,OP_22,Left without being seen,3.5,3668,,01/01/2025,12/31/2025
520016,Pine Grove Medical Center,7563 Cedar St,Pine Grove,KS,52899,Grand,Emergency Department,OP_22,Left without being seen,,,5,01/01/2025,12/31/2025
430025,Fair Bluff County Hospital,8385 Pine St,Fair Bluff,IL,52267,North,Emergency Department,OP_18b,Average (median) time patients spent in the emergency department before leaving from the visit,Not Available,,5,01/01/2025,12/31/2025
430116,Elk Grove Medical Center ,7255 Grand St,Elk Grove,MN,51580,Prairie,Emergency Department,OP_23,Percentage of patients who came to the emergency department with stroke symptoms who received brain scan results within 45 minutes,25,2542,,01/01/2025,12/31/2025
260091,Grand View Community Hospital,1267 Grand St,Grand View,IA,51679,Fair,Emergency Department,OP_18c,Average (median) time patients spent in the emergency department before leaving from the visit - Psychiatric/Mental Health Patients,305,2264,,01/01/2025,12/31/2025
430010,Grand Haven Medical Center,8662 River St,Grand Haven,MN,52499,Elk,Emergency Department,OP_23,Percentage of patients who came to the emergency department with stroke symptoms who received brain scan results within 45 minutes,27,2701,,01/01/2025,12/31/2025
520090,River Bluff Health System,2522 River St,River Bluff,MO,53142,Fair,Emergency Department,OP_22,Left without being seen,0.7,3849,,01/01/2025,12/31/2025
520114,Elk Rapids Health System,6736 Prairie St,Elk Rapids,IA,52406,Fair,Emergency Department,ED_2b,Average (median) time patients spent in the emergency department after the doctor decided to admit them,137,2633,,01/01/2025,12/31/2025
160048,River Rapids Health System,5668 Cedar St,River Rapids,IL,53673,North,Emergency Department,OP_18b,Average (median) time patients spent in the emergency department before leaving from the visit,150,497,,01/01/2025,12/31/2025
,SD STATE AVERAGE,,,SD,,,Emergency Department,OP_18b,Average (median) time patients spent in the emergency department before leaving from the visit,165,,,01/01/2025,12/31/2025
140089,North Haven County Hospital,9627 Fair St,North Haven,KS,51015,Grand,Emergency Department,OP_23,Percentage of patients who came to the emergency department with stroke symptoms who received brain scan results within 45 minutes,65,3031,,01/01/2025,12/31/2025
240001,Grand Bluff Memorial Hospital,9294 Pine St,Grand Bluff,IA,51116,Cedar,Emergency Department,OP_22,Left without being seen,2.0,1452,,01/01/2025,12/31/2025
430041,Fair Haven County Hospital,1279 North St,Fair Haven,IA,51853,Pine,Emergency Department,OP_22,Left without being seen,2.7,929,,01/01/2025,12/31/2025
140049,Pine Rapids Community Hospital,7684 Cedar St,Pine Rapids,MO,50168,River,Emergency Department,OP_18c,Average (median) time patients spent in the emergency department before leaving from the visit - Psychiatric/Mental Health Patients,481,2069,,01/01/2025,12/31/2025
240065,Prairie Haven Health System,5510 Grand St,Prairie Haven,NE,55078,Pine,Emergency Department,ED_2b,Average (median) time patients spent in the emergency department after the doctor decided to admit them,183,912,,01/01/2025,12/31/2025
260032,Fair Junction County Hospital,8699 Cedar St,Fair Junction,MN,55782,Cedar,Emergency Department,OP_18b,Average (median) time patients spent in the emergency department before leaving from the visit,99,3664,,01/01/2025,12/31/2025
240029,Cedar View County Hospital,5070 River St,Cedar View,MN,56276,Prairie,Emergency Department,OP_18c,Average (median) time patients spent in the emergency department before leaving from the visit - Psychiatric/Mental Health Patients,118,790,,01/01/2025,12/31/2025
430066,Grand Ridge Medical Center,5149 Prairie St,Grand Ridge,NE,58945,River,Emergency Department,ED_2b,Average (median) time patients spent in the emergency department after the doctor decided to admit them,63,1453,,01/01/2025,12/31/2025
430009,Grand Bluff Community Hospital,5504 Elk St,Grand Bluff,IL,56910,Cedar,Emergency Department,ED_2b,Average (median) time patients spent in the emergency department after the doctor decided to admit them,181,3101,,01/01/2025,12/31/2025
,IL STATE AVERAGE,,,IL,,,Emergency Department,OP_18b,Average (median) time patients spent in the emergency department before leaving from the visit,165,,,01/01/2025,12/31/2025
170036,River Junction Community Hospital,6274 Elk St,River Junction,KS,54523,Elk,Emergency Department,OP_23,Percentage of patients who came to the emergency department with stroke symptoms who received brain scan results within 45 minutes,13,2717,,01/01/2025,12/31/2025
160074,Pine Haven Medical Center,385 River St,Pine Haven,SD,50297,River,Emergency Department,OP_18b,Average (median) time patients spent in the emergency department before leaving from the visit,128,996,,01/01/2025,12/31/2025
280017,Cedar Bluff Regional Medical Center,5620 Fair St,Cedar Bluff,IA,56695,North,Emergency Department,OP_18b,Average (median) time patients spent in the emergency department before leaving from the visit,205,2089,,01/01/2025,12/31/2025
140049,Pine Rapids Community Hospital,9999 River St,Pine Rapids,MO,56971,Fair,Emergency Department,OP_22,Left without being seen,4.5,1659,,01/01/2025,12/31/2025
140089,North Haven County Hospital,7678 Cedar St,North Haven,KS,57998,Fair,Emergency Department,ED_2b,Average (median) time patients spent in the emergency department after the doctor decided to admit them,22,1580,,01/01/2025,12/31/2025
160073,Grand View County Hospital,1653 Elk St,Grand View,IA,52664,River,Emergency Department,ED_2b,Average (median) time patients spent in the emergency department after the doctor decided to admit them,84,2439,,01/01/2025,12/31/2025
260092,Elk View Community Hospital,6751 Cedar St,Elk View,WI,53700,Grand,Emergency Department,OP_18c,Average (median) time patients spent in the emergency department before leaving from the visit - Psychiatric/Mental Health Patients,374,2780,,01/01/2025,12/31/2025
430023,Pine Bluff County Hospital,2457 River St,Pine Bluff,WI,54069,Fair,Emergency Department,OP_18c,Average (median) time patients spent in the emergency department before leaving from the visit - Psychiatric/Mental Health Patients,Not Available,,5,01/01/2025,12/31/2025
140005,North Grove County Hospital,7118 River St,North Grove,SD,57798,Grand,Emergency Department,OP_18b,Average (median) time patients spent in the emergency department before leaving from the visit,225,846,,01/01/2025,12/31/2025
160064,Pine Haven Medical Center,5271 Grand St,Pine Haven,IL,57077,River,Emergency Department,OP_23,Percentage of patients who came to the emergency department with stroke symptoms who received brain scan results within 45 minutes,87,3375,,01/01/2025,12/31/2025
,IL STATE AVERAGE,,,IL,,,Emergency Department,OP_22,Left without being seen,2.4,,,01/01/2025,12/31/2025
170052,NORTH RAPIDS COMMUNITY HOSPITAL,9095 North St,North Rapids,MO,50733,North,Emergency Department,OP_23,Percentage of patients who came to the emergency department with stroke symptoms who received brain scan results within 45 minutes,60,1815,,01/01/2025,12/31/2025
430088,Grand Rapids Medical Center,1695 Pine St,Grand Rapids,SD,57966,Prairie,Emergency Department,OP_22,Left without being seen,2.2,1340,,01/01/2025,12/31/2025
170096,Cedar Junction Regional Medical Center,8140 Prairie St,Cedar Junction,IL,55109,Prairie,Emergency Department,OP_23,Percentage of patients who came to the emergency department with stroke symptoms who received brain scan results within 45 minutes,49,1790,,01/01/2025,12/31/2025
160037,Pine Ridge Health System,3459 Cedar St,Pine Ridge,IA,53381,Elk,Emergency Department,OP_22,Left without being seen,5.2,1317,,01/01/2025,12/31/2025
,MO STATE AVERAGE,,,MO,,,Emergency Department,OP_22,Left without being seen,2.4,,,01/01/2025,12/31/2025
430066,GRAND RIDGE MEDICAL CENTER,3592 Prairie St,Grand Ridge,NE,56505,River,Emergency Department,OP_22,Left without being seen,1.8,2250,,01/01/2025,12/31/2025
240085,Grand Haven Community Hospital,2815 Grand St,Grand Haven,MN,54534,Prairie,Emergency Department,OP_23,Percentage of patients who came to the emergency department with stroke symptoms who received brain scan results within 45 minutes,Not Available,,25,01/01/2025,12/31/2025
160078,Pine Rapids Health System,4194 Pine St,Pine Rapids,IA,52878,Grand,Emergency Department,OP_18c,Average (median) time patients spent in the emergency department before leaving from the visit - Psychiatric/Mental Health Patients,526,1679,,01/01/2025,12/31/2025
170018,GRAND GROVE COUNTY HOSPITAL,7432 River St,Grand Grove,IL,56553,Fair,Emergency Department,OP_18c,Average (median) time patients spent in the emergency department before leaving from the visit - Psychiatric/Mental Health Patients,307,2591,,01/01/2025,12/31/2025
240020,Pine Rapids County Hospital,7492 River St,Pine Rapids,IA,54240,Elk,Emergency Department,OP_18b,Average (median) time patients spent in the emergency department before leaving from the visit,125,881,,01/01/2025,12/31/2025
160117,Cedar Haven Health System,9681 Cedar St,Cedar Haven,IA,50710,Grand,Emergency Department,OP_23,Percentage of patients who came to the emergency department with stroke symptoms who received brain scan results within 45 minutes,80,2183,,01/01/2025,12/31/2025
140057,Elk Ridge County Hospital,9496 Fair St,Elk Ridge,MN,52865,Elk,Emergency Department,OP_18c,Average (median) time patients spent in the emergency department before leaving from the visit - Psychiatric/Mental Health Patients,378,871,,01/01/2025,12/31/2025
,NE STATE AVERAGE,,,NE,,,Emergency Department,OP_23,Percentage of patients who came to the emergency department with stroke symptoms who received brain scan results within 45 minutes,68.0,,,01/01/2025,12/31/2025
160078,PINE RAPIDS HEALTH SYSTEM,1261 Grand St,Pine Rapids,IA,57961,Cedar,Emergency Department,OP_18b,Average (median) time patients spent in the emergency department before leaving from the visit,89,3487,,01/01/2025,12/31/2025
140089,North Haven County Hospital,133 Fair St,North Haven,KS,50922,Fair,Emergency Department,OP_18b,Average (median) time patients spent in the emergency department before leaving from the visit,164,1631,,01/01/2025,12/31/2025
170071,Cedar Ridge Regional Medical Center,6389 Elk St,Cedar Ridge,NE,50740,River,Emergency Department,OP_18b,Average (median) time patients spent in the emergency department before leaving from the visit,145,3636,,01/01/2025,12/31/2025
280044,Pine Falls Community Hospital,2643 River St,Pine Falls,IL,50631,Fair,Emergency Department,OP_18c,Average (median) time patients spent in the emergency department before leaving from the visit - Psychiatric/Mental Health Patients,440,2123,,01/01/2025,12/31/2025
240042,Prairie Grove County Hospital ,5304 Grand St,Prairie Grove,IL,58435,Fair,Emergency Department,OP_23,Percentage of patients who came to the emergency department with stroke symptoms who received brain scan results within 45 minutes,42,3935,,01/01/2025,12/31/2025
170018,Grand Grove County Hospital,2473 River St,Grand Grove,IL,57196,Prairie,Emergency Department,ED_2b,Average (median) time patients spent in the emergency department after the doctor decided to admit them,79,1811,,01/01/2025,12/31/2025
430068,Grand Grove County Hospital,612 Fair St,Grand Grove,MO,54189,Fair,Emergency Department,OP_18c,Average (median) time patients spent in the emergency department before leaving from the visit - Psychiatric/Mental Health Patients,394,1233,,01/01/2025,12/31/2025
,SD STATE AVERAGE,,,SD,,,Emergency Department,OP_18c,Average (median) time patients spent in the emergency department before leaving from the visit - Psychiatric/Mental Health Patients,310,,,01/01/2025,12/31/2025
260119,Fair Ridge Health System,5596 North St,Fair Ridge,SD,50932,Grand,Emergency Department,OP_22,Left without being seen,2.9,1580,,01/01/2025,12/31/2025
280017,Cedar Bluff Regional Medical Center,286 North St,Cedar Bluff,IA,54344,North,Emergency Department,OP_23,Percentage of patients who came to the emergency department with stroke symptoms who received brain scan results within 45 minutes,34,1637,,01/01/2025,12/31/2025
160067,North Ridge County Hospital,1087 River St,North Ridge,IA,57297,North,Emergency Department,OP_18b,Average (median) time patients spent in the emergency department before leaving from the visit,144,2681,,01/01/2025,12/31/2025
160002,Prairie View County Hospital,127 Pine St,Prairie View,SD,52927,Cedar,Emergency Department,ED_2b,Average (median) time patients spent in the emergency department after the doctor decided to admit them,68,1960,,01/01/2025,12/31/2025
140057,Elk Ridge County Hospital,4580 Cedar St,Elk Ridge,MN,58104,Cedar,Emergency Department,OP_23,Percentage of patients who came to the emergency department with stroke symptoms who received brain scan results within 45 minutes,Not Available,,25,01/01/2025,12/31/2025
,MN STATE AVERAGE,,,MN,,,Emergency Department,OP_18b,Average (median) time patients spent in the emergency department before leaving from the visit,165,,,01/01/2025,12/31/2025
240042,Prairie Grove County Hospital,2766 River St,Prairie Grove,IL,56217,Grand,Emergency Department,OP_18b,Average (median) time patients spent in the emergency department before leaving from the visit,230,2706,,01/01/2025,12/31/2025
280072,Grand Ridge Regional Medical Center,3546 Pine St,Grand Ridge,MN,52257,Cedar,Emergency Department,ED_2b,Average (median) time patients spent in the emergency department after the doctor decided to admit them,182,522,,01/01/2025,12/31/2025
140057,Elk Ridge County Hospital,538 Elk St,Elk Ridge,MN,54299,North,Emergency Department,ED_2b,Average (median) time patients spent in the emergency department after the doctor decided to admit them,324,786,,01/01/2025,12/31/2025
240065,Prairie Haven Health System,8708 Grand St,Prairie Haven,NE,50192,River,Emergency Department,OP_18b,Average (median) time patients spent in the emergency department before leaving from the visit,90,3568,,01/01/2025,12/31/2025
140111,Elk Rapids Medical Center,1873 Pine St,Elk Rapids,IA,53970,Fair,Emergency Department,OP_18b,Average (median) time patients spent in the emergency department before leaving from the visit,199,4015,,01/01/2025,12/31/2025
430023,Pine Bluff County Hospital,9988 River St,Pine Bluff,WI,51840,Pine,Emergency Department,OP_18b,Average (median) time patients spent in the emergency department before leaving from the visit,173,2884,,01/01/2025,12/31/2025
520086,North Grove County Hospital,3643 Cedar St,North Grove,KS,54241,Elk,Emergency Department,OP_18b,Average (median) time patients spent in the emergency department before leaving from the visit,277,1725,,01/01/2025,12/31/2025
520098,Pine Bluff County Hospital,4798 North St,Pine Bluff,WI,50585,Cedar,Emergency Department,OP_18b,Average (median) time patients spent in the emergency department before leaving from the visit,261,674,,01/01/2025,12/31/2025
160002,Prairie View County Hospital,4758 North St,Prairie View,SD,52465,River,Emergency Department,OP_18b,Average (median) time patients spent in the emergency department before leaving from the visit,92,852,,01/01/2025,12/31/2025
240022,Fair Bluff Regional Medical Center,9028 Grand St,Fair Bluff,MO,55374,Pine,Emergency Department,ED_2b,Average (median) time patients spent in the emergency department after the doctor decided to admit them,63,122,,01/01/2025,12/31/2025
520114,Elk Rapids Health System,8162 Grand St,Elk Rapids,IA,56243,Grand,Emergency Department,OP_18c,Average (median) time patients spent in the emergency department before leaving from the visit - Psychiatric/Mental Health Patients,298,1017,,01/01/2025,12/31/2025
,SD STATE AVERAGE,,,SD,,,Emergency Department,OP_23,Percentage of patients who came to the emergency department with stroke symptoms who received brain scan results within 45 minutes,68.0,,,01/01/2025,12/31/2025
170115,North View Regional Medical Center,2297 Fair St,North View,KS,54165,Grand,Emergency Department,OP_18b,Average (median) time patients spent in the emergency department before leaving from the visit,157,1582,,01/01/2025,12/31/2025
280080,Fair Rapids Memorial Hospital,9449 River St,Fair Rapids,MO,54739,River,Emergency Department,OP_18b,Average (median) time patients spent in the emergency department before leaving from the visit,207,2975,,01/01/2025,12/31/2025
170031,Elk Rapids Medical Center,1093 Cedar St,Elk Rapids,KS,57308,Grand,Emergency Department,ED_2b,Average (median) time patients spent in the emergency department after the doctor decided to admit them,96,2486,,01/01/2025,12/31/2025
170036,River Junction Community Hospital,8917 Prairie St,River Junction,KS,53498,Grand,Emergency Department,ED_2b,Average (median) time patients spent in the emergency department after the doctor decided to admit them,236,3411,,01/01/2025,12/31/2025
160075,River Falls Regional Medical Center,3457 Cedar St,River Falls,IA,52803,River,Emergency Department,OP_23,Percentage of patients who came to the emergency department with stroke symptoms who received brain scan results within 45 minutes,57,4027,,01/01/2025,12/31/2025
170036,River Junction Community Hospital,1037 Grand St,River Junction,KS,58124,Elk,Emergency Department,OP_18c,Average (median) time patients spent in the emergency department before leaving from the visit - Psychiatric/Mental Health Patients,418,1741,,01/01/2025,12/31/2025
170031,Elk Rapids Medical Center,2527 North St,Elk Rapids,KS,58847,North,Emergency Department,OP_18c,Average (median) time patients spent in the emergency department before leaving from the visit - Psychiatric/Mental Health Patients,424,203,,01/01/2025,12/31/2025
170011,RIVER JUNCTION REGIONAL MEDICAL CENTER,3129 Fair St,River Junction,IA,57505,Fair,Emergency Department,ED_2b,Average (median) time patients spent in the emergency department after the doctor decided to admit them,,,1,01/01/2025,12/31/2025
260015,Fair View Memorial Hospital,6296 Elk St,Fair View,MN,56391,Prairie,Emergency Department,ED_2b,Average (median) time patients spent in the emergency department after the doctor decided to admit them,210,1616,,01/01/2025,12/31/2025
260076,River View County Hospital,5508 Grand St,River View,SD,51530,Prairie,Emergency Department,OP_18c,Average (median) time patients spent in the emergency department before leaving from the visit - Psychiatric/Mental Health Patients,Not Available,,1,01/01/2025,12/31/2025
520086,North Grove County Hospital,8272 River St,North Grove,KS,58791,Prairie,Emergency Department,OP_23,Percentage of patients who came to the emergency department with stroke symptoms who received brain scan results within 45 minutes,104,2702,,01/01/2025,12/31/2025
170071,Cedar Ridge Regional Medical Center,1605 North St,Cedar Ridge,NE,51135,North,Emergency Department,OP_18c,Average (median) time patients spent in the emergency department before leaving from the visit - Psychiatric/Mental Health Patients,28,321,,01/01/2025,12/31/2025
430009,Grand Bluff Community Hospital,6900 Pine St,Grand Bluff,IL,58210,Cedar,Emergency Department,OP_23,Percentage of patients who came to the emergency department with stroke symptoms who received brain scan results within 45 minutes,106,4110,,01/01/2025,12/31/2025
,IL STATE AVERAGE,,,IL,,,Emergency Department,OP_18c,Average (median) time patients spent in the emergency department before leaving from the visit - Psychiatric/Mental Health Patients,310,,,01/01/2025,12/31/2025
430014,FAIR RAPIDS REGIONAL MEDICAL CENTER,1287 Prairie St,Fair Rapids,IL,58128,Elk,Emergency Department,OP_22,Left without being seen,Not Available,,5,01/01/2025,12/31/2025
280103,Prairie Junction Community Hospital,8100 North St,Prairie Junction,KS,55289,River,Emergency Department,OP_18c,Average (median) time patients spent in the emergency department before leaving from the visit - Psychiatric/Mental Health Patients,156,1398,,01/01/2025,12/31/2025
160074,Pine Haven Medical Center,9091 Elk St,Pine Haven,SD,52833,Grand,Emergency Department,OP_22,Left without being seen,2.8,1476,,01/01/2025,12/31/2025
160075,River Falls Regional Medical Center,2579 Fair St,River Falls,IA,50534,Pine,Emergency Department,OP_18b,Average (median) time patients spent in the emergency department before leaving from the visit,186,1062,,01/01/2025,12/31/2025
170051,Elk View County Hospital,6025 North St,Elk View,MO,55469,Fair,Emergency Department,OP_18c,Average (median) time patients spent in the emergency department before leaving from the visit - Psychiatric/Mental Health Patients,Not Available,,1,01/01/2025,12/31/2025
160077,Cedar Grove Regional Medical Center,2873 River St,Cedar Grove,WI,56164,Elk,Emergency Department,OP_18b,Average (median) time patients spent in the emergency department before leaving from the visit,134,1115,,01/01/2025,12/31/2025
260104,North Haven Memorial Hospital,783 Prairie St,North Haven,IL,55005,Pine,Emergency Department,OP_23,Percentage of patients who came to the emergency department with stroke symptoms who received brain scan results within 45 minutes,132,3452,,01/01/2025,12/31/2025
260076,River View County Hospital ,4731 Fair St,River View,SD,53745,Elk,Emergency Department,OP_23,Percentage of patients who came to the emergency department with stroke symptoms who received brain scan results within 45 minutes,62,1651,,01/01/2025,12/31/2025
,IA STATE AVERAGE,,,IA,,,Emergency Department,OP_22,Left without being seen,2.4,,,01/01/2025,12/31/2025
170018,Grand Grove County Hospital,6058 Elk St,Grand Grove,IL,53109,Elk,Emergency Department,OP_18b,Average (median) time patients spent in the emergency department before leaving from the visit,,,25,01/01/2025,12/31/2025
430088,Grand Rapids Medical Center,3909 River St,Grand Rapids,SD,56222,Grand,Emergency Department,ED_2b,Average (median) time patients spent in the emergency department after the doctor decided to admit them,38,912,,01/01/2025,12/31/2025
240020,Pine Rapids County Hospital,8914 Pine St,Pine Rapids,IA,51142,Pine,Emergency Department,ED_2b,Average (median) time patients spent in the emergency department after the doctor decided to admit them,116,3084,,01/01/2025,12/31/2025
160002,Prairie View County Hospital,7107 Pine St,Prairie View,SD,53547,Elk,Emergency Department,OP_18c,Average (median) time patients spent in the emergency department before leaving from the visit - Psychiatric/Mental Health Patients,557,3820,,01/01/2025,12/31/2025
170052,North Rapids Community Hospital,4002 Elk St,North Rapids,MO,53591,Cedar,Emergency Department,OP_22,Left without being seen,0.7,3513,,01/01/2025,12/31/2025
260061,Elk Ridge Community Hospital,3516 North St,Elk Ridge,IL,58234,Pine,Emergency Department,OP_22,Left without being seen,4.1,2494,,01/01/2025,12/31/2025
170036,River Junction Community Hospital,8183 Grand St,River Junction,KS,55022,River,Emergency Department,OP_18b,Average (median) time patients spent in the emergency department before leaving from the visit,260,1006,,01/01/2025,12/31/2025
240022,Fair Bluff Regional Medical Center,8454 Prairie St,Fair Bluff,MO,53694,Elk,Emergency Department,OP_18b,Average (median) time patients spent in the emergency department before leaving from the visit,143,3802,,01/01/2025,12/31/2025
280103,Prairie Junction Community Hospital,1357 Prairie St,Prairie Junction,KS,58389,Fair,Emergency Department,OP_22,Left without being seen,Not Available,,5,01/01/2025,12/31/2025
240006,River Grove Medical Center,5535 River St,River Grove,WI,56294,River,Emergency Department,OP_22,Left without being seen,2.4,4013,,01/01/2025,12/31/2025
430107,Elk Haven Community Hospital,4996 Elk St,Elk Haven,MO,55428,Elk,Emergency Department,OP_22,Left without being seen,5.5,920,,01/01/2025,12/31/2025
170101,Prairie Grove County Hospital,9780 Pine St,Prairie Grove,IA,56890,River,Emergency Department,OP_22,Left without being seen,0.0,1524,,01/01/2025,12/31/2025
260015,Fair View Memorial Hospital ,8713 Fair St,Fair View,MN,51515,River,Emergency Department,OP_23,Percentage of patients who came to the emergency department with stroke symptoms who received brain scan results within 45 minutes,39,3065,,01/01/2025,12/31/2025
430054,CEDAR GROVE HEALTH SYSTEM,9689 Elk St,Cedar Grove,WI,51138,Prairie,Emergency Department,OP_18b,Average (median) time patients spent in the emergency department before leaving from the visit,154,2674,,01/01/2025,12/31/2025
520099,Grand Ridge Community Hospital ,1572 North St,Grand Ridge,KS,58993,River,Emergency Department,OP_23,Percentage of patients who came to the emergency department with stroke symptoms who received brain scan results within 45 minutes,Not Available,,5,01/01/2025,12/31/2025
260094,River Ridge Medical Center,6508 Cedar St,River Ridge,NE,58824,River,Emergency Department,ED_2b,Average (median) time patients spent in the emergency department after the doctor decided to admit them,48,1419,,01/01/2025,12/31/2025
280043,Prairie View Regional Medical Center,7152 River St,Prairie View,IA,51208,Prairie,Emergency Department,ED_2b,Average (median) time patients spent in the emergency department after the doctor decided to admit them,234,2190,,01/01/2025,12/31/2025
280008,Elk View Health System,7860 Elk St,Elk View,NE,51623,Fair,Emergency Department,OP_23,Percentage of patients who came to the emergency department with stroke symptoms who received brain scan results within 45 minutes,68,2404,,01/01/2025,12/31/2025
140050,River View Medical Center,5511 Pine St,River View,KS,55257,Fair,Emergency Department,ED_2b,Average (median) time patients spent in the emergency department after the doctor decided to admit them,146,3442,,01/01/2025,12/31/2025
240035,Pine Haven Medical Center,6245 North St,Pine Haven,SD,53611,Prairie,Emergency Department,OP_18c,Average (median) time patients spent in the emergency department before leaving from the visit - Psychiatric/Mental Health Patients,663,1829,,01/01/2025,12/31/2025
260092,Elk View Community Hospital,2984 Grand St,Elk View,WI,56317,Grand,Emergency Department,OP_23,Percentage of patients who came to the emergency department with stroke symptoms who received brain scan results within 45 minutes,69,2215,,01/01/2025,12/31/2025
160097,Fair Grove Regional Medical Center,2240 Cedar St,Fair Grove,KS,57213,Prairie,Emergency Department,OP_18b,Average (median) time patients spent in the emergency department before leaving from the visit,161,1529,,01/01/2025,12/31/2025
170011,River Junction Regional Medical Center,4535 North St,River Junction,IA,51311,Pine,Emergency Department,OP_18c,Average (median) time patients spent in the emergency department before leaving from the visit - Psychiatric/Mental Health Patients,388,3753,,01/01/2025,12/31/2025
170021,Prairie Ridge County Hospital,5436 Prairie St,Prairie Ridge,NE,57249,Cedar,Emergency Department,ED_2b,Average (median) time patients spent in the emergency department after the doctor decided to admit them,203,4021,,01/01/2025,12/31/2025
280000,Prairie Falls Medical Center,5488 Grand St,Prairie Falls,NE,51272,Elk,Emergency Department,OP_18b,Average (median) time patients spent in the emergency department before leaving from the visit,177,2602,,01/01/2025,12/31/2025
160075,River Falls Regional Medical Center,2510 Fair St,River Falls,IA,55097,River,Emergency Department,ED_2b,Average (median) time patients spent in the emergency department after the doctor decided to admit them,77,3735,,01/01/2025,12/31/2025
520098,Pine Bluff County Hospital,9491 Prairie St,Pine Bluff,WI,53572,Prairie,Emergency Department,ED_2b,Average (median) time patients spent in the emergency department after the doctor decided to admit them,24,3130,,01/01/2025,12/31/2025
260109,River Falls County Hospital,6333 Pine St,River Falls,IL,54794,Grand,Emergency Department,ED_2b,Average (median) time patients spent in the emergency department after the doctor decided to admit them,173,3660,,01/01/2025,12/31/2025
260061,Elk Ridge Community Hospital,8473 Elk St,Elk Ridge,IL,55569,River,Emergency Department,ED_2b,Average (median) time patients spent in the emergency department after the doctor decided to admit them,123,4088,,01/01/2025,12/31/2025
170071,Cedar Ridge Regional Medical Center,4212 Elk St,Cedar Ridge,NE,55503,Elk,Emergency Department,OP_22,Left without being seen,1.7,3882,,01/01/2025,12/31/2025
160046,Pine Falls County Hospital,7183 Elk St,Pine Falls,IA,51293,Fair,Emergency Department,OP_18c,Average (median) time patients spent in the emergency department before leaving from the visit - Psychiatric/Mental Health Patients,312,2140,,01/01/2025,12/31/2025
430010,Grand Haven Medical Center,6348 North St,Grand Haven,MN,55262,Fair,Emergency Department,OP_18c,Average (median) time patients spent in the emergency department before leaving from the visit - Psychiatric/Mental Health Patients,277,2014,,01/01/2025,12/31/2025
520055,Fair View Memorial Hospital,2107 Pine St,Fair View,SD,53539,Pine,Emergency Department,OP_23,Percentage of patients who came to the emergency department with stroke symptoms who received brain scan results within 45 minutes,55,2844,,01/01/2025,12/31/2025
280024,Elk Grove Memorial Hospital,9025 Grand St,Elk Grove,IA,54695,Elk,Emergency Department,OP_23,Percentage of patients who came to the emergency department with stroke symptoms who received brain scan results within 45 minutes,77,894,,01/01/2025,12/31/2025
,IA STATE AVERAGE,,,IA,,,Emergency Department,ED_2b,Average (median) time patients spent in the emergency department after the doctor decided to admit them,118,,,01/01/2025,12/31/2025
430041,Fair Haven County Hospital,2726 Pine St,Fair Haven,IA,50049,River,Emergency Department,OP_18b,Average (median) time patients spent in the emergency department before leaving from the visit,197,3740,,01/01/2025,12/31/2025
430107,Elk Haven Community Hospital,1843 Cedar St,Elk Haven,MO,57865,Cedar,Emergency Department,ED_2b,Average (median) time patients spent in the emergency department after the doctor decided to admit them,169,1939,,01/01/2025,12/31/2025
280043,Prairie View Regional Medical Center,9472 Grand St,Prairie View,IA,53753,Grand,Emergency Department,OP_22,Left without being seen,3.6,2322,,01/01/2025,12/31/2025
430023,Pine Bluff County Hospital,1399 Cedar St,Pine Bluff,WI,55778,River,Emergency Department,ED_2b,Average (median) time patients spent in the emergency department after the doctor decided to admit them,173,2409,,01/01/2025,12/31/2025
280008,Elk View Health System,9777 River St,Elk View,NE,56533,Elk,Emergency Department,ED_2b,Average (median) time patients spent in the emergency department after the doctor decided to admit them,141,280,,01/01/2025,12/31/2025
280103,PRAIRIE JUNCTION COMMUNITY HOSPITAL,4888 Fair St,Prairie Junction,KS,52046,Cedar,Emergency Department,OP_23,Percentage of patients who came to the emergency department with stroke symptoms who received brain scan results within 45 minutes,69,1162,,01/01/2025,12/31/2025
280062,Fair Rapids Community Hospital,7122 Elk St,Fair Rapids,MN,53721,River,Emergency Department,OP_22,Left without being seen,0.0,3168,,01/01/2025,12/31/2025
140081,Elk Ridge County Hospital,5751 River St,Elk Ridge,KS,58992,River,Emergency Department,OP_22,Left without being seen,1.3,3314,,01/01/2025,12/31/2025
140019,Grand Junction Memorial Hospital,2860 Cedar St,Grand Junction,NE,51328,Grand,Emergency Department,OP_18b,Average (median) time patients spent in the emergency department before leaving from the visit,128,2421,,01/01/2025,12/31/2025
140005,North Grove County Hospital,4060 Prairie St,North Grove,SD,51170,Cedar,Emergency Department,OP_23,Percentage of patients who came to the emergency department with stroke symptoms who received brain scan results within 45 minutes,44,1450,,01/01/2025,12/31/2025
160083,North Bluff Regional Medical Center,429 Fair St,North Bluff,KS,54744,Grand,Emergency Department,ED_2b,Average (median) time patients spent in the emergency department after the doctor decided to admit them,69,1384,,01/01/2025,12/31/2025
520038,Fair Grove Community Hospital,3673 Fair St,Fair Grove,IL,51792,Fair,Emergency Department,OP_18b,Average (median) time patients spent in the emergency department before leaving from the visit,316,3307,,01/01/2025,12/31/2025
170047,Cedar Junction Regional Medical Center ,9134 Pine St,Cedar Junction,SD,51052,Elk,Emergency Department,OP_18b,Average (median) time patients spent in the emergency department before leaving from the visit,66,1783,,01/01/2025,12/31/2025
170071,Cedar Ridge Regional Medical Center,4732 Prairie St,Cedar Ridge,NE,58838,North,Emergency Department,ED_2b,Average (median) time patients spent in the emergency department after the doctor decided to admit them,20,1625,,01/01/2025,12/31/2025
170031,Elk Rapids Medical Center,1436 River St,Elk Rapids,KS,52949,North,Emergency Department,OP_18b,Average (median) time patients spent in the emergency department before leaving from the visit,218,2240,,01/01/2025,12/31/2025
240079,North Haven Regional Medical Center,3418 Grand St,North Haven,MO,50793,Prairie,Emergency Department,ED_2b,Average (median) time patients spent in the emergency department after the doctor decided to admit them,Not Available,,25,01/01/2025,12/31/2025
240042,Prairie Grove County Hospital,683 Elk St,Prairie Grove,IL,55137,North,Emergency Department,ED_2b,Average (median) time patients spent in the emergency department after the doctor decided to admit them,,,5,01/01/2025,12/31/2025
240029,Cedar View County Hospital,2392 Pine St,Cedar View,MN,52342,Elk,Emergency Department,OP_22,Left without being seen,3.6,2153,,01/01/2025,12/31/2025
160060,Pine View Health System,4363 Pine St,Pine View,MN,55806,Pine,Emergency Department,OP_23,Percentage of patients who came to the emergency department with stroke symptoms who received brain scan results within 45 minutes,101,3460,,01/01/2025,12/31/2025
170052,North Rapids Community Hospital,9842 Elk St,North Rapids,MO,56086,Grand,Emergency Department,OP_18b,Average (median) time patients spent in the emergency department before leaving from the visit,Not Available,,5,01/01/2025,12/31/2025
160040,Grand Rapids Health System,916 North St,Grand Rapids,NE,53271,Prairie,Emergency Department,OP_22,Left without being seen,3.3,1979,,01/01/2025,12/31/2025
240001,Grand Bluff Memorial Hospital,6236 Cedar St,Grand Bluff,IA,55170,River,Emergency Department,ED_2b,Average (median) time patients spent in the emergency department after the doctor decided to admit them,21,576,,01/01/2025,12/31/2025
140057,Elk Ridge County Hospital,4764 Cedar St,Elk Ridge,MN,58332,North,Emergency Department,OP_18b,Average (median) time patients spent in the emergency department before leaving from the visit,201,902,,01/01/2025,12/31/2025
240085,Grand Haven Community Hospital,2386 Cedar St,Grand Haven,MN,51723,Elk,Emergency Department,OP_18c,Average (median) time patients spent in the emergency department before leaving from the visit - Psychiatric/Mental Health Patients,,,5,01/01/2025,12/31/2025
260032,Fair Junction County Hospital,8137 River St,Fair Junction,MN,55826,River,Emergency Department,OP_23,Percentage of patients who came to the emergency department with stroke symptoms who received brain scan results within 45 minutes,55,3334,,01/01/2025,12/31/2025
280000,Prairie Falls Medical Center,2342 Pine St,Prairie Falls,NE,55646,Grand,Emergency Department,OP_18c,Average (median) time patients spent in the emergency department before leaving from the visit - Psychiatric/Mental Health Patients,336,3774,,01/01/2025,12/31/2025
,MN STATE AVERAGE,,,MN,,,Emergency Department,OP_22,Left without being seen,2.4,,,01/01/2025,12/31/2025
170063,Elk Haven Medical Center,4801 Grand St,Elk Haven,MO,54570,River,Emergency Department,OP_23,Percentage of patients who came to the emergency department with stroke symptoms who received brain scan results within 45 minutes,31,2200,,01/01/2025,12/31/2025
430041,Fair Haven County Hospital ,7525 North St,Fair Haven,IA,50534,North,Emergency Department,OP_18c,Average (median) time patients spent in the emergency department before leaving from the visit - Psychiatric/Mental Health Patients,181,1979,,01/01/2025,12/31/2025
240082,Grand Rapids Memorial Hospital,9565 Grand St,Grand Rapids,IL,53411,Fair,Emergency Department,ED_2b,Average (median) time patients spent in the emergency department after the doctor decided to admit them,197,3463,,01/01/2025,12/31/2025
280024,Elk Grove Memorial Hospital,8236 Fair St,Elk Grove,IA,50399,River,Emergency Department,OP_22,Left without being seen,Not Available,,5,01/01/2025,12/31/2025
520099,Grand Ridge Community Hospital,8446 River St,Grand Ridge,KS,55637,River,Emergency Department,OP_18b,Average (median) time patients spent in the emergency department before leaving from the visit,313,3707,,01/01/2025,12/31/2025
280062,Fair Rapids Community Hospital,350 North St,Fair Rapids,MN,51262,Fair,Emergency Department,OP_18b,Average (median) time patients spent in the emergency department before leaving from the visit,142,1971,,01/01/2025,12/31/2025
240026,ELK VIEW MEDICAL CENTER,6764 Elk St,Elk View,SD,54735,River,Emergency Department,OP_18b,Average (median) time patients spent in the emergency department before leaving from the visit,157,1485,,01/01/2025,12/31/2025
260104,NORTH HAVEN MEMORIAL HOSPITAL,979 Elk St,North Haven,IL,51146,River,Emergency Department,ED_2b,Average (median) time patients spent in the emergency department after the doctor decided to admit them,Not Available,,25,01/01/2025,12/31/2025
520114,Elk Rapids Health System,6733 Cedar St,Elk Rapids,IA,51636,Elk,Emergency Department,OP_23,Percentage of patients who came to the emergency department with stroke symptoms who received brain scan results within 45 minutes,94,2740,,01/01/2025,12/31/2025
,WI STATE AVERAGE,,,WI,,,Emergency Department,OP_23,Percentage of patients who came to the emergency department with stroke symptoms who received brain scan results within 45 minutes,68.0,,,01/01/2025,12/31/2025
280024,Elk Grove Memorial Hospital,4335 Elk St,Elk Grove,IA,58546,Cedar,Emergency Department,OP_18b,Average (median) time patients spent in the emergency department before leaving from the visit,93,3114,,01/01/2025,12/31/2025
280044,Pine Falls Community Hospital,9679 North St,Pine Falls,IL,55674,Cedar,Emergency Department,OP_22,Left without being seen,2.9,4129,,01/01/2025,12/31/2025
140007,PRAIRIE VIEW MEMORIAL HOSPITAL,1725 Cedar St,Prairie View,IA,50430,Cedar,Emergency Department,ED_2b,Average (median) time patients spent in the emergency department after the doctor decided to admit them,206,2039,,01/01/2025,12/31/2025
160040,Grand Rapids Health System,1414 Prairie St,Grand Rapids,NE,53596,Cedar,Emergency Department,ED_2b,Average (median) time patients spent in the emergency department after the doctor decided to admit them,53,3795,,01/01/2025,12/31/2025
240079,North Haven Regional Medical Center,6570 Elk St,North Haven,MO,57689,Cedar,Emergency Department,OP_18c,Average (median) time patients spent in the emergency department before leaving from the visit - Psychiatric/Mental Health Patients,221,1096,,01/01/2025,12/31/2025
160037,Pine Ridge Health System,574 Pine St,Pine Ridge,IA,57463,Cedar,Emergency Department,OP_18b,Average (median) time patients spent in the emergency department before leaving from the visit,210,1989,,01/01/2025,12/31/2025
140028,River Ridge Med Ctr,3648 North St,River Ridge,WI,55802,Grand,Emergency Department,ED_2b,Average (median) time patients spent in the emergency department after the doctor decided to admit them,88,961,,01/01/2025,12/31/2025
260045,North Falls County Hospital,2688 Prairie St,North Falls,MN,53830,North,Emergency Department,OP_18c,Average (median) time patients spent in the emergency department before leaving from the visit - Psychiatric/Mental Health Patients,510,655,,01/01/2025,12/31/2025
140113,Fair Bluff Health System,3414 Elk St,Fair Bluff,SD,54108,North,Emergency Department,OP_18c,Average (median) time patients spent in the emergency department before leaving from the visit - Psychiatric/Mental Health Patients,336,3204,,01/01/2025,12/31/2025
240035,Pine Haven Medical Center,7156 Grand St,Pine Haven,SD,52937,Grand,Emergency Department,OP_18b,Average (median) time patients spent in the emergency department before leaving from the visit,278,1249,,01/01/2025,12/31/2025
280044,Pine Falls Community Hospital,9162 Grand St,Pine Falls,IL,56125,Cedar,Emergency Department,OP_23,Percentage of patients who came to the emergency department with stroke symptoms who received brain scan results within 45 minutes,77,2209,,01/01/2025,12/31/2025
160118,North Falls Health System,9425 Cedar St,North Falls,MO,58605,River,Emergency Department,OP_22,Left without being seen,4.7,3855,,01/01/2025,12/31/2025
260069,Prairie Bluff Memorial Hospital,2386 Prairie St,Prairie Bluff,IA,55957,River,Emergency Department,OP_22,Left without being seen,3.2,1978,,01/01/2025,12/31/2025
240022,Fair Bluff Regional Medical Center,9649 Elk St,Fair Bluff,MO,56704,Fair,Emergency Department,OP_22,Left without being seen,3.0,1884,,01/01/2025,12/31/2025
140019,GRAND JUNCTION MEMORIAL HOSPITAL,8672 Elk St,Grand Junction,NE,56807,North,Emergency Department,OP_23,Percentage of patients who came to the emergency department with stroke symptoms who received brain scan results within 45 minutes,102,3912,,01/01/2025,12/31/2025
,IA STATE AVERAGE,,,IA,,,Emergency Department,OP_18b,Average (median) time patients spent in the emergency department before leaving from the visit,165,,,01/01/2025,12/31/2025
240012,Grand Falls Community Hospital,5137 Cedar St,Grand Falls,IA,52456,Elk,Emergency Department,OP_23,Percentage of patients who came to the emergency department with stroke symptoms who received brain scan results within 45 minutes,78,1354,,01/01/2025,12/31/2025
260087,Elk Grove Memorial Hospital,1139 Prairie St,Elk Grove,IA,54771,Elk,Emergency Department,OP_22,Left without being seen,2.4,2519,,01/01/2025,12/31/2025
280017,Cedar Bluff Regional Medical Center,7879 River St,Cedar Bluff,IA,57061,Pine,Emergency Department,ED_2b,Average (median) time patients spent in the emergency department after the doctor decided to admit them,217,161,,01/01/2025,12/31/2025
140028,River Ridge Medical Center,6268 River St,River Ridge,WI,51706,North,Emergency Department,OP_22,Left without being seen,1.6,139,,01/01/2025,12/31/2025
240059,CEDAR HAVEN HEALTH SYSTEM,777 Pine St,Cedar Haven,IL,56941,Grand,Emergency Department,ED_2b,Average (median) time patients spent in the emergency department after the doctor decided to admit them,201,3290,,01/01/2025,12/31/2025
430025,Fair Bluff County Hospital,1235 Pine St,Fair Bluff,IL,56440,North,Emergency Department,ED_2b,Average (median) time patients spent in the emergency department after the doctor decided to admit them,20,2690,,01/01/2025,12/31/2025
160064,Pine Haven Medical Center,485 River St,Pine Haven,IL,58597,Prairie,Emergency Department,OP_18b,Average (median) time patients spent in the emergency department before leaving from the visit,202,3504,,01/01/2025,12/31/2025
170003,Elk Falls Community Hospital,9563 Prairie St,Elk Falls,IA,52108,Prairie,Emergency Department,OP_18c,Average (median) time patients spent in the emergency department before leaving from the visit - Psychiatric/Mental Health Patients,374,2737,,01/01/2025,12/31/2025
280062,Fair Rapids Community Hospital ,3006 Prairie St,Fair Rapids,MN,57155,Elk,Emergency Department,ED_2b,Average (median) time patients spent in the emergency department after the doctor decided to admit them,163,846,,01/01/2025,12/31/2025
160108,Grand Bluff Memorial Hospital,6177 Elk St,Grand Bluff,IA,56492,Elk,Emergency Department,OP_22,Left without being seen,0.3,1767,,01/01/2025,12/31/2025
260087,Elk Grove Memorial Hospital,2990 Pine St,Elk Grove,IA,57539,Elk,Emergency Department,ED_2b,Average (median) time patients spent in the emergency department after the doctor decided to admit them,183,373,,01/01/2025,12/31/2025
280043,Prairie View Regional Medical Center,5776 Fair St,Prairie View,IA,51134,Pine,Emergency Department,OP_18c,Average (median) time patients spent in the emergency department before leaving from the visit - Psychiatric/Mental Health Patients,333,1236,,01/01/2025,12/31/2025
160067,North Ridge County Hospital,1312 North St,North Ridge,IA,51825,Cedar,Emergency Department,OP_23,Percentage of patients who came to the emergency department with stroke symptoms who received brain scan results within 45 minutes,118,370,,01/01/2025,12/31/2025
160083,North Bluff Regional Medical Center,2770 River St,North Bluff,KS,57842,Elk,Emergency Department,OP_22,Left without being seen,1.3,1022,,01/01/2025,12/31/2025
170034,North Grove Medical Center,4549 Pine St,North Grove,KS,50625,River,Emergency Department,OP_18b,Average (median) time patients spent in the emergency department before leaving from the visit,246,322,,01/01/2025,12/31/2025
240095,Pine Ridge Medical Center,7007 Prairie St,Pine Ridge,KS,52264,Elk,Emergency Department,OP_18c,Average (median) time patients spent in the emergency department before leaving from the visit - Psychiatric/Mental Health Patients,366,160,,01/01/2025,12/31/2025
430009,Grand Bluff Community Hospital,5031 North St,Grand Bluff,IL,50922,Elk,Emergency Department,OP_22,Left without being seen,4.0,1902,,01/01/2025,12/31/2025
430054,Cedar Grove Health System,5892 Fair St,Cedar Grove,WI,51086,Prairie,Emergency Department,OP_22,Left without being seen,2.8,3865,,01/01/2025,12/31/2025
240082,Grand Rapids Memorial Hospital,9232 Prairie St,Grand Rapids,IL,57169,North,Emergency Department,OP_22,Left without being seen,1.5,3960,,01/01/2025,12/31/2025
430066,Grand Ridge Medical Center,504 Fair St,Grand Ridge,NE,50722,Fair,Emergency Department,OP_18c,Average (median) time patients spent in the emergency department before leaving from the visit - Psychiatric/Mental Health Patients,507,809,,01/01/2025,12/31/2025
260076,River View County Hospital,9153 Fair St,River View,SD,58544,Pine,Emergency Department,OP_22,Left without being seen,Not Available,,25,01/01/2025,12/31/2025
280080,Fair Rapids Memorial Hospital,5220 Elk St,Fair Rapids,MO,56253,River,Emergency Department,OP_23,Percentage of patients who came to the emergency department with stroke symptoms who received brain scan results within 45 minutes,66,1748,,01/01/2025,12/31/2025
260004,Elk Haven Medical Center,303 River St,Elk Haven,NE,56160,Cedar,Emergency Department,OP_23,Percentage of patients who came to the emergency department with stroke symptoms who received brain scan results within 45 minutes,70,1699,,01/01/2025,12/31/2025
430093,River Bluff Health System,506 Elk St,River Bluff,IL,51902,Prairie,Emergency Department,OP_18c,Average (median) time patients spent in the emergency department before leaving from the visit - Psychiatric/Mental Health Patients,335,1838,,01/01/2025,12/31/2025
160030,Cedar View Health System,971 Pine St,Cedar View,IA,57322,North,Emergency Department,ED_2b,Average (median) time patients spent in the emergency department after the doctor decided to admit them,Not Available,,5,01/01/2025,12/31/2025
140053,River Grove Regional Medical Center,8791 Fair St,River Grove,WI,57229,Fair,Emergency Department,OP_18c,Average (median) time patients spent in the emergency department before leaving from the visit - Psychiatric/Mental Health Patients,418,3102,,01/01/2025,12/31/2025
430110,River Ridge Memorial Hospital,8558 Prairie St,River Ridge,NE,53642,River,Emergency Department,OP_23,Percentage of patients who came to the emergency department with stroke symptoms who received brain scan results within 45 minutes,43,1005,,01/01/2025,12/31/2025
430116,Elk Grove Medical Center,3431 River St,Elk Grove,MN,57006,Cedar,Emergency Department,OP_22,Left without being seen,5.9,1109,,01/01/2025,12/31/2025
,IL STATE AVERAGE,,,IL,,,Emergency Department,ED_2b,Average (median) time patients spent in the emergency department after the doctor decided to admit them,118,,,01/01/2025,12/31/2025
140057,Elk Ridge County Hospital,2232 Cedar St,Elk Ridge,MN,55558,River,Emergency Department,OP_22,Left without being seen,2.5,802,,01/01/2025,12/31/2025
280106,Cedar View Medical Center ,1577 North St,Cedar View,MO,55665,River,Emergency Department,ED_2b,Average (median) time patients spent in the emergency department after the doctor decided to admit them,247,1694,,01/01/2025,12/31/2025
,KS STATE AVERAGE,,,KS,,,Emergency Department,OP_18c,Average (median) time patients spent in the emergency department before leaving from the visit - Psychiatric/Mental Health Patients,310,,,01/01/2025,12/31/2025
140050,River View Med Ctr,5509 Elk St,River View,KS,56173,Cedar,Emergency Department,OP_23,Percentage of patients who came to the emergency department with stroke symptoms who received brain scan results within 45 minutes,82,2809,,01/01/2025,12/31/2025
140050,River View Medical Center,9188 Cedar St,River View,KS,58047,North,Emergency Department,OP_18c,Average (median) time patients spent in the emergency department before leaving from the visit - Psychiatric/Mental Health Patients,231,259,,01/01/2025,12/31/2025
140053,River Grove Regional Medical Center,4162 Grand St,River Grove,WI,57082,Elk,Emergency Department,OP_18b,Average (median) time patients spent in the emergency department before leaving from the visit,164,4184,,01/01/2025,12/31/2025
260119,Fair Ridge Health System,8590 River St,Fair Ridge,SD,51460,Pine,Emergency Department,ED_2b,Average (median) time patients spent in the emergency department after the doctor decided to admit them,80,3476,,01/01/2025,12/31/2025
280008,Elk View Health System,6631 Fair St,Elk View,NE,51174,Prairie,Emergency Department,OP_22,Left without being seen,1.3,2285,,01/01/2025,12/31/2025
280106,Cedar View Medical Center,4338 Cedar St,Cedar View,MO,54902,North,Emergency Department,OP_23,Percentage of patients who came to the emergency department with stroke symptoms who received brain scan results within 45 minutes,50,657,,01/01/2025,12/31/2025
520055,Fair View Memorial Hospital,9976 Fair St,Fair View,SD,54929,Fair,Emergency Department,OP_22,Left without being seen,Not Available,,5,01/01/2025,12/31/2025
160002,Prairie View County Hospital,5553 Prairie St,Prairie View,SD,57486,Cedar,Emergency Department,OP_23,Percentage of patients who came to the emergency department with stroke symptoms who received brain scan results within 45 minutes,77,3656,,01/01/2025,12/31/2025
260109,River Falls County Hospital,3915 Cedar St,River Falls,IL,55536,Grand,Emergency Department,OP_23,Percentage of patients who came to the emergency department with stroke symptoms who received brain scan results within 45 minutes,52,2801,,01/01/2025,12/31/2025
260069,Prairie Bluff Memorial Hospital,9302 Fair St,Prairie Bluff,IA,58516,Prairie,Emergency Department,OP_18b,Average (median) time patients spent in the emergency department before leaving from the visit,192,1500,,01/01/2025,12/31/2025
140049,Pine Rapids Community Hospital,5284 Prairie St,Pine Rapids,MO,52404,Pine,Emergency Department,OP_23,Percentage of patients who came to the emergency department with stroke symptoms who received brain scan results within 45 minutes,46,711,,01/01/2025,12/31/2025
170056,Pine Falls Community Hospital,3853 Elk St,Pine Falls,IL,52779,Cedar,Emergency Department,OP_18b,Average (median) time patients spent in the emergency department before leaving from the visit,228,303,,01/01/2025,12/31/2025
260092,Elk View Community Hospital,2790 Prairie St,Elk View,WI,52672,North,Emergency Department,OP_18b,Average (median) time patients spent in the emergency department before leaving from the visit,171,570,,01/01/2025,12/31/2025
240012,Grand Falls Community Hospital,4384 Fair St,Grand Falls,IA,52878,Cedar,Emergency Department,ED_2b,Average (median) time patients spent in the emergency department after the doctor decided to admit them,,,5,01/01/2025,12/31/2025
280062,Fair Rapids Community Hospital,9339 Cedar St,Fair Rapids,MN,56639,North,Emergency Department,OP_18c,Average (median) time patients spent in the emergency department before leaving from the visit - Psychiatric/Mental Health Patients,263,3136,,01/01/2025,12/31/2025
160117,Cedar Haven Health System,6177 Grand St,Cedar Haven,IA,51904,Grand,Emergency Department,ED_2b,Average (median) time patients spent in the emergency department after the doctor decided to admit them,78,3528,,01/01/2025,12/31/2025
160030,Cedar View Health System,8368 River St,Cedar View,IA,53735,Cedar,Emergency Department,OP_22,Left without being seen,5.2,3163,,01/01/2025,12/31/2025
240035,Pine Haven Medical Center,1533 Fair St,Pine Haven,SD,56700,River,Emergency Department,OP_22,Left without being seen,3.8,3053,,01/01/2025,12/31/2025
,IL STATE AVERAGE,,,IL,,,Emergency Department,OP_23,Percentage of patients who came to the emergency department with stroke symptoms who received brain scan results within 45 minutes,68.0,,,01/01/2025,12/31/2025
240006,River Grove Medical Center,5055 Fair St,River Grove,WI,53512,Cedar,Emergency Department,ED_2b,Average (median) time patients spent in the emergency department after the doctor decided to admit them,133,3548,,01/01/2025,12/31/2025
160117,Cedar Haven Health System,9131 River St,Cedar Haven,IA,54843,Prairie,Emergency Department,OP_18b,Average (median) time patients spent in the emergency department before leaving from the visit,,,25,01/01/2025,12/31/2025
430110,River Ridge Memorial Hospital,7164 Prairie St,River Ridge,NE,51151,Fair,Emergency Department,OP_18c,Average (median) time patients spent in the emergency department before leaving from the visit - Psychiatric/Mental Health Patients,242,139,,01/01/2025,12/31/2025
430010,Grand Haven Medical Center,9944 River St,Grand Haven,MN,51296,Cedar,Emergency Department,ED_2b,Average (median) time patients spent in the emergency department after the doctor decided to admit them,274,3931,,01/01/2025,12/31/2025
160046,Pine Falls County Hospital,1901 Cedar St,Pine Falls,IA,51430,Pine,Emergency Department,ED_2b,Average (median) time patients spent in the emergency department after the doctor decided to admit them,197,1835,,01/01/2025,12/31/2025
160073,Grand View County Hospital,1347 Grand St,Grand View,IA,57449,Elk,Emergency Department,OP_18c,Average (median) time patients spent in the emergency department before leaving from the visit - Psychiatric/Mental Health Patients,237,606,,01/01/2025,12/31/2025
260094,River Ridge Medical Center,343 River St,River Ridge,NE,58147,North,Emergency Department,OP_23,Percentage of patients who came to the emergency department with stroke symptoms who received brain scan results within 45 minutes,70,2168,,01/01/2025,12/31/2025
160102,River Bluff Health System,2795 North St,River Bluff,IL,52617,North,Emergency Department,OP_18c,Average (median) time patients spent in the emergency department before leaving from the visit - Psychiatric/Mental Health Patients,149,2921,,01/01/2025,12/31/2025
160118,North Falls Health System,7218 River St,North Falls,MO,51662,Fair,Emergency Department,OP_18c,Average (median) time patients spent in the emergency department before leaving from the visit - Psychiatric/Mental Health Patients,213,3883,,01/01/2025,12/31/2025
280072,Grand Ridge Regional Medical Center ,6705 Pine St,Grand Ridge,MN,51781,Prairie,Emergency Department,OP_22,Left without being seen,6.1,785,,01/01/2025,12/31/2025
,WI STATE AVERAGE,,,WI,,,Emergency Department,OP_18c,Average (median) time patients spent in the emergency department before leaving from the visit - Psychiatric/Mental Health Patients,310,,,01/01/2025,12/31/2025
140112,Pine Junction Community Hospital,6821 River St,Pine Junction,MO,53020,Elk,Emergency Department,OP_18b,Average (median) time patients spent in the emergency department before leaving from the visit,Not Available,,5,01/01/2025,12/31/2025
