invoice_line_no,date,store,name,city,zipcode,county,category,category_name,vendor_name,itemno,im_desc,pack,bottle_volume_ml,state_bottle_cost,state_bottle_retail,sale_bottles,sale_dollars,sale_liters
INV-200000,05/25/2026,4829,Casey's General Store #2879,ANKENY,50021.0,POLK,1081600,,Regional Spirits Co,77779,Dusty Shelf Cordial,6,375,$11.00,$12.10,3,$36.30,1.12
INV-200001,2026-07-01,2648,WILKIE LIQUORS,Iowa City,52240,JOHNSON,1031080,CANADIAN WHISKIES,Heaven Hill Brands,11788,Black Velvet,12,1750,9.75 ,14.63 ,5,73.15 ,8.75
INV-200002,06/30/2026,2633,Hometown Foods,CEDAR RAPIDS,52402,LINN,1081600,,Regional Spirits Co,77779,Dusty Shelf Cordial,6,375,11.00,12.10,9,108.90,3.38
INV-200003,06/10/2026,2633,Hometown Foods,CEDAR RAPIDS,52402,LINN,1032080,IRISH WHISKIES,Pernod Ricard USA,19067,Jameson,12,750,17.99,26.99,2,53.98,1.50
INV-200003,06/10/2026,2633,Hometown Foods,CEDAR RAPIDS,52402,LINN,1032080,IRISH WHISKIES,Pernod Ricard USA,19067,Jameson,12,750,17.99,26.99,2,53.98,1.50
INV-200004,05/30/2026,2501,Hy-Vee #3 / BDI / Des Moines,DES MOINES,50313.0,POLK,1031080,CANADIAN WHISKIES,Heaven Hill Brands,11788,Black Velvet,12,1750,9.75,14.63,1,14.63,1.75
INV-200005,03/05/2026,5102,Corner Tap & Bottle,AMES,50010,STORY,1031200,AMERICAN VODKAS,Sazerac Company Inc,36308,Mr Boston Vodka,12,1000,4.50,6.75,1,6.75,1.00
INV-200006,2026-02-28,4829,Casey's General Store #2879,Ankeny,50021,POLK,1051010,IMPORTED BRANDIES,Moet Hennessy USA,64866,Hennessy VS,12,750,24.99,37.49,4,149.96,3.00
INV-200007,2026-03-24,2190,"Central City Liquor, Inc.",DES MOINES,50310,POLK,1031200,AMERICAN VODKAS,Sazerac Company Inc,36308,Mr Boston Vodka,12,1000,4.50 ,6.75 ,3,20.25 ,3.00
INV-200008,04/19/2026,2501,Hy-Vee #3 / BDI / Des Moines,DES MOINES,50313,POLK,1031200,AMERICAN VODKAS,Fifth Generation Inc,26827,Tito's Handmade Vodka,12,750,12.50,18.75,1,18.75,0.75
INV-200009,2026-06-10,2190,"Central City Liquor, Inc.",DES MOINES,50310,POLK,1031080,CANADIAN WHISKIES,Heaven Hill Brands,11788,Black Velvet,12,1750,$9.75,$14.63,7,$102.41,12.25
INV-200010,2026-03-29,2190,"  Central City Liquor, Inc.",DES MOINES,50310,POLK,1031200,AMERICAN VODKAS,Fifth Generation Inc,26827,Tito's Handmade Vodka,12,750,12.50,18.75,2,37.50,1.50
INV-200011,2026-02-10,2501,Hy-Vee #3 / BDI / Des Moines,DES MOINES,50313,POLK,1031080,CANADIAN WHISKIES,Heaven Hill Brands,11788,Black Velvet,12,1750,9.75,14.63,1,14.63,1.75
INV-200012,2026-06-30,3385,Sam's Club 8162,Davenport,52807,SCOTT,1031200,AMERICAN VODKAS,Fifth Generation Inc,26827,Tito's Handmade Vodka,12,750,12.50,18.75,4,75.00,3.00
INV-200013,04/27/2026,2648,Wilkie Liquors,IOWA CITY,52240,JOHNSON,1031200,AMERICAN VODKAS,Fifth Generation Inc,26827,Tito's Handmade Vodka,12,750,12.50,18.75,1,18.75,0.75
INV-200014,19-Feb-2026,3385,Sam's Club 8162,DAVENPORT,52807,SCOTT,1031200,AMERICAN VODKAS,Sazerac Company Inc,36308,Mr Boston Vodka,12,1000,4.50 ,6.75 ,1,6.75 ,1.00
INV-200015,2026-06-02,2633,HOMETOWN FOODS,CEDAR RAPIDS,52402,LINN,1031200,AMERICAN VODKAS,Sazerac Company Inc,36308,Mr Boston Vodka,12,1000,4.50,6.75,4,27.00,4.00
INV-200016,04/01/2026,4829,Casey's General Store #2879,ANKENY,50021,POLK,1081600,,Regional Spirits Co,77779,Dusty Shelf Cordial,6,375,11.00,12.10,1,12.10,0.38
INV-200017,02/15/2026,2633,Hometown Foods,CEDAR RAPIDS,52402,LINN,1031080,CANADIAN WHISKIES,Heaven Hill Brands,11788,Black Velvet,12,1750,$9.75,$14.63,7,$102.41,12.25
INV-200018,04/22/2026,2633,Hometown Foods,CEDAR RAPIDS,52402,LINN,1081600,N/A,Regional Spirits Co,77779,Dusty Shelf Cordial,6,375,11.00,12.10,6,72.60,2.25
INV-200019,2026-07-10,2501,  Hy-Vee #3 / BDI / Des Moines,DES MOINES,50313,,1031080,CANADIAN WHISKIES,Heaven Hill Brands,11788,Black Velvet,12,1750,9.75,14.63,3,43.89,5.25
INV-200020,03/16/2026,2648,Wilkie Liquors,IOWA CITY,52240,JOHNSON,1031080,CANADIAN WHISKIES,Heaven Hill Brands,11788,Black Velvet,12,1750,9.75 ,14.63 ,1,14.63 ,1.75
INV-200021,2026-05-09,2190,"Central City Liquor, Inc.",DES MOINES,50310,POLK,1051010,IMPORTED BRANDIES,Moet Hennessy USA,64866,Hennessy VS,12,750,N/A,$37.49,1,$37.49,0.75
INV-200022,24-Feb-2026,2633,  Hometown Foods,CEDAR RAPIDS,52402,LINN,1032080,IRISH WHISKIES,Pernod Ricard USA,19067,Jameson,12,750,17.99,26.99,19,512.81,14.25
INV-200023,04/07/2026,5102,Corner Tap & Bottle,AMES,50010.0,STORY,1041100,AMERICAN DRY GINS,Luxco Inc,35918,Five O'clock Gin,12,1750,$8.99,$13.49,2,$26.98,3.50
INV-200024,03/15/2026,5102,Corner Tap & Bottle,AMES,50010,STORY,1031080,CANADIAN WHISKIES,Heaven Hill Brands,11788,Black Velvet,12,1750,9.75,14.63,3,43.89,5.25
INV-200025,03/27/2026,4829,Casey's General Store #2879,ANKENY,50021,POLK,1031200,AMERICAN VODKAS,Sazerac Company Inc,36308,Mr Boston Vodka,12,1000,4.50,6.75,2,13.50,2.00
INV-200026,04/17/2026,5102,Corner Tap & Bottle,AMES,50010.0,STORY,1032080,IRISH WHISKIES,Pernod Ricard USA,19067,Jameson,12,750,17.99,26.99,3,80.97,2.25
INV-200027,06/04/2026,4829,Casey's General Store #2879,ANKENY,50021,POLK,1031200,AMERICAN VODKAS,Sazerac Company Inc,36308,Mr Boston Vodka,12,1000,$4.50,$6.75,1,$6.75,1.00
INV-200028,2026-05-31,2633,HOMETOWN FOODS,CEDAR RAPIDS,52402.0,LINN,1051010,IMPORTED BRANDIES,Moet Hennessy USA,64866,Hennessy VS,12,750,24.99,37.49,3,112.47,2.25
INV-200029,04/22/2026,2648,WILKIE LIQUORS,IOWA CITY,52240,JOHNSON,1081900,WHISKEY LIQUEUR,Sazerac Company Inc,43336,Fireball Cinnamon Whiskey,12,750,8.25 ,12.38 ,4,49.52 ,3.00
INV-200030,05/06/2026,4829,Casey's General Store #2879,ANKENY,50021,POLK,1031080,CANADIAN WHISKIES,Heaven Hill Brands,11788,Black Velvet,12,1750,9.75,14.63,9,131.67,15.75
INV-200031,2026-03-30,3385,Sam's Club 8162,DAVENPORT,52807,SCOTT,1031200,AMERICAN VODKAS,Fifth Generation Inc,26827,Tito's Handmade Vodka,12,750,12.50,18.75,16,300.00,12.00
INV-200032,04/01/2026,2190,"  Central City Liquor, Inc.",DES MOINES,50310,POLK,1031200,AMERICAN VODKAS,Fifth Generation Inc,26827,Tito's Handmade Vodka,12,750,12.50,18.75,2,37.50,1.50
INV-200033,28-Feb-2026,2633,Hometown Foods,CEDAR RAPIDS,52402.0,LINN,1041100,AMERICAN DRY GINS,Luxco Inc,35918,Five O'clock Gin,12,1750,8.99,13.49,7,94.43,12.25
INV-200034,2026-03-08,3385,Sam's Club 8162,DAVENPORT,52807.0,SCOTT,1081600,N/A,Regional Spirits Co,77779,Dusty Shelf Cordial,6,375,11.00,12.10,1,12.10,0.38
INV-200035,05/10/2026,2190,"CENTRAL CITY LIQUOR, INC.",DES MOINES,50310,POLK,1041100,AMERICAN DRY GINS,Luxco Inc,35918,Five O'clock Gin,12,1750,8.99,13.49,2,26.98,3.50
INV-200036,2026-05-13,2648,Wilkie Liquors,IOWA CITY,52240,JOHNSON,1041100,AMERICAN DRY GINS,Luxco Inc,35918,Five O'clock Gin,12,1750,8.99,13.49,15,202.35,26.25
INV-200037,2026-06-08,4829,Casey's General Store #2879,ANKENY,50021,POLK,1032080,IRISH WHISKIES,Pernod Ricard USA,19067,Jameson,12,750,17.99,26.99,3,80.97,2.25
INV-200038,2026-05-20,3385,Sam's Club 8162,DAVENPORT,52807,SCOTT,1041100,AMERICAN DRY GINS,Luxco Inc,35918,Five O'clock Gin,12,1750,8.99,13.49,5,67.45,8.75
INV-200039,04/09/2026,2190,"Central City Liquor, Inc.",DES MOINES,50310,POLK,1032080,IRISH WHISKIES,Pernod Ricard USA,19067,Jameson,12,750,17.99,26.99,1,26.99,0.75
INV-200040,02/28/2026,3385,SAM'S CLUB 8162,DAVENPORT,52807,SCOTT,1031080,CANADIAN WHISKIES,Heaven Hill Brands,11788,Black Velvet,12,1750,9.75 ,14.63 ,5,73.15 ,8.75
INV-200041,06/12/2026,2633,Hometown Foods,CEDAR RAPIDS,52402,LINN,1051010,IMPORTED BRANDIES,Moet Hennessy USA,64866,Hennessy VS,12,750,24.99,37.49,9,337.41,6.75
INV-200042,05/19/2026,3385,Sam's Club 8162,DAVENPORT,52807,SCOTT,1031080,CANADIAN WHISKIES,Heaven Hill Brands,11788,Black Velvet,12,1750,9.75,14.63,9,131.67,15.75
INV-200043,05-Feb-2026,2648,WILKIE LIQUORS,IOWA CITY,52240,JOHNSON,1081900,WHISKEY LIQUEUR,Sazerac Company Inc,43336,Fireball Cinnamon Whiskey,12,750,$8.25,$12.38,5,$61.90,3.75
INV-200044,04/04/2026,4829,Casey's General Store #2879,ANKENY,50021,POLK,1081600,-,Regional Spirits Co,77779,Dusty Shelf Cordial,6,375,11.00,12.10,5,60.50,1.88
INV-200045,2026-02-12,2190,"Central City Liquor, Inc.",DES MOINES,50310,POLK,1032080,IRISH WHISKIES,Pernod Ricard USA,19067,Jameson,12,750,$17.99,$26.99,2,$53.98,1.50
INV-200046,2026-04-14,3385,Sam's Club 8162,DAVENPORT,52807,SCOTT,1031200,AMERICAN VODKAS,Fifth Generation Inc,26827,Tito's Handmade Vodka,12,750,12.50 ,18.75 ,4,75.00 ,3.00
INV-200047,07/11/2026,3385,Sam's Club 8162,Davenport,52807.0,SCOTT,1032080,IRISH WHISKIES,Pernod Ricard USA,19067,Jameson,12,750,17.99,26.99,1,26.99,0.75
INV-200048,25-Feb-2026,3385,Sam's Club 8162,DAVENPORT,52807,SCOTT,1031080,CANADIAN WHISKIES,Heaven Hill Brands,11788,Black Velvet,12,1750,9.75,14.63,1,14.63,1.75
INV-200049,03/05/2026,2633,Hometown Foods,CEDAR RAPIDS,52402,LINN,1081600,-,Regional Spirits Co,77779,Dusty Shelf Cordial,6,375,11.00,12.10,6,72.60,2.25
INV-200050,2026-05-19,3385,Sam's Club 8162,DAVENPORT,52807,SCOTT,1031200,AMERICAN VODKAS,Fifth Generation Inc,26827,Tito's Handmade Vodka,12,750,12.50,18.75,5,93.75,3.75
INV-200051,18-Feb-2026,5102,Corner Tap and Bottle,AMES,50010,STORY,1031080,CANADIAN WHISKIES,Heaven Hill Brands,11788,Black Velvet,12,1750,9.75,14.63,5,73.15,8.75
INV-200052,2026-05-22,2190,"Central City Liquor, Inc.",DES MOINES,50310,POLK,1041100,AMERICAN DRY GINS,Luxco Inc,35918,Five O'clock Gin,12,1750,$8.99,$13.49,11,$148.39,19.25
INV-200053,02/20/2026,2648,Wilkie Liquors,IOWA CITY,52240,JOHNSON,1032080,IRISH WHISKIES,Pernod Ricard USA,19067,Jameson,12,750,17.99 ,26.99 ,2,53.98 ,1.50
INV-200054,2026-03-16,5102,Corner Tap & Bottle,AMES,50010,STORY,1031200,AMERICAN VODKAS,Fifth Generation Inc,26827,Tito's Handmade Vodka,12,750,12.50,18.75,1,18.75,0.75
INV-200055,2026-02-15,5102,Corner Tap and Bottle,AMES,50010,,1051010,IMPORTED BRANDIES,Moet Hennessy USA,64866,Hennessy VS,12,750,24.99,37.49,3,112.47,2.25
INV-200056,2026-04-02,2190,"Central City Liquor, Inc.",DES MOINES,50310,POLK,1051010,IMPORTED BRANDIES,Moet Hennessy USA,64866,Hennessy VS,12,750,$24.99,$37.49,5,$187.45,3.75
INV-200057,07-Jul-2026,3385,Sam's Club 8162,DAVENPORT,52807,SCOTT,1031200,AMERICAN VODKAS,Sazerac Company Inc,36308,Mr Boston Vodka,12,1000,4.50,6.75,8,54.00,8.00
INV-200058,13-Jun-2026,2648,Wilkie Liquors,IOWA CITY,52240,JOHNSON,1031080,CANADIAN WHISKIES,Heaven Hill Brands,11788,Black Velvet,12,1750,$9.75,$14.63,7,$102.41,12.25
INV-200059,2026-04-18,2190,"Central City Liquor, Inc.",Des Moines,50310,POLK,1081600,N/A,Regional Spirits Co,77779,Dusty Shelf Cordial,6,375,11.00,12.10,5,60.50,1.88
INV-200060,03/26/2026,2501,Hy-Vee #3 / BDI / Des Moines,DES MOINES,50313,POLK,1041100,AMERICAN DRY GINS,Luxco Inc,35918,Five O'clock Gin,12,1750,8.99,13.49,4,53.96,7.00
INV-200061,06-Apr-2026,2648,Wilkie Liquors,IOWA CITY,52240,JOHNSON,1081600,,Regional Spirits Co,77779,Dusty Shelf Cordial,6,375,11.00 ,12.10 ,2,24.20 ,0.75
INV-200062,2026-06-14,5102,Corner Tap & Bottle,AMES,50010,STORY,1051010,IMPORTED BRANDIES,Moet Hennessy USA,64866,Hennessy VS,12,750,24.99,37.49,22,824.78,16.50
INV-200063,05/16/2026,4829,Casey's General Store #2879,ANKENY,50021,POLK,1031200,AMERICAN VODKAS,Fifth Generation Inc,26827,Tito's Handmade Vodka,12,750,12.50,18.75,1,18.75,0.75
INV-200064,01/30/2026,5102,CORNER TAP & BOTTLE,AMES,50010,STORY,1031200,AMERICAN VODKAS,Fifth Generation Inc,26827,Tito's Handmade Vodka,12,750,12.50 ,18.75 ,1,18.75 ,0.75
INV-200065,2026-02-03,5102,  Corner Tap & Bottle,AMES,50010,STORY,1081900,WHISKEY LIQUEUR,Sazerac Company Inc,43336,Fireball Cinnamon Whiskey,12,750,$8.25,$12.38,6,$74.28,4.50
INV-200066,19-Apr-2026,2633,Hometown Foods ,CEDAR RAPIDS,52402.0,LINN,1041100,AMERICAN DRY GINS,Luxco Inc,35918,Five O'clock Gin,12,1750,8.99,13.49,2,26.98,3.50
INV-200067,07/16/2026,5102,Corner Tap and Bottle,AMES,50010,STORY,1031200,AMERICAN VODKAS,Sazerac Company Inc,36308,Mr Boston Vodka,12,1000,4.50,6.75,1,6.75,1.00
INV-200068,06-Jul-2026,2648,Wilkie Liquors,IOWA CITY,52240,JOHNSON,1032080,IRISH WHISKIES,Pernod Ricard USA,19067,Jameson,12,750,17.99,26.99,1,26.99,0.75
INV-200069,24-Apr-2026,4829,Casey's General Store #2879,ANKENY,50021.0,POLK,1031200,AMERICAN VODKAS,Sazerac Company Inc,36308,Mr Boston Vodka,12,1000,4.50,6.75,2,13.50,2.00
INV-200070,2026-03-17,2648,Wilkie Liquors,IOWA CITY,52240,JOHNSON,1031200,AMERICAN VODKAS,Fifth Generation Inc,26827,Tito's Handmade Vodka,12,750,12.50,18.75,2,37.50,1.50
INV-200071,07/14/2026,3385,Sam's Club 8162,DAVENPORT,52807,SCOTT,1031200,AMERICAN VODKAS,Fifth Generation Inc,26827,Tito's Handmade Vodka,12,750,12.50,18.75,1,18.75,0.75
INV-200072,07/18/2026,5102,Corner Tap & Bottle,AMES,50010,STORY,1032080,IRISH WHISKIES,Pernod Ricard USA,19067,Jameson,12,750,17.99,26.99,1,26.99,0.75
INV-200073,2026-04-04,2648,Wilkie Liquors,IOWA CITY,52240,JOHNSON,1031200,AMERICAN VODKAS,Fifth Generation Inc,26827,Tito's Handmade Vodka,12,750,12.50 ,18.75 ,3,56.25 ,2.25
INV-200074,07/09/2026,2501,Hy-Vee #3 / BDI / Des Moines,DES MOINES,50313.0,POLK,1031080,CANADIAN WHISKIES,Heaven Hill Brands,11788,Black Velvet,12,1750,9.75 ,14.63 ,9,131.67 ,15.75
INV-200075,2026-03-05,2190,"Central City Liquor, Inc.",DES MOINES,50310,POLK,1081600,N/A,Regional Spirits Co,77779,Dusty Shelf Cordial,6,375,11.00 ,12.10 ,1,12.10 ,0.38
INV-200076,2026-04-13,2190,"  Central City Liquor, Inc.",DES MOINES,50310.0,,1031080,CANADIAN WHISKIES,Heaven Hill Brands,11788,Black Velvet,12,1750,9.75,14.63,4,58.52,7.00
INV-200077,2026-04-18,2648,  Wilkie Liquors,IOWA CITY,52240,JOHNSON,1031200,AMERICAN VODKAS,Fifth Generation Inc,26827,Tito's Handmade Vodka,12,750,12.50,18.75,15,281.25,11.25
INV-200078,2026-06-12,2501,Hy-Vee #3 / BDI / Des Moines,DES MOINES,50313,POLK,1041100,AMERICAN DRY GINS,Luxco Inc,35918,Five O'clock Gin,12,1750,8.99,13.49,1,13.49,1.75
INV-200079,2026-07-08,2633,Hometown Foods,CEDAR RAPIDS,52402,LINN,1051010,IMPORTED BRANDIES,Moet Hennessy USA,64866,Hennessy VS,12,750,$24.99,$37.49,13,$487.37,9.75
INV-200080,2026-06-13,2190,"Central City Liquor, Inc.",DES MOINES,50310,POLK,1031200,AMERICAN VODKAS,Sazerac Company Inc,36308,Mr Boston Vodka,12,1000,4.50,6.75,1,6.75,1.00
INV-200081,2026-06-30,2633,Hometown Foods,CEDAR RAPIDS,52402,LINN,1081900,WHISKEY LIQUEUR,Sazerac Company Inc,43336,Fireball Cinnamon Whiskey,12,750,8.25 ,12.38 ,6,74.28 ,4.50
INV-200082,17-Jul-2026,3385,Sam's Club 8162,DAVENPORT,52807,SCOTT,1081900,WHISKEY LIQUEUR,Sazerac Company Inc,43336,Fireball Cinnamon Whiskey,12,750,8.25,12.38,2,24.76,1.50
INV-200083,2026-02-17,3385,  Sam's Club 8162,DAVENPORT,52807,SCOTT,1031200,AMERICAN VODKAS,Sazerac Company Inc,36308,Mr Boston Vodka,12,1000,4.50,6.75,1,6.75,1.00
INV-200084,2026-03-07,5102,Corner Tap & Bottle,AMES,50010,STORY,1051010,IMPORTED BRANDIES,Moet Hennessy USA,64866,Hennessy VS,12,750,$24.99,$37.49,1,$37.49,0.75
INV-200085,2026-03-22,4829,CASEY'S GENERAL STORE #2879,ANKENY,50021,POLK,1032080,IRISH WHISKIES,Pernod Ricard USA,19067,Jameson,12,750,$17.99,$26.99,6,$161.94,4.50
INV-200086,2026-02-11,2501,Hy-Vee #3 / BDI / Des Moines,DES MOINES,50313,POLK,1032080,IRISH WHISKIES,Pernod Ricard USA,19067,Jameson,12,750,$17.99,$26.99,4,$107.96,3.00
INV-200087,2026-03-28,2190,"Central City Liquor, Inc.",DES MOINES,50310,POLK,1031200,AMERICAN VODKAS,Fifth Generation Inc,26827,Tito's Handmade Vodka,12,750,12.50,18.75,5,93.75,3.75
INV-200088,2026-06-30,3385,Sam's Club 8162,DAVENPORT,52807.0,SCOTT,1031200,AMERICAN VODKAS,Sazerac Company Inc,36308,Mr Boston Vodka,12,1000,4.50,6.75,8,54.00,8.00
INV-200089,06/14/2026,3385,  Sam's Club 8162,DAVENPORT,52807,SCOTT,1031200,AMERICAN VODKAS,Sazerac Company Inc,36308,Mr Boston Vodka,12,1000,4.50,6.75,4,27.00,4.00
INV-200090,03/09/2026,2190,"  Central City Liquor, Inc.",DES MOINES,50310,POLK,1031200,AMERICAN VODKAS,Fifth Generation Inc,26827,Tito's Handmade Vodka,12,750,12.50,18.75,2,37.50,1.50
INV-200091,06/11/2026,5102,  Corner Tap & Bottle,AMES,50010,STORY,1031080,CANADIAN WHISKIES,Heaven Hill Brands,11788,Black Velvet,12,1750,9.75 ,14.63 ,1,14.63 ,1.75
INV-200092,03/31/2026,4829,Casey's General Store #2879,ANKENY,50021,POLK,1081900,WHISKEY LIQUEUR,Sazerac Company Inc,43336,Fireball Cinnamon Whiskey,12,750,$8.25,$12.38,1,$12.38,0.75
INV-200093,03/09/2026,2501,Hy-Vee #3 / BDI / Des Moines,DES MOINES,50313.0,POLK,1041100,AMERICAN DRY GINS,Luxco Inc,35918,Five O'clock Gin,12,1750,$8.99,$13.49,4,$53.96,7.00
INV-200094,2026-07-08,2648,Wilkie Liquors,IOWA CITY,52240,JOHNSON,1032080,IRISH WHISKIES,Pernod Ricard USA,19067,Jameson,12,750,17.99 ,26.99 ,1,26.99 ,0.75
INV-200095,05/06/2026,3385,SAM'S CLUB 8162,DAVENPORT,52807,SCOTT,1031200,AMERICAN VODKAS,Fifth Generation Inc,26827,Tito's Handmade Vodka,12,750,$12.50,$18.75,1,$18.75,0.75
INV-200096,04-Jun-2026,2190,"Central City Liquor, Inc.",DES MOINES,50310.0,POLK,1031200,AMERICAN VODKAS,Fifth Generation Inc,26827,Tito's Handmade Vodka,12,750,$12.50,$18.75,8,$150.00,6.00
INV-200097,2026-06-21,2190,"  Central City Liquor, Inc.",DES MOINES,50310,POLK,1051010,IMPORTED BRANDIES,Moet Hennessy USA,64866,Hennessy VS,12,750,24.99 ,37.49 ,1,37.49 ,0.75
INV-200098,19-Apr-2026,2501,Hy-Vee #3 / BDI / Des Moines,DES MOINES,50313,POLK,1041100,AMERICAN DRY GINS,Luxco Inc,35918,Five O'clock Gin,12,1750,8.99,13.49,3,40.47,5.25
INV-200099,2026-05-10,2501,Hy-Vee #3 / BDI / Des Moines,DES MOINES,50313,POLK,1081600,N/A,Regional Spirits Co,77779,Dusty Shelf Cordial,6,375,11.00,12.10,7,84.70,2.62
INV-200100,2026-04-18,2501,  Hy-Vee #3 / BDI / Des Moines,DES MOINES,50313.0,POLK,1081600,N/A,Regional Spirits Co,77779,Dusty Shelf Cordial,6,375,$11.00,$12.10,2,$24.20,0.75
INV-200101,11-Jun-2026,3385,Sam's Club 8162,DAVENPORT,52807,SCOTT,1031080,CANADIAN WHISKIES,Heaven Hill Brands,11788,Black Velvet,12,1750,9.75,14.63,1,14.63,1.75
INV-200102,2026-03-01,5102,Corner Tap & Bottle ,AMES,50010,STORY,1032080,IRISH WHISKIES,Pernod Ricard USA,19067,Jameson,12,750,$17.99,$26.99,1,$26.99,0.75
INV-200103,2026-02-09,2501,Hy-Vee #3 / BDI / Des Moines,DES MOINES,50313,POLK,1081600,-,Regional Spirits Co,77779,Dusty Shelf Cordial,6,375,11.00,12.10,1,12.10,0.38
INV-200104,07/19/2026,2648,Wilkie Liquors,IOWA CITY,52240,JOHNSON,1081600,N/A,Regional Spirits Co,77779,Dusty Shelf Cordial,6,375,$11.00,$12.10,1,$12.10,0.38
INV-200105,06-Mar-2026,3385,Sam's Club 8162,Davenport,52807,SCOTT,1032080,IRISH WHISKIES,Pernod Ricard USA,19067,Jameson,12,750,17.99,26.99,4,107.96,3.00
INV-200106,2026-03-31,2190,"Central City Liquor, Inc.",DES MOINES,50310,POLK,1041100,AMERICAN DRY GINS,Luxco Inc,35918,Five O'clock Gin,12,1750,$8.99,$13.49,5,$67.45,8.75
INV-200107,13-May-2026,2501,Hy-Vee #3 / BDI / Des Moines,DES MOINES,50313,POLK,1031200,AMERICAN VODKAS,Fifth Generation Inc,26827,Tito's Handmade Vodka,12,750,12.50,18.75,1,18.75,0.75
INV-200108,07/28/2026,2633,Hometown Foods,CEDAR RAPIDS,52402,,1081900,WHISKEY LIQUEUR,Sazerac Company Inc,43336,Fireball Cinnamon Whiskey,12,750,8.25,12.38,7,86.66,5.25
INV-200109,2026-04-07,2633,Hometown Foods,CEDAR RAPIDS,52402,LINN,1081900,WHISKEY LIQUEUR,Sazerac Company Inc,43336,Fireball Cinnamon Whiskey,12,750,8.25,12.38,4,49.52,3.00
INV-200110,02/15/2026,4829,CASEY'S GENERAL STORE #2879,ANKENY,50021,POLK,1051010,IMPORTED BRANDIES,Moet Hennessy USA,64866,Hennessy VS,12,750,$24.99,$37.49,1,$37.49,0.75
INV-200111,2026-07-03,2190,"CENTRAL CITY LIQUOR, INC.",DES MOINES,50310,POLK,1031200,AMERICAN VODKAS,Fifth Generation Inc,26827,Tito's Handmade Vodka,12,750,12.50 ,18.75 ,1,18.75 ,0.75
INV-200112,2026-07-08,2648,Wilkie Liquors,IOWA CITY,52240,JOHNSON,1031200,AMERICAN VODKAS,Sazerac Company Inc,36308,Mr Boston Vodka,12,1000,4.50,6.75,12,81.00,12.00
INV-200113,2026-03-11,5102,Corner Tap & Bottle,AMES,50010,STORY,1031200,AMERICAN VODKAS,Fifth Generation Inc,26827,Tito's Handmade Vodka,12,750,12.50,18.75,1,18.75,0.75
INV-200114,16-Mar-2026,2633,HOMETOWN FOODS,CEDAR RAPIDS,52402,LINN,1041100,AMERICAN DRY GINS,Luxco Inc,35918,Five O'clock Gin,12,1750,$8.99,$13.49,1,$13.49,1.75
INV-200115,2026-04-04,4829,Casey's General Store #2879 ,ANKENY,50021,POLK,1051010,IMPORTED BRANDIES,Moet Hennessy USA,64866,Hennessy VS,12,750,N/A,37.49,4,149.96,3.00
INV-200116,2026-07-08,4829,Casey's General Store #2879,ANKENY,50021,POLK,1031200,AMERICAN VODKAS,Fifth Generation Inc,26827,Tito's Handmade Vodka,12,750,$12.50,$18.75,4,$75.00,3.00
INV-200117,04/08/2026,2648,Wilkie Liquors,IOWA CITY,52240.0,JOHNSON,1031200,AMERICAN VODKAS,Fifth Generation Inc,26827,Tito's Handmade Vodka,12,750,$12.50,$18.75,4,$75.00,3.00
INV-200118,04/13/2026,2190,"Central City Liquor, Inc.",DES MOINES,50310,POLK,1032080,IRISH WHISKIES,Pernod Ricard USA,19067,Jameson,12,750,17.99,26.99,1,26.99,0.75
INV-200119,03/28/2026,4829,Casey's General Store #2879,ANKENY,50021,POLK,1081900,WHISKEY LIQUEUR,Sazerac Company Inc,43336,Fireball Cinnamon Whiskey,12,750,$8.25,$12.38,1,$12.38,0.75
INV-200120,2026-06-21,5102,Corner Tap & Bottle ,Ames,50010,STORY,1031200,AMERICAN VODKAS,Sazerac Company Inc,36308,Mr Boston Vodka,12,1000,4.50,6.75,7,47.25,7.00
INV-200121,03/29/2026,2633,  Hometown Foods,Cedar Rapids,52402,LINN,1041100,AMERICAN DRY GINS,Luxco Inc,35918,Five O'clock Gin,12,1750,8.99,13.49,1,13.49,1.75
INV-200121,03/29/2026,2633,  Hometown Foods,Cedar Rapids,52402,LINN,1041100,AMERICAN DRY GINS,Luxco Inc,35918,Five O'clock Gin,12,1750,8.99,13.49,1,13.49,1.75
INV-200122,03/06/2026,2633,Hometown Foods,CEDAR RAPIDS,52402,LINN,1081600,N/A,Regional Spirits Co,77779,Dusty Shelf Cordial,6,375,$11.00,$12.10,9,$108.90,3.38
INV-200123,2026-05-23,2633,Hometown Foods,CEDAR RAPIDS,52402,,1032080,IRISH WHISKIES,Pernod Ricard USA,19067,Jameson,12,750,17.99,26.99,19,512.81,14.25
INV-200124,2026-02-01,2190,"Central City Liquor, Inc.",DES MOINES,50310,POLK,1081600,,Regional Spirits Co,77779,Dusty Shelf Cordial,6,375,$11.00,$12.10,1,$12.10,0.38
INV-200125,14-May-2026,4829,Casey's General Store #2879,ANKENY,50021,POLK,1051010,IMPORTED BRANDIES,Moet Hennessy USA,64866,Hennessy VS,12,750,24.99,37.49,1,37.49,0.75
INV-200126,2026-07-01,2648,Wilkie Liquors,IOWA CITY,52240,JOHNSON,1041100,AMERICAN DRY GINS,Luxco Inc,35918,Five O'clock Gin,12,1750,8.99,13.49,1,13.49,1.75
INV-200127,04/29/2026,2501,HY-VEE #3 / BDI / DES MOINES,DES MOINES,50313.0,POLK,1041100,AMERICAN DRY GINS,Luxco Inc,35918,Five O'clock Gin,12,1750,8.99,13.49,2,26.98,3.50
INV-200128,2026-05-31,2633,Hometown Foods,CEDAR RAPIDS,52402,LINN,1051010,IMPORTED BRANDIES,Moet Hennessy USA,64866,Hennessy VS,12,750,24.99,37.49,1,37.49,0.75
INV-200129,07/11/2026,2190,"Central City Liquor, Inc.",DES MOINES,50310,POLK,1031200,AMERICAN VODKAS,Fifth Generation Inc,26827,Tito's Handmade Vodka,12,750,12.50 ,18.75 ,1,18.75 ,0.75
INV-200130,05/17/2026,4829,CASEY'S GENERAL STORE #2879,ANKENY,50021,POLK,1081600,N/A,Regional Spirits Co,77779,Dusty Shelf Cordial,6,375,11.00 ,12.10 ,8,96.80 ,3.00
INV-200131,23-Apr-2026,3385,Sam's Club 8162,DAVENPORT,52807,SCOTT,1031080,CANADIAN WHISKIES,Heaven Hill Brands,11788,Black Velvet,12,1750,9.75 ,14.63 ,1,14.63 ,1.75
INV-200132,2026-02-27,2501,Hy-Vee #3 / BDI / Des Moines,DES MOINES,50313,POLK,1081600,N/A,Regional Spirits Co,77779,Dusty Shelf Cordial,6,375,11.00,12.10,51,617.10,19.12
INV-200133,2026-02-17,2633,Hometown Foods,CEDAR RAPIDS,52402,LINN,1032080,IRISH WHISKIES,Pernod Ricard USA,19067,Jameson,12,750,17.99,26.99,1,26.99,0.75
INV-200134,2026-05-03,5102,CORNER TAP & BOTTLE,AMES,50010,STORY,1031200,AMERICAN VODKAS,Fifth Generation Inc,26827,Tito's Handmade Vodka,12,750,12.50,18.75,1,18.75,0.75
INV-200135,2026-02-21,4829,Casey's General Store #2879,ANKENY,50021.0,POLK,1031200,AMERICAN VODKAS,Sazerac Company Inc,36308,Mr Boston Vodka,12,1000,4.50 ,6.75 ,15,101.25 ,15.00
INV-200136,2026-07-17,2648,Wilkie Liquors,IOWA CITY,52240,JOHNSON,1081900,WHISKEY LIQUEUR,Sazerac Company Inc,43336,Fireball Cinnamon Whiskey,12,750,8.25,12.38,5,61.90,3.75
INV-200137,2026-04-18,3385,  Sam's Club 8162,Davenport,52807,SCOTT,1041100,AMERICAN DRY GINS,Luxco Inc,35918,Five O'clock Gin,12,1750,$8.99,$13.49,9,$121.41,15.75
INV-200138,05-Mar-2026,2633,  Hometown Foods,CEDAR RAPIDS,52402,LINN,1081600,N/A,Regional Spirits Co,77779,Dusty Shelf Cordial,6,375,$11.00,$12.10,3,$36.30,1.12
INV-200139,03/28/2026,2190,"Central City Liquor, Inc.",Des Moines,50310,POLK,1081600,N/A,Regional Spirits Co,77779,Dusty Shelf Cordial,6,375,11.00,12.10,8,96.80,3.00
INV-200140,07/18/2026,2633,HOMETOWN FOODS,CEDAR RAPIDS,52402,LINN,1081900,WHISKEY LIQUEUR,Sazerac Company Inc,43336,Fireball Cinnamon Whiskey,12,750,8.25,12.38,7,86.66,5.25
INV-200141,2026-06-18,5102,Corner Tap & Bottle,AMES,50010,STORY,1031200,AMERICAN VODKAS,Sazerac Company Inc,36308,Mr Boston Vodka,12,1000,4.50,6.75,4,27.00,4.00
INV-200142,07/20/2026,5102,Corner Tap and Bottle,AMES,50010,STORY,1031080,CANADIAN WHISKIES,Heaven Hill Brands,11788,Black Velvet,12,1750,9.75 ,14.63 ,4,58.52 ,7.00
INV-200143,2026-05-20,5102,Corner Tap & Bottle,AMES,50010,STORY,1051010,IMPORTED BRANDIES,Moet Hennessy USA,64866,Hennessy VS,12,750,24.99,37.49,12,449.88,9.00
INV-200144,06-Jun-2026,3385,SAM'S CLUB 8162,DAVENPORT,52807,SCOTT,1032080,IRISH WHISKIES,Pernod Ricard USA,19067,Jameson,12,750,17.99,26.99,2,53.98,1.50
INV-200145,2026-03-01,2648,WILKIE LIQUORS,IOWA CITY,52240,JOHNSON,1081600,,Regional Spirits Co,77779,Dusty Shelf Cordial,6,375,11.00,12.10,2,24.20,0.75
INV-200146,02/16/2026,3385,Sam's Club 8162,DAVENPORT,52807,SCOTT,1031200,AMERICAN VODKAS,Sazerac Company Inc,36308,Mr Boston Vodka,12,1000,4.50,6.75,3,20.25,3.00
INV-200147,2026-03-14,2501,  Hy-Vee #3 / BDI / Des Moines,DES MOINES,50313,POLK,1081600,-,Regional Spirits Co,77779,Dusty Shelf Cordial,6,375,11.00 ,12.10 ,3,36.30 ,1.12
INV-200148,2026-05-15,2648,  Wilkie Liquors,IOWA CITY,52240.0,JOHNSON,1031200,AMERICAN VODKAS,Sazerac Company Inc,36308,Mr Boston Vodka,12,1000,$4.50,$6.75,5,$33.75,5.00
INV-200149,2026-05-09,3385,Sam's Club 8162 ,DAVENPORT,52807,SCOTT,1031080,CANADIAN WHISKIES,Heaven Hill Brands,11788,Black Velvet,12,1750,$9.75,$14.63,2,$29.26,3.50
INV-200150,2026-05-10,3385,SAM'S CLUB 8162,DAVENPORT,52807,SCOTT,1031200,AMERICAN VODKAS,Sazerac Company Inc,36308,Mr Boston Vodka,12,1000,4.50,6.75,3,20.25,3.00
INV-200151,2026-04-19,2190,"Central City Liquor, Inc.",Des Moines,50310,POLK,1031080,CANADIAN WHISKIES,Heaven Hill Brands,11788,Black Velvet,12,1750,9.75,14.63,3,43.89,5.25
INV-200152,01-Feb-2026,3385,Sam's Club 8162 ,DAVENPORT,52807,SCOTT,1081600,N/A,Regional Spirits Co,77779,Dusty Shelf Cordial,6,375,11.00 ,12.10 ,1,12.10 ,0.38
INV-200153,2026-04-20,5102,Corner Tap & Bottle,AMES,50010,STORY,1031080,CANADIAN WHISKIES,Heaven Hill Brands,11788,Black Velvet,12,1750,9.75,14.63,1,14.63,1.75
INV-200154,05/12/2026,2648,Wilkie Liquors,IOWA CITY,52240,JOHNSON,1041100,AMERICAN DRY GINS,Luxco Inc,35918,Five O'clock Gin,12,1750,8.99,13.49,1,13.49,1.75
INV-200155,2026-02-13,2648,Wilkie Liquors,IOWA CITY,52240,JOHNSON,1081900,WHISKEY LIQUEUR,Sazerac Company Inc,43336,Fireball Cinnamon Whiskey,12,750,8.25,12.38,2,24.76,1.50
INV-200156,04/25/2026,4829,Casey's General Store #2879,ANKENY,50021,POLK,1051010,IMPORTED BRANDIES,Moet Hennessy USA,64866,Hennessy VS,12,750,$24.99,$37.49,6,$224.94,4.50
INV-200157,2026-05-01,5102,Corner Tap and Bottle,AMES,50010,STORY,1031200,AMERICAN VODKAS,Sazerac Company Inc,36308,Mr Boston Vodka,12,1000,$4.50,$6.75,5,$33.75,5.00
INV-200158,06/16/2026,4829,  Casey's General Store #2879,ANKENY,50021,POLK,1041100,AMERICAN DRY GINS,Luxco Inc,35918,Five O'clock Gin,12,1750,$8.99,$13.49,1,$13.49,1.75
INV-200159,2026-02-25,3385,SAM'S CLUB 8162,DAVENPORT,52807,SCOTT,1081600,-,Regional Spirits Co,77779,Dusty Shelf Cordial,6,375,11.00,12.10,5,60.50,1.88
INV-200160,05/01/2026,4829,CASEY'S GENERAL STORE #2879,ANKENY,50021,POLK,1081600,N/A,Regional Spirits Co,77779,Dusty Shelf Cordial,6,375,11.00,12.10,4,48.40,1.50
INV-200161,04/05/2026,2633,Hometown Foods,CEDAR RAPIDS,52402,LINN,1031200,AMERICAN VODKAS,Sazerac Company Inc,36308,Mr Boston Vodka,12,1000,4.50,6.75,1,6.75,1.00
INV-200162,2026-07-07,2501,Hy-Vee #3 / BDI / Des Moines,DES MOINES,50313,POLK,1031200,AMERICAN VODKAS,Fifth Generation Inc,26827,Tito's Handmade Vodka,12,750,12.50,18.75,1,18.75,0.75
INV-200163,04/17/2026,5102,CORNER TAP & BOTTLE,AMES,50010,STORY,1041100,AMERICAN DRY GINS,Luxco Inc,35918,Five O'clock Gin,12,1750,8.99,13.49,1,13.49,1.75
INV-200164,2026-05-03,2648,  Wilkie Liquors,Iowa City,52240,JOHNSON,1041100,AMERICAN DRY GINS,Luxco Inc,35918,Five O'clock Gin,12,1750,8.99,13.49,10,134.90,17.50
INV-200165,2026-04-07,2633,  Hometown Foods,CEDAR RAPIDS,52402,LINN,1031200,AMERICAN VODKAS,Fifth Generation Inc,26827,Tito's Handmade Vodka,12,750,12.50 ,18.75 ,2,37.50 ,1.50
INV-200166,15-Jun-2026,2190,Central City Liquor INC,DES MOINES,50310,POLK,1031200,AMERICAN VODKAS,Fifth Generation Inc,26827,Tito's Handmade Vodka,12,750,12.50,18.75,11,206.25,8.25
INV-200167,07/24/2026,4829,Casey's General Store #2879,ANKENY,50021,POLK,1081600,,Regional Spirits Co,77779,Dusty Shelf Cordial,6,375,11.00,12.10,1,12.10,0.38
INV-200168,2026-04-17,2648,Wilkie Liquors,Iowa City,52240,JOHNSON,1031200,AMERICAN VODKAS,Sazerac Company Inc,36308,Mr Boston Vodka,12,1000,4.50,6.75,3,20.25,3.00
INV-200169,24-Jul-2026,3385,SAM'S CLUB 8162,DAVENPORT,52807,SCOTT,1031200,AMERICAN VODKAS,Fifth Generation Inc,26827,Tito's Handmade Vodka,12,750,12.50,18.75,12,225.00,9.00
INV-200170,03/06/2026,2190,"CENTRAL CITY LIQUOR, INC.",DES MOINES,50310,POLK,1051010,IMPORTED BRANDIES,Moet Hennessy USA,64866,Hennessy VS,12,750,24.99 ,37.49 ,2,74.98 ,1.50
INV-200171,05/19/2026,2501,Hy-Vee #3 / BDI / Des Moines,DES MOINES,50313,POLK,1031200,AMERICAN VODKAS,Fifth Generation Inc,26827,Tito's Handmade Vodka,12,750,12.50 ,18.75 ,2,37.50 ,1.50
INV-200172,04/16/2026,2190,"CENTRAL CITY LIQUOR, INC.",Des Moines,50310,POLK,1031200,AMERICAN VODKAS,Sazerac Company Inc,36308,Mr Boston Vodka,12,1000,4.50,6.75,15,101.25,15.00
INV-200173,2026-04-25,4829,CASEY'S GENERAL STORE #2879,ANKENY,50021,POLK,1041100,AMERICAN DRY GINS,Luxco Inc,35918,Five O'clock Gin,12,1750,8.99,13.49,1,13.49,1.75
INV-200174,05/16/2026,2648,Wilkie Liquors,IOWA CITY,52240,JOHNSON,1032080,IRISH WHISKIES,Pernod Ricard USA,19067,Jameson,12,750,17.99,26.99,1,26.99,0.75
INV-200175,2026-06-25,3385,Sam's Club 8162 ,DAVENPORT,52807,SCOTT,1081900,WHISKEY LIQUEUR,Sazerac Company Inc,43336,Fireball Cinnamon Whiskey,12,750,8.25 ,12.38 ,6,74.28 ,4.50
INV-200176,2026-05-23,2190,"CENTRAL CITY LIQUOR, INC.",Des Moines,50310,POLK,1032080,IRISH WHISKIES,Pernod Ricard USA,19067,Jameson,12,750,17.99,26.99,1,26.99,0.75
INV-200177,2026-04-26,2648,Wilkie Liquors,IOWA CITY,52240.0,,1032080,IRISH WHISKIES,Pernod Ricard USA,19067,Jameson,12,750,$17.99,$26.99,12,$323.88,9.00
INV-200178,2026-03-07,4829,CASEY'S GENERAL STORE #2879,ANKENY,50021,POLK,1031200,AMERICAN VODKAS,Fifth Generation Inc,26827,Tito's Handmade Vodka,12,750,12.50,18.75,2,37.50,1.50
INV-200179,2026-07-20,2648,Wilkie Liquors,Iowa City,52240,JOHNSON,1032080,IRISH WHISKIES,Pernod Ricard USA,19067,Jameson,12,750,17.99,26.99,2,53.98,1.50
INV-200180,03/17/2026,2633,Hometown Foods,CEDAR RAPIDS,52402,LINN,1041100,AMERICAN DRY GINS,Luxco Inc,35918,Five O'clock Gin,12,1750,$8.99,$13.49,3,$40.47,5.25
INV-200181,07/22/2026,2190,Central City Liquor INC,DES MOINES,50310,POLK,1081900,WHISKEY LIQUEUR,Sazerac Company Inc,43336,Fireball Cinnamon Whiskey,12,750,8.25,12.38,3,37.14,2.25
INV-200182,05/29/2026,5102,Corner Tap & Bottle,AMES,50010.0,STORY,1081600,,Regional Spirits Co,77779,Dusty Shelf Cordial,6,375,$11.00,$12.10,2,$24.20,0.75
INV-200183,05/18/2026,2190,"  Central City Liquor, Inc.",Des Moines,50310,,1032080,IRISH WHISKIES,Pernod Ricard USA,19067,Jameson,12,750,17.99,26.99,7,188.93,5.25
INV-200184,2026-07-25,3385,Sam's Club 8162,DAVENPORT,52807,SCOTT,1041100,AMERICAN DRY GINS,Luxco Inc,35918,Five O'clock Gin,12,1750,8.99,13.49,2,26.98,3.50
INV-200185,30-Mar-2026,2633,Hometown Foods,CEDAR RAPIDS,52402,LINN,1081600,-,Regional Spirits Co,77779,Dusty Shelf Cordial,6,375,11.00,12.10,6,72.60,2.25
INV-200186,11-Mar-2026,3385,Sam's Club 8162 ,DAVENPORT,52807,SCOTT,1051010,IMPORTED BRANDIES,Moet Hennessy USA,64866,Hennessy VS,12,750,24.99,37.49,4,149.96,3.00
INV-200187,18-Jul-2026,4829,Casey's General Store #2879,ANKENY,50021,POLK,1031080,CANADIAN WHISKIES,Heaven Hill Brands,11788,Black Velvet,12,1750,9.75 ,14.63 ,2,29.26 ,3.50
INV-200188,2026-06-16,2190,"Central City Liquor, Inc.",DES MOINES,50310,POLK,1081900,WHISKEY LIQUEUR,Sazerac Company Inc,43336,Fireball Cinnamon Whiskey,12,750,8.25 ,12.38 ,2,24.76 ,1.50
INV-200189,21-Jun-2026,4829,Casey's General Store #2879,ANKENY,50021,POLK,1041100,AMERICAN DRY GINS,Luxco Inc,35918,Five O'clock Gin,12,1750,8.99 ,13.49 ,5,67.45 ,8.75
INV-200190,2026-07-24,2633,HOMETOWN FOODS,CEDAR RAPIDS,52402,,1031200,AMERICAN VODKAS,Fifth Generation Inc,26827,Tito's Handmade Vodka,12,750,12.50,18.75,1,18.75,0.75
INV-200191,30-May-2026,3385,Sam's Club 8162,DAVENPORT,52807,SCOTT,1041100,AMERICAN DRY GINS,Luxco Inc,35918,Five O'clock Gin,12,1750,8.99,13.49,9,121.41,15.75
INV-200192,07/05/2026,2633,Hometown Foods,CEDAR RAPIDS,52402,LINN,1031200,AMERICAN VODKAS,Fifth Generation Inc,26827,Tito's Handmade Vodka,12,750,12.50,18.75,10,187.50,7.50
INV-200193,2026-06-24,5102,Corner Tap & Bottle,Ames,50010,STORY,1031080,CANADIAN WHISKIES,Heaven Hill Brands,11788,Black Velvet,12,1750,$9.75,$14.63,1,$14.63,1.75
INV-200194,26-Jul-2026,2501,HY-VEE #3 / BDI / DES MOINES,DES MOINES,50313,POLK,1031200,AMERICAN VODKAS,Sazerac Company Inc,36308,Mr Boston Vodka,12,1000,4.50,6.75,1,6.75,1.00
INV-200195,04/14/2026,2190,"Central City Liquor, Inc. ",DES MOINES,50310,POLK,1031080,CANADIAN WHISKIES,Heaven Hill Brands,11788,Black Velvet,12,1750,9.75,14.63,3,43.89,5.25
INV-200196,05/31/2026,5102,  Corner Tap & Bottle,AMES,50010.0,STORY,1031080,CANADIAN WHISKIES,Heaven Hill Brands,11788,Black Velvet,12,1750,9.75,14.63,6,87.78,10.50
INV-200197,2026-03-26,3385,Sam's Club 8162,DAVENPORT,52807,SCOTT,1051010,IMPORTED BRANDIES,Moet Hennessy USA,64866,Hennessy VS,12,750,24.99,37.49,2,74.98,1.50
INV-200198,2026-06-29,3385,  Sam's Club 8162,DAVENPORT,52807,SCOTT,1081900,WHISKEY LIQUEUR,Sazerac Company Inc,43336,Fireball Cinnamon Whiskey,12,750,8.25 ,12.38 ,3,37.14 ,2.25
INV-200199,07/14/2026,2633,Hometown Foods,CEDAR RAPIDS,52402,LINN,1081900,WHISKEY LIQUEUR,Sazerac Company Inc,43336,Fireball Cinnamon Whiskey,12,750,$8.25,$12.38,3,$37.14,2.25
INV-200200,07/23/2026,5102,  Corner Tap & Bottle,AMES,50010,STORY,1032080,IRISH WHISKIES,Pernod Ricard USA,19067,Jameson,12,750,17.99,26.99,7,188.93,5.25
INV-200201,2026-07-07,2648,Wilkie Liquors ,Iowa City,52240,JOHNSON,1081600,-,Regional Spirits Co,77779,Dusty Shelf Cordial,6,375,11.00,12.10,8,96.80,3.00
INV-200202,2026-04-05,4829,Casey's General Store #2879,ANKENY,50021.0,POLK,1032080,IRISH WHISKIES,Pernod Ricard USA,19067,Jameson,12,750,$17.99,$26.99,1,$26.99,0.75
INV-200203,31-May-2026,2190,"Central City Liquor, Inc.",DES MOINES,50310,POLK,1081600,-,Regional Spirits Co,77779,Dusty Shelf Cordial,6,375,11.00 ,12.10 ,4,48.40 ,1.50
INV-200204,2026-05-21,2501,Hy-Vee #3 / BDI / Des Moines,DES MOINES,50313,POLK,1081600,N/A,Regional Spirits Co,77779,Dusty Shelf Cordial,6,375,11.00 ,12.10 ,1,12.10 ,0.38
INV-200205,2026-02-22,4829,CASEY'S GENERAL STORE #2879,ANKENY,50021,POLK,1081900,WHISKEY LIQUEUR,Sazerac Company Inc,43336,Fireball Cinnamon Whiskey,12,750,$8.25,$12.38,3,$37.14,2.25
INV-200206,05/03/2026,3385,Sam's Club 8162,DAVENPORT,52807,SCOTT,1041100,AMERICAN DRY GINS,Luxco Inc,35918,Five O'clock Gin,12,1750,$8.99,$13.49,3,$40.47,5.25
INV-200207,2026-04-10,2648,Wilkie Liquors,IOWA CITY,52240,JOHNSON,1031080,CANADIAN WHISKIES,Heaven Hill Brands,11788,Black Velvet,12,1750,9.75,14.63,5,73.15,8.75
INV-200208,02/24/2026,4829,CASEY'S GENERAL STORE #2879,ANKENY,50021,POLK,1031200,AMERICAN VODKAS,Fifth Generation Inc,26827,Tito's Handmade Vodka,12,750,12.50 ,18.75 ,4,75.00 ,3.00
INV-200208,02/24/2026,4829,CASEY'S GENERAL STORE #2879,ANKENY,50021,POLK,1031200,AMERICAN VODKAS,Fifth Generation Inc,26827,Tito's Handmade Vodka,12,750,12.50 ,18.75 ,4,75.00 ,3.00
INV-200209,2026-07-25,3385,Sam's Club 8162,DAVENPORT,52807,SCOTT,1031200,AMERICAN VODKAS,Fifth Generation Inc,26827,Tito's Handmade Vodka,12,750,12.50,18.75,2,37.50,1.50
INV-200210,2026-07-09,5102,Corner Tap & Bottle,AMES,50010,STORY,1081900,WHISKEY LIQUEUR,Sazerac Company Inc,43336,Fireball Cinnamon Whiskey,12,750,8.25,12.38,1,12.38,0.75
INV-200211,2026-04-24,5102,Corner Tap & Bottle,AMES,50010.0,STORY,1081900,WHISKEY LIQUEUR,Sazerac Company Inc,43336,Fireball Cinnamon Whiskey,12,750,8.25,12.38,1,12.38,0.75
INV-200212,28-Mar-2026,2633,Hometown Foods,CEDAR RAPIDS,52402,LINN,1041100,AMERICAN DRY GINS,Luxco Inc,35918,Five O'clock Gin,12,1750,8.99,13.49,3,40.47,5.25
INV-200213,2026-05-31,5102,Corner Tap & Bottle,Ames,50010,STORY,1031200,AMERICAN VODKAS,Fifth Generation Inc,26827,Tito's Handmade Vodka,12,750,12.50,18.75,1,18.75,0.75
INV-200214,2026-07-23,2648,Wilkie Liquors ,IOWA CITY,52240,JOHNSON,1031200,AMERICAN VODKAS,Sazerac Company Inc,36308,Mr Boston Vodka,12,1000,4.50 ,6.75 ,3,20.25 ,3.00
INV-200215,2026-02-04,2190,"Central City Liquor, Inc.",DES MOINES,50310,POLK,1051010,IMPORTED BRANDIES,Moet Hennessy USA,64866,Hennessy VS,12,750,24.99,37.49,15,562.35,11.25
INV-200216,2026-05-02,2633,  Hometown Foods,CEDAR RAPIDS,52402,LINN,1032080,IRISH WHISKIES,Pernod Ricard USA,19067,Jameson,12,750,17.99,26.99,2,53.98,1.50
INV-200217,2026-07-26,5102,Corner Tap and Bottle,AMES,50010,STORY,1081600,,Regional Spirits Co,77779,Dusty Shelf Cordial,6,375,11.00 ,12.10 ,4,48.40 ,1.50
INV-200218,05/10/2026,2633,Hometown Foods,CEDAR RAPIDS,52402,LINN,1081900,WHISKEY LIQUEUR,Sazerac Company Inc,43336,Fireball Cinnamon Whiskey,12,750,$8.25,$12.38,3,$37.14,2.25
INV-200219,02/18/2026,3385,Sam's Club 8162,Davenport,52807,SCOTT,1032080,IRISH WHISKIES,Pernod Ricard USA,19067,Jameson,12,750,17.99 ,26.99 ,1,26.99 ,0.75
INV-200220,02/02/2026,3385,Sam's Club 8162,DAVENPORT,52807,SCOTT,1031200,AMERICAN VODKAS,Sazerac Company Inc,36308,Mr Boston Vodka,12,1000,4.50 ,6.75 ,11,74.25 ,11.00
INV-200221,26-Mar-2026,2501,Hy-Vee #3 / BDI / Des Moines,DES MOINES,50313,POLK,1081600,-,Regional Spirits Co,77779,Dusty Shelf Cordial,6,375,11.00,12.10,-16,-193.60,-6.00
INV-200222,07-Apr-2026,2648,Wilkie Liquors,IOWA CITY,52240,JOHNSON,1031200,AMERICAN VODKAS,Fifth Generation Inc,26827,Tito's Handmade Vodka,12,750,12.50,18.75,1,18.75,0.75
INV-200223,18-Mar-2026,2633,Hometown Foods,CEDAR RAPIDS,52402,LINN,1081900,WHISKEY LIQUEUR,Sazerac Company Inc,43336,Fireball Cinnamon Whiskey,12,750,8.25,12.38,-2,-24.76,-1.50
INV-200224,2026-05-16,2648,Wilkie Liquors,IOWA CITY,52240.0,JOHNSON,1031200,AMERICAN VODKAS,Fifth Generation Inc,26827,Tito's Handmade Vodka,12,750,12.50,18.75,2,37.50,1.50
INV-200225,11-Jul-2026,2633,Hometown Foods,Cedar Rapids,52402,LINN,1031200,AMERICAN VODKAS,Sazerac Company Inc,36308,Mr Boston Vodka,12,1000,4.50,6.75,6,40.50,6.00
INV-200226,02/06/2026,2190,"Central City Liquor, Inc.",DES MOINES,50310,POLK,1031200,AMERICAN VODKAS,Sazerac Company Inc,36308,Mr Boston Vodka,12,1000,4.50,6.75,1,6.75,1.00
INV-200227,2026-05-24,2648,  Wilkie Liquors,IOWA CITY,52240,JOHNSON,1032080,IRISH WHISKIES,Pernod Ricard USA,19067,Jameson,12,750,17.99,26.99,1,26.99,0.75
INV-200228,02/12/2026,5102,Corner Tap & Bottle,AMES,50010,STORY,1041100,AMERICAN DRY GINS,Luxco Inc,35918,Five O'clock Gin,12,1750,8.99,13.49,2,26.98,3.50
INV-200229,07/03/2026,2501,Hy-Vee #3 / BDI / Des Moines,Des Moines,50313,POLK,1041100,AMERICAN DRY GINS,Luxco Inc,35918,Five O'clock Gin,12,1750,8.99,13.49,3,40.47,5.25
INV-200230,05/14/2026,5102,Corner Tap & Bottle,Ames,50010,STORY,1051010,IMPORTED BRANDIES,Moet Hennessy USA,64866,Hennessy VS,12,750,24.99,37.49,1,37.49,0.75
INV-200231,29-Jun-2026,2190,"  Central City Liquor, Inc.",DES MOINES,50310,POLK,1051010,IMPORTED BRANDIES,Moet Hennessy USA,64866,Hennessy VS,12,750,24.99,37.49,6,224.94,4.50
INV-200232,2026-04-07,2648,Wilkie Liquors,IOWA CITY,52240,JOHNSON,1031080,CANADIAN WHISKIES,Heaven Hill Brands,11788,Black Velvet,12,1750,9.75,14.63,1,14.63,1.75
INV-200233,07/24/2026,2190,"Central City Liquor, Inc.",DES MOINES,50310,POLK,1051010,IMPORTED BRANDIES,Moet Hennessy USA,64866,Hennessy VS,12,750,24.99,37.49,1,37.49,0.75
INV-200234,2026-06-23,4829,Casey's General Store #2879,ANKENY,50021,POLK,1081600,,Regional Spirits Co,77779,Dusty Shelf Cordial,6,375,11.00,12.10,4,48.40,1.50
INV-200235,2026-06-17,2633,HOMETOWN FOODS,CEDAR RAPIDS,52402,LINN,1032080,IRISH WHISKIES,Pernod Ricard USA,19067,Jameson,12,750,17.99,26.99,5,134.95,3.75
INV-200236,2026-02-15,3385,Sam's Club 8162,DAVENPORT,52807,SCOTT,1031080,CANADIAN WHISKIES,Heaven Hill Brands,11788,Black Velvet,12,1750,$9.75,$14.63,1,$14.63,1.75
INV-200237,2026-06-16,2633,Hometown Foods,CEDAR RAPIDS,52402.0,LINN,1081600,,Regional Spirits Co,77779,Dusty Shelf Cordial,6,375,11.00,12.10,4,48.40,1.50
INV-200238,14-Jul-2026,2501,Hy-Vee #3 / BDI / Des Moines,DES MOINES,50313,POLK,1041100,AMERICAN DRY GINS,Luxco Inc,35918,Five O'clock Gin,12,1750,8.99,13.49,1,13.49,1.75
INV-200239,2026-03-29,2190,"Central City Liquor, Inc. ",DES MOINES,50310,POLK,1081600,,Regional Spirits Co,77779,Dusty Shelf Cordial,6,375,11.00 ,12.10 ,1,12.10 ,0.38
INV-200240,19-May-2026,2648,Wilkie Liquors,IOWA CITY,52240,JOHNSON,1041100,AMERICAN DRY GINS,Luxco Inc,35918,Five O'clock Gin,12,1750,8.99 ,13.49 ,3,40.47 ,5.25
INV-200241,2026-05-31,2190,Central City Liquor INC,DES MOINES,50310,POLK,1081600,,Regional Spirits Co,77779,Dusty Shelf Cordial,6,375,11.00 ,12.10 ,8,96.80 ,3.00
INV-200242,02/17/2026,5102,Corner Tap & Bottle,AMES,50010,STORY,1081900,WHISKEY LIQUEUR,Sazerac Company Inc,43336,Fireball Cinnamon Whiskey,12,750,$8.25,$12.38,2,$24.76,1.50
INV-200243,06/15/2026,2648,Wilkie Liquors,IOWA CITY,52240,JOHNSON,1051010,IMPORTED BRANDIES,Moet Hennessy USA,64866,Hennessy VS,12,750,24.99,37.49,1,37.49,0.75
INV-200244,2026-01-30,2501,Hy-Vee #3 / BDI / Des Moines,DES MOINES,50313.0,POLK,1031080,CANADIAN WHISKIES,Heaven Hill Brands,11788,Black Velvet,12,1750,9.75,14.63,9,131.67,15.75
INV-200245,03-Jul-2026,4829,Casey's General Store #2879,Ankeny,50021,POLK,1031200,AMERICAN VODKAS,Fifth Generation Inc,26827,Tito's Handmade Vodka,12,750,12.50,18.75,8,150.00,6.00
INV-200246,2026-02-10,4829,  Casey's General Store #2879,ANKENY,50021.0,POLK,1032080,IRISH WHISKIES,Pernod Ricard USA,19067,Jameson,12,750,$17.99,$26.99,6,$161.94,4.50
INV-200247,2026-04-22,3385,  Sam's Club 8162,DAVENPORT,52807,SCOTT,1031200,AMERICAN VODKAS,Fifth Generation Inc,26827,Tito's Handmade Vodka,12,750,12.50 ,18.75 ,1,18.75 ,0.75
INV-200248,14-Mar-2026,2501,Hy-Vee #3 / BDI / Des Moines,DES MOINES,50313,POLK,1041100,AMERICAN DRY GINS,Luxco Inc,35918,Five O'clock Gin,12,1750,$8.99,$13.49,3,$40.47,5.25
INV-200249,2026-04-02,2501,Hy-Vee #3 / BDI / Des Moines,DES MOINES,50313,POLK,1031200,AMERICAN VODKAS,Fifth Generation Inc,26827,Tito's Handmade Vodka,12,750,12.50,18.75,8,150.00,6.00
INV-200250,05/14/2026,2648,Wilkie Liquors,IOWA CITY,52240,JOHNSON,1051010,IMPORTED BRANDIES,Moet Hennessy USA,64866,Hennessy VS,12,750,24.99,37.49,1,37.49,0.75
INV-200251,20-Apr-2026,2633,Hometown Foods,CEDAR RAPIDS,52402,LINN,1051010,IMPORTED BRANDIES,Moet Hennessy USA,64866,Hennessy VS,12,750,N/A,37.49 ,4,149.96 ,3.00
INV-200252,07/28/2026,2190,Central City Liquor INC,DES MOINES,50310,POLK,1041100,AMERICAN DRY GINS,Luxco Inc,35918,Five O'clock Gin,12,1750,8.99,13.49,2,26.98,3.50
INV-200253,02/02/2026,4829,Casey's General Store #2879,ANKENY,50021.0,POLK,1032080,IRISH WHISKIES,Pernod Ricard USA,19067,Jameson,12,750,$17.99,$26.99,9,$242.91,6.75
INV-200254,2026-07-08,2501,Hy-Vee #3 / BDI / Des Moines,DES MOINES,50313.0,POLK,1041100,AMERICAN DRY GINS,Luxco Inc,35918,Five O'clock Gin,12,1750,8.99,13.49,3,40.47,5.25
INV-200255,15-Apr-2026,2633,  Hometown Foods,CEDAR RAPIDS,52402,LINN,1081900,WHISKEY LIQUEUR,Sazerac Company Inc,43336,Fireball Cinnamon Whiskey,12,750,8.25,12.38,4,49.52,3.00
INV-200256,2026-02-22,2648,Wilkie Liquors,IOWA CITY,52240,JOHNSON,1081600,-,Regional Spirits Co,77779,Dusty Shelf Cordial,6,375,11.00,12.10,20,242.00,7.50
INV-200257,05/17/2026,5102,Corner Tap & Bottle,AMES,50010,STORY,1041100,AMERICAN DRY GINS,Luxco Inc,35918,Five O'clock Gin,12,1750,8.99,13.49,1,13.49,1.75
INV-200258,02/26/2026,2648,Wilkie Liquors,IOWA CITY,52240,JOHNSON,1081600,-,Regional Spirits Co,77779,Dusty Shelf Cordial,6,375,11.00 ,12.10 ,3,36.30 ,1.12
INV-200259,03/16/2026,5102,Corner Tap & Bottle,AMES,50010,STORY,1081600,,Regional Spirits Co,77779,Dusty Shelf Cordial,6,375,11.00,12.10,35,423.50,13.12
INV-200260,04/30/2026,4829,Casey's General Store #2879,ANKENY,50021,POLK,1031200,AMERICAN VODKAS,Fifth Generation Inc,26827,Tito's Handmade Vodka,12,750,12.50,18.75,1,18.75,0.75
INV-200261,06/24/2026,2648,Wilkie Liquors,IOWA CITY,52240,JOHNSON,1041100,AMERICAN DRY GINS,Luxco Inc,35918,Five O'clock Gin,12,1750,8.99,13.49,4,53.96,7.00
INV-200262,2026-02-19,2633,Hometown Foods,CEDAR RAPIDS,52402,LINN,1031080,CANADIAN WHISKIES,Heaven Hill Brands,11788,Black Velvet,12,1750,9.75,14.63,1,14.63,1.75
INV-200263,2026-03-30,2190,"Central City Liquor, Inc.",DES MOINES,50310,POLK,1081600,N/A,Regional Spirits Co,77779,Dusty Shelf Cordial,6,375,11.00,12.10,2,24.20,0.75
INV-200264,2026-07-02,2190,"Central City Liquor, Inc.",DES MOINES,50310,POLK,1081900,WHISKEY LIQUEUR,Sazerac Company Inc,43336,Fireball Cinnamon Whiskey,12,750,8.25,12.38,1,12.38,0.75
INV-200265,2026-03-23,3385,Sam's Club 8162,DAVENPORT,52807,SCOTT,1041100,AMERICAN DRY GINS,Luxco Inc,35918,Five O'clock Gin,12,1750,8.99,13.49,1,13.49,1.75
INV-200266,02/17/2026,5102,Corner Tap & Bottle,AMES,50010,STORY,1051010,IMPORTED BRANDIES,Moet Hennessy USA,64866,Hennessy VS,12,750,24.99,37.49,2,74.98,1.50
INV-200267,2026-05-04,3385,SAM'S CLUB 8162,DAVENPORT,52807,SCOTT,1081900,WHISKEY LIQUEUR,Sazerac Company Inc,43336,Fireball Cinnamon Whiskey,12,750,8.25 ,12.38 ,1,12.38 ,0.75
INV-200268,2026-02-06,4829,CASEY'S GENERAL STORE #2879,ANKENY,50021,POLK,1031080,CANADIAN WHISKIES,Heaven Hill Brands,11788,Black Velvet,12,1750,$9.75,$14.63,2,$29.26,3.50
INV-200269,2026-06-07,5102,Corner Tap & Bottle,AMES,50010,STORY,1081900,WHISKEY LIQUEUR,Sazerac Company Inc,43336,Fireball Cinnamon Whiskey,12,750,$8.25,$12.38,12,$148.56,9.00
INV-200270,2026-07-02,2190,Central City Liquor INC,DES MOINES,50310,POLK,1031080,CANADIAN WHISKIES,Heaven Hill Brands,11788,Black Velvet,12,1750,9.75 ,14.63 ,2,29.26 ,3.50
INV-200271,31-Jan-2026,5102,Corner Tap & Bottle,AMES,50010,STORY,1051010,IMPORTED BRANDIES,Moet Hennessy USA,64866,Hennessy VS,12,750,24.99,37.49,1,37.49,0.75
INV-200272,02/07/2026,2648,Wilkie Liquors,IOWA CITY,52240,JOHNSON,1031200,AMERICAN VODKAS,Sazerac Company Inc,36308,Mr Boston Vodka,12,1000,$4.50,$6.75,2,$13.50,2.00
INV-200273,2026-04-25,2190,Central City Liquor INC,Des Moines,50310,POLK,1031200,AMERICAN VODKAS,Fifth Generation Inc,26827,Tito's Handmade Vodka,12,750,12.50 ,18.75 ,2,37.50 ,1.50
INV-200274,2026-03-21,2648,Wilkie Liquors,Iowa City,52240.0,JOHNSON,1032080,IRISH WHISKIES,Pernod Ricard USA,19067,Jameson,12,750,17.99,26.99,2,53.98,1.50
INV-200275,2026-07-17,5102,CORNER TAP & BOTTLE,AMES,50010,STORY,1031080,CANADIAN WHISKIES,Heaven Hill Brands,11788,Black Velvet,12,1750,9.75 ,14.63 ,1,14.63 ,1.75
INV-200276,2026-06-09,2648,Wilkie Liquors,IOWA CITY,52240,JOHNSON,1041100,AMERICAN DRY GINS,Luxco Inc,35918,Five O'clock Gin,12,1750,8.99,13.49,5,67.45,8.75
INV-200277,16-Jul-2026,2190,"CENTRAL CITY LIQUOR, INC.",Des Moines,50310,POLK,1051010,IMPORTED BRANDIES,Moet Hennessy USA,64866,Hennessy VS,12,750,24.99,37.49,9,337.41,6.75
INV-200278,2026-07-21,2648,Wilkie Liquors,IOWA CITY,52240,JOHNSON,1081600,,Regional Spirits Co,77779,Dusty Shelf Cordial,6,375,11.00,12.10,1,12.10,0.38
INV-200279,2026-03-11,4829,  Casey's General Store #2879,ANKENY,50021,POLK,1031200,AMERICAN VODKAS,Sazerac Company Inc,36308,Mr Boston Vodka,12,1000,4.50,6.75,1,6.75,1.00
INV-200280,2026-04-18,2190,"Central City Liquor, Inc.",Des Moines,50310,POLK,1031200,AMERICAN VODKAS,Fifth Generation Inc,26827,Tito's Handmade Vodka,12,750,12.50,18.75,3,56.25,2.25
INV-200281,02/17/2026,3385,Sam's Club 8162,DAVENPORT,52807,SCOTT,1081600,,Regional Spirits Co,77779,Dusty Shelf Cordial,6,375,11.00 ,12.10 ,-12,-145.20 ,-4.50
INV-200282,2026-06-03,2633,Hometown Foods,CEDAR RAPIDS,52402,LINN,1081600,N/A,Regional Spirits Co,77779,Dusty Shelf Cordial,6,375,$11.00,$12.10,7,$84.70,2.62
INV-200283,2026-04-20,3385,Sam's Club 8162,DAVENPORT,52807,SCOTT,1051010,IMPORTED BRANDIES,Moet Hennessy USA,64866,Hennessy VS,12,750,$24.99,$37.49,1,$37.49,0.75
INV-200284,2026-06-26,3385,Sam's Club 8162,DAVENPORT,52807,SCOTT,1032080,IRISH WHISKIES,Pernod Ricard USA,19067,Jameson,12,750,$17.99,$26.99,-3,$-80.97,-2.25
INV-200285,15-Feb-2026,3385,SAM'S CLUB 8162,DAVENPORT,52807,SCOTT,1041100,AMERICAN DRY GINS,Luxco Inc,35918,Five O'clock Gin,12,1750,8.99 ,13.49 ,1,13.49 ,1.75
INV-200286,06/24/2026,2190,"Central City Liquor, Inc.",DES MOINES,50310,POLK,1031200,AMERICAN VODKAS,Fifth Generation Inc,26827,Tito's Handmade Vodka,12,750,12.50,18.75,1,18.75,0.75
INV-200287,04/06/2026,2648,Wilkie Liquors,IOWA CITY,52240,JOHNSON,1031080,CANADIAN WHISKIES,Heaven Hill Brands,11788,Black Velvet,12,1750,9.75,14.63,1,14.63,1.75
INV-200288,2026-05-01,2648,Wilkie Liquors,IOWA CITY,52240,JOHNSON,1081900,WHISKEY LIQUEUR,Sazerac Company Inc,43336,Fireball Cinnamon Whiskey,12,750,8.25 ,12.38 ,1,12.38 ,0.75
INV-200288,2026-05-01,2648,Wilkie Liquors,IOWA CITY,52240,JOHNSON,1081900,WHISKEY LIQUEUR,Sazerac Company Inc,43336,Fireball Cinnamon Whiskey,12,750,8.25 ,12.38 ,1,12.38 ,0.75
INV-200289,14-Feb-2026,5102,CORNER TAP & BOTTLE,AMES,50010,STORY,1031200,AMERICAN VODKAS,Fifth Generation Inc,26827,Tito's Handmade Vodka,12,750,12.50 ,18.75 ,2,37.50 ,1.50
INV-200290,2026-06-27,4829,Casey's General Store #2879 ,ANKENY,50021,POLK,1041100,AMERICAN DRY GINS,Luxco Inc,35918,Five O'clock Gin,12,1750,8.99,13.49,1,13.49,1.75
INV-200290,2026-06-27,4829,Casey's General Store #2879 ,ANKENY,50021,POLK,1041100,AMERICAN DRY GINS,Luxco Inc,35918,Five O'clock Gin,12,1750,8.99,13.49,1,13.49,1.75
INV-200291,2026-02-14,2190,"Central City Liquor, Inc.",DES MOINES,50310,POLK,1081600,,Regional Spirits Co,77779,Dusty Shelf Cordial,6,375,11.00 ,12.10 ,1,12.10 ,0.38
INV-200292,2026-06-05,2190,"Central City Liquor, Inc.",DES MOINES,50310.0,,1031200,AMERICAN VODKAS,Fifth Generation Inc,26827,Tito's Handmade Vodka,12,750,12.50,18.75,3,56.25,2.25
INV-200293,02-Apr-2026,5102,  Corner Tap & Bottle,AMES,50010,STORY,1031080,CANADIAN WHISKIES,Heaven Hill Brands,11788,Black Velvet,12,1750,9.75,14.63,4,58.52,7.00
INV-200294,2026-02-12,3385,Sam's Club 8162,DAVENPORT,52807.0,SCOTT,1081600,,Regional Spirits Co,77779,Dusty Shelf Cordial,6,375,11.00,12.10,1,12.10,0.38
INV-200295,2026-02-23,2648,Wilkie Liquors,IOWA CITY,52240,JOHNSON,1032080,IRISH WHISKIES,Pernod Ricard USA,19067,Jameson,12,750,17.99,26.99,2,53.98,1.50
INV-200296,06/16/2026,3385,Sam's Club 8162,DAVENPORT,52807,SCOTT,1051010,IMPORTED BRANDIES,Moet Hennessy USA,64866,Hennessy VS,12,750,24.99,37.49,1,37.49,0.75
INV-200297,16-May-2026,3385,Sam's Club 8162,DAVENPORT,52807,SCOTT,1041100,AMERICAN DRY GINS,Luxco Inc,35918,Five O'clock Gin,12,1750,$8.99,$13.49,9,$121.41,15.75
INV-200298,01/31/2026,3385,Sam's Club 8162,DAVENPORT,52807.0,SCOTT,1032080,IRISH WHISKIES,Pernod Ricard USA,19067,Jameson,12,750,$17.99,$26.99,1,$26.99,0.75
INV-200299,2026-06-28,2633,Hometown Foods,CEDAR RAPIDS,52402,LINN,1031200,AMERICAN VODKAS,Fifth Generation Inc,26827,Tito's Handmade Vodka,12,750,12.50,18.75,2,37.50,1.50
INV-200300,04/21/2026,5102,Corner Tap & Bottle,AMES,50010,STORY,1032080,IRISH WHISKIES,Pernod Ricard USA,19067,Jameson,12,750,$17.99,$26.99,2,$53.98,1.50
INV-200301,04/09/2026,5102,Corner Tap & Bottle,AMES,50010,STORY,1032080,IRISH WHISKIES,Pernod Ricard USA,19067,Jameson,12,750,17.99 ,26.99 ,1,26.99 ,0.75
INV-200302,06/01/2026,5102,Corner Tap & Bottle,Ames,50010,STORY,1051010,IMPORTED BRANDIES,Moet Hennessy USA,64866,Hennessy VS,12,750,24.99 ,37.49 ,19,712.31 ,14.25
INV-200303,2026-02-15,2501,HY-VEE #3 / BDI / DES MOINES,Des Moines,50313.0,POLK,1081600,-,Regional Spirits Co,77779,Dusty Shelf Cordial,6,375,11.00,12.10,1,12.10,0.38
INV-200304,2026-02-04,2633,HOMETOWN FOODS,CEDAR RAPIDS,52402,LINN,1031080,CANADIAN WHISKIES,Heaven Hill Brands,11788,Black Velvet,12,1750,9.75 ,14.63 ,1,14.63 ,1.75
INV-200305,05/30/2026,3385,  Sam's Club 8162,DAVENPORT,52807,SCOTT,1032080,IRISH WHISKIES,Pernod Ricard USA,19067,Jameson,12,750,17.99,26.99,5,134.95,3.75
INV-200306,07-Apr-2026,3385,Sam's Club 8162,DAVENPORT,52807,SCOTT,1081900,WHISKEY LIQUEUR,Sazerac Company Inc,43336,Fireball Cinnamon Whiskey,12,750,8.25,12.38,5,61.90,3.75
INV-200307,2026-04-19,2648,WILKIE LIQUORS,IOWA CITY,52240,JOHNSON,1031080,CANADIAN WHISKIES,Heaven Hill Brands,11788,Black Velvet,12,1750,9.75,14.63,14,204.82,24.50
INV-200308,01/30/2026,2501,  Hy-Vee #3 / BDI / Des Moines,DES MOINES,50313,POLK,1041100,AMERICAN DRY GINS,Luxco Inc,35918,Five O'clock Gin,12,1750,8.99,13.49,3,40.47,5.25
INV-200309,2026-05-03,2190,"Central City Liquor, Inc.",DES MOINES,50310.0,POLK,1032080,IRISH WHISKIES,Pernod Ricard USA,19067,Jameson,12,750,17.99 ,26.99 ,1,26.99 ,0.75
INV-200310,2026-04-14,3385,Sam's Club 8162,DAVENPORT,52807,SCOTT,1032080,IRISH WHISKIES,Pernod Ricard USA,19067,Jameson,12,750,17.99,26.99,1,26.99,0.75
INV-200311,2026-07-23,2190,"Central City Liquor, Inc.",DES MOINES,50310,POLK,1032080,IRISH WHISKIES,Pernod Ricard USA,19067,Jameson,12,750,17.99,26.99,1,26.99,0.75
INV-200312,07/05/2026,4829,Casey's General Store #2879,ANKENY,50021,POLK,1081600,N/A,Regional Spirits Co,77779,Dusty Shelf Cordial,6,375,11.00,12.10,1,12.10,0.38
INV-200313,13-Apr-2026,5102,  Corner Tap & Bottle,AMES,50010,STORY,1032080,IRISH WHISKIES,Pernod Ricard USA,19067,Jameson,12,750,17.99 ,26.99 ,1,26.99 ,0.75
INV-200314,08-May-2026,3385,  Sam's Club 8162,DAVENPORT,52807,SCOTT,1031200,AMERICAN VODKAS,Fifth Generation Inc,26827,Tito's Handmade Vodka,12,750,12.50 ,18.75 ,2,37.50 ,1.50
INV-200315,07/19/2026,2648,Wilkie Liquors,IOWA CITY,52240,JOHNSON,1041100,AMERICAN DRY GINS,Luxco Inc,35918,Five O'clock Gin,12,1750,8.99,13.49,6,80.94,10.50
INV-200316,2026-03-13,2633,HOMETOWN FOODS,CEDAR RAPIDS,52402.0,LINN,1081900,WHISKEY LIQUEUR,Sazerac Company Inc,43336,Fireball Cinnamon Whiskey,12,750,8.25,12.38,5,61.90,3.75
INV-200317,2026-07-12,4829,Casey's General Store #2879,ANKENY,50021,POLK,1031200,AMERICAN VODKAS,Sazerac Company Inc,36308,Mr Boston Vodka,12,1000,4.50 ,6.75 ,7,47.25 ,7.00
INV-200318,07/02/2026,2633,Hometown Foods,CEDAR RAPIDS,52402,LINN,1032080,IRISH WHISKIES,Pernod Ricard USA,19067,Jameson,12,750,17.99,26.99,4,107.96,3.00
INV-200319,03/30/2026,2501,Hy-Vee #3 / BDI / Des Moines,DES MOINES,50313,POLK,1081600,-,Regional Spirits Co,77779,Dusty Shelf Cordial,6,375,$11.00,$12.10,2,$24.20,0.75
INV-200320,04/05/2026,2633,Hometown Foods,CEDAR RAPIDS,52402,LINN,1041100,AMERICAN DRY GINS,Luxco Inc,35918,Five O'clock Gin,12,1750,8.99,13.49,1,13.49,1.75
INV-200321,2026-06-22,3385,SAM'S CLUB 8162,Davenport,52807,SCOTT,1051010,IMPORTED BRANDIES,Moet Hennessy USA,64866,Hennessy VS,12,750,24.99,37.49,1,37.49,0.75
INV-200322,02/25/2026,2501,Hy-Vee #3 / BDI / Des Moines,DES MOINES,50313,POLK,1081600,N/A,Regional Spirits Co,77779,Dusty Shelf Cordial,6,375,11.00,12.10,1,12.10,0.38
INV-200323,05/16/2026,2648,Wilkie Liquors,IOWA CITY,52240.0,JOHNSON,1031200,AMERICAN VODKAS,Sazerac Company Inc,36308,Mr Boston Vodka,12,1000,$4.50,$6.75,10,$67.50,10.00
INV-200324,2026-07-25,3385,  Sam's Club 8162,DAVENPORT,52807,SCOTT,1051010,IMPORTED BRANDIES,Moet Hennessy USA,64866,Hennessy VS,12,750,24.99,37.49,7,262.43,5.25
INV-200325,02/07/2026,2648,Wilkie Liquors,IOWA CITY,52240,JOHNSON,1031200,AMERICAN VODKAS,Sazerac Company Inc,36308,Mr Boston Vodka,12,1000,4.50 ,6.75 ,9,60.75 ,9.00
INV-200326,02/03/2026,5102,  Corner Tap & Bottle,AMES,50010,STORY,1032080,IRISH WHISKIES,Pernod Ricard USA,19067,Jameson,12,750,17.99,26.99,4,107.96,3.00
INV-200327,2026-04-06,5102,Corner Tap & Bottle,AMES,50010,STORY,1081600,-,Regional Spirits Co,77779,Dusty Shelf Cordial,6,375,$11.00,$12.10,6,$72.60,2.25
INV-200328,27-Mar-2026,5102,Corner Tap and Bottle,AMES,50010,STORY,1051010,IMPORTED BRANDIES,Moet Hennessy USA,64866,Hennessy VS,12,750,24.99 ,37.49 ,2,74.98 ,1.50
INV-200329,06/12/2026,2648,Wilkie Liquors,IOWA CITY,52240,JOHNSON,1051010,IMPORTED BRANDIES,Moet Hennessy USA,64866,Hennessy VS,12,750,24.99 ,37.49 ,7,262.43 ,5.25
INV-200330,05/11/2026,2501,Hy-Vee #3 / BDI / Des Moines,Des Moines,50313,POLK,1031200,AMERICAN VODKAS,Sazerac Company Inc,36308,Mr Boston Vodka,12,1000,4.50,6.75,1,6.75,1.00
INV-200331,2026-02-16,5102,Corner Tap & Bottle,AMES,50010,STORY,1081600,,Regional Spirits Co,77779,Dusty Shelf Cordial,6,375,$11.00,$12.10,2,$24.20,0.75
INV-200332,13-Apr-2026,5102,Corner Tap & Bottle,AMES,50010,STORY,1032080,IRISH WHISKIES,Pernod Ricard USA,19067,Jameson,12,750,17.99 ,26.99 ,3,80.97 ,2.25
INV-200333,2026-07-25,2501,  Hy-Vee #3 / BDI / Des Moines,DES MOINES,50313,POLK,1031200,AMERICAN VODKAS,Sazerac Company Inc,36308,Mr Boston Vodka,12,1000,4.50,6.75,11,74.25,11.00
INV-200334,2026-04-17,2501,Hy-Vee #3 / BDI / Des Moines,DES MOINES,50313.0,POLK,1031200,AMERICAN VODKAS,Fifth Generation Inc,26827,Tito's Handmade Vodka,12,750,$12.50,$18.75,1,$18.75,0.75
INV-200335,2026-05-24,3385,Sam's Club 8162,DAVENPORT,52807,SCOTT,1051010,IMPORTED BRANDIES,Moet Hennessy USA,64866,Hennessy VS,12,750,24.99,37.49,5,187.45,3.75
INV-200336,2026-06-16,2633,Hometown Foods,CEDAR RAPIDS,52402,LINN,1081600,-,Regional Spirits Co,77779,Dusty Shelf Cordial,6,375,11.00,12.10,5,60.50,1.88
INV-200337,06-May-2026,2501,Hy-Vee #3 / BDI / Des Moines,DES MOINES,50313,POLK,1031200,AMERICAN VODKAS,Sazerac Company Inc,36308,Mr Boston Vodka,12,1000,4.50,6.75,1,6.75,1.00
INV-200338,2026-06-01,3385,SAM'S CLUB 8162,DAVENPORT,52807,SCOTT,1051010,IMPORTED BRANDIES,Moet Hennessy USA,64866,Hennessy VS,12,750,24.99 ,37.49 ,6,224.94 ,4.50
INV-200339,03/29/2026,2633,Hometown Foods,CEDAR RAPIDS,52402,,1081600,-,Regional Spirits Co,77779,Dusty Shelf Cordial,6,375,11.00 ,12.10 ,1,12.10 ,0.38
INV-200340,2026-03-19,2501,Hy-Vee #3 / BDI / Des Moines,DES MOINES,50313,POLK,1081900,WHISKEY LIQUEUR,Sazerac Company Inc,43336,Fireball Cinnamon Whiskey,12,750,8.25 ,12.38 ,3,37.14 ,2.25
INV-200341,03/21/2026,2648,Wilkie Liquors,IOWA CITY,52240,JOHNSON,1032080,IRISH WHISKIES,Pernod Ricard USA,19067,Jameson,12,750,17.99,26.99,1,26.99,0.75
INV-200342,2026-04-30,2190,"Central City Liquor, Inc.",DES MOINES,50310,POLK,1081900,WHISKEY LIQUEUR,Sazerac Company Inc,43336,Fireball Cinnamon Whiskey,12,750,8.25,12.38,1,12.38,0.75
INV-200343,02/16/2026,3385,Sam's Club 8162,Davenport,52807,SCOTT,1081600,,Regional Spirits Co,77779,Dusty Shelf Cordial,6,375,11.00,12.10,2,24.20,0.75
INV-200344,31-Mar-2026,2648,  Wilkie Liquors,IOWA CITY,52240,JOHNSON,1041100,AMERICAN DRY GINS,Luxco Inc,35918,Five O'clock Gin,12,1750,$8.99,$13.49,4,$53.96,7.00
INV-200345,24-Apr-2026,2190,"Central City Liquor, Inc.",DES MOINES,50310,POLK,1031200,AMERICAN VODKAS,Sazerac Company Inc,36308,Mr Boston Vodka,12,1000,4.50,6.75,7,47.25,7.00
INV-200346,2026-05-05,2648,Wilkie Liquors,IOWA CITY,52240,JOHNSON,1031200,AMERICAN VODKAS,Sazerac Company Inc,36308,Mr Boston Vodka,12,1000,4.50,6.75,1,6.75,1.00
INV-200347,2026-05-05,4829,Casey's General Store #2879,ANKENY,50021,POLK,1081900,WHISKEY LIQUEUR,Sazerac Company Inc,43336,Fireball Cinnamon Whiskey,12,750,8.25,12.38,1,12.38,0.75
INV-200348,05/21/2026,5102,  Corner Tap & Bottle,AMES,50010,STORY,1081900,WHISKEY LIQUEUR,Sazerac Company Inc,43336,Fireball Cinnamon Whiskey,12,750,8.25,12.38,3,37.14,2.25
INV-200349,05/09/2026,2633,Hometown Foods ,CEDAR RAPIDS,52402,LINN,1031200,AMERICAN VODKAS,Sazerac Company Inc,36308,Mr Boston Vodka,12,1000,4.50,6.75,2,13.50,2.00
INV-200350,2026-06-18,5102,Corner Tap & Bottle,AMES,50010,STORY,1081900,WHISKEY LIQUEUR,Sazerac Company Inc,43336,Fireball Cinnamon Whiskey,12,750,8.25,12.38,5,61.90,3.75
INV-200351,04/02/2026,5102,Corner Tap & Bottle,AMES,50010,STORY,1031080,CANADIAN WHISKIES,Heaven Hill Brands,11788,Black Velvet,12,1750,9.75,14.63,8,117.04,14.00
INV-200352,05-Feb-2026,5102,Corner Tap & Bottle,AMES,50010,STORY,1081600,-,Regional Spirits Co,77779,Dusty Shelf Cordial,6,375,11.00,12.10,4,48.40,1.50
INV-200353,2026-04-13,5102,Corner Tap & Bottle,Ames,50010,STORY,1081600,-,Regional Spirits Co,77779,Dusty Shelf Cordial,6,375,$11.00,$12.10,3,$36.30,1.12
INV-200354,03/17/2026,4829,Casey's General Store #2879,ANKENY,50021,POLK,1031200,AMERICAN VODKAS,Sazerac Company Inc,36308,Mr Boston Vodka,12,1000,4.50,6.75,5,33.75,5.00
INV-200355,19-Jul-2026,2501,Hy-Vee #3 / BDI / Des Moines,DES MOINES,50313,POLK,1081900,WHISKEY LIQUEUR,Sazerac Company Inc,43336,Fireball Cinnamon Whiskey,12,750,8.25 ,12.38 ,2,24.76 ,1.50
INV-200356,2026-07-24,2648,Wilkie Liquors,IOWA CITY,52240,JOHNSON,1031200,AMERICAN VODKAS,Sazerac Company Inc,36308,Mr Boston Vodka,12,1000,4.50,6.75,3,20.25,3.00
INV-200357,10-Jul-2026,2648,Wilkie Liquors,IOWA CITY,52240,JOHNSON,1031200,AMERICAN VODKAS,Sazerac Company Inc,36308,Mr Boston Vodka,12,1000,4.50,6.75,1,6.75,1.00
INV-200358,02/01/2026,4829,  Casey's General Store #2879,ANKENY,50021.0,POLK,1081600,,Regional Spirits Co,77779,Dusty Shelf Cordial,6,375,11.00,12.10,5,60.50,1.88
INV-200359,2026-06-07,2190,"Central City Liquor, Inc.",DES MOINES,50310,POLK,1081600,N/A,Regional Spirits Co,77779,Dusty Shelf Cordial,6,375,11.00,12.10,2,24.20,0.75
INV-200360,07-Jul-2026,2633,Hometown Foods,CEDAR RAPIDS,52402,LINN,1081600,N/A,Regional Spirits Co,77779,Dusty Shelf Cordial,6,375,$11.00,$12.10,12,$145.20,4.50
INV-200361,2026-07-19,2633,Hometown Foods,Cedar Rapids,52402,LINN,1031080,CANADIAN WHISKIES,Heaven Hill Brands,11788,Black Velvet,12,1750,9.75,14.63,32,468.16,56.00
INV-200362,2026-05-21,2633,Hometown Foods,CEDAR RAPIDS,52402,LINN,1081600,,Regional Spirits Co,77779,Dusty Shelf Cordial,6,375,$11.00,$12.10,4,$48.40,1.50
INV-200363,06/01/2026,2633,Hometown Foods,CEDAR RAPIDS,52402,LINN,1041100,AMERICAN DRY GINS,Luxco Inc,35918,Five O'clock Gin,12,1750,$8.99,$13.49,4,$53.96,7.00
INV-200364,2026-04-21,5102,Corner Tap & Bottle,AMES,50010,STORY,1081900,WHISKEY LIQUEUR,Sazerac Company Inc,43336,Fireball Cinnamon Whiskey,12,750,8.25,12.38,2,24.76,1.50
INV-200365,04/27/2026,5102,Corner Tap & Bottle,AMES,50010,STORY,1081600,,Regional Spirits Co,77779,Dusty Shelf Cordial,6,375,11.00,12.10,1,12.10,0.38
INV-200366,05-Feb-2026,2190,"Central City Liquor, Inc.",DES MOINES,50310,POLK,1081900,WHISKEY LIQUEUR,Sazerac Company Inc,43336,Fireball Cinnamon Whiskey,12,750,8.25,12.38,1,12.38,0.75
INV-200367,2026-06-08,2633,HOMETOWN FOODS,CEDAR RAPIDS,52402,LINN,1031200,AMERICAN VODKAS,Sazerac Company Inc,36308,Mr Boston Vodka,12,1000,4.50 ,6.75 ,1,6.75 ,1.00
INV-200368,02/28/2026,2190,"Central City Liquor, Inc.",DES MOINES,50310,POLK,1051010,IMPORTED BRANDIES,Moet Hennessy USA,64866,Hennessy VS,12,750,24.99,37.49,6,224.94,4.50
INV-200369,02/18/2026,3385,Sam's Club 8162,DAVENPORT,52807,SCOTT,1081600,N/A,Regional Spirits Co,77779,Dusty Shelf Cordial,6,375,11.00 ,12.10 ,1,12.10 ,0.38
INV-200370,2026-06-09,2501,Hy-Vee #3 / BDI / Des Moines,Des Moines,50313,POLK,1051010,IMPORTED BRANDIES,Moet Hennessy USA,64866,Hennessy VS,12,750,$24.99,$37.49,6,$224.94,4.50
INV-200371,2026-02-23,2633,  Hometown Foods,CEDAR RAPIDS,52402,LINN,1031080,CANADIAN WHISKIES,Heaven Hill Brands,11788,Black Velvet,12,1750,$9.75,$14.63,4,$58.52,7.00
INV-200372,2026-06-25,2648,Wilkie Liquors,IOWA CITY,52240,JOHNSON,1031200,AMERICAN VODKAS,Fifth Generation Inc,26827,Tito's Handmade Vodka,12,750,12.50 ,18.75 ,1,18.75 ,0.75
INV-200373,2026-06-20,2633,Hometown Foods,CEDAR RAPIDS,52402,LINN,1081900,WHISKEY LIQUEUR,Sazerac Company Inc,43336,Fireball Cinnamon Whiskey,12,750,8.25,12.38,9,111.42,6.75
INV-200374,2026-05-18,4829,Casey's General Store #2879,Ankeny,50021,POLK,1031080,CANADIAN WHISKIES,Heaven Hill Brands,11788,Black Velvet,12,1750,9.75,14.63,2,29.26,3.50
INV-200375,2026-06-06,4829,Casey's General Store #2879 ,ANKENY,50021,POLK,1032080,IRISH WHISKIES,Pernod Ricard USA,19067,Jameson,12,750,17.99,26.99,7,188.93,5.25
INV-200376,06/06/2026,2633,Hometown Foods,CEDAR RAPIDS,52402,LINN,1081600,-,Regional Spirits Co,77779,Dusty Shelf Cordial,6,375,11.00,12.10,3,36.30,1.12
INV-200377,31-Mar-2026,2633,Hometown Foods,Cedar Rapids,52402,LINN,1081900,WHISKEY LIQUEUR,Sazerac Company Inc,43336,Fireball Cinnamon Whiskey,12,750,8.25,12.38,1,12.38,0.75
INV-200378,2026-04-28,2648,Wilkie Liquors,IOWA CITY,52240,JOHNSON,1081600,-,Regional Spirits Co,77779,Dusty Shelf Cordial,6,375,11.00 ,12.10 ,1,12.10 ,0.38
INV-200379,2026-04-06,2648,WILKIE LIQUORS,IOWA CITY,52240,JOHNSON,1051010,IMPORTED BRANDIES,Moet Hennessy USA,64866,Hennessy VS,12,750,24.99,37.49,12,449.88,9.00
INV-200380,2026-06-29,2501,Hy-Vee #3 / BDI / Des Moines,DES MOINES,50313,POLK,1032080,IRISH WHISKIES,Pernod Ricard USA,19067,Jameson,12,750,17.99,26.99,16,431.84,12.00
INV-200381,06/12/2026,2501,Hy-Vee #3 / BDI / Des Moines,DES MOINES,50313,POLK,1031200,AMERICAN VODKAS,Fifth Generation Inc,26827,Tito's Handmade Vodka,12,750,12.50,18.75,1,18.75,0.75
INV-200382,2026-02-14,2633,HOMETOWN FOODS,CEDAR RAPIDS,52402.0,LINN,1031200,AMERICAN VODKAS,Fifth Generation Inc,26827,Tito's Handmade Vodka,12,750,12.50,18.75,5,93.75,3.75
INV-200383,2026-03-08,3385,Sam's Club 8162,DAVENPORT,52807.0,SCOTT,1041100,AMERICAN DRY GINS,Luxco Inc,35918,Five O'clock Gin,12,1750,8.99,13.49,2,26.98,3.50
INV-200384,2026-07-02,3385,SAM'S CLUB 8162,DAVENPORT,52807,SCOTT,1031080,CANADIAN WHISKIES,Heaven Hill Brands,11788,Black Velvet,12,1750,9.75,14.63,1,14.63,1.75
INV-200385,07/11/2026,2190,"Central City Liquor, Inc.",DES MOINES,50310,POLK,1031200,AMERICAN VODKAS,Sazerac Company Inc,36308,Mr Boston Vodka,12,1000,4.50 ,6.75 ,3,20.25 ,3.00
INV-200386,02/02/2026,3385,SAM'S CLUB 8162,DAVENPORT,52807,SCOTT,1032080,IRISH WHISKIES,Pernod Ricard USA,19067,Jameson,12,750,17.99,26.99,-4,-107.96,-3.00
INV-200387,03/03/2026,2190,"Central City Liquor, Inc.",DES MOINES,50310,POLK,1051010,IMPORTED BRANDIES,Moet Hennessy USA,64866,Hennessy VS,12,750,24.99 ,37.49 ,1,37.49 ,0.75
INV-200388,05/04/2026,2501,Hy-Vee #3 / BDI / Des Moines,DES MOINES,50313,POLK,1032080,IRISH WHISKIES,Pernod Ricard USA,19067,Jameson,12,750,17.99,26.99,1,26.99,0.75
INV-200389,2026-03-24,2190,"Central City Liquor, Inc.",Des Moines,50310,POLK,1081600,,Regional Spirits Co,77779,Dusty Shelf Cordial,6,375,11.00,12.10,1,12.10,0.38
INV-200390,2026-03-05,2501,HY-VEE #3 / BDI / DES MOINES,DES MOINES,50313,POLK,1031080,CANADIAN WHISKIES,Heaven Hill Brands,11788,Black Velvet,12,1750,9.75,14.63,3,43.89,5.25
INV-200391,2026-02-02,3385,Sam's Club 8162,DAVENPORT,52807,SCOTT,1031200,AMERICAN VODKAS,Fifth Generation Inc,26827,Tito's Handmade Vodka,12,750,12.50 ,18.75 ,6,112.50 ,4.50
INV-200392,04/30/2026,2501,HY-VEE #3 / BDI / DES MOINES,DES MOINES,50313,POLK,1041100,AMERICAN DRY GINS,Luxco Inc,35918,Five O'clock Gin,12,1750,8.99 ,13.49 ,4,53.96 ,7.00
INV-200393,05-Jul-2026,2190,Central City Liquor INC,DES MOINES,50310,POLK,1031080,CANADIAN WHISKIES,Heaven Hill Brands,11788,Black Velvet,12,1750,9.75,14.63,4,58.52,7.00
INV-200394,10-May-2026,2648,Wilkie Liquors,IOWA CITY,52240,JOHNSON,1031080,CANADIAN WHISKIES,Heaven Hill Brands,11788,Black Velvet,12,1750,9.75,14.63,3,43.89,5.25
INV-200395,2026-03-04,5102,Corner Tap & Bottle,AMES,50010,STORY,1081600,-,Regional Spirits Co,77779,Dusty Shelf Cordial,6,375,11.00,12.10,1,12.10,0.38
INV-200396,05/22/2026,5102,Corner Tap & Bottle ,AMES,50010,STORY,1051010,IMPORTED BRANDIES,Moet Hennessy USA,64866,Hennessy VS,12,750,24.99,37.49,4,149.96,3.00
INV-200397,2026-05-24,2633,Hometown Foods,CEDAR RAPIDS,52402,LINN,1081600,-,Regional Spirits Co,77779,Dusty Shelf Cordial,6,375,11.00,12.10,6,72.60,2.25
INV-200398,03/10/2026,2633,HOMETOWN FOODS,CEDAR RAPIDS,52402,LINN,1032080,IRISH WHISKIES,Pernod Ricard USA,19067,Jameson,12,750,17.99,26.99,13,350.87,9.75
INV-200399,03/20/2026,2190,"Central City Liquor, Inc.",DES MOINES,50310,POLK,1081600,,Regional Spirits Co,77779,Dusty Shelf Cordial,6,375,11.00,12.10,6,72.60,2.25
INV-200400,2026-02-25,2190,"CENTRAL CITY LIQUOR, INC.",DES MOINES,50310,POLK,1081600,-,Regional Spirits Co,77779,Dusty Shelf Cordial,6,375,$11.00,$12.10,2,$24.20,0.75
INV-200401,2026-03-30,2633,Hometown Foods,CEDAR RAPIDS,52402,LINN,1031080,CANADIAN WHISKIES,Heaven Hill Brands,11788,Black Velvet,12,1750,$9.75,$14.63,2,$29.26,3.50
INV-200402,2026-04-30,2633,Hometown Foods,CEDAR RAPIDS,52402,LINN,1032080,IRISH WHISKIES,Pernod Ricard USA,19067,Jameson,12,750,17.99 ,26.99 ,6,161.94 ,4.50
INV-200403,2026-06-20,2633,Hometown Foods,CEDAR RAPIDS,52402,LINN,1032080,IRISH WHISKIES,Pernod Ricard USA,19067,Jameson,12,750,17.99 ,26.99 ,3,80.97 ,2.25
INV-200404,2026-07-06,2648,  Wilkie Liquors,IOWA CITY,52240,JOHNSON,1081900,WHISKEY LIQUEUR,Sazerac Company Inc,43336,Fireball Cinnamon Whiskey,12,750,8.25,12.38,4,49.52,3.00
INV-200405,03/23/2026,2190,"Central City Liquor, Inc.",DES MOINES,50310,POLK,1031200,AMERICAN VODKAS,Sazerac Company Inc,36308,Mr Boston Vodka,12,1000,4.50,6.75,3,20.25,3.00
INV-200406,2026-02-06,2648,Wilkie Liquors,IOWA CITY,52240,JOHNSON,1031080,CANADIAN WHISKIES,Heaven Hill Brands,11788,Black Velvet,12,1750,9.75 ,14.63 ,4,58.52 ,7.00
INV-200407,04/10/2026,4829,Casey's General Store #2879,ANKENY,50021,POLK,1081900,WHISKEY LIQUEUR,Sazerac Company Inc,43336,Fireball Cinnamon Whiskey,12,750,$8.25,$12.38,6,$74.28,4.50
INV-200408,03-Feb-2026,3385,SAM'S CLUB 8162,DAVENPORT,52807.0,,1031080,CANADIAN WHISKIES,Heaven Hill Brands,11788,Black Velvet,12,1750,$9.75,$14.63,7,$102.41,12.25
INV-200409,2026-06-20,2648,Wilkie Liquors,IOWA CITY,52240,JOHNSON,1031200,AMERICAN VODKAS,Fifth Generation Inc,26827,Tito's Handmade Vodka,12,750,12.50 ,18.75 ,1,18.75 ,0.75
INV-200410,2026-02-05,3385,Sam's Club 8162,DAVENPORT,52807,SCOTT,1031080,CANADIAN WHISKIES,Heaven Hill Brands,11788,Black Velvet,12,1750,$9.75,$14.63,1,$14.63,1.75
INV-200411,2026-02-20,2190,"  Central City Liquor, Inc.",DES MOINES,50310,POLK,1081600,,Regional Spirits Co,77779,Dusty Shelf Cordial,6,375,11.00,12.10,-1,-12.10,-0.38
INV-200412,2026-05-12,2190,"Central City Liquor, Inc.",DES MOINES,50310,POLK,1081900,WHISKEY LIQUEUR,Sazerac Company Inc,43336,Fireball Cinnamon Whiskey,12,750,8.25 ,12.38 ,4,49.52 ,3.00
INV-200413,2026-03-11,5102,Corner Tap & Bottle,AMES,50010,STORY,1041100,AMERICAN DRY GINS,Luxco Inc,35918,Five O'clock Gin,12,1750,8.99,13.49,4,53.96,7.00
INV-200414,07/14/2026,2501,Hy-Vee #3 / BDI / Des Moines,DES MOINES,50313.0,POLK,1081600,-,Regional Spirits Co,77779,Dusty Shelf Cordial,6,375,$11.00,$12.10,5,$60.50,1.88
INV-200415,2026-04-14,2190,"Central City Liquor, Inc.",DES MOINES,50310,,1031080,CANADIAN WHISKIES,Heaven Hill Brands,11788,Black Velvet,12,1750,9.75 ,14.63 ,1,14.63 ,1.75
INV-200416,2026-03-12,2501,Hy-Vee #3 / BDI / Des Moines,DES MOINES,50313,POLK,1031080,CANADIAN WHISKIES,Heaven Hill Brands,11788,Black Velvet,12,1750,9.75,14.63,2,29.26,3.50
INV-200417,08-Jul-2026,2190,"Central City Liquor, Inc.",DES MOINES,50310,POLK,1081600,,Regional Spirits Co,77779,Dusty Shelf Cordial,6,375,11.00,12.10,2,24.20,0.75
INV-200418,03/22/2026,2190,"  Central City Liquor, Inc.",DES MOINES,50310,POLK,1081900,WHISKEY LIQUEUR,Sazerac Company Inc,43336,Fireball Cinnamon Whiskey,12,750,8.25,12.38,9,111.42,6.75
INV-200419,2026-06-24,5102,CORNER TAP & BOTTLE,AMES,50010,STORY,1031200,AMERICAN VODKAS,Fifth Generation Inc,26827,Tito's Handmade Vodka,12,750,12.50,18.75,1,18.75,0.75
INV-200420,2026-03-13,5102,Corner Tap & Bottle,AMES,50010,STORY,1032080,IRISH WHISKIES,Pernod Ricard USA,19067,Jameson,12,750,$17.99,$26.99,3,$80.97,2.25
INV-200421,03/16/2026,2501,Hy-Vee #3 / BDI / Des Moines,DES MOINES,50313.0,POLK,1041100,AMERICAN DRY GINS,Luxco Inc,35918,Five O'clock Gin,12,1750,$8.99,$13.49,7,$94.43,12.25
INV-200422,28-May-2026,5102,Corner Tap & Bottle ,AMES,50010,STORY,1031200,AMERICAN VODKAS,Fifth Generation Inc,26827,Tito's Handmade Vodka,12,750,12.50 ,18.75 ,6,112.50 ,4.50
INV-200423,04/07/2026,4829,Casey's General Store #2879,ANKENY,50021,POLK,1031080,CANADIAN WHISKIES,Heaven Hill Brands,11788,Black Velvet,12,1750,9.75,14.63,3,43.89,5.25
INV-200424,2026-06-20,2190,"CENTRAL CITY LIQUOR, INC.",DES MOINES,50310,POLK,1041100,AMERICAN DRY GINS,Luxco Inc,35918,Five O'clock Gin,12,1750,8.99,13.49,7,94.43,12.25
INV-200425,2026-03-13,3385,Sam's Club 8162,DAVENPORT,52807,SCOTT,1081900,WHISKEY LIQUEUR,Sazerac Company Inc,43336,Fireball Cinnamon Whiskey,12,750,8.25 ,12.38 ,1,12.38 ,0.75
INV-200426,05/02/2026,5102,Corner Tap & Bottle,AMES,50010,STORY,1081600,N/A,Regional Spirits Co,77779,Dusty Shelf Cordial,6,375,11.00 ,12.10 ,3,36.30 ,1.12
INV-200427,2026-02-23,5102,Corner Tap & Bottle,AMES,50010,STORY,1031200,AMERICAN VODKAS,Sazerac Company Inc,36308,Mr Boston Vodka,12,1000,4.50,6.75,3,20.25,3.00
INV-200428,14-Jul-2026,2633,  Hometown Foods,CEDAR RAPIDS,52402,LINN,1031080,CANADIAN WHISKIES,Heaven Hill Brands,11788,Black Velvet,12,1750,9.75,14.63,3,43.89,5.25
INV-200429,2026-07-27,3385,Sam's Club 8162,DAVENPORT,52807,SCOTT,1032080,IRISH WHISKIES,Pernod Ricard USA,19067,Jameson,12,750,17.99,26.99,1,26.99,0.75
INV-200430,2026-06-26,5102,CORNER TAP & BOTTLE,AMES,50010,STORY,1051010,IMPORTED BRANDIES,Moet Hennessy USA,64866,Hennessy VS,12,750,$24.99,$37.49,7,$262.43,5.25
INV-200431,29-May-2026,2633,Hometown Foods,CEDAR RAPIDS,52402,LINN,1081600,N/A,Regional Spirits Co,77779,Dusty Shelf Cordial,6,375,11.00 ,12.10 ,3,36.30 ,1.12
INV-200432,2026-07-16,2190,"Central City Liquor, Inc.",DES MOINES,50310,,1032080,IRISH WHISKIES,Pernod Ricard USA,19067,Jameson,12,750,17.99,26.99,4,107.96,3.00
INV-200433,03/27/2026,4829,  Casey's General Store #2879,Ankeny,50021,,1041100,AMERICAN DRY GINS,Luxco Inc,35918,Five O'clock Gin,12,1750,$8.99,$13.49,1,$13.49,1.75
INV-200434,2026-03-02,2190,Central City Liquor INC,DES MOINES,50310,POLK,1031200,AMERICAN VODKAS,Fifth Generation Inc,26827,Tito's Handmade Vodka,12,750,$12.50,$18.75,2,$37.50,1.50
INV-200435,2026-07-04,2633,HOMETOWN FOODS,CEDAR RAPIDS,52402,LINN,1031080,CANADIAN WHISKIES,Heaven Hill Brands,11788,Black Velvet,12,1750,$9.75,$14.63,3,$43.89,5.25
INV-200436,06/10/2026,4829,Casey's General Store #2879,ANKENY,50021,POLK,1031200,AMERICAN VODKAS,Sazerac Company Inc,36308,Mr Boston Vodka,12,1000,4.50,6.75,1,6.75,1.00
INV-200437,2026-03-31,4829,Casey's General Store #2879,ANKENY,50021.0,POLK,1031080,CANADIAN WHISKIES,Heaven Hill Brands,11788,Black Velvet,12,1750,9.75 ,14.63 ,1,14.63 ,1.75
INV-200438,04/24/2026,2648,Wilkie Liquors,IOWA CITY,52240,JOHNSON,1081900,WHISKEY LIQUEUR,Sazerac Company Inc,43336,Fireball Cinnamon Whiskey,12,750,8.25,12.38,1,12.38,0.75
INV-200439,2026-07-11,3385,Sam's Club 8162,DAVENPORT,52807,SCOTT,1031080,CANADIAN WHISKIES,Heaven Hill Brands,11788,Black Velvet,12,1750,$9.75,$14.63,3,$43.89,5.25
INV-200440,04/30/2026,2633,Hometown Foods,CEDAR RAPIDS,52402,LINN,1031200,AMERICAN VODKAS,Sazerac Company Inc,36308,Mr Boston Vodka,12,1000,4.50 ,6.75 ,3,20.25 ,3.00
INV-200441,2026-05-31,2648,Wilkie Liquors,IOWA CITY,52240,JOHNSON,1032080,IRISH WHISKIES,Pernod Ricard USA,19067,Jameson,12,750,17.99,26.99,16,431.84,12.00
INV-200442,15-Feb-2026,2648,Wilkie Liquors,IOWA CITY,52240,JOHNSON,1031080,CANADIAN WHISKIES,Heaven Hill Brands,11788,Black Velvet,12,1750,$9.75,$14.63,6,$87.78,10.50
INV-200443,09-Jun-2026,5102,  Corner Tap & Bottle,AMES,50010.0,STORY,1041100,AMERICAN DRY GINS,Luxco Inc,35918,Five O'clock Gin,12,1750,8.99,13.49,3,40.47,5.25
INV-200444,2026-03-25,2633,Hometown Foods,CEDAR RAPIDS,52402,,1081600,N/A,Regional Spirits Co,77779,Dusty Shelf Cordial,6,375,11.00 ,12.10 ,3,36.30 ,1.12
INV-200445,2026-04-07,5102,Corner Tap & Bottle,AMES,50010,STORY,1031200,AMERICAN VODKAS,Sazerac Company Inc,36308,Mr Boston Vodka,12,1000,4.50 ,6.75 ,2,13.50 ,2.00
INV-200446,2026-04-17,2648,Wilkie Liquors,IOWA CITY,52240,JOHNSON,1031080,CANADIAN WHISKIES,Heaven Hill Brands,11788,Black Velvet,12,1750,9.75,14.63,2,29.26,3.50
INV-200447,2026-07-15,3385,  Sam's Club 8162,Davenport,52807,SCOTT,1041100,AMERICAN DRY GINS,Luxco Inc,35918,Five O'clock Gin,12,1750,8.99 ,13.49 ,1,13.49 ,1.75
INV-200448,07/15/2026,2190,Central City Liquor INC,DES MOINES,50310.0,POLK,1051010,IMPORTED BRANDIES,Moet Hennessy USA,64866,Hennessy VS,12,750,24.99,37.49,3,112.47,2.25
INV-200449,04/22/2026,2648,Wilkie Liquors,IOWA CITY,52240,JOHNSON,1031200,AMERICAN VODKAS,Sazerac Company Inc,36308,Mr Boston Vodka,12,1000,4.50,6.75,1,6.75,1.00
INV-200450,16-Jun-2026,5102,Corner Tap & Bottle,AMES,50010.0,STORY,1041100,AMERICAN DRY GINS,Luxco Inc,35918,Five O'clock Gin,12,1750,8.99 ,13.49 ,1,13.49 ,1.75
INV-200451,04-Mar-2026,2648,Wilkie Liquors,IOWA CITY,52240,JOHNSON,1031200,AMERICAN VODKAS,Sazerac Company Inc,36308,Mr Boston Vodka,12,1000,4.50,6.75,3,20.25,3.00
INV-200452,06/08/2026,3385,Sam's Club 8162,Davenport,52807,SCOTT,1041100,AMERICAN DRY GINS,Luxco Inc,35918,Five O'clock Gin,12,1750,8.99,13.49,6,80.94,10.50
INV-200453,04/04/2026,3385,Sam's Club 8162,DAVENPORT,52807,SCOTT,1031080,CANADIAN WHISKIES,Heaven Hill Brands,11788,Black Velvet,12,1750,9.75 ,14.63 ,4,58.52 ,7.00
INV-200454,06/20/2026,2648,Wilkie Liquors,IOWA CITY,52240,JOHNSON,1051010,IMPORTED BRANDIES,Moet Hennessy USA,64866,Hennessy VS,12,750,24.99,37.49,3,112.47,2.25
INV-200455,2026-05-07,5102,Corner Tap & Bottle ,AMES,50010,STORY,1051010,IMPORTED BRANDIES,Moet Hennessy USA,64866,Hennessy VS,12,750,24.99,37.49,7,262.43,5.25
INV-200456,2026-04-04,5102,Corner Tap & Bottle,AMES,50010,STORY,1031200,AMERICAN VODKAS,Sazerac Company Inc,36308,Mr Boston Vodka,12,1000,$4.50,$6.75,2,$13.50,2.00
INV-200457,05/16/2026,2633,Hometown Foods,CEDAR RAPIDS,52402,LINN,1041100,AMERICAN DRY GINS,Luxco Inc,35918,Five O'clock Gin,12,1750,8.99,13.49,8,107.92,14.00
INV-200458,05/19/2026,2190,"Central City Liquor, Inc.",DES MOINES,50310,POLK,1031200,AMERICAN VODKAS,Fifth Generation Inc,26827,Tito's Handmade Vodka,12,750,12.50,18.75,1,18.75,0.75
INV-200459,25-Feb-2026,2501,Hy-Vee #3 / BDI / Des Moines,DES MOINES,50313,POLK,1081600,,Regional Spirits Co,77779,Dusty Shelf Cordial,6,375,11.00 ,12.10 ,7,84.70 ,2.62
INV-200460,2026-07-24,2648,Wilkie Liquors,IOWA CITY,52240,JOHNSON,1031200,AMERICAN VODKAS,Sazerac Company Inc,36308,Mr Boston Vodka,12,1000,4.50,6.75,1,6.75,1.00
INV-200461,03/01/2026,3385,SAM'S CLUB 8162,DAVENPORT,52807,SCOTT,1031200,AMERICAN VODKAS,Sazerac Company Inc,36308,Mr Boston Vodka,12,1000,4.50,6.75,2,13.50,2.00
INV-200462,2026-05-07,2501,Hy-Vee #3 / BDI / Des Moines,DES MOINES,50313,POLK,1041100,AMERICAN DRY GINS,Luxco Inc,35918,Five O'clock Gin,12,1750,8.99,13.49,7,94.43,12.25
INV-200463,2026-03-13,2190,"  Central City Liquor, Inc.",DES MOINES,50310,,1051010,IMPORTED BRANDIES,Moet Hennessy USA,64866,Hennessy VS,12,750,24.99,37.49,7,262.43,5.25
INV-200464,2026-04-10,2633,HOMETOWN FOODS,CEDAR RAPIDS,52402,LINN,1031080,CANADIAN WHISKIES,Heaven Hill Brands,11788,Black Velvet,12,1750,9.75 ,14.63 ,1,14.63 ,1.75
INV-200465,2026-07-20,4829,  Casey's General Store #2879,ANKENY,50021,POLK,1031200,AMERICAN VODKAS,Sazerac Company Inc,36308,Mr Boston Vodka,12,1000,4.50,6.75,5,33.75,5.00
INV-200466,06/13/2026,2648,Wilkie Liquors,IOWA CITY,52240,JOHNSON,1041100,AMERICAN DRY GINS,Luxco Inc,35918,Five O'clock Gin,12,1750,8.99 ,13.49 ,8,107.92 ,14.00
INV-200467,2026-03-17,3385,SAM'S CLUB 8162,DAVENPORT,52807,SCOTT,1041100,AMERICAN DRY GINS,Luxco Inc,35918,Five O'clock Gin,12,1750,8.99 ,13.49 ,4,53.96 ,7.00
INV-200468,01-Jul-2026,2633,Hometown Foods,CEDAR RAPIDS,52402,LINN,1041100,AMERICAN DRY GINS,Luxco Inc,35918,Five O'clock Gin,12,1750,8.99 ,13.49 ,2,26.98 ,3.50
INV-200469,02-Apr-2026,5102,Corner Tap & Bottle,Ames,50010,STORY,1032080,IRISH WHISKIES,Pernod Ricard USA,19067,Jameson,12,750,17.99,26.99,8,215.92,6.00
INV-200470,2026-07-27,2190,"  Central City Liquor, Inc.",DES MOINES,50310,POLK,1031200,AMERICAN VODKAS,Fifth Generation Inc,26827,Tito's Handmade Vodka,12,750,12.50,18.75,1,18.75,0.75
INV-200471,02/16/2026,2190,Central City Liquor INC,Des Moines,50310,POLK,1031080,CANADIAN WHISKIES,Heaven Hill Brands,11788,Black Velvet,12,1750,9.75,14.63,1,14.63,1.75
INV-200472,06/24/2026,2648,Wilkie Liquors,IOWA CITY,52240,JOHNSON,1081600,-,Regional Spirits Co,77779,Dusty Shelf Cordial,6,375,11.00,12.10,2,24.20,0.75
INV-200473,03/20/2026,5102,Corner Tap & Bottle,AMES,50010,STORY,1032080,IRISH WHISKIES,Pernod Ricard USA,19067,Jameson,12,750,17.99,26.99,1,26.99,0.75
INV-200474,25-Jun-2026,2190,"Central City Liquor, Inc.",DES MOINES,50310,POLK,1081900,WHISKEY LIQUEUR,Sazerac Company Inc,43336,Fireball Cinnamon Whiskey,12,750,,$12.38,6,$74.28,4.50
INV-200475,2026-03-10,5102,Corner Tap & Bottle,AMES,50010,STORY,1081600,N/A,Regional Spirits Co,77779,Dusty Shelf Cordial,6,375,$11.00,$12.10,1,$12.10,0.38
INV-200476,2026-03-16,2501,Hy-Vee #3 / BDI / Des Moines,DES MOINES,50313,POLK,1031080,CANADIAN WHISKIES,Heaven Hill Brands,11788,Black Velvet,12,1750,9.75 ,14.63 ,1,14.63 ,1.75
INV-200477,04/11/2026,2501,  Hy-Vee #3 / BDI / Des Moines,DES MOINES,50313.0,POLK,1051010,IMPORTED BRANDIES,Moet Hennessy USA,64866,Hennessy VS,12,750,24.99 ,37.49 ,7,262.43 ,5.25
INV-200478,2026-06-13,2501,Hy-Vee #3 / BDI / Des Moines,DES MOINES,50313,POLK,1031080,CANADIAN WHISKIES,Heaven Hill Brands,11788,Black Velvet,12,1750,9.75,14.63,9,131.67,15.75
INV-200479,02/20/2026,2501,HY-VEE #3 / BDI / DES MOINES,DES MOINES,50313,POLK,1031200,AMERICAN VODKAS,Sazerac Company Inc,36308,Mr Boston Vodka,12,1000,4.50,6.75,2,13.50,2.00
INV-200480,06-Jun-2026,2190,"CENTRAL CITY LIQUOR, INC.",DES MOINES,50310,POLK,1031200,AMERICAN VODKAS,Sazerac Company Inc,36308,Mr Boston Vodka,12,1000,$4.50,$6.75,8,$54.00,8.00
INV-200481,05/29/2026,5102,CORNER TAP & BOTTLE,AMES,50010,STORY,1081900,WHISKEY LIQUEUR,Sazerac Company Inc,43336,Fireball Cinnamon Whiskey,12,750,N/A,12.38 ,6,74.28 ,4.50
INV-200482,13-Mar-2026,2190,"Central City Liquor, Inc.",DES MOINES,50310,,1081900,WHISKEY LIQUEUR,Sazerac Company Inc,43336,Fireball Cinnamon Whiskey,12,750,$8.25,$12.38,2,$24.76,1.50
INV-200483,18-Feb-2026,5102,Corner Tap & Bottle,AMES,50010,STORY,1031200,AMERICAN VODKAS,Fifth Generation Inc,26827,Tito's Handmade Vodka,12,750,12.50,18.75,5,93.75,3.75
INV-200484,10-Apr-2026,2501,Hy-Vee #3 / BDI / Des Moines,DES MOINES,50313.0,POLK,1031200,AMERICAN VODKAS,Fifth Generation Inc,26827,Tito's Handmade Vodka,12,750,12.50,18.75,4,75.00,3.00
INV-200485,2026-06-30,4829,Casey's General Store #2879 ,ANKENY,50021,POLK,1031080,CANADIAN WHISKIES,Heaven Hill Brands,11788,Black Velvet,12,1750,9.75,14.63,1,14.63,1.75
INV-200486,05/19/2026,2190,Central City Liquor INC,DES MOINES,50310,POLK,1031200,AMERICAN VODKAS,Sazerac Company Inc,36308,Mr Boston Vodka,12,1000,4.50,6.75,1,6.75,1.00
INV-200487,2026-05-19,4829,  Casey's General Store #2879,ANKENY,50021,,1041100,AMERICAN DRY GINS,Luxco Inc,35918,Five O'clock Gin,12,1750,8.99 ,13.49 ,5,67.45 ,8.75
INV-200488,31-May-2026,3385,Sam's Club 8162,DAVENPORT,52807,SCOTT,1041100,AMERICAN DRY GINS,Luxco Inc,35918,Five O'clock Gin,12,1750,8.99,13.49,7,94.43,12.25
INV-200489,2026-07-13,4829,Casey's General Store #2879,ANKENY,50021,POLK,1032080,IRISH WHISKIES,Pernod Ricard USA,19067,Jameson,12,750,17.99,26.99,1,26.99,0.75
INV-200490,2026-04-22,3385,Sam's Club 8162,DAVENPORT,52807.0,SCOTT,1031200,AMERICAN VODKAS,Fifth Generation Inc,26827,Tito's Handmade Vodka,12,750,12.50,18.75,5,93.75,3.75
INV-200491,2026-05-23,2633,  Hometown Foods,CEDAR RAPIDS,52402,LINN,1032080,IRISH WHISKIES,Pernod Ricard USA,19067,Jameson,12,750,17.99,26.99,1,26.99,0.75
INV-200492,2026-07-23,2501,Hy-Vee #3 / BDI / Des Moines,DES MOINES,50313,POLK,1081600,N/A,Regional Spirits Co,77779,Dusty Shelf Cordial,6,375,11.00,12.10,9,108.90,3.38
INV-200493,28-May-2026,2501,Hy-Vee #3 / BDI / Des Moines,DES MOINES,50313,POLK,1032080,IRISH WHISKIES,Pernod Ricard USA,19067,Jameson,12,750,$17.99,$26.99,1,$26.99,0.75
INV-200494,07/22/2026,5102,  Corner Tap & Bottle,AMES,50010,STORY,1031080,CANADIAN WHISKIES,Heaven Hill Brands,11788,Black Velvet,12,1750,9.75,14.63,1,14.63,1.75
INV-200495,2026-07-04,2633,Hometown Foods,CEDAR RAPIDS,52402.0,LINN,1032080,IRISH WHISKIES,Pernod Ricard USA,19067,Jameson,12,750,17.99,26.99,2,53.98,1.50
INV-200496,2026-06-19,4829,Casey's General Store #2879,Ankeny,50021,POLK,1051010,IMPORTED BRANDIES,Moet Hennessy USA,64866,Hennessy VS,12,750,$24.99,$37.49,2,$74.98,1.50
INV-200497,2026-05-15,5102,CORNER TAP & BOTTLE,Ames,50010,STORY,1041100,AMERICAN DRY GINS,Luxco Inc,35918,Five O'clock Gin,12,1750,$8.99,$13.49,1,$13.49,1.75
INV-200498,2026-03-05,5102,Corner Tap & Bottle,AMES,50010.0,STORY,1031200,AMERICAN VODKAS,Fifth Generation Inc,26827,Tito's Handmade Vodka,12,750,12.50,18.75,1,18.75,0.75
INV-200499,12-Mar-2026,3385,Sam's Club 8162,DAVENPORT,52807,SCOTT,1031200,AMERICAN VODKAS,Sazerac Company Inc,36308,Mr Boston Vodka,12,1000,4.50,6.75,2,13.50,2.00
INV-200500,28-Jul-2026,2190,"Central City Liquor, Inc.",DES MOINES,50310,POLK,1081900,WHISKEY LIQUEUR,Sazerac Company Inc,43336,Fireball Cinnamon Whiskey,12,750,$8.25,$12.38,2,$24.76,1.50
INV-200501,2026-05-19,2633,Hometown Foods,CEDAR RAPIDS,52402,LINN,1081600,N/A,Regional Spirits Co,77779,Dusty Shelf Cordial,6,375,11.00 ,12.10 ,1,12.10 ,0.38
INV-200502,05/09/2026,2633,Hometown Foods,CEDAR RAPIDS,52402.0,LINN,1031080,CANADIAN WHISKIES,Heaven Hill Brands,11788,Black Velvet,12,1750,9.75,14.63,2,29.26,3.50
INV-200503,02/22/2026,5102,Corner Tap & Bottle,AMES,50010,STORY,1031200,AMERICAN VODKAS,Sazerac Company Inc,36308,Mr Boston Vodka,12,1000,4.50,6.75,5,33.75,5.00
INV-200504,19-Feb-2026,2648,Wilkie Liquors,IOWA CITY,52240,JOHNSON,1051010,IMPORTED BRANDIES,Moet Hennessy USA,64866,Hennessy VS,12,750,24.99 ,37.49 ,2,74.98 ,1.50
INV-200505,2026-03-28,4829,  Casey's General Store #2879,ANKENY,50021,POLK,1041100,AMERICAN DRY GINS,Luxco Inc,35918,Five O'clock Gin,12,1750,8.99,13.49,3,40.47,5.25
INV-200506,23-Jun-2026,2633,HOMETOWN FOODS,Cedar Rapids,52402,LINN,1081900,WHISKEY LIQUEUR,Sazerac Company Inc,43336,Fireball Cinnamon Whiskey,12,750,8.25 ,12.38 ,-1,-12.38 ,-0.75
INV-200507,2026-06-17,2633,Hometown Foods,CEDAR RAPIDS,52402,LINN,1031200,AMERICAN VODKAS,Fifth Generation Inc,26827,Tito's Handmade Vodka,12,750,12.50,18.75,2,37.50,1.50
INV-200508,2026-04-21,2633,Hometown Foods,CEDAR RAPIDS,52402,LINN,1032080,IRISH WHISKIES,Pernod Ricard USA,19067,Jameson,12,750,17.99,26.99,1,26.99,0.75
INV-200509,16-Jul-2026,3385,  Sam's Club 8162,DAVENPORT,52807,SCOTT,1031200,AMERICAN VODKAS,Fifth Generation Inc,26827,Tito's Handmade Vodka,12,750,12.50,18.75,24,450.00,18.00
INV-200510,01/30/2026,2633,Hometown Foods,CEDAR RAPIDS,52402,LINN,1031200,AMERICAN VODKAS,Fifth Generation Inc,26827,Tito's Handmade Vodka,12,750,12.50,18.75,1,18.75,0.75
INV-200511,30-May-2026,2501,Hy-Vee #3 / BDI / Des Moines,DES MOINES,50313,POLK,1041100,AMERICAN DRY GINS,Luxco Inc,35918,Five O'clock Gin,12,1750,8.99 ,13.49 ,1,13.49 ,1.75
INV-200512,20-Jul-2026,3385,SAM'S CLUB 8162,DAVENPORT,52807,SCOTT,1031080,CANADIAN WHISKIES,Heaven Hill Brands,11788,Black Velvet,12,1750,9.75,14.63,8,117.04,14.00
INV-200513,2026-07-20,4829,Casey's General Store #2879,ANKENY,50021.0,POLK,1031200,AMERICAN VODKAS,Sazerac Company Inc,36308,Mr Boston Vodka,12,1000,4.50,6.75,2,13.50,2.00
INV-200514,2026-06-30,3385,Sam's Club 8162,DAVENPORT,52807,SCOTT,1031080,CANADIAN WHISKIES,Heaven Hill Brands,11788,Black Velvet,12,1750,$9.75,$14.63,10,$146.30,17.50
INV-200515,2026-04-12,2190,"Central City Liquor, Inc.",DES MOINES,50310,POLK,1081900,WHISKEY LIQUEUR,Sazerac Company Inc,43336,Fireball Cinnamon Whiskey,12,750,$8.25,$12.38,1,$12.38,0.75
INV-200516,16-Feb-2026,4829,Casey's General Store #2879,ANKENY,50021,POLK,1081900,WHISKEY LIQUEUR,Sazerac Company Inc,43336,Fireball Cinnamon Whiskey,12,750,$8.25,$12.38,2,$24.76,1.50
INV-200517,27-May-2026,2633,Hometown Foods,CEDAR RAPIDS,52402,,1032080,IRISH WHISKIES,Pernod Ricard USA,19067,Jameson,12,750,17.99,26.99,3,80.97,2.25
INV-200518,06/08/2026,2190,"Central City Liquor, Inc.",DES MOINES,50310,POLK,1031200,AMERICAN VODKAS,Fifth Generation Inc,26827,Tito's Handmade Vodka,12,750,12.50,18.75,2,37.50,1.50
INV-200519,04/14/2026,2501,Hy-Vee #3 / BDI / Des Moines,DES MOINES,50313,POLK,1081900,WHISKEY LIQUEUR,Sazerac Company Inc,43336,Fireball Cinnamon Whiskey,12,750,8.25,12.38,1,12.38,0.75
INV-200520,15-Jul-2026,2190,"Central City Liquor, Inc. ",DES MOINES,50310,POLK,1031200,AMERICAN VODKAS,Sazerac Company Inc,36308,Mr Boston Vodka,12,1000,$4.50,$6.75,2,$13.50,2.00
INV-200521,2026-07-15,2648,WILKIE LIQUORS,IOWA CITY,52240,JOHNSON,1031200,AMERICAN VODKAS,Fifth Generation Inc,26827,Tito's Handmade Vodka,12,750,12.50 ,18.75 ,4,75.00 ,3.00
INV-200522,04/20/2026,2501,Hy-Vee #3 / BDI / Des Moines,DES MOINES,50313,POLK,1041100,AMERICAN DRY GINS,Luxco Inc,35918,Five O'clock Gin,12,1750,8.99 ,13.49 ,1,13.49 ,1.75
INV-200523,2026-03-02,3385,Sam's Club 8162,Davenport,52807,SCOTT,1031200,AMERICAN VODKAS,Sazerac Company Inc,36308,Mr Boston Vodka,12,1000,4.50 ,6.75 ,3,20.25 ,3.00
INV-200524,2026-04-04,2501,HY-VEE #3 / BDI / DES MOINES,DES MOINES,50313.0,POLK,1031080,CANADIAN WHISKIES,Heaven Hill Brands,11788,Black Velvet,12,1750,9.75,14.63,3,43.89,5.25
INV-200525,2026-03-27,2501,Hy-Vee #3 / BDI / Des Moines,DES MOINES,50313,POLK,1031200,AMERICAN VODKAS,Fifth Generation Inc,26827,Tito's Handmade Vodka,12,750,12.50 ,18.75 ,-2,-37.50 ,-1.50
INV-200526,06/22/2026,3385,Sam's Club 8162,Davenport,52807.0,SCOTT,1081900,WHISKEY LIQUEUR,Sazerac Company Inc,43336,Fireball Cinnamon Whiskey,12,750,8.25 ,12.38 ,1,12.38 ,0.75
INV-200527,01-Jul-2026,2648,  Wilkie Liquors,Iowa City,52240,JOHNSON,1081600,N/A,Regional Spirits Co,77779,Dusty Shelf Cordial,6,375,$11.00,$12.10,6,$72.60,2.25
INV-200528,23-Jul-2026,2633,Hometown Foods,CEDAR RAPIDS,52402,LINN,1031080,CANADIAN WHISKIES,Heaven Hill Brands,11788,Black Velvet,12,1750,9.75 ,14.63 ,4,58.52 ,7.00
INV-200529,2026-03-13,5102,  Corner Tap & Bottle,AMES,50010,STORY,1041100,AMERICAN DRY GINS,Luxco Inc,35918,Five O'clock Gin,12,1750,8.99,13.49,17,229.33,29.75
INV-200530,2026-02-22,5102,Corner Tap & Bottle,AMES,50010,STORY,1031200,AMERICAN VODKAS,Sazerac Company Inc,36308,Mr Boston Vodka,12,1000,$4.50,$6.75,17,$114.75,17.00
INV-200531,2026-05-19,4829,Casey's General Store #2879,ANKENY,50021,POLK,1032080,IRISH WHISKIES,Pernod Ricard USA,19067,Jameson,12,750,17.99 ,26.99 ,1,26.99 ,0.75
INV-200532,07/14/2026,2190,"Central City Liquor, Inc.",DES MOINES,50310.0,,1081600,-,Regional Spirits Co,77779,Dusty Shelf Cordial,6,375,11.00 ,12.10 ,3,36.30 ,1.12
INV-200533,11-Apr-2026,3385,  Sam's Club 8162,DAVENPORT,52807,SCOTT,1041100,AMERICAN DRY GINS,Luxco Inc,35918,Five O'clock Gin,12,1750,8.99 ,13.49 ,3,40.47 ,5.25
INV-200534,01-Feb-2026,2648,Wilkie Liquors,IOWA CITY,52240,JOHNSON,1031200,AMERICAN VODKAS,Fifth Generation Inc,26827,Tito's Handmade Vodka,12,750,12.50,18.75,2,37.50,1.50
INV-200535,07/27/2026,2501,Hy-Vee #3 / BDI / Des Moines,DES MOINES,50313,POLK,1081600,,Regional Spirits Co,77779,Dusty Shelf Cordial,6,375,11.00 ,12.10 ,5,60.50 ,1.88
INV-200536,02/27/2026,2501,Hy-Vee #3 / BDI / Des Moines,DES MOINES,50313,POLK,1031200,AMERICAN VODKAS,Sazerac Company Inc,36308,Mr Boston Vodka,12,1000,4.50,6.75,17,114.75,17.00
INV-200537,12-Jul-2026,2501,Hy-Vee #3 / BDI / Des Moines,DES MOINES,50313,POLK,1051010,IMPORTED BRANDIES,Moet Hennessy USA,64866,Hennessy VS,12,750,$24.99,$37.49,1,$37.49,0.75
INV-200538,02/27/2026,2633,Hometown Foods,CEDAR RAPIDS,52402,LINN,1031080,CANADIAN WHISKIES,Heaven Hill Brands,11788,Black Velvet,12,1750,9.75 ,14.63 ,1,14.63 ,1.75
INV-200539,2026-06-17,2633,HOMETOWN FOODS,CEDAR RAPIDS,52402.0,LINN,1081600,N/A,Regional Spirits Co,77779,Dusty Shelf Cordial,6,375,11.00,12.10,5,60.50,1.88
INV-200540,04/13/2026,5102,Corner Tap & Bottle,AMES,50010,,1031080,CANADIAN WHISKIES,Heaven Hill Brands,11788,Black Velvet,12,1750,9.75 ,14.63 ,1,14.63 ,1.75
INV-200541,09-Feb-2026,2633,Hometown Foods,CEDAR RAPIDS,52402,LINN,1031080,CANADIAN WHISKIES,Heaven Hill Brands,11788,Black Velvet,12,1750,9.75,14.63,9,131.67,15.75
INV-200542,05/21/2026,2501,HY-VEE #3 / BDI / DES MOINES,DES MOINES,50313,POLK,1041100,AMERICAN DRY GINS,Luxco Inc,35918,Five O'clock Gin,12,1750,8.99,13.49,2,26.98,3.50
INV-200543,2026-03-01,5102,Corner Tap & Bottle,AMES,50010,STORY,1032080,IRISH WHISKIES,Pernod Ricard USA,19067,Jameson,12,750,$17.99,$26.99,1,$26.99,0.75
INV-200544,2026-03-11,3385,Sam's Club 8162,DAVENPORT,52807.0,SCOTT,1031200,AMERICAN VODKAS,Sazerac Company Inc,36308,Mr Boston Vodka,12,1000,4.50,6.75,25,168.75,25.00
INV-200545,2026-06-10,4829,Casey's General Store #2879 ,ANKENY,50021,POLK,1031200,AMERICAN VODKAS,Sazerac Company Inc,36308,Mr Boston Vodka,12,1000,$4.50,$6.75,1,$6.75,1.00
INV-200546,02/12/2026,2633,Hometown Foods,CEDAR RAPIDS,52402,LINN,1032080,IRISH WHISKIES,Pernod Ricard USA,19067,Jameson,12,750,17.99,26.99,1,26.99,0.75
INV-200547,06-Feb-2026,4829,Casey's General Store #2879,ANKENY,50021,POLK,1032080,IRISH WHISKIES,Pernod Ricard USA,19067,Jameson,12,750,17.99 ,26.99 ,2,53.98 ,1.50
INV-200547,06-Feb-2026,4829,Casey's General Store #2879,ANKENY,50021,POLK,1032080,IRISH WHISKIES,Pernod Ricard USA,19067,Jameson,12,750,17.99 ,26.99 ,2,53.98 ,1.50
INV-200548,29-May-2026,3385,Sam's Club 8162,DAVENPORT,52807,SCOTT,1032080,IRISH WHISKIES,Pernod Ricard USA,19067,Jameson,12,750,17.99,26.99,3,80.97,2.25
INV-200549,2026-03-31,4829,Casey's General Store #2879,Ankeny,50021,POLK,1041100,AMERICAN DRY GINS,Luxco Inc,35918,Five O'clock Gin,12,1750,8.99 ,13.49 ,1,13.49 ,1.75
INV-200550,2026-02-02,5102,Corner Tap & Bottle,AMES,50010,STORY,1031200,AMERICAN VODKAS,Fifth Generation Inc,26827,Tito's Handmade Vodka,12,750,12.50,18.75,3,56.25,2.25
INV-200551,2026-07-04,5102,Corner Tap & Bottle,AMES,50010,STORY,1031200,AMERICAN VODKAS,Fifth Generation Inc,26827,Tito's Handmade Vodka,12,750,$12.50,$18.75,7,$131.25,5.25
INV-200552,07/23/2026,5102,Corner Tap & Bottle,Ames,50010,STORY,1041100,AMERICAN DRY GINS,Luxco Inc,35918,Five O'clock Gin,12,1750,8.99,13.49,1,13.49,1.75
INV-200553,03/27/2026,5102,Corner Tap & Bottle,AMES,50010,STORY,1081900,WHISKEY LIQUEUR,Sazerac Company Inc,43336,Fireball Cinnamon Whiskey,12,750,8.25,12.38,3,37.14,2.25
INV-200554,02/21/2026,4829,CASEY'S GENERAL STORE #2879,ANKENY,50021,POLK,1081600,N/A,Regional Spirits Co,77779,Dusty Shelf Cordial,6,375,11.00,12.10,4,48.40,1.50
INV-200555,02/23/2026,2633,Hometown Foods,CEDAR RAPIDS,52402,LINN,1032080,IRISH WHISKIES,Pernod Ricard USA,19067,Jameson,12,750,17.99,26.99,23,620.77,17.25
INV-200556,07/10/2026,2501,Hy-Vee #3 / BDI / Des Moines,DES MOINES,50313,POLK,1051010,IMPORTED BRANDIES,Moet Hennessy USA,64866,Hennessy VS,12,750,24.99 ,37.49 ,1,37.49 ,0.75
INV-200557,2026-06-04,4829,Casey's General Store #2879,ANKENY,50021,POLK,1031200,AMERICAN VODKAS,Fifth Generation Inc,26827,Tito's Handmade Vodka,12,750,12.50 ,18.75 ,3,56.25 ,2.25
INV-200558,07/01/2026,5102,Corner Tap & Bottle,AMES,50010.0,STORY,1031200,AMERICAN VODKAS,Sazerac Company Inc,36308,Mr Boston Vodka,12,1000,4.50,6.75,1,6.75,1.00
INV-200559,03/25/2026,4829,Casey's General Store #2879,ANKENY,50021,POLK,1032080,IRISH WHISKIES,Pernod Ricard USA,19067,Jameson,12,750,$17.99,$26.99,1,$26.99,0.75
INV-200560,2026-07-08,3385,Sam's Club 8162,DAVENPORT,52807,SCOTT,1051010,IMPORTED BRANDIES,Moet Hennessy USA,64866,Hennessy VS,12,750,24.99,37.49,1,37.49,0.75
INV-200560,2026-07-08,3385,Sam's Club 8162,DAVENPORT,52807,SCOTT,1051010,IMPORTED BRANDIES,Moet Hennessy USA,64866,Hennessy VS,12,750,24.99,37.49,1,37.49,0.75
INV-200561,2026-02-05,2633,Hometown Foods,CEDAR RAPIDS,52402,LINN,1031200,AMERICAN VODKAS,Sazerac Company Inc,36308,Mr Boston Vodka,12,1000,$4.50,$6.75,4,$27.00,4.00
INV-200562,03/22/2026,2501,Hy-Vee #3 / BDI / Des Moines,DES MOINES,50313,POLK,1081900,WHISKEY LIQUEUR,Sazerac Company Inc,43336,Fireball Cinnamon Whiskey,12,750,8.25 ,12.38 ,3,37.14 ,2.25
INV-200563,2026-05-04,2633,Hometown Foods,CEDAR RAPIDS,52402,LINN,1041100,AMERICAN DRY GINS,Luxco Inc,35918,Five O'clock Gin,12,1750,8.99,13.49,2,26.98,3.50
INV-200564,2026-05-07,5102,Corner Tap & Bottle,AMES,50010.0,STORY,1031080,CANADIAN WHISKIES,Heaven Hill Brands,11788,Black Velvet,12,1750,9.75 ,14.63 ,3,43.89 ,5.25
INV-200565,05-Apr-2026,4829,Casey's General Store #2879,ANKENY,50021.0,POLK,1032080,IRISH WHISKIES,Pernod Ricard USA,19067,Jameson,12,750,17.99,26.99,1,26.99,0.75
INV-200566,27-Apr-2026,3385,  Sam's Club 8162,DAVENPORT,52807,SCOTT,1041100,AMERICAN DRY GINS,Luxco Inc,35918,Five O'clock Gin,12,1750,8.99,13.49,1,13.49,1.75
INV-200567,02/14/2026,2648,Wilkie Liquors,IOWA CITY,52240,JOHNSON,1031200,AMERICAN VODKAS,Fifth Generation Inc,26827,Tito's Handmade Vodka,12,750,12.50 ,18.75 ,1,18.75 ,0.75
INV-200568,17-Mar-2026,4829,Casey's General Store #2879,ANKENY,50021,POLK,1031200,AMERICAN VODKAS,Sazerac Company Inc,36308,Mr Boston Vodka,12,1000,4.50,6.75,5,33.75,5.00
INV-200569,2026-05-31,5102,Corner Tap & Bottle,AMES,50010,STORY,1041100,AMERICAN DRY GINS,Luxco Inc,35918,Five O'clock Gin,12,1750,8.99,13.49,4,53.96,7.00
INV-200570,2026-03-25,3385,Sam's Club 8162,DAVENPORT,52807,SCOTT,1031200,AMERICAN VODKAS,Sazerac Company Inc,36308,Mr Boston Vodka,12,1000,4.50 ,6.75 ,4,27.00 ,4.00
INV-200571,30-Jan-2026,2501,Hy-Vee #3 / BDI / Des Moines,DES MOINES,50313,POLK,1032080,IRISH WHISKIES,Pernod Ricard USA,19067,Jameson,12,750,17.99,26.99,2,53.98,1.50
INV-200572,2026-03-14,2501,  Hy-Vee #3 / BDI / Des Moines,DES MOINES,50313,POLK,1032080,IRISH WHISKIES,Pernod Ricard USA,19067,Jameson,12,750,17.99 ,26.99 ,1,26.99 ,0.75
INV-200573,2026-03-04,2501,Hy-Vee #3 / BDI / Des Moines,DES MOINES,50313,POLK,1031200,AMERICAN VODKAS,Fifth Generation Inc,26827,Tito's Handmade Vodka,12,750,12.50,18.75,7,131.25,5.25
INV-200574,03/04/2026,2633,Hometown Foods,CEDAR RAPIDS,52402,LINN,1081900,WHISKEY LIQUEUR,Sazerac Company Inc,43336,Fireball Cinnamon Whiskey,12,750,$8.25,$12.38,12,$148.56,9.00
INV-200575,2026-02-23,2633,Hometown Foods,CEDAR RAPIDS,52402,LINN,1081600,-,Regional Spirits Co,77779,Dusty Shelf Cordial,6,375,$11.00,$12.10,4,$48.40,1.50
INV-200576,03/24/2026,2501,Hy-Vee #3 / BDI / Des Moines,DES MOINES,50313,POLK,1041100,AMERICAN DRY GINS,Luxco Inc,35918,Five O'clock Gin,12,1750,8.99 ,13.49 ,1,13.49 ,1.75
INV-200577,2026-03-23,3385,Sam's Club 8162,Davenport,52807,SCOTT,1041100,AMERICAN DRY GINS,Luxco Inc,35918,Five O'clock Gin,12,1750,8.99 ,13.49 ,1,13.49 ,1.75
INV-200578,2026-04-26,5102,CORNER TAP & BOTTLE,AMES,50010,STORY,1031200,AMERICAN VODKAS,Fifth Generation Inc,26827,Tito's Handmade Vodka,12,750,12.50,18.75,1,18.75,0.75
INV-200579,2026-05-02,3385,Sam's Club 8162,DAVENPORT,52807,SCOTT,1031200,AMERICAN VODKAS,Fifth Generation Inc,26827,Tito's Handmade Vodka,12,750,12.50,18.75,1,18.75,0.75
INV-200580,2026-03-16,3385,SAM'S CLUB 8162,Davenport,52807.0,SCOTT,1081900,WHISKEY LIQUEUR,Sazerac Company Inc,43336,Fireball Cinnamon Whiskey,12,750,8.25,12.38,2,24.76,1.50
INV-200581,06/19/2026,2633,HOMETOWN FOODS,CEDAR RAPIDS,52402.0,LINN,1041100,AMERICAN DRY GINS,Luxco Inc,35918,Five O'clock Gin,12,1750,8.99,13.49,21,283.29,36.75
INV-200582,05/26/2026,2633,Hometown Foods,CEDAR RAPIDS,52402,LINN,1041100,AMERICAN DRY GINS,Luxco Inc,35918,Five O'clock Gin,12,1750,8.99,13.49,1,13.49,1.75
INV-200583,2026-06-26,2648,  Wilkie Liquors,IOWA CITY,52240.0,JOHNSON,1041100,AMERICAN DRY GINS,Luxco Inc,35918,Five O'clock Gin,12,1750,8.99,13.49,5,67.45,8.75
INV-200584,2026-06-24,2501,Hy-Vee #3 / BDI / Des Moines,DES MOINES,50313,,1041100,AMERICAN DRY GINS,Luxco Inc,35918,Five O'clock Gin,12,1750,$8.99,$13.49,4,$53.96,7.00
INV-200585,2026-03-19,5102,Corner Tap & Bottle,AMES,50010,STORY,1081600,N/A,Regional Spirits Co,77779,Dusty Shelf Cordial,6,375,11.00,12.10,8,96.80,3.00
INV-200586,2026-07-25,2633,  Hometown Foods,CEDAR RAPIDS,52402.0,LINN,1032080,IRISH WHISKIES,Pernod Ricard USA,19067,Jameson,12,750,17.99,26.99,1,26.99,0.75
INV-200587,2026-03-16,2501,Hy-Vee #3 / BDI / Des Moines,DES MOINES,50313,POLK,1081600,-,Regional Spirits Co,77779,Dusty Shelf Cordial,6,375,$11.00,$12.10,8,$96.80,3.00
INV-200588,2026-03-13,5102,Corner Tap & Bottle,AMES,50010,STORY,1032080,IRISH WHISKIES,Pernod Ricard USA,19067,Jameson,12,750,$17.99,$26.99,3,$80.97,2.25
INV-200589,2026-07-24,5102,Corner Tap & Bottle,Ames,50010,STORY,1081600,-,Regional Spirits Co,77779,Dusty Shelf Cordial,6,375,11.00 ,12.10 ,3,36.30 ,1.12
INV-200590,21-Jul-2026,2190,"Central City Liquor, Inc.",DES MOINES,50310,POLK,1031200,AMERICAN VODKAS,Fifth Generation Inc,26827,Tito's Handmade Vodka,12,750,12.50,18.75,1,18.75,0.75
INV-200591,05/17/2026,2633,Hometown Foods,CEDAR RAPIDS,52402,LINN,1081600,,Regional Spirits Co,77779,Dusty Shelf Cordial,6,375,11.00,12.10,3,36.30,1.12
INV-200592,2026-06-18,5102,  Corner Tap & Bottle,Ames,50010,STORY,1031200,AMERICAN VODKAS,Fifth Generation Inc,26827,Tito's Handmade Vodka,12,750,$12.50,$18.75,5,$93.75,3.75
INV-200593,2026-07-27,2633,Hometown Foods,CEDAR RAPIDS,52402.0,LINN,1032080,IRISH WHISKIES,Pernod Ricard USA,19067,Jameson,12,750,$17.99,$26.99,1,$26.99,0.75
INV-200594,12-Feb-2026,3385,  Sam's Club 8162,DAVENPORT,52807,SCOTT,1031080,CANADIAN WHISKIES,Heaven Hill Brands,11788,Black Velvet,12,1750,$9.75,$14.63,24,$351.12,42.00
INV-200595,31-Mar-2026,2501,Hy-Vee #3 / BDI / Des Moines,DES MOINES,50313,POLK,1031200,AMERICAN VODKAS,Sazerac Company Inc,36308,Mr Boston Vodka,12,1000,4.50 ,6.75 ,3,20.25 ,3.00
INV-200596,03/10/2026,2190,"Central City Liquor, Inc.",DES MOINES,50310,POLK,1081600,N/A,Regional Spirits Co,77779,Dusty Shelf Cordial,6,375,$11.00,$12.10,-1,$-12.10,-0.38
INV-200597,14-Apr-2026,2501,Hy-Vee #3 / BDI / Des Moines,DES MOINES,50313,POLK,1031080,CANADIAN WHISKIES,Heaven Hill Brands,11788,Black Velvet,12,1750,$9.75,$14.63,10,$146.30,17.50
INV-200598,02/26/2026,4829,CASEY'S GENERAL STORE #2879,ANKENY,50021,POLK,1051010,IMPORTED BRANDIES,Moet Hennessy USA,64866,Hennessy VS,12,750,24.99,37.49,1,37.49,0.75
INV-200599,02/08/2026,2190,"  Central City Liquor, Inc.",DES MOINES,50310,POLK,1031200,AMERICAN VODKAS,Fifth Generation Inc,26827,Tito's Handmade Vodka,12,750,12.50,18.75,36,675.00,27.00
INV-200600,23-Jul-2026,2501,Hy-Vee #3 / BDI / Des Moines,DES MOINES,50313.0,POLK,1031200,AMERICAN VODKAS,Sazerac Company Inc,36308,Mr Boston Vodka,12,1000,4.50 ,6.75 ,3,20.25 ,3.00
INV-200601,2026-03-06,2190,"CENTRAL CITY LIQUOR, INC.",Des Moines,50310.0,POLK,1041100,AMERICAN DRY GINS,Luxco Inc,35918,Five O'clock Gin,12,1750,8.99,13.49,5,67.45,8.75
INV-200602,2026-05-02,3385,Sam's Club 8162,DAVENPORT,52807,SCOTT,1051010,IMPORTED BRANDIES,Moet Hennessy USA,64866,Hennessy VS,12,750,$24.99,$37.49,3,$112.47,2.25
INV-200603,03/29/2026,2190,"Central City Liquor, Inc.",DES MOINES,50310,POLK,1081900,WHISKEY LIQUEUR,Sazerac Company Inc,43336,Fireball Cinnamon Whiskey,12,750,8.25 ,12.38 ,8,99.04 ,6.00
INV-200604,02/14/2026,3385,Sam's Club 8162,DAVENPORT,52807.0,SCOTT,1081900,WHISKEY LIQUEUR,Sazerac Company Inc,43336,Fireball Cinnamon Whiskey,12,750,$8.25,$12.38,1,$12.38,0.75
INV-200605,2026-05-04,4829,  Casey's General Store #2879,ANKENY,50021,POLK,1081900,WHISKEY LIQUEUR,Sazerac Company Inc,43336,Fireball Cinnamon Whiskey,12,750,8.25 ,12.38 ,3,37.14 ,2.25
INV-200606,03/12/2026,2633,Hometown Foods,CEDAR RAPIDS,52402,LINN,1031200,AMERICAN VODKAS,Fifth Generation Inc,26827,Tito's Handmade Vodka,12,750,12.50,18.75,16,300.00,12.00
INV-200607,03/23/2026,4829,Casey's General Store #2879,ANKENY,50021,POLK,1041100,AMERICAN DRY GINS,Luxco Inc,35918,Five O'clock Gin,12,1750,8.99,13.49,1,13.49,1.75
INV-200608,04/06/2026,2501,Hy-Vee #3 / BDI / Des Moines,DES MOINES,50313,POLK,1081900,WHISKEY LIQUEUR,Sazerac Company Inc,43336,Fireball Cinnamon Whiskey,12,750,8.25,12.38,1,12.38,0.75
INV-200609,07/16/2026,5102,Corner Tap & Bottle,AMES,50010,STORY,1031080,CANADIAN WHISKIES,Heaven Hill Brands,11788,Black Velvet,12,1750,$9.75,$14.63,3,$43.89,5.25
INV-200610,01/31/2026,4829,  Casey's General Store #2879,ANKENY,50021,POLK,1031200,AMERICAN VODKAS,Sazerac Company Inc,36308,Mr Boston Vodka,12,1000,4.50,6.75,2,13.50,2.00
INV-200611,2026-05-24,2501,Hy-Vee #3 / BDI / Des Moines,DES MOINES,50313,POLK,1032080,IRISH WHISKIES,Pernod Ricard USA,19067,Jameson,12,750,17.99,26.99,1,26.99,0.75
INV-200612,24-Jul-2026,2190,"CENTRAL CITY LIQUOR, INC.",DES MOINES,50310,POLK,1081600,-,Regional Spirits Co,77779,Dusty Shelf Cordial,6,375,11.00 ,12.10 ,1,12.10 ,0.38
INV-200613,2026-07-22,4829,CASEY'S GENERAL STORE #2879,ANKENY,50021,POLK,1031200,AMERICAN VODKAS,Sazerac Company Inc,36308,Mr Boston Vodka,12,1000,4.50,6.75,2,13.50,2.00
INV-200614,2026-05-18,5102,CORNER TAP & BOTTLE,AMES,50010,STORY,1041100,AMERICAN DRY GINS,Luxco Inc,35918,Five O'clock Gin,12,1750,8.99,13.49,1,13.49,1.75
INV-200615,2026-05-23,2190,"Central City Liquor, Inc.",Des Moines,50310,POLK,1032080,IRISH WHISKIES,Pernod Ricard USA,19067,Jameson,12,750,$17.99,$26.99,3,$80.97,2.25
INV-200616,2026-03-04,2648,Wilkie Liquors,IOWA CITY,52240,JOHNSON,1081600,-,Regional Spirits Co,77779,Dusty Shelf Cordial,6,375,$11.00,$12.10,1,$12.10,0.38
INV-200617,19-May-2026,4829,Casey's General Store #2879,ANKENY,50021,POLK,1031200,AMERICAN VODKAS,Sazerac Company Inc,36308,Mr Boston Vodka,12,1000,4.50 ,6.75 ,7,47.25 ,7.00
INV-200618,28-May-2026,2501,Hy-Vee #3 / BDI / Des Moines,DES MOINES,50313,,1041100,AMERICAN DRY GINS,Luxco Inc,35918,Five O'clock Gin,12,1750,8.99,13.49,6,80.94,10.50
INV-200619,2026-04-28,4829,CASEY'S GENERAL STORE #2879,ANKENY,50021,POLK,1051010,IMPORTED BRANDIES,Moet Hennessy USA,64866,Hennessy VS,12,750,24.99,37.49,3,112.47,2.25
INV-200620,07/11/2026,2648,WILKIE LIQUORS,IOWA CITY,52240,JOHNSON,1031200,AMERICAN VODKAS,Sazerac Company Inc,36308,Mr Boston Vodka,12,1000,4.50 ,6.75 ,2,13.50 ,2.00
INV-200621,2026-01-30,3385,Sam's Club 8162,DAVENPORT,52807,SCOTT,1081600,N/A,Regional Spirits Co,77779,Dusty Shelf Cordial,6,375,$11.00,$12.10,6,$72.60,2.25
INV-200622,04/06/2026,2190,"CENTRAL CITY LIQUOR, INC.",DES MOINES,50310,POLK,1081600,N/A,Regional Spirits Co,77779,Dusty Shelf Cordial,6,375,11.00,12.10,2,24.20,0.75
INV-200623,01/30/2026,5102,Corner Tap & Bottle,AMES,50010,STORY,1031200,AMERICAN VODKAS,Fifth Generation Inc,26827,Tito's Handmade Vodka,12,750,12.50,18.75,8,150.00,6.00
INV-200624,2026-04-07,2190,"Central City Liquor, Inc.",DES MOINES,50310,,1081900,WHISKEY LIQUEUR,Sazerac Company Inc,43336,Fireball Cinnamon Whiskey,12,750,8.25,12.38,22,272.36,16.50
INV-200625,2026-06-15,4829,Casey's General Store #2879,ANKENY,50021.0,POLK,1081600,,Regional Spirits Co,77779,Dusty Shelf Cordial,6,375,11.00,12.10,8,96.80,3.00
INV-200626,2026-03-31,4829,Casey's General Store #2879,ANKENY,50021,POLK,1081900,WHISKEY LIQUEUR,Sazerac Company Inc,43336,Fireball Cinnamon Whiskey,12,750,8.25 ,12.38 ,17,210.46 ,12.75
INV-200627,03/21/2026,2190,"CENTRAL CITY LIQUOR, INC.",DES MOINES,50310.0,POLK,1081900,WHISKEY LIQUEUR,Sazerac Company Inc,43336,Fireball Cinnamon Whiskey,12,750,8.25,12.38,2,24.76,1.50
INV-200628,2026-02-12,2648,WILKIE LIQUORS,IOWA CITY,52240,JOHNSON,1031080,CANADIAN WHISKIES,Heaven Hill Brands,11788,Black Velvet,12,1750,$9.75,$14.63,2,$29.26,3.50
INV-200629,2026-07-10,5102,Corner Tap & Bottle,AMES,50010,STORY,1081600,,Regional Spirits Co,77779,Dusty Shelf Cordial,6,375,11.00 ,12.10 ,2,24.20 ,0.75
INV-200630,05/08/2026,2648,Wilkie Liquors,IOWA CITY,52240,JOHNSON,1081900,WHISKEY LIQUEUR,Sazerac Company Inc,43336,Fireball Cinnamon Whiskey,12,750,8.25 ,12.38 ,1,12.38 ,0.75
INV-200631,05/02/2026,4829,Casey's General Store #2879,ANKENY,50021,POLK,1031080,CANADIAN WHISKIES,Heaven Hill Brands,11788,Black Velvet,12,1750,9.75,14.63,3,43.89,5.25
INV-200632,2026-03-19,3385,Sam's Club 8162,DAVENPORT,52807,SCOTT,1032080,IRISH WHISKIES,Pernod Ricard USA,19067,Jameson,12,750,$17.99,$26.99,1,$26.99,0.75
INV-200633,03-Mar-2026,3385,Sam's Club 8162,DAVENPORT,52807,SCOTT,1031200,AMERICAN VODKAS,Fifth Generation Inc,26827,Tito's Handmade Vodka,12,750,$12.50,$18.75,2,$37.50,1.50
INV-200634,2026-06-30,2648,Wilkie Liquors ,IOWA CITY,52240,JOHNSON,1081900,WHISKEY LIQUEUR,Sazerac Company Inc,43336,Fireball Cinnamon Whiskey,12,750,$8.25,$12.38,1,$12.38,0.75
INV-200635,02/16/2026,3385,  Sam's Club 8162,DAVENPORT,52807,SCOTT,1031080,CANADIAN WHISKIES,Heaven Hill Brands,11788,Black Velvet,12,1750,9.75,14.63,9,131.67,15.75
INV-200636,04/16/2026,5102,  Corner Tap & Bottle,AMES,50010,STORY,1031200,AMERICAN VODKAS,Sazerac Company Inc,36308,Mr Boston Vodka,12,1000,4.50,6.75,1,6.75,1.00
INV-200637,04/30/2026,4829,Casey's General Store #2879,ANKENY,50021,POLK,1032080,IRISH WHISKIES,Pernod Ricard USA,19067,Jameson,12,750,17.99,26.99,1,26.99,0.75
INV-200638,06/27/2026,5102,Corner Tap & Bottle,AMES,50010,STORY,1081900,WHISKEY LIQUEUR,Sazerac Company Inc,43336,Fireball Cinnamon Whiskey,12,750,8.25 ,12.38 ,-7,-86.66 ,-5.25
INV-200639,09-Feb-2026,2648,Wilkie Liquors,IOWA CITY,52240,JOHNSON,1031200,AMERICAN VODKAS,Fifth Generation Inc,26827,Tito's Handmade Vodka,12,750,12.50,18.75,7,131.25,5.25
INV-200640,2026-02-27,5102,Corner Tap & Bottle ,AMES,50010,STORY,1031200,AMERICAN VODKAS,Fifth Generation Inc,26827,Tito's Handmade Vodka,12,750,$12.50,$18.75,1,$18.75,0.75
INV-200641,12-Apr-2026,2501,HY-VEE #3 / BDI / DES MOINES,DES MOINES,50313,POLK,1041100,AMERICAN DRY GINS,Luxco Inc,35918,Five O'clock Gin,12,1750,8.99,13.49,4,53.96,7.00
INV-200642,02/09/2026,2190,"  Central City Liquor, Inc.",DES MOINES,50310,POLK,1081600,,Regional Spirits Co,77779,Dusty Shelf Cordial,6,375,$11.00,$12.10,5,$60.50,1.88
INV-200643,2026-05-16,4829,CASEY'S GENERAL STORE #2879,ANKENY,50021.0,POLK,1031200,AMERICAN VODKAS,Sazerac Company Inc,36308,Mr Boston Vodka,12,1000,4.50,6.75,5,33.75,5.00
INV-200644,09-Jun-2026,3385,Sam's Club 8162,DAVENPORT,52807,SCOTT,1031200,AMERICAN VODKAS,Fifth Generation Inc,26827,Tito's Handmade Vodka,12,750,12.50 ,18.75 ,1,18.75 ,0.75
INV-200645,2026-03-14,4829,Casey's General Store #2879,ANKENY,50021,POLK,1081600,,Regional Spirits Co,77779,Dusty Shelf Cordial,6,375,11.00,12.10,2,24.20,0.75
INV-200646,2026-03-14,3385,Sam's Club 8162,DAVENPORT,52807,SCOTT,1031080,CANADIAN WHISKIES,Heaven Hill Brands,11788,Black Velvet,12,1750,9.75,14.63,1,14.63,1.75
INV-200647,01-May-2026,2190,"Central City Liquor, Inc.",DES MOINES,50310,POLK,1031080,CANADIAN WHISKIES,Heaven Hill Brands,11788,Black Velvet,12,1750,9.75 ,14.63 ,1,14.63 ,1.75
INV-200648,21-Jul-2026,3385,Sam's Club 8162,DAVENPORT,52807,SCOTT,1031200,AMERICAN VODKAS,Sazerac Company Inc,36308,Mr Boston Vodka,12,1000,4.50,6.75,5,33.75,5.00
INV-200649,2026-02-02,4829,Casey's General Store #2879,ANKENY,50021.0,POLK,1081900,WHISKEY LIQUEUR,Sazerac Company Inc,43336,Fireball Cinnamon Whiskey,12,750,8.25 ,12.38 ,1,12.38 ,0.75
INV-200650,02/19/2026,2648,Wilkie Liquors,IOWA CITY,52240,JOHNSON,1031080,CANADIAN WHISKIES,Heaven Hill Brands,11788,Black Velvet,12,1750,$9.75,$14.63,1,$14.63,1.75
INV-200651,02/07/2026,2190,Central City Liquor INC,DES MOINES,50310,POLK,1031200,AMERICAN VODKAS,Fifth Generation Inc,26827,Tito's Handmade Vodka,12,750,12.50,18.75,2,37.50,1.50
INV-200652,03/04/2026,4829,Casey's General Store #2879,ANKENY,50021.0,POLK,1081600,,Regional Spirits Co,77779,Dusty Shelf Cordial,6,375,$11.00,$12.10,1,$12.10,0.38
INV-200653,03/28/2026,2633,Hometown Foods,CEDAR RAPIDS,52402,LINN,1031080,CANADIAN WHISKIES,Heaven Hill Brands,11788,Black Velvet,12,1750,9.75,14.63,2,29.26,3.50
INV-200654,04/02/2026,4829,Casey's General Store #2879,Ankeny,50021,POLK,1031200,AMERICAN VODKAS,Fifth Generation Inc,26827,Tito's Handmade Vodka,12,750,12.50,18.75,1,18.75,0.75
INV-200655,05/21/2026,2501,Hy-Vee #3 / BDI / Des Moines,DES MOINES,50313,POLK,1031080,CANADIAN WHISKIES,Heaven Hill Brands,11788,Black Velvet,12,1750,9.75,14.63,5,73.15,8.75
INV-200656,2026-02-11,5102,Corner Tap & Bottle,AMES,50010,,1081900,WHISKEY LIQUEUR,Sazerac Company Inc,43336,Fireball Cinnamon Whiskey,12,750,8.25,12.38,1,12.38,0.75
INV-200657,03/28/2026,2190,"Central City Liquor, Inc.",DES MOINES,50310,POLK,1032080,IRISH WHISKIES,Pernod Ricard USA,19067,Jameson,12,750,17.99,26.99,4,107.96,3.00
INV-200658,2026-07-10,2501,Hy-Vee #3 / BDI / Des Moines,DES MOINES,50313,POLK,1031080,CANADIAN WHISKIES,Heaven Hill Brands,11788,Black Velvet,12,1750,9.75 ,14.63 ,4,58.52 ,7.00
INV-200659,07/12/2026,3385,Sam's Club 8162,DAVENPORT,52807,SCOTT,1031080,CANADIAN WHISKIES,Heaven Hill Brands,11788,Black Velvet,12,1750,$9.75,$14.63,1,$14.63,1.75
INV-200660,2026-07-27,2501,HY-VEE #3 / BDI / DES MOINES,DES MOINES,50313,POLK,1081900,WHISKEY LIQUEUR,Sazerac Company Inc,43336,Fireball Cinnamon Whiskey,12,750,8.25 ,12.38 ,3,37.14 ,2.25
INV-200661,02/27/2026,2633,  Hometown Foods,CEDAR RAPIDS,52402,LINN,1051010,IMPORTED BRANDIES,Moet Hennessy USA,64866,Hennessy VS,12,750,$24.99,$37.49,5,$187.45,3.75
INV-200662,2026-02-16,2501,HY-VEE #3 / BDI / DES MOINES,DES MOINES,50313,POLK,1081600,-,Regional Spirits Co,77779,Dusty Shelf Cordial,6,375,11.00,12.10,3,36.30,1.12
INV-200663,2026-05-28,2633,Hometown Foods,CEDAR RAPIDS,52402,LINN,1031200,AMERICAN VODKAS,Fifth Generation Inc,26827,Tito's Handmade Vodka,12,750,12.50,18.75,9,168.75,6.75
INV-200664,04/27/2026,5102,Corner Tap & Bottle,AMES,50010.0,STORY,1031200,AMERICAN VODKAS,Fifth Generation Inc,26827,Tito's Handmade Vodka,12,750,$12.50,$18.75,1,$18.75,0.75
INV-200665,2026-04-20,2501,Hy-Vee #3 / BDI / Des Moines ,DES MOINES,50313.0,POLK,1031080,CANADIAN WHISKIES,Heaven Hill Brands,11788,Black Velvet,12,1750,9.75,14.63,2,29.26,3.50
INV-200666,2026-05-13,2648,Wilkie Liquors,IOWA CITY,52240,JOHNSON,1041100,AMERICAN DRY GINS,Luxco Inc,35918,Five O'clock Gin,12,1750,8.99,13.49,9,121.41,15.75
INV-200667,2026-02-15,2501,Hy-Vee #3 / BDI / Des Moines,DES MOINES,50313.0,POLK,1031200,AMERICAN VODKAS,Sazerac Company Inc,36308,Mr Boston Vodka,12,1000,4.50,6.75,3,20.25,3.00
INV-200668,2026-02-08,5102,CORNER TAP & BOTTLE,Ames,50010,STORY,1032080,IRISH WHISKIES,Pernod Ricard USA,19067,Jameson,12,750,17.99,26.99,6,161.94,4.50
INV-200669,2026-03-02,2501,Hy-Vee #3 / BDI / Des Moines,DES MOINES,50313,POLK,1031200,AMERICAN VODKAS,Fifth Generation Inc,26827,Tito's Handmade Vodka,12,750,12.50,18.75,7,131.25,5.25
INV-200670,02/17/2026,2501,  Hy-Vee #3 / BDI / Des Moines,Des Moines,50313,POLK,1081600,,Regional Spirits Co,77779,Dusty Shelf Cordial,6,375,11.00,12.10,3,36.30,1.12
INV-200671,2026-07-23,2501,Hy-Vee #3 / BDI / Des Moines,DES MOINES,50313,POLK,1081600,N/A,Regional Spirits Co,77779,Dusty Shelf Cordial,6,375,11.00 ,12.10 ,2,24.20 ,0.75
INV-200672,03/30/2026,2501,Hy-Vee #3 / BDI / Des Moines,DES MOINES,50313,POLK,1081600,N/A,Regional Spirits Co,77779,Dusty Shelf Cordial,6,375,11.00,12.10,7,84.70,2.62
INV-200673,06/29/2026,2190,"CENTRAL CITY LIQUOR, INC.",DES MOINES,50310,POLK,1041100,AMERICAN DRY GINS,Luxco Inc,35918,Five O'clock Gin,12,1750,8.99,13.49,4,53.96,7.00
INV-200674,2026-07-05,3385,SAM'S CLUB 8162,DAVENPORT,52807,SCOTT,1032080,IRISH WHISKIES,Pernod Ricard USA,19067,Jameson,12,750,17.99 ,26.99 ,82,2213.18 ,61.50
INV-200675,2026-07-02,2633,Hometown Foods,CEDAR RAPIDS,52402,LINN,1081900,WHISKEY LIQUEUR,Sazerac Company Inc,43336,Fireball Cinnamon Whiskey,12,750,8.25,12.38,24,297.12,18.00
INV-200676,11-Jun-2026,3385,Sam's Club 8162,Davenport,52807,SCOTT,1051010,IMPORTED BRANDIES,Moet Hennessy USA,64866,Hennessy VS,12,750,$24.99,$37.49,1,$37.49,0.75
INV-200677,06/15/2026,3385,SAM'S CLUB 8162,DAVENPORT,52807,SCOTT,1032080,IRISH WHISKIES,Pernod Ricard USA,19067,Jameson,12,750,17.99 ,26.99 ,2,53.98 ,1.50
INV-200678,07/17/2026,2633,HOMETOWN FOODS,CEDAR RAPIDS,52402,LINN,1031200,AMERICAN VODKAS,Fifth Generation Inc,26827,Tito's Handmade Vodka,12,750,,18.75 ,7,131.25 ,5.25
INV-200679,04-Jul-2026,4829,CASEY'S GENERAL STORE #2879,ANKENY,50021,,1031200,AMERICAN VODKAS,Fifth Generation Inc,26827,Tito's Handmade Vodka,12,750,12.50,18.75,1,18.75,0.75
INV-200680,02/02/2026,2648,Wilkie Liquors,IOWA CITY,52240,JOHNSON,1081900,WHISKEY LIQUEUR,Sazerac Company Inc,43336,Fireball Cinnamon Whiskey,12,750,8.25,12.38,6,74.28,4.50
INV-200681,05/23/2026,2633,Hometown Foods,CEDAR RAPIDS,52402,LINN,1041100,AMERICAN DRY GINS,Luxco Inc,35918,Five O'clock Gin,12,1750,8.99 ,13.49 ,2,26.98 ,3.50
INV-200682,05/08/2026,2633,HOMETOWN FOODS,CEDAR RAPIDS,52402,LINN,1031080,CANADIAN WHISKIES,Heaven Hill Brands,11788,Black Velvet,12,1750,9.75,14.63,1,14.63,1.75
INV-200683,2026-05-08,4829,Casey's General Store #2879,Ankeny,50021,POLK,1081600,,Regional Spirits Co,77779,Dusty Shelf Cordial,6,375,11.00,12.10,4,48.40,1.50
INV-200684,2026-06-11,5102,Corner Tap & Bottle,Ames,50010,STORY,1031080,CANADIAN WHISKIES,Heaven Hill Brands,11788,Black Velvet,12,1750,9.75,14.63,2,29.26,3.50
INV-200685,02/18/2026,2633,HOMETOWN FOODS,CEDAR RAPIDS,52402,LINN,1032080,IRISH WHISKIES,Pernod Ricard USA,19067,Jameson,12,750,17.99,26.99,6,161.94,4.50
INV-200686,2026-03-12,2648,Wilkie Liquors,IOWA CITY,52240,JOHNSON,1041100,AMERICAN DRY GINS,Luxco Inc,35918,Five O'clock Gin,12,1750,8.99,13.49,1,13.49,1.75
INV-200687,05/12/2026,5102,Corner Tap & Bottle,AMES,50010.0,STORY,1032080,IRISH WHISKIES,Pernod Ricard USA,19067,Jameson,12,750,17.99 ,26.99 ,1,26.99 ,0.75
INV-200688,04/26/2026,2633,HOMETOWN FOODS,CEDAR RAPIDS,52402,LINN,1031200,AMERICAN VODKAS,Sazerac Company Inc,36308,Mr Boston Vodka,12,1000,4.50,6.75,4,27.00,4.00
INV-200689,22-Feb-2026,4829,  Casey's General Store #2879,Ankeny,50021,POLK,1081600,N/A,Regional Spirits Co,77779,Dusty Shelf Cordial,6,375,11.00,12.10,1,12.10,0.38
INV-200690,2026-07-15,2190,"Central City Liquor, Inc.",DES MOINES,50310,POLK,1032080,IRISH WHISKIES,Pernod Ricard USA,19067,Jameson,12,750,17.99 ,26.99 ,10,269.90 ,7.50
INV-200691,07/12/2026,2501,Hy-Vee #3 / BDI / Des Moines,DES MOINES,50313,POLK,1081900,WHISKEY LIQUEUR,Sazerac Company Inc,43336,Fireball Cinnamon Whiskey,12,750,8.25,12.38,7,86.66,5.25
INV-200692,2026-02-19,2633,  Hometown Foods,CEDAR RAPIDS,52402,LINN,1031200,AMERICAN VODKAS,Sazerac Company Inc,36308,Mr Boston Vodka,12,1000,$4.50,$6.75,1,$6.75,1.00
INV-200693,06/12/2026,2190,"CENTRAL CITY LIQUOR, INC.",DES MOINES,50310,POLK,1081900,WHISKEY LIQUEUR,Sazerac Company Inc,43336,Fireball Cinnamon Whiskey,12,750,8.25,12.38,1,12.38,0.75
INV-200694,2026-06-04,3385,  Sam's Club 8162,DAVENPORT,52807,SCOTT,1031080,CANADIAN WHISKIES,Heaven Hill Brands,11788,Black Velvet,12,1750,9.75,14.63,2,29.26,3.50
INV-200695,06/07/2026,2648,WILKIE LIQUORS,IOWA CITY,52240,JOHNSON,1081900,WHISKEY LIQUEUR,Sazerac Company Inc,43336,Fireball Cinnamon Whiskey,12,750,8.25,12.38,14,173.32,10.50
INV-200696,06/25/2026,4829,CASEY'S GENERAL STORE #2879,ANKENY,50021,POLK,1031080,CANADIAN WHISKIES,Heaven Hill Brands,11788,Black Velvet,12,1750,9.75 ,14.63 ,2,29.26 ,3.50
INV-200697,2026-01-31,5102,Corner Tap & Bottle,AMES,50010,STORY,1041100,AMERICAN DRY GINS,Luxco Inc,35918,Five O'clock Gin,12,1750,8.99,13.49,1,13.49,1.75
INV-200698,05/04/2026,5102,Corner Tap & Bottle,AMES,50010,STORY,1032080,IRISH WHISKIES,Pernod Ricard USA,19067,Jameson,12,750,$17.99,$26.99,4,$107.96,3.00
INV-200699,04/28/2026,3385,Sam's Club 8162,DAVENPORT,52807,SCOTT,1081600,N/A,Regional Spirits Co,77779,Dusty Shelf Cordial,6,375,11.00,12.10,1,12.10,0.38
INV-200700,2026-05-11,2633,Hometown Foods,CEDAR RAPIDS,52402,LINN,1031200,AMERICAN VODKAS,Fifth Generation Inc,26827,Tito's Handmade Vodka,12,750,12.50,18.75,1,18.75,0.75
INV-200701,08-Jul-2026,3385,Sam's Club 8162,DAVENPORT,52807,SCOTT,1031080,CANADIAN WHISKIES,Heaven Hill Brands,11788,Black Velvet,12,1750,9.75,14.63,1,14.63,1.75
INV-200702,2026-02-25,2633,Hometown Foods,CEDAR RAPIDS,52402,LINN,1081600,N/A,Regional Spirits Co,77779,Dusty Shelf Cordial,6,375,$11.00,$12.10,2,$24.20,0.75
INV-200703,14-Jun-2026,2501,Hy-Vee #3 / BDI / Des Moines,DES MOINES,50313,POLK,1031200,AMERICAN VODKAS,Sazerac Company Inc,36308,Mr Boston Vodka,12,1000,4.50,6.75,6,40.50,6.00
INV-200704,03/13/2026,2648,Wilkie Liquors,IOWA CITY,52240,JOHNSON,1041100,AMERICAN DRY GINS,Luxco Inc,35918,Five O'clock Gin,12,1750,8.99,13.49,3,40.47,5.25
INV-200705,04/04/2026,4829,  Casey's General Store #2879,ANKENY,50021,POLK,1032080,IRISH WHISKIES,Pernod Ricard USA,19067,Jameson,12,750,$17.99,$26.99,-3,$-80.97,-2.25
INV-200706,2026-02-26,5102,Corner Tap and Bottle,AMES,50010,STORY,1031200,AMERICAN VODKAS,Sazerac Company Inc,36308,Mr Boston Vodka,12,1000,$4.50,$6.75,4,$27.00,4.00
INV-200707,04/11/2026,4829,Casey's General Store #2879,ANKENY,50021.0,POLK,1032080,IRISH WHISKIES,Pernod Ricard USA,19067,Jameson,12,750,$17.99,$26.99,1,$26.99,0.75
INV-200708,04/16/2026,2190,"Central City Liquor, Inc.",DES MOINES,50310,POLK,1081600,,Regional Spirits Co,77779,Dusty Shelf Cordial,6,375,11.00 ,12.10 ,31,375.10 ,11.62
INV-200709,06/21/2026,2633,Hometown Foods,CEDAR RAPIDS,52402,LINN,1032080,IRISH WHISKIES,Pernod Ricard USA,19067,Jameson,12,750,$17.99,$26.99,1,$26.99,0.75
INV-200710,2026-04-27,2501,Hy-Vee #3 / BDI / Des Moines,DES MOINES,50313,POLK,1081600,,Regional Spirits Co,77779,Dusty Shelf Cordial,6,375,11.00,12.10,7,84.70,2.62
INV-200711,2026-02-21,3385,Sam's Club 8162,DAVENPORT,52807.0,SCOTT,1031080,CANADIAN WHISKIES,Heaven Hill Brands,11788,Black Velvet,12,1750,9.75,14.63,1,14.63,1.75
INV-200712,2026-02-21,2501,Hy-Vee #3 / BDI / Des Moines,DES MOINES,50313,POLK,1031080,CANADIAN WHISKIES,Heaven Hill Brands,11788,Black Velvet,12,1750,9.75,14.63,6,87.78,10.50
INV-200713,2026-03-20,5102,Corner Tap and Bottle,AMES,50010,STORY,1031200,AMERICAN VODKAS,Fifth Generation Inc,26827,Tito's Handmade Vodka,12,750,12.50,18.75,7,131.25,5.25
INV-200714,2026-02-13,5102,Corner Tap & Bottle,Ames,50010,STORY,1031080,CANADIAN WHISKIES,Heaven Hill Brands,11788,Black Velvet,12,1750,9.75 ,14.63 ,8,117.04 ,14.00
INV-200715,2026-02-25,2190,"Central City Liquor, Inc.",DES MOINES,50310.0,POLK,1051010,IMPORTED BRANDIES,Moet Hennessy USA,64866,Hennessy VS,12,750,$24.99,$37.49,3,$112.47,2.25
INV-200716,05/13/2026,2501,Hy-Vee #3 / BDI / Des Moines,Des Moines,50313,POLK,1031200,AMERICAN VODKAS,Fifth Generation Inc,26827,Tito's Handmade Vodka,12,750,12.50,18.75,2,37.50,1.50
INV-200717,03/23/2026,4829,Casey's General Store #2879,ANKENY,50021,POLK,1031080,CANADIAN WHISKIES,Heaven Hill Brands,11788,Black Velvet,12,1750,$9.75,$14.63,2,$29.26,3.50
INV-200718,04-May-2026,2501,Hy-Vee #3 / BDI / Des Moines,DES MOINES,50313,POLK,1032080,IRISH WHISKIES,Pernod Ricard USA,19067,Jameson,12,750,$17.99,$26.99,2,$53.98,1.50
INV-200719,09-Feb-2026,2501,Hy-Vee #3 / BDI / Des Moines,DES MOINES,50313,POLK,1032080,IRISH WHISKIES,Pernod Ricard USA,19067,Jameson,12,750,17.99,26.99,1,26.99,0.75
INV-200720,06/12/2026,2633,Hometown Foods,CEDAR RAPIDS,52402,LINN,1031200,AMERICAN VODKAS,Sazerac Company Inc,36308,Mr Boston Vodka,12,1000,4.50,6.75,1,6.75,1.00
INV-200721,2026-06-11,3385,SAM'S CLUB 8162,DAVENPORT,52807.0,SCOTT,1031200,AMERICAN VODKAS,Fifth Generation Inc,26827,Tito's Handmade Vodka,12,750,12.50,18.75,2,37.50,1.50
INV-200722,2026-03-03,2501,  Hy-Vee #3 / BDI / Des Moines,DES MOINES,50313.0,POLK,1041100,AMERICAN DRY GINS,Luxco Inc,35918,Five O'clock Gin,12,1750,8.99,13.49,1,13.49,1.75
INV-200723,04/18/2026,2633,Hometown Foods,CEDAR RAPIDS,52402,LINN,1081600,N/A,Regional Spirits Co,77779,Dusty Shelf Cordial,6,375,11.00,12.10,3,36.30,1.12
INV-200724,05/05/2026,2501,Hy-Vee #3 / BDI / Des Moines ,DES MOINES,50313,POLK,1031080,CANADIAN WHISKIES,Heaven Hill Brands,11788,Black Velvet,12,1750,9.75 ,14.63 ,1,14.63 ,1.75
INV-200725,2026-06-25,4829,Casey's General Store #2879,ANKENY,50021.0,POLK,1032080,IRISH WHISKIES,Pernod Ricard USA,19067,Jameson,12,750,$17.99,$26.99,3,$80.97,2.25
INV-200726,2026-03-06,2633,Hometown Foods,CEDAR RAPIDS,52402.0,LINN,1081600,,Regional Spirits Co,77779,Dusty Shelf Cordial,6,375,11.00,12.10,1,12.10,0.38
INV-200727,2026-03-30,4829,CASEY'S GENERAL STORE #2879,ANKENY,50021,POLK,1031200,AMERICAN VODKAS,Fifth Generation Inc,26827,Tito's Handmade Vodka,12,750,12.50,18.75,3,56.25,2.25
INV-200728,2026-03-29,3385,Sam's Club 8162,DAVENPORT,52807,SCOTT,1031200,AMERICAN VODKAS,Sazerac Company Inc,36308,Mr Boston Vodka,12,1000,4.50,6.75,2,13.50,2.00
INV-200729,2026-05-30,4829,Casey's General Store #2879 ,Ankeny,50021.0,POLK,1041100,AMERICAN DRY GINS,Luxco Inc,35918,Five O'clock Gin,12,1750,8.99,13.49,9,121.41,15.75
INV-200730,25-Apr-2026,2190,"Central City Liquor, Inc.",DES MOINES,50310,POLK,1081900,WHISKEY LIQUEUR,Sazerac Company Inc,43336,Fireball Cinnamon Whiskey,12,750,$8.25,$12.38,12,$148.56,9.00
INV-200731,2026-04-09,3385,Sam's Club 8162,DAVENPORT,52807,SCOTT,1031080,CANADIAN WHISKIES,Heaven Hill Brands,11788,Black Velvet,12,1750,9.75,14.63,2,29.26,3.50
INV-200732,2026-02-24,5102,Corner Tap & Bottle,AMES,50010,STORY,1031080,CANADIAN WHISKIES,Heaven Hill Brands,11788,Black Velvet,12,1750,9.75,14.63,2,29.26,3.50
INV-200733,07-May-2026,2501,Hy-Vee #3 / BDI / Des Moines,DES MOINES,50313.0,POLK,1031200,AMERICAN VODKAS,Sazerac Company Inc,36308,Mr Boston Vodka,12,1000,4.50,6.75,1,6.75,1.00
INV-200734,04/30/2026,3385,  Sam's Club 8162,DAVENPORT,52807.0,SCOTT,1081900,WHISKEY LIQUEUR,Sazerac Company Inc,43336,Fireball Cinnamon Whiskey,12,750,$8.25,$12.38,4,$49.52,3.00
INV-200735,2026-04-02,3385,Sam's Club 8162,DAVENPORT,52807,SCOTT,1081900,WHISKEY LIQUEUR,Sazerac Company Inc,43336,Fireball Cinnamon Whiskey,12,750,$8.25,$12.38,3,$37.14,2.25
INV-200736,2026-03-07,4829,Casey's General Store #2879,ANKENY,50021,POLK,1031200,AMERICAN VODKAS,Fifth Generation Inc,26827,Tito's Handmade Vodka,12,750,12.50 ,18.75 ,4,75.00 ,3.00
INV-200737,2026-06-17,2501,  Hy-Vee #3 / BDI / Des Moines,DES MOINES,50313.0,POLK,1031200,AMERICAN VODKAS,Sazerac Company Inc,36308,Mr Boston Vodka,12,1000,4.50 ,6.75 ,2,13.50 ,2.00
INV-200738,02/01/2026,2633,Hometown Foods,CEDAR RAPIDS,52402.0,LINN,1031200,AMERICAN VODKAS,Sazerac Company Inc,36308,Mr Boston Vodka,12,1000,4.50,6.75,1,6.75,1.00
INV-200739,2026-06-17,2633,Hometown Foods,CEDAR RAPIDS,52402,LINN,1031200,AMERICAN VODKAS,Fifth Generation Inc,26827,Tito's Handmade Vodka,12,750,12.50,18.75,4,75.00,3.00
INV-200740,20-Apr-2026,2633,Hometown Foods,CEDAR RAPIDS,52402.0,LINN,1032080,IRISH WHISKIES,Pernod Ricard USA,19067,Jameson,12,750,17.99,26.99,5,134.95,3.75
INV-200741,2026-03-07,3385,Sam's Club 8162,DAVENPORT,52807,SCOTT,1031080,CANADIAN WHISKIES,Heaven Hill Brands,11788,Black Velvet,12,1750,9.75,14.63,1,14.63,1.75
INV-200742,2026-05-27,2648,Wilkie Liquors,IOWA CITY,52240,JOHNSON,1031200,AMERICAN VODKAS,Fifth Generation Inc,26827,Tito's Handmade Vodka,12,750,$12.50,$18.75,1,$18.75,0.75
INV-200743,05/31/2026,2633,HOMETOWN FOODS,CEDAR RAPIDS,52402,LINN,1031080,CANADIAN WHISKIES,Heaven Hill Brands,11788,Black Velvet,12,1750,9.75,14.63,9,131.67,15.75
INV-200744,2026-03-16,2190,"Central City Liquor, Inc.",DES MOINES,50310,POLK,1081600,,Regional Spirits Co,77779,Dusty Shelf Cordial,6,375,11.00 ,12.10 ,1,12.10 ,0.38
INV-200745,2026-06-19,3385,Sam's Club 8162,DAVENPORT,52807,SCOTT,1041100,AMERICAN DRY GINS,Luxco Inc,35918,Five O'clock Gin,12,1750,8.99,13.49,4,53.96,7.00
INV-200746,2026-04-14,5102,Corner Tap & Bottle,AMES,50010,STORY,1031200,AMERICAN VODKAS,Fifth Generation Inc,26827,Tito's Handmade Vodka,12,750,12.50,18.75,8,150.00,6.00
INV-200747,2026-05-07,2648,Wilkie Liquors,IOWA CITY,52240,JOHNSON,1081600,-,Regional Spirits Co,77779,Dusty Shelf Cordial,6,375,11.00,12.10,2,24.20,0.75
INV-200748,2026-03-03,3385,  Sam's Club 8162,DAVENPORT,52807,SCOTT,1031200,AMERICAN VODKAS,Fifth Generation Inc,26827,Tito's Handmade Vodka,12,750,12.50 ,18.75 ,1,18.75 ,0.75
INV-200749,2026-07-21,2501,Hy-Vee #3 / BDI / Des Moines,DES MOINES,50313,POLK,1032080,IRISH WHISKIES,Pernod Ricard USA,19067,Jameson,12,750,17.99,26.99,2,53.98,1.50
INV-200750,2026-06-18,2633,Hometown Foods,CEDAR RAPIDS,52402.0,LINN,1081900,WHISKEY LIQUEUR,Sazerac Company Inc,43336,Fireball Cinnamon Whiskey,12,750,8.25 ,12.38 ,23,284.74 ,17.25
INV-200751,2026-02-23,2633,Hometown Foods,CEDAR RAPIDS,52402,LINN,1031200,AMERICAN VODKAS,Sazerac Company Inc,36308,Mr Boston Vodka,12,1000,4.50,6.75,12,81.00,12.00
INV-200752,2026-02-25,2501,Hy-Vee #3 / BDI / Des Moines,DES MOINES,50313,,1031080,CANADIAN WHISKIES,Heaven Hill Brands,11788,Black Velvet,12,1750,9.75,14.63,2,29.26,3.50
INV-200753,05/11/2026,2190,"Central City Liquor, Inc.",DES MOINES,50310,POLK,1041100,AMERICAN DRY GINS,Luxco Inc,35918,Five O'clock Gin,12,1750,8.99,13.49,5,67.45,8.75
INV-200754,07/09/2026,3385,Sam's Club 8162,DAVENPORT,52807,SCOTT,1032080,IRISH WHISKIES,Pernod Ricard USA,19067,Jameson,12,750,17.99,26.99,1,26.99,0.75
INV-200755,2026-02-12,5102,Corner Tap and Bottle,AMES,50010,STORY,1081900,WHISKEY LIQUEUR,Sazerac Company Inc,43336,Fireball Cinnamon Whiskey,12,750,8.25,12.38,2,24.76,1.50
INV-200756,26-May-2026,2633,Hometown Foods,CEDAR RAPIDS,52402,LINN,1031200,AMERICAN VODKAS,Fifth Generation Inc,26827,Tito's Handmade Vodka,12,750,12.50,18.75,9,168.75,6.75
INV-200757,02/02/2026,2633,Hometown Foods,CEDAR RAPIDS,52402,LINN,1081900,WHISKEY LIQUEUR,Sazerac Company Inc,43336,Fireball Cinnamon Whiskey,12,750,8.25,12.38,6,74.28,4.50
INV-200758,07/15/2026,2190,"Central City Liquor, Inc.",DES MOINES,50310,POLK,1031200,AMERICAN VODKAS,Sazerac Company Inc,36308,Mr Boston Vodka,12,1000,4.50 ,6.75 ,1,6.75 ,1.00
INV-200759,2026-02-06,3385,SAM'S CLUB 8162,DAVENPORT,52807.0,,1081600,-,Regional Spirits Co,77779,Dusty Shelf Cordial,6,375,11.00 ,12.10 ,1,12.10 ,0.38
INV-200760,19-Jul-2026,2190,"CENTRAL CITY LIQUOR, INC.",Des Moines,50310,,1032080,IRISH WHISKIES,Pernod Ricard USA,19067,Jameson,12,750,17.99,26.99,6,161.94,4.50
INV-200761,05-Feb-2026,2633,Hometown Foods,CEDAR RAPIDS,52402.0,LINN,1081900,WHISKEY LIQUEUR,Sazerac Company Inc,43336,Fireball Cinnamon Whiskey,12,750,8.25,12.38,2,24.76,1.50
INV-200762,2026-05-21,2190,"Central City Liquor, Inc.",DES MOINES,50310,POLK,1031200,AMERICAN VODKAS,Fifth Generation Inc,26827,Tito's Handmade Vodka,12,750,12.50,18.75,1,18.75,0.75
INV-200763,06/27/2026,5102,CORNER TAP & BOTTLE,AMES,50010.0,STORY,1031200,AMERICAN VODKAS,Fifth Generation Inc,26827,Tito's Handmade Vodka,12,750,12.50 ,18.75 ,2,37.50 ,1.50
INV-200764,02/03/2026,4829,Casey's General Store #2879,ANKENY,50021.0,POLK,1081600,,Regional Spirits Co,77779,Dusty Shelf Cordial,6,375,11.00,12.10,1,12.10,0.38
INV-200765,03/27/2026,2633,Hometown Foods,CEDAR RAPIDS,52402,LINN,1081600,N/A,Regional Spirits Co,77779,Dusty Shelf Cordial,6,375,11.00,12.10,1,12.10,0.38
INV-200766,2026-07-24,2648,Wilkie Liquors,IOWA CITY,52240,JOHNSON,1041100,AMERICAN DRY GINS,Luxco Inc,35918,Five O'clock Gin,12,1750,8.99,13.49,5,67.45,8.75
INV-200767,2026-03-07,2190,"Central City Liquor, Inc.",DES MOINES,50310.0,POLK,1081600,-,Regional Spirits Co,77779,Dusty Shelf Cordial,6,375,11.00,12.10,17,205.70,6.38
INV-200767,2026-03-07,2190,"Central City Liquor, Inc.",DES MOINES,50310.0,POLK,1081600,-,Regional Spirits Co,77779,Dusty Shelf Cordial,6,375,11.00,12.10,17,205.70,6.38
INV-200768,2026-03-23,2190,"Central City Liquor, Inc.",DES MOINES,50310,POLK,1032080,IRISH WHISKIES,Pernod Ricard USA,19067,Jameson,12,750,$17.99,$26.99,2,$53.98,1.50
INV-200769,2026-03-07,2190,"Central City Liquor, Inc.",DES MOINES,50310,POLK,1051010,IMPORTED BRANDIES,Moet Hennessy USA,64866,Hennessy VS,12,750,24.99,37.49,6,224.94,4.50
INV-200770,2026-06-05,5102,Corner Tap & Bottle,AMES,50010,STORY,1081900,WHISKEY LIQUEUR,Sazerac Company Inc,43336,Fireball Cinnamon Whiskey,12,750,8.25 ,12.38 ,2,24.76 ,1.50
INV-200771,21-Mar-2026,3385,Sam's Club 8162,DAVENPORT,52807,SCOTT,1081900,WHISKEY LIQUEUR,Sazerac Company Inc,43336,Fireball Cinnamon Whiskey,12,750,8.25,12.38,1,12.38,0.75
INV-200772,13-May-2026,2190,"Central City Liquor, Inc.",DES MOINES,50310.0,POLK,1051010,IMPORTED BRANDIES,Moet Hennessy USA,64866,Hennessy VS,12,750,$24.99,$37.49,2,$74.98,1.50
INV-200773,22-May-2026,4829,Casey's General Store #2879,ANKENY,50021,POLK,1031200,AMERICAN VODKAS,Fifth Generation Inc,26827,Tito's Handmade Vodka,12,750,12.50,18.75,1,18.75,0.75
INV-200774,03/05/2026,2190,"  Central City Liquor, Inc.",DES MOINES,50310,POLK,1081900,WHISKEY LIQUEUR,Sazerac Company Inc,43336,Fireball Cinnamon Whiskey,12,750,8.25,12.38,1,12.38,0.75
INV-200775,12-Apr-2026,4829,  Casey's General Store #2879,ANKENY,50021,POLK,1032080,IRISH WHISKIES,Pernod Ricard USA,19067,Jameson,12,750,17.99,26.99,2,53.98,1.50
INV-200776,06/13/2026,4829,Casey's General Store #2879,ANKENY,50021,,1081900,WHISKEY LIQUEUR,Sazerac Company Inc,43336,Fireball Cinnamon Whiskey,12,750,8.25,12.38,1,12.38,0.75
INV-200777,03/12/2026,2501,Hy-Vee #3 / BDI / Des Moines,DES MOINES,50313,POLK,1041100,AMERICAN DRY GINS,Luxco Inc,35918,Five O'clock Gin,12,1750,8.99 ,13.49 ,1,13.49 ,1.75
INV-200778,2026-06-03,2190,"Central City Liquor, Inc.",DES MOINES,50310,POLK,1031080,CANADIAN WHISKIES,Heaven Hill Brands,11788,Black Velvet,12,1750,9.75 ,14.63 ,1,14.63 ,1.75
INV-200779,2026-07-08,2633,Hometown Foods,CEDAR RAPIDS,52402,LINN,1051010,IMPORTED BRANDIES,Moet Hennessy USA,64866,Hennessy VS,12,750,,37.49,2,74.98,1.50
INV-200780,02/23/2026,2501,Hy-Vee #3 / BDI / Des Moines,DES MOINES,50313,POLK,1031200,AMERICAN VODKAS,Fifth Generation Inc,26827,Tito's Handmade Vodka,12,750,12.50,18.75,1,18.75,0.75
INV-200781,2026-03-27,3385,Sam's Club 8162,DAVENPORT,52807,SCOTT,1031200,AMERICAN VODKAS,Sazerac Company Inc,36308,Mr Boston Vodka,12,1000,4.50,6.75,9,60.75,9.00
INV-200782,2026-02-09,2648,Wilkie Liquors,Iowa City,52240.0,JOHNSON,1031200,AMERICAN VODKAS,Sazerac Company Inc,36308,Mr Boston Vodka,12,1000,4.50,6.75,7,47.25,7.00
INV-200783,31-Mar-2026,3385,Sam's Club 8162,DAVENPORT,52807,SCOTT,1081600,,Regional Spirits Co,77779,Dusty Shelf Cordial,6,375,11.00,12.10,3,36.30,1.12
INV-200784,2026-05-14,3385,Sam's Club 8162,DAVENPORT,52807,SCOTT,1032080,IRISH WHISKIES,Pernod Ricard USA,19067,Jameson,12,750,17.99,26.99,4,107.96,3.00
INV-200785,02/28/2026,2190,"Central City Liquor, Inc.",DES MOINES,50310,POLK,1051010,IMPORTED BRANDIES,Moet Hennessy USA,64866,Hennessy VS,12,750,24.99,37.49,2,74.98,1.50
INV-200786,2026-05-10,5102,Corner Tap & Bottle,AMES,50010,STORY,1031080,CANADIAN WHISKIES,Heaven Hill Brands,11788,Black Velvet,12,1750,$9.75,$14.63,1,$14.63,1.75
INV-200787,02/26/2026,2190,"Central City Liquor, Inc.",DES MOINES,50310.0,POLK,1031200,AMERICAN VODKAS,Fifth Generation Inc,26827,Tito's Handmade Vodka,12,750,12.50,18.75,3,56.25,2.25
INV-200788,07/03/2026,4829,Casey's General Store #2879,ANKENY,50021.0,POLK,1041100,AMERICAN DRY GINS,Luxco Inc,35918,Five O'clock Gin,12,1750,$8.99,$13.49,2,$26.98,3.50
INV-200789,05/01/2026,2633,  Hometown Foods,Cedar Rapids,52402,LINN,1031080,CANADIAN WHISKIES,Heaven Hill Brands,11788,Black Velvet,12,1750,9.75,14.63,1,14.63,1.75
INV-200790,2026-05-04,4829,CASEY'S GENERAL STORE #2879,ANKENY,50021,POLK,1032080,IRISH WHISKIES,Pernod Ricard USA,19067,Jameson,12,750,17.99,26.99,7,188.93,5.25
INV-200791,11-Feb-2026,5102,CORNER TAP & BOTTLE,AMES,50010,STORY,1031200,AMERICAN VODKAS,Fifth Generation Inc,26827,Tito's Handmade Vodka,12,750,12.50,18.75,1,18.75,0.75
INV-200792,2026-03-06,2633,HOMETOWN FOODS,CEDAR RAPIDS,52402.0,LINN,1081600,N/A,Regional Spirits Co,77779,Dusty Shelf Cordial,6,375,N/A,12.10,12,145.20,4.50
INV-200793,31-May-2026,2633,Hometown Foods,Cedar Rapids,52402,LINN,1031200,AMERICAN VODKAS,Sazerac Company Inc,36308,Mr Boston Vodka,12,1000,4.50,6.75,4,27.00,4.00
INV-200794,15-Jul-2026,2501,Hy-Vee #3 / BDI / Des Moines,DES MOINES,50313,POLK,1031200,AMERICAN VODKAS,Fifth Generation Inc,26827,Tito's Handmade Vodka,12,750,12.50,18.75,4,75.00,3.00
INV-200795,22-Jun-2026,4829,Casey's General Store #2879,ANKENY,50021,POLK,1041100,AMERICAN DRY GINS,Luxco Inc,35918,Five O'clock Gin,12,1750,$8.99,$13.49,1,$13.49,1.75
INV-200796,29-Jun-2026,4829,Casey's General Store #2879,ANKENY,50021,POLK,1081600,N/A,Regional Spirits Co,77779,Dusty Shelf Cordial,6,375,11.00,12.10,1,12.10,0.38
INV-200797,2026-03-06,2633,Hometown Foods,CEDAR RAPIDS,52402,LINN,1031200,AMERICAN VODKAS,Fifth Generation Inc,26827,Tito's Handmade Vodka,12,750,$12.50,$18.75,16,$300.00,12.00
INV-200798,17-Mar-2026,2501,Hy-Vee #3 / BDI / Des Moines,Des Moines,50313,POLK,1031080,CANADIAN WHISKIES,Heaven Hill Brands,11788,Black Velvet,12,1750,9.75,14.63,3,43.89,5.25
INV-200799,02/14/2026,3385,Sam's Club 8162,DAVENPORT,52807,SCOTT,1032080,IRISH WHISKIES,Pernod Ricard USA,19067,Jameson,12,750,17.99,26.99,22,593.78,16.50
INV-200800,2026-02-03,4829,Casey's General Store #2879,ANKENY,50021,POLK,1031080,CANADIAN WHISKIES,Heaven Hill Brands,11788,Black Velvet,12,1750,9.75,14.63,5,73.15,8.75
INV-200801,07/01/2026,2648,WILKIE LIQUORS,IOWA CITY,52240.0,JOHNSON,1051010,IMPORTED BRANDIES,Moet Hennessy USA,64866,Hennessy VS,12,750,$24.99,$37.49,5,$187.45,3.75
INV-200802,04/20/2026,3385,SAM'S CLUB 8162,DAVENPORT,52807.0,SCOTT,1081600,N/A,Regional Spirits Co,77779,Dusty Shelf Cordial,6,375,11.00,12.10,1,12.10,0.38
INV-200803,03/22/2026,5102,CORNER TAP & BOTTLE,AMES,50010,STORY,1041100,AMERICAN DRY GINS,Luxco Inc,35918,Five O'clock Gin,12,1750,8.99,13.49,4,53.96,7.00
INV-200804,2026-07-13,3385,Sam's Club 8162 ,DAVENPORT,52807,SCOTT,1032080,IRISH WHISKIES,Pernod Ricard USA,19067,Jameson,12,750,17.99,26.99,3,80.97,2.25
INV-200805,2026-06-23,2501,Hy-Vee #3 / BDI / Des Moines ,DES MOINES,50313,POLK,1031200,AMERICAN VODKAS,Fifth Generation Inc,26827,Tito's Handmade Vodka,12,750,12.50 ,18.75 ,4,75.00 ,3.00
INV-200806,2026-07-23,3385,Sam's Club 8162,DAVENPORT,52807,SCOTT,1081600,-,Regional Spirits Co,77779,Dusty Shelf Cordial,6,375,11.00,12.10,5,60.50,1.88
INV-200807,2026-06-13,5102,Corner Tap & Bottle,AMES,50010,STORY,1031080,CANADIAN WHISKIES,Heaven Hill Brands,11788,Black Velvet,12,1750,$9.75,$14.63,9,$131.67,15.75
INV-200808,2026-03-14,4829,  Casey's General Store #2879,ANKENY,50021.0,POLK,1031080,CANADIAN WHISKIES,Heaven Hill Brands,11788,Black Velvet,12,1750,9.75,14.63,1,14.63,1.75
INV-200809,02/24/2026,4829,Casey's General Store #2879,ANKENY,50021,POLK,1031200,AMERICAN VODKAS,Fifth Generation Inc,26827,Tito's Handmade Vodka,12,750,12.50 ,18.75 ,4,75.00 ,3.00
INV-200810,10-Apr-2026,4829,Casey's General Store #2879,Ankeny,50021.0,POLK,1081600,,Regional Spirits Co,77779,Dusty Shelf Cordial,6,375,11.00,12.10,8,96.80,3.00
INV-200811,2026-06-26,2190,"Central City Liquor, Inc.",DES MOINES,50310,POLK,1031200,AMERICAN VODKAS,Sazerac Company Inc,36308,Mr Boston Vodka,12,1000,4.50,6.75,4,27.00,4.00
INV-200811,2026-06-26,2190,"Central City Liquor, Inc.",DES MOINES,50310,POLK,1031200,AMERICAN VODKAS,Sazerac Company Inc,36308,Mr Boston Vodka,12,1000,4.50,6.75,4,27.00,4.00
INV-200812,2026-02-09,2633,HOMETOWN FOODS,CEDAR RAPIDS,52402,LINN,1041100,AMERICAN DRY GINS,Luxco Inc,35918,Five O'clock Gin,12,1750,8.99,13.49,1,13.49,1.75
INV-200813,2026-05-03,2648,Wilkie Liquors,IOWA CITY,52240,JOHNSON,1041100,AMERICAN DRY GINS,Luxco Inc,35918,Five O'clock Gin,12,1750,8.99,13.49,3,40.47,5.25
INV-200814,2026-06-03,2648,WILKIE LIQUORS,IOWA CITY,52240,JOHNSON,1032080,IRISH WHISKIES,Pernod Ricard USA,19067,Jameson,12,750,17.99,26.99,1,26.99,0.75
INV-200815,04/10/2026,2648,Wilkie Liquors,IOWA CITY,52240,JOHNSON,1041100,AMERICAN DRY GINS,Luxco Inc,35918,Five O'clock Gin,12,1750,8.99,13.49,9,121.41,15.75
INV-200816,2026-04-15,2633,Hometown Foods,CEDAR RAPIDS,52402,LINN,1051010,IMPORTED BRANDIES,Moet Hennessy USA,64866,Hennessy VS,12,750,24.99,37.49,1,37.49,0.75
INV-200817,2026-02-25,3385,Sam's Club 8162,DAVENPORT,52807,SCOTT,1031080,CANADIAN WHISKIES,Heaven Hill Brands,11788,Black Velvet,12,1750,9.75 ,14.63 ,1,14.63 ,1.75
INV-200818,01-Feb-2026,2648,Wilkie Liquors,IOWA CITY,52240,JOHNSON,1081900,WHISKEY LIQUEUR,Sazerac Company Inc,43336,Fireball Cinnamon Whiskey,12,750,$8.25,$12.38,8,$99.04,6.00
INV-200819,2026-04-18,2648,Wilkie Liquors,Iowa City,52240,JOHNSON,1051010,IMPORTED BRANDIES,Moet Hennessy USA,64866,Hennessy VS,12,750,$24.99,$37.49,4,$149.96,3.00
INV-200820,2026-04-25,2501,Hy-Vee #3 / BDI / Des Moines,DES MOINES,50313.0,POLK,1031200,AMERICAN VODKAS,Fifth Generation Inc,26827,Tito's Handmade Vodka,12,750,,18.75,2,37.50,1.50
INV-200821,04/01/2026,4829,Casey's General Store #2879,ANKENY,50021,,1032080,IRISH WHISKIES,Pernod Ricard USA,19067,Jameson,12,750,17.99,26.99,1,26.99,0.75
INV-200822,10-Mar-2026,2648,Wilkie Liquors,IOWA CITY,52240,JOHNSON,1031200,AMERICAN VODKAS,Sazerac Company Inc,36308,Mr Boston Vodka,12,1000,$4.50,$6.75,1,$6.75,1.00
INV-200823,2026-04-30,2501,Hy-Vee #3 / BDI / Des Moines,DES MOINES,50313,POLK,1051010,IMPORTED BRANDIES,Moet Hennessy USA,64866,Hennessy VS,12,750,24.99 ,37.49 ,2,74.98 ,1.50
INV-200824,2026-04-24,3385,SAM'S CLUB 8162,DAVENPORT,52807,SCOTT,1051010,IMPORTED BRANDIES,Moet Hennessy USA,64866,Hennessy VS,12,750,24.99,37.49,5,187.45,3.75
INV-200825,04/01/2026,4829,Casey's General Store #2879,ANKENY,50021,POLK,1051010,IMPORTED BRANDIES,Moet Hennessy USA,64866,Hennessy VS,12,750,24.99,37.49,4,149.96,3.00
INV-200826,2026-02-05,2501,Hy-Vee #3 / BDI / Des Moines,DES MOINES,50313,,1031200,AMERICAN VODKAS,Sazerac Company Inc,36308,Mr Boston Vodka,12,1000,4.50,6.75,1,6.75,1.00
INV-200827,04/25/2026,5102,Corner Tap & Bottle,AMES,50010,STORY,1081600,,Regional Spirits Co,77779,Dusty Shelf Cordial,6,375,$11.00,$12.10,4,$48.40,1.50
INV-200828,05/21/2026,3385,SAM'S CLUB 8162,DAVENPORT,52807,SCOTT,1081900,WHISKEY LIQUEUR,Sazerac Company Inc,43336,Fireball Cinnamon Whiskey,12,750,8.25,12.38,1,12.38,0.75
INV-200829,06/08/2026,2648,Wilkie Liquors,IOWA CITY,52240,JOHNSON,1031200,AMERICAN VODKAS,Fifth Generation Inc,26827,Tito's Handmade Vodka,12,750,12.50,18.75,1,18.75,0.75
INV-200830,06/06/2026,2501,Hy-Vee #3 / BDI / Des Moines,DES MOINES,50313,POLK,1081900,WHISKEY LIQUEUR,Sazerac Company Inc,43336,Fireball Cinnamon Whiskey,12,750,8.25 ,12.38 ,1,12.38 ,0.75
INV-200831,2026-03-12,2501,Hy-Vee #3 / BDI / Des Moines ,DES MOINES,50313,POLK,1032080,IRISH WHISKIES,Pernod Ricard USA,19067,Jameson,12,750,17.99,26.99,3,80.97,2.25
INV-200832,2026-07-22,4829,  Casey's General Store #2879,ANKENY,50021.0,POLK,1081600,N/A,Regional Spirits Co,77779,Dusty Shelf Cordial,6,375,11.00,12.10,10,121.00,3.75
INV-200833,2026-07-05,5102,Corner Tap and Bottle,AMES,50010,STORY,1081600,-,Regional Spirits Co,77779,Dusty Shelf Cordial,6,375,N/A,$12.10,8,$96.80,3.00
INV-200834,02/01/2026,3385,Sam's Club 8162,DAVENPORT,52807,,1032080,IRISH WHISKIES,Pernod Ricard USA,19067,Jameson,12,750,17.99 ,26.99 ,2,53.98 ,1.50
INV-200835,03/09/2026,2648,Wilkie Liquors,IOWA CITY,52240,JOHNSON,1081600,-,Regional Spirits Co,77779,Dusty Shelf Cordial,6,375,11.00,12.10,2,24.20,0.75
INV-200836,2026-06-08,2633,Hometown Foods,CEDAR RAPIDS,52402.0,,1032080,IRISH WHISKIES,Pernod Ricard USA,19067,Jameson,12,750,17.99 ,26.99 ,1,26.99 ,0.75
INV-200837,15-Mar-2026,2501,Hy-Vee #3 / BDI / Des Moines,DES MOINES,50313,POLK,1051010,IMPORTED BRANDIES,Moet Hennessy USA,64866,Hennessy VS,12,750,24.99,37.49,1,37.49,0.75
INV-200838,04/30/2026,2501,Hy-Vee #3 / BDI / Des Moines,DES MOINES,50313.0,POLK,1031200,AMERICAN VODKAS,Fifth Generation Inc,26827,Tito's Handmade Vodka,12,750,12.50,18.75,1,18.75,0.75
INV-200839,2026-06-21,3385,Sam's Club 8162,Davenport,52807.0,SCOTT,1041100,AMERICAN DRY GINS,Luxco Inc,35918,Five O'clock Gin,12,1750,8.99,13.49,1,13.49,1.75
INV-200840,05/16/2026,5102,CORNER TAP & BOTTLE,AMES,50010,STORY,1081900,WHISKEY LIQUEUR,Sazerac Company Inc,43336,Fireball Cinnamon Whiskey,12,750,$8.25,$12.38,12,$148.56,9.00
INV-200841,12-Jul-2026,2633,Hometown Foods,CEDAR RAPIDS,52402,LINN,1031080,CANADIAN WHISKIES,Heaven Hill Brands,11788,Black Velvet,12,1750,9.75,14.63,1,14.63,1.75
INV-200842,2026-06-28,5102,Corner Tap & Bottle,AMES,50010,STORY,1031200,AMERICAN VODKAS,Sazerac Company Inc,36308,Mr Boston Vodka,12,1000,4.50 ,6.75 ,3,20.25 ,3.00
INV-200843,2026-02-10,3385,Sam's Club 8162,DAVENPORT,52807,SCOTT,1081900,WHISKEY LIQUEUR,Sazerac Company Inc,43336,Fireball Cinnamon Whiskey,12,750,8.25,12.38,6,74.28,4.50
INV-200844,02/08/2026,2648,WILKIE LIQUORS,IOWA CITY,52240,JOHNSON,1031200,AMERICAN VODKAS,Sazerac Company Inc,36308,Mr Boston Vodka,12,1000,$4.50,$6.75,4,$27.00,4.00
INV-200845,04/14/2026,2501,Hy-Vee #3 / BDI / Des Moines,DES MOINES,50313,POLK,1081600,-,Regional Spirits Co,77779,Dusty Shelf Cordial,6,375,11.00 ,12.10 ,4,48.40 ,1.50
INV-200846,02/05/2026,2648,Wilkie Liquors,IOWA CITY,52240,JOHNSON,1051010,IMPORTED BRANDIES,Moet Hennessy USA,64866,Hennessy VS,12,750,24.99,37.49,1,37.49,0.75
INV-200847,05/19/2026,5102,Corner Tap & Bottle,AMES,50010,STORY,1081900,WHISKEY LIQUEUR,Sazerac Company Inc,43336,Fireball Cinnamon Whiskey,12,750,$8.25,$12.38,4,$49.52,3.00
INV-200848,08-Jun-2026,2190,"CENTRAL CITY LIQUOR, INC.",DES MOINES,50310,POLK,1032080,IRISH WHISKIES,Pernod Ricard USA,19067,Jameson,12,750,$17.99,$26.99,1,$26.99,0.75
INV-200849,2026-06-07,2633,Hometown Foods,CEDAR RAPIDS,52402,LINN,1051010,IMPORTED BRANDIES,Moet Hennessy USA,64866,Hennessy VS,12,750,24.99 ,37.49 ,1,37.49 ,0.75
INV-200850,06/09/2026,2633,Hometown Foods,CEDAR RAPIDS,52402.0,LINN,1031080,CANADIAN WHISKIES,Heaven Hill Brands,11788,Black Velvet,12,1750,9.75,14.63,6,87.78,10.50
INV-200851,04/20/2026,4829,CASEY'S GENERAL STORE #2879,ANKENY,50021,POLK,1031080,CANADIAN WHISKIES,Heaven Hill Brands,11788,Black Velvet,12,1750,9.75 ,14.63 ,-1,-14.63 ,-1.75
INV-200852,04/03/2026,3385,Sam's Club 8162,DAVENPORT,52807.0,SCOTT,1031080,CANADIAN WHISKIES,Heaven Hill Brands,11788,Black Velvet,12,1750,$9.75,$14.63,8,$117.04,14.00
INV-200853,07/22/2026,3385,Sam's Club 8162,DAVENPORT,52807,SCOTT,1081900,WHISKEY LIQUEUR,Sazerac Company Inc,43336,Fireball Cinnamon Whiskey,12,750,8.25,12.38,2,24.76,1.50
INV-200854,2026-07-15,2648,Wilkie Liquors,IOWA CITY,52240,JOHNSON,1081900,WHISKEY LIQUEUR,Sazerac Company Inc,43336,Fireball Cinnamon Whiskey,12,750,8.25,12.38,2,24.76,1.50
INV-200855,06/15/2026,3385,Sam's Club 8162 ,DAVENPORT,52807,SCOTT,1031080,CANADIAN WHISKIES,Heaven Hill Brands,11788,Black Velvet,12,1750,$9.75,$14.63,1,$14.63,1.75
INV-200856,2026-04-18,2648,WILKIE LIQUORS,Iowa City,52240,JOHNSON,1031080,CANADIAN WHISKIES,Heaven Hill Brands,11788,Black Velvet,12,1750,9.75 ,14.63 ,5,73.15 ,8.75
INV-200857,05/16/2026,2633,Hometown Foods,CEDAR RAPIDS,52402.0,LINN,1081900,WHISKEY LIQUEUR,Sazerac Company Inc,43336,Fireball Cinnamon Whiskey,12,750,8.25,12.38,5,61.90,3.75
INV-200858,2026-04-05,2190,"Central City Liquor, Inc.",DES MOINES,50310,POLK,1081600,-,Regional Spirits Co,77779,Dusty Shelf Cordial,6,375,11.00,12.10,3,36.30,1.12
INV-200859,2026-07-03,5102,CORNER TAP & BOTTLE,AMES,50010,STORY,1032080,IRISH WHISKIES,Pernod Ricard USA,19067,Jameson,12,750,N/A,26.99,1,26.99,0.75
INV-200860,2026-02-12,3385,Sam's Club 8162,DAVENPORT,52807,SCOTT,1081900,WHISKEY LIQUEUR,Sazerac Company Inc,43336,Fireball Cinnamon Whiskey,12,750,8.25,12.38,1,12.38,0.75
INV-200861,07/05/2026,4829,Casey's General Store #2879,ANKENY,50021,POLK,1031200,AMERICAN VODKAS,Fifth Generation Inc,26827,Tito's Handmade Vodka,12,750,12.50,18.75,4,75.00,3.00
INV-200862,2026-05-23,2648,Wilkie Liquors,IOWA CITY,52240,JOHNSON,1081600,,Regional Spirits Co,77779,Dusty Shelf Cordial,6,375,11.00,12.10,1,12.10,0.38
INV-200863,08-Mar-2026,2648,Wilkie Liquors,IOWA CITY,52240,JOHNSON,1032080,IRISH WHISKIES,Pernod Ricard USA,19067,Jameson,12,750,17.99,26.99,2,53.98,1.50
INV-200864,2026-02-22,2633,Hometown Foods,CEDAR RAPIDS,52402,LINN,1051010,IMPORTED BRANDIES,Moet Hennessy USA,64866,Hennessy VS,12,750,24.99,37.49,2,74.98,1.50
INV-200865,05/03/2026,4829,Casey's General Store #2879,ANKENY,50021,POLK,1051010,IMPORTED BRANDIES,Moet Hennessy USA,64866,Hennessy VS,12,750,24.99,37.49,1,37.49,0.75
INV-200866,2026-02-09,3385,  Sam's Club 8162,DAVENPORT,52807,SCOTT,1031080,CANADIAN WHISKIES,Heaven Hill Brands,11788,Black Velvet,12,1750,9.75 ,14.63 ,1,14.63 ,1.75
INV-200867,2026-02-27,3385,Sam's Club 8162,DAVENPORT,52807,SCOTT,1041100,AMERICAN DRY GINS,Luxco Inc,35918,Five O'clock Gin,12,1750,8.99 ,13.49 ,1,13.49 ,1.75
INV-200868,06/07/2026,2501,Hy-Vee #3 / BDI / Des Moines,DES MOINES,50313.0,POLK,1031080,CANADIAN WHISKIES,Heaven Hill Brands,11788,Black Velvet,12,1750,9.75,14.63,2,29.26,3.50
INV-200869,05/03/2026,2501,HY-VEE #3 / BDI / DES MOINES,DES MOINES,50313,POLK,1081900,WHISKEY LIQUEUR,Sazerac Company Inc,43336,Fireball Cinnamon Whiskey,12,750,8.25,12.38,2,24.76,1.50
INV-200870,2026-06-11,3385,Sam's Club 8162,DAVENPORT,52807,SCOTT,1031080,CANADIAN WHISKIES,Heaven Hill Brands,11788,Black Velvet,12,1750,9.75 ,14.63 ,1,14.63 ,1.75
INV-200871,2026-07-20,2190,"Central City Liquor, Inc.",DES MOINES,50310,POLK,1031080,CANADIAN WHISKIES,Heaven Hill Brands,11788,Black Velvet,12,1750,$9.75,$14.63,1,$14.63,1.75
INV-200872,04-Jul-2026,5102,  Corner Tap & Bottle,AMES,50010,STORY,1041100,AMERICAN DRY GINS,Luxco Inc,35918,Five O'clock Gin,12,1750,8.99 ,13.49 ,1,13.49 ,1.75
INV-200873,2026-02-27,3385,Sam's Club 8162,DAVENPORT,52807,SCOTT,1041100,AMERICAN DRY GINS,Luxco Inc,35918,Five O'clock Gin,12,1750,8.99,13.49,3,40.47,5.25
INV-200874,2026-05-31,2501,Hy-Vee #3 / BDI / Des Moines,Des Moines,50313,POLK,1031200,AMERICAN VODKAS,Sazerac Company Inc,36308,Mr Boston Vodka,12,1000,4.50 ,6.75 ,2,13.50 ,2.00
INV-200875,02/13/2026,4829,Casey's General Store #2879,ANKENY,50021.0,POLK,1041100,AMERICAN DRY GINS,Luxco Inc,35918,Five O'clock Gin,12,1750,8.99,13.49,5,67.45,8.75
INV-200876,2026-04-15,4829,CASEY'S GENERAL STORE #2879,ANKENY,50021.0,POLK,1031080,CANADIAN WHISKIES,Heaven Hill Brands,11788,Black Velvet,12,1750,9.75 ,14.63 ,3,43.89 ,5.25
INV-200877,03/09/2026,2190,"Central City Liquor, Inc.",DES MOINES,50310,POLK,1031080,CANADIAN WHISKIES,Heaven Hill Brands,11788,Black Velvet,12,1750,$9.75,$14.63,5,$73.15,8.75
INV-200878,04/18/2026,2633,Hometown Foods,CEDAR RAPIDS,52402,LINN,1041100,AMERICAN DRY GINS,Luxco Inc,35918,Five O'clock Gin,12,1750,8.99,13.49,3,40.47,5.25
INV-200879,16-Apr-2026,2190,"Central City Liquor, Inc.",DES MOINES,50310,POLK,1032080,IRISH WHISKIES,Pernod Ricard USA,19067,Jameson,12,750,17.99,26.99,1,26.99,0.75
INV-200880,14-Feb-2026,5102,Corner Tap & Bottle,AMES,50010,STORY,1031200,AMERICAN VODKAS,Sazerac Company Inc,36308,Mr Boston Vodka,12,1000,$4.50,$6.75,9,$60.75,9.00
INV-200881,2026-03-09,2190,"CENTRAL CITY LIQUOR, INC.",DES MOINES,50310,POLK,1031080,CANADIAN WHISKIES,Heaven Hill Brands,11788,Black Velvet,12,1750,9.75,14.63,9,131.67,15.75
INV-200882,03/14/2026,4829,Casey's General Store #2879,ANKENY,50021.0,POLK,1031200,AMERICAN VODKAS,Fifth Generation Inc,26827,Tito's Handmade Vodka,12,750,12.50,18.75,6,112.50,4.50
INV-200883,2026-07-14,2633,Hometown Foods,CEDAR RAPIDS,52402,LINN,1032080,IRISH WHISKIES,Pernod Ricard USA,19067,Jameson,12,750,17.99,26.99,5,134.95,3.75
INV-200884,2026-05-01,2633,Hometown Foods,CEDAR RAPIDS,52402,LINN,1032080,IRISH WHISKIES,Pernod Ricard USA,19067,Jameson,12,750,17.99,26.99,6,161.94,4.50
INV-200885,03/18/2026,5102,Corner Tap & Bottle,Ames,50010,STORY,1032080,IRISH WHISKIES,Pernod Ricard USA,19067,Jameson,12,750,$17.99,$26.99,7,$188.93,5.25
INV-200886,02/13/2026,2648,Wilkie Liquors,IOWA CITY,52240,JOHNSON,1081900,WHISKEY LIQUEUR,Sazerac Company Inc,43336,Fireball Cinnamon Whiskey,12,750,8.25,12.38,2,24.76,1.50
INV-200887,2026-04-29,2501,Hy-Vee #3 / BDI / Des Moines,DES MOINES,50313,POLK,1081600,N/A,Regional Spirits Co,77779,Dusty Shelf Cordial,6,375,,12.10,12,145.20,4.50
INV-200888,14-May-2026,5102,Corner Tap and Bottle,AMES,50010,,1041100,AMERICAN DRY GINS,Luxco Inc,35918,Five O'clock Gin,12,1750,8.99,13.49,10,134.90,17.50
INV-200889,07/01/2026,3385,  Sam's Club 8162,DAVENPORT,52807,SCOTT,1051010,IMPORTED BRANDIES,Moet Hennessy USA,64866,Hennessy VS,12,750,24.99,37.49,1,37.49,0.75
INV-200890,03/27/2026,4829,  Casey's General Store #2879,ANKENY,50021,POLK,1032080,IRISH WHISKIES,Pernod Ricard USA,19067,Jameson,12,750,17.99,26.99,5,134.95,3.75
INV-200891,2026-07-24,2190,"Central City Liquor, Inc.",DES MOINES,50310,POLK,1031080,CANADIAN WHISKIES,Heaven Hill Brands,11788,Black Velvet,12,1750,$9.75,$14.63,7,$102.41,12.25
INV-200892,28-Feb-2026,2633,Hometown Foods,CEDAR RAPIDS,52402,LINN,1041100,AMERICAN DRY GINS,Luxco Inc,35918,Five O'clock Gin,12,1750,8.99,13.49,1,13.49,1.75
INV-200893,2026-04-25,4829,CASEY'S GENERAL STORE #2879,ANKENY,50021,POLK,1031200,AMERICAN VODKAS,Fifth Generation Inc,26827,Tito's Handmade Vodka,12,750,12.50,18.75,3,56.25,2.25
INV-200894,2026-06-05,3385,Sam's Club 8162,DAVENPORT,52807,SCOTT,1041100,AMERICAN DRY GINS,Luxco Inc,35918,Five O'clock Gin,12,1750,$8.99,$13.49,2,$26.98,3.50
INV-200895,04-Jun-2026,5102,Corner Tap & Bottle,AMES,50010,STORY,1041100,AMERICAN DRY GINS,Luxco Inc,35918,Five O'clock Gin,12,1750,$8.99,$13.49,2,$26.98,3.50
INV-200896,09-May-2026,5102,Corner Tap & Bottle,AMES,50010,STORY,1031200,AMERICAN VODKAS,Fifth Generation Inc,26827,Tito's Handmade Vodka,12,750,12.50,18.75,4,75.00,3.00
INV-200897,30-Apr-2026,3385,SAM'S CLUB 8162,DAVENPORT,52807,SCOTT,1031200,AMERICAN VODKAS,Sazerac Company Inc,36308,Mr Boston Vodka,12,1000,4.50,6.75,5,33.75,5.00
INV-200898,2026-02-17,2648,Wilkie Liquors,IOWA CITY,52240,JOHNSON,1031200,AMERICAN VODKAS,Sazerac Company Inc,36308,Mr Boston Vodka,12,1000,$4.50,$6.75,3,$20.25,3.00
INV-200899,04-Feb-2026,2501,HY-VEE #3 / BDI / DES MOINES,DES MOINES,50313,,1041100,AMERICAN DRY GINS,Luxco Inc,35918,Five O'clock Gin,12,1750,$8.99,$13.49,1,$13.49,1.75
INV-200900,2026-04-13,4829,Casey's General Store #2879,ANKENY,50021,POLK,1041100,AMERICAN DRY GINS,Luxco Inc,35918,Five O'clock Gin,12,1750,8.99,13.49,2,26.98,3.50
INV-200901,23-Feb-2026,2648,Wilkie Liquors,IOWA CITY,52240,JOHNSON,1031200,AMERICAN VODKAS,Fifth Generation Inc,26827,Tito's Handmade Vodka,12,750,12.50,18.75,1,18.75,0.75
INV-200902,27-Apr-2026,2648,Wilkie Liquors,IOWA CITY,52240,JOHNSON,1031200,AMERICAN VODKAS,Fifth Generation Inc,26827,Tito's Handmade Vodka,12,750,12.50 ,18.75 ,12,225.00 ,9.00
INV-200903,2026-03-22,4829,  Casey's General Store #2879,Ankeny,50021,POLK,1051010,IMPORTED BRANDIES,Moet Hennessy USA,64866,Hennessy VS,12,750,24.99 ,37.49 ,3,112.47 ,2.25
INV-200904,07/21/2026,4829,CASEY'S GENERAL STORE #2879,ANKENY,50021,POLK,1031200,AMERICAN VODKAS,Fifth Generation Inc,26827,Tito's Handmade Vodka,12,750,$12.50,$18.75,5,$93.75,3.75
INV-200905,03/08/2026,5102,Corner Tap & Bottle,AMES,50010,STORY,1031080,CANADIAN WHISKIES,Heaven Hill Brands,11788,Black Velvet,12,1750,9.75,14.63,3,43.89,5.25
INV-200906,2026-04-25,2648,WILKIE LIQUORS,IOWA CITY,52240,JOHNSON,1031200,AMERICAN VODKAS,Fifth Generation Inc,26827,Tito's Handmade Vodka,12,750,$12.50,$18.75,7,$131.25,5.25
INV-200907,2026-07-20,5102,Corner Tap & Bottle,AMES,50010,STORY,1041100,AMERICAN DRY GINS,Luxco Inc,35918,Five O'clock Gin,12,1750,8.99,13.49,2,26.98,3.50
INV-200908,04/09/2026,2633,Hometown Foods,CEDAR RAPIDS,52402.0,LINN,1081900,WHISKEY LIQUEUR,Sazerac Company Inc,43336,Fireball Cinnamon Whiskey,12,750,8.25 ,12.38 ,2,24.76 ,1.50
INV-200909,07/11/2026,2648,  Wilkie Liquors,IOWA CITY,52240,JOHNSON,1041100,AMERICAN DRY GINS,Luxco Inc,35918,Five O'clock Gin,12,1750,8.99,13.49,1,13.49,1.75
INV-200910,2026-04-12,2190,"  Central City Liquor, Inc.",DES MOINES,50310,POLK,1041100,AMERICAN DRY GINS,Luxco Inc,35918,Five O'clock Gin,12,1750,8.99,13.49,4,53.96,7.00
INV-200910,2026-04-12,2190,"  Central City Liquor, Inc.",DES MOINES,50310,POLK,1041100,AMERICAN DRY GINS,Luxco Inc,35918,Five O'clock Gin,12,1750,8.99,13.49,4,53.96,7.00
INV-200911,2026-06-03,2190,"Central City Liquor, Inc.",Des Moines,50310,POLK,1031200,AMERICAN VODKAS,Fifth Generation Inc,26827,Tito's Handmade Vodka,12,750,12.50,18.75,3,56.25,2.25
INV-200912,22-Jun-2026,2633,Hometown Foods,CEDAR RAPIDS,52402,LINN,1031200,AMERICAN VODKAS,Sazerac Company Inc,36308,Mr Boston Vodka,12,1000,4.50,6.75,8,54.00,8.00
INV-200913,2026-05-26,2501,Hy-Vee #3 / BDI / Des Moines,DES MOINES,50313.0,POLK,1081600,-,Regional Spirits Co,77779,Dusty Shelf Cordial,6,375,$11.00,$12.10,2,$24.20,0.75
INV-200914,04/01/2026,2190,"Central City Liquor, Inc.",DES MOINES,50310,POLK,1031200,AMERICAN VODKAS,Fifth Generation Inc,26827,Tito's Handmade Vodka,12,750,12.50 ,18.75 ,3,56.25 ,2.25
INV-200915,2026-05-11,2648,  Wilkie Liquors,IOWA CITY,52240,JOHNSON,1081900,WHISKEY LIQUEUR,Sazerac Company Inc,43336,Fireball Cinnamon Whiskey,12,750,8.25,12.38,1,12.38,0.75
INV-200916,2026-03-01,5102,Corner Tap & Bottle ,AMES,50010,STORY,1031200,AMERICAN VODKAS,Fifth Generation Inc,26827,Tito's Handmade Vodka,12,750,12.50 ,18.75 ,1,18.75 ,0.75
INV-200917,02-Jul-2026,4829,Casey's General Store #2879,Ankeny,50021,POLK,1031200,AMERICAN VODKAS,Sazerac Company Inc,36308,Mr Boston Vodka,12,1000,4.50 ,6.75 ,4,27.00 ,4.00
INV-200918,07/09/2026,2633,  Hometown Foods,CEDAR RAPIDS,52402.0,LINN,1051010,IMPORTED BRANDIES,Moet Hennessy USA,64866,Hennessy VS,12,750,24.99,37.49,1,37.49,0.75
INV-200919,2026-04-20,3385,Sam's Club 8162,DAVENPORT,52807,SCOTT,1031200,AMERICAN VODKAS,Sazerac Company Inc,36308,Mr Boston Vodka,12,1000,4.50,6.75,2,13.50,2.00
INV-200920,06/03/2026,2190,"Central City Liquor, Inc.",DES MOINES,50310,POLK,1081900,WHISKEY LIQUEUR,Sazerac Company Inc,43336,Fireball Cinnamon Whiskey,12,750,8.25,12.38,1,12.38,0.75
INV-200921,2026-07-26,2190,"Central City Liquor, Inc.",DES MOINES,50310,POLK,1081900,WHISKEY LIQUEUR,Sazerac Company Inc,43336,Fireball Cinnamon Whiskey,12,750,8.25,12.38,1,12.38,0.75
INV-200922,2026-03-15,2648,  Wilkie Liquors,IOWA CITY,52240,JOHNSON,1031200,AMERICAN VODKAS,Sazerac Company Inc,36308,Mr Boston Vodka,12,1000,4.50,6.75,1,6.75,1.00
INV-200923,01/31/2026,2501,Hy-Vee #3 / BDI / Des Moines,Des Moines,50313,POLK,1051010,IMPORTED BRANDIES,Moet Hennessy USA,64866,Hennessy VS,12,750,24.99,37.49,6,224.94,4.50
INV-200924,2026-03-28,4829,Casey's General Store #2879,ANKENY,50021,POLK,1031200,AMERICAN VODKAS,Fifth Generation Inc,26827,Tito's Handmade Vodka,12,750,$12.50,$18.75,1,$18.75,0.75
INV-200925,05/01/2026,4829,Casey's General Store #2879,ANKENY,50021,POLK,1051010,IMPORTED BRANDIES,Moet Hennessy USA,64866,Hennessy VS,12,750,24.99,37.49,3,112.47,2.25
INV-200926,05/01/2026,2633,Hometown Foods,CEDAR RAPIDS,52402,LINN,1081900,WHISKEY LIQUEUR,Sazerac Company Inc,43336,Fireball Cinnamon Whiskey,12,750,8.25,12.38,1,12.38,0.75
INV-200927,2026-06-25,2633,Hometown Foods,CEDAR RAPIDS,52402,LINN,1041100,AMERICAN DRY GINS,Luxco Inc,35918,Five O'clock Gin,12,1750,N/A,13.49 ,10,134.90 ,17.50
INV-200928,2026-07-25,3385,Sam's Club 8162,DAVENPORT,52807,SCOTT,1081900,WHISKEY LIQUEUR,Sazerac Company Inc,43336,Fireball Cinnamon Whiskey,12,750,8.25,12.38,1,12.38,0.75
INV-200929,03/02/2026,2501,Hy-Vee #3 / BDI / Des Moines,DES MOINES,50313,POLK,1041100,AMERICAN DRY GINS,Luxco Inc,35918,Five O'clock Gin,12,1750,8.99,13.49,3,40.47,5.25
INV-200930,02/03/2026,4829,  Casey's General Store #2879,ANKENY,50021,POLK,1051010,IMPORTED BRANDIES,Moet Hennessy USA,64866,Hennessy VS,12,750,$24.99,$37.49,4,$149.96,3.00
INV-200931,04-Jul-2026,3385,SAM'S CLUB 8162,DAVENPORT,52807.0,SCOTT,1041100,AMERICAN DRY GINS,Luxco Inc,35918,Five O'clock Gin,12,1750,8.99,13.49,2,26.98,3.50
INV-200932,2026-02-09,4829,Casey's General Store #2879,ANKENY,50021,POLK,1041100,AMERICAN DRY GINS,Luxco Inc,35918,Five O'clock Gin,12,1750,8.99,13.49,3,40.47,5.25
INV-200933,07/08/2026,2633,  Hometown Foods,CEDAR RAPIDS,52402,LINN,1031200,AMERICAN VODKAS,Sazerac Company Inc,36308,Mr Boston Vodka,12,1000,4.50,6.75,1,6.75,1.00
INV-200934,2026-02-21,2190,Central City Liquor INC,DES MOINES,50310,POLK,1031200,AMERICAN VODKAS,Fifth Generation Inc,26827,Tito's Handmade Vodka,12,750,12.50,18.75,4,75.00,3.00
INV-200935,03-May-2026,5102,Corner Tap & Bottle,AMES,50010,STORY,1051010,IMPORTED BRANDIES,Moet Hennessy USA,64866,Hennessy VS,12,750,24.99 ,37.49 ,6,224.94 ,4.50
INV-200936,2026-03-26,2190,"Central City Liquor, Inc.",DES MOINES,50310.0,POLK,1041100,AMERICAN DRY GINS,Luxco Inc,35918,Five O'clock Gin,12,1750,8.99,13.49,1,13.49,1.75
INV-200937,05/24/2026,2501,Hy-Vee #3 / BDI / Des Moines,Des Moines,50313,POLK,1031200,AMERICAN VODKAS,Fifth Generation Inc,26827,Tito's Handmade Vodka,12,750,12.50,18.75,5,93.75,3.75
INV-200938,2026-03-30,2501,Hy-Vee #3 / BDI / Des Moines,DES MOINES,50313,POLK,1032080,IRISH WHISKIES,Pernod Ricard USA,19067,Jameson,12,750,17.99 ,26.99 ,2,53.98 ,1.50
INV-200939,07/19/2026,5102,Corner Tap & Bottle,AMES,50010,STORY,1051010,IMPORTED BRANDIES,Moet Hennessy USA,64866,Hennessy VS,12,750,24.99,37.49,7,262.43,5.25
INV-200940,04/28/2026,2633,  Hometown Foods,CEDAR RAPIDS,52402.0,LINN,1031200,AMERICAN VODKAS,Sazerac Company Inc,36308,Mr Boston Vodka,12,1000,4.50,6.75,2,13.50,2.00
INV-200941,2026-04-02,2648,Wilkie Liquors,IOWA CITY,52240,JOHNSON,1051010,IMPORTED BRANDIES,Moet Hennessy USA,64866,Hennessy VS,12,750,24.99,37.49,1,37.49,0.75
INV-200942,2026-06-14,3385,Sam's Club 8162,DAVENPORT,52807,SCOTT,1081600,-,Regional Spirits Co,77779,Dusty Shelf Cordial,6,375,$11.00,$12.10,4,$48.40,1.50
INV-200943,02/21/2026,2190,"CENTRAL CITY LIQUOR, INC.",DES MOINES,50310,,1031080,CANADIAN WHISKIES,Heaven Hill Brands,11788,Black Velvet,12,1750,$9.75,$14.63,1,$14.63,1.75
INV-200944,06/08/2026,3385,Sam's Club 8162,DAVENPORT,52807,SCOTT,1081600,N/A,Regional Spirits Co,77779,Dusty Shelf Cordial,6,375,$11.00,$12.10,5,$60.50,1.88
INV-200945,02/24/2026,2633,Hometown Foods,Cedar Rapids,52402,LINN,1032080,IRISH WHISKIES,Pernod Ricard USA,19067,Jameson,12,750,$17.99,$26.99,6,$161.94,4.50
INV-200946,05/01/2026,2633,Hometown Foods,CEDAR RAPIDS,52402,LINN,1041100,AMERICAN DRY GINS,Luxco Inc,35918,Five O'clock Gin,12,1750,8.99 ,13.49 ,1,13.49 ,1.75
INV-200947,2026-07-22,4829,Casey's General Store #2879,ANKENY,50021,POLK,1051010,IMPORTED BRANDIES,Moet Hennessy USA,64866,Hennessy VS,12,750,24.99,37.49,1,37.49,0.75
INV-200948,2026-02-23,2501,Hy-Vee #3 / BDI / Des Moines,DES MOINES,50313,POLK,1031200,AMERICAN VODKAS,Fifth Generation Inc,26827,Tito's Handmade Vodka,12,750,12.50,18.75,1,18.75,0.75
INV-200949,2026-04-27,4829,Casey's General Store #2879,ANKENY,50021,POLK,1041100,AMERICAN DRY GINS,Luxco Inc,35918,Five O'clock Gin,12,1750,8.99,13.49,6,80.94,10.50
INV-200950,07/23/2026,3385,Sam's Club 8162,DAVENPORT,52807,SCOTT,1031080,CANADIAN WHISKIES,Heaven Hill Brands,11788,Black Velvet,12,1750,9.75 ,14.63 ,1,14.63 ,1.75
INV-200951,07/18/2026,5102,CORNER TAP & BOTTLE,AMES,50010.0,STORY,1032080,IRISH WHISKIES,Pernod Ricard USA,19067,Jameson,12,750,17.99,26.99,5,134.95,3.75
INV-200952,05/23/2026,2648,  Wilkie Liquors,IOWA CITY,52240,JOHNSON,1031200,AMERICAN VODKAS,Fifth Generation Inc,26827,Tito's Handmade Vodka,12,750,12.50,18.75,12,225.00,9.00
INV-200953,05/29/2026,5102,  Corner Tap & Bottle,AMES,50010,,1081600,,Regional Spirits Co,77779,Dusty Shelf Cordial,6,375,11.00,12.10,1,12.10,0.38
INV-200954,07/26/2026,3385,Sam's Club 8162,DAVENPORT,52807,SCOTT,1041100,AMERICAN DRY GINS,Luxco Inc,35918,Five O'clock Gin,12,1750,$8.99,$13.49,10,$134.90,17.50
INV-200955,02/12/2026,2633,Hometown Foods,CEDAR RAPIDS,52402,LINN,1051010,IMPORTED BRANDIES,Moet Hennessy USA,64866,Hennessy VS,12,750,24.99,37.49,3,112.47,2.25
INV-200956,2026-06-01,3385,  Sam's Club 8162,DAVENPORT,52807,SCOTT,1031200,AMERICAN VODKAS,Fifth Generation Inc,26827,Tito's Handmade Vodka,12,750,12.50 ,18.75 ,1,18.75 ,0.75
INV-200957,02/16/2026,2648,Wilkie Liquors,IOWA CITY,52240.0,JOHNSON,1031080,CANADIAN WHISKIES,Heaven Hill Brands,11788,Black Velvet,12,1750,9.75,14.63,5,73.15,8.75
INV-200958,02/25/2026,4829,Casey's General Store #2879 ,ANKENY,50021,POLK,1051010,IMPORTED BRANDIES,Moet Hennessy USA,64866,Hennessy VS,12,750,24.99,37.49,11,412.39,8.25
INV-200959,2026-03-13,2190,"Central City Liquor, Inc.",DES MOINES,50310,POLK,1032080,IRISH WHISKIES,Pernod Ricard USA,19067,Jameson,12,750,17.99,26.99,3,80.97,2.25
INV-200960,2026-03-18,5102,Corner Tap & Bottle,AMES,50010,STORY,1031200,AMERICAN VODKAS,Sazerac Company Inc,36308,Mr Boston Vodka,12,1000,4.50,6.75,11,74.25,11.00
INV-200961,2026-04-27,3385,Sam's Club 8162,DAVENPORT,52807,SCOTT,1041100,AMERICAN DRY GINS,Luxco Inc,35918,Five O'clock Gin,12,1750,8.99,13.49,1,13.49,1.75
INV-200962,26-Mar-2026,2501,Hy-Vee #3 / BDI / Des Moines,DES MOINES,50313.0,POLK,1031200,AMERICAN VODKAS,Sazerac Company Inc,36308,Mr Boston Vodka,12,1000,4.50,6.75,3,20.25,3.00
INV-200963,2026-06-11,2633,Hometown Foods,CEDAR RAPIDS,52402,LINN,1032080,IRISH WHISKIES,Pernod Ricard USA,19067,Jameson,12,750,17.99,26.99,1,26.99,0.75
INV-200964,07-Feb-2026,2501,Hy-Vee #3 / BDI / Des Moines ,DES MOINES,50313,POLK,1051010,IMPORTED BRANDIES,Moet Hennessy USA,64866,Hennessy VS,12,750,24.99,37.49,2,74.98,1.50
INV-200965,2026-07-09,2648,  Wilkie Liquors,IOWA CITY,52240,JOHNSON,1032080,IRISH WHISKIES,Pernod Ricard USA,19067,Jameson,12,750,17.99,26.99,3,80.97,2.25
INV-200966,30-Mar-2026,2633,Hometown Foods,CEDAR RAPIDS,52402.0,LINN,1031080,CANADIAN WHISKIES,Heaven Hill Brands,11788,Black Velvet,12,1750,9.75,14.63,3,43.89,5.25
INV-200967,03/11/2026,4829,  Casey's General Store #2879,ANKENY,50021,POLK,1031080,CANADIAN WHISKIES,Heaven Hill Brands,11788,Black Velvet,12,1750,$9.75,$14.63,3,$43.89,5.25
INV-200968,06/20/2026,3385,Sam's Club 8162,DAVENPORT,52807,SCOTT,1031080,CANADIAN WHISKIES,Heaven Hill Brands,11788,Black Velvet,12,1750,9.75 ,14.63 ,2,29.26 ,3.50
INV-200968,06/20/2026,3385,Sam's Club 8162,DAVENPORT,52807,SCOTT,1031080,CANADIAN WHISKIES,Heaven Hill Brands,11788,Black Velvet,12,1750,9.75 ,14.63 ,2,29.26 ,3.50
INV-200969,2026-02-25,2633,Hometown Foods,CEDAR RAPIDS,52402,LINN,1041100,AMERICAN DRY GINS,Luxco Inc,35918,Five O'clock Gin,12,1750,8.99,13.49,2,26.98,3.50
INV-200970,26-Mar-2026,2501,Hy-Vee #3 / BDI / Des Moines,DES MOINES,50313,POLK,1031200,AMERICAN VODKAS,Sazerac Company Inc,36308,Mr Boston Vodka,12,1000,$4.50,$6.75,5,$33.75,5.00
INV-200971,2026-03-22,2633,Hometown Foods,CEDAR RAPIDS,52402,LINN,1031200,AMERICAN VODKAS,Sazerac Company Inc,36308,Mr Boston Vodka,12,1000,4.50,6.75,2,13.50,2.00
INV-200972,19-Feb-2026,2648,Wilkie Liquors,IOWA CITY,52240,JOHNSON,1051010,IMPORTED BRANDIES,Moet Hennessy USA,64866,Hennessy VS,12,750,24.99,37.49,1,37.49,0.75
INV-200973,2026-04-01,5102,  Corner Tap & Bottle,AMES,50010,STORY,1081600,-,Regional Spirits Co,77779,Dusty Shelf Cordial,6,375,$11.00,$12.10,4,$48.40,1.50
INV-200974,2026-05-25,3385,Sam's Club 8162,DAVENPORT,52807,SCOTT,1031080,CANADIAN WHISKIES,Heaven Hill Brands,11788,Black Velvet,12,1750,$9.75,$14.63,2,$29.26,3.50
INV-200975,02/20/2026,2633,Hometown Foods,CEDAR RAPIDS,52402,LINN,1032080,IRISH WHISKIES,Pernod Ricard USA,19067,Jameson,12,750,17.99,26.99,2,53.98,1.50
INV-200976,2026-05-27,2501,HY-VEE #3 / BDI / DES MOINES,DES MOINES,50313,POLK,1032080,IRISH WHISKIES,Pernod Ricard USA,19067,Jameson,12,750,17.99,26.99,1,26.99,0.75
INV-200977,04-Feb-2026,4829,Casey's General Store #2879,ANKENY,50021,POLK,1041100,AMERICAN DRY GINS,Luxco Inc,35918,Five O'clock Gin,12,1750,8.99,13.49,2,26.98,3.50
INV-200978,2026-03-18,2501,Hy-Vee #3 / BDI / Des Moines,DES MOINES,50313,POLK,1031200,AMERICAN VODKAS,Fifth Generation Inc,26827,Tito's Handmade Vodka,12,750,12.50 ,18.75 ,3,56.25 ,2.25
INV-200979,07/03/2026,2501,HY-VEE #3 / BDI / DES MOINES,DES MOINES,50313.0,POLK,1081600,-,Regional Spirits Co,77779,Dusty Shelf Cordial,6,375,11.00,12.10,4,48.40,1.50
INV-200980,16-Feb-2026,4829,Casey's General Store #2879,ANKENY,50021,POLK,1032080,IRISH WHISKIES,Pernod Ricard USA,19067,Jameson,12,750,17.99,26.99,3,80.97,2.25
INV-200981,2026-04-15,2633,HOMETOWN FOODS,CEDAR RAPIDS,52402,LINN,1031200,AMERICAN VODKAS,Sazerac Company Inc,36308,Mr Boston Vodka,12,1000,4.50,6.75,4,27.00,4.00
INV-200982,18-Jul-2026,5102,Corner Tap & Bottle,AMES,50010,STORY,1041100,AMERICAN DRY GINS,Luxco Inc,35918,Five O'clock Gin,12,1750,8.99,13.49,21,283.29,36.75
INV-200983,2026-05-02,3385,SAM'S CLUB 8162,Davenport,52807,SCOTT,1081600,,Regional Spirits Co,77779,Dusty Shelf Cordial,6,375,11.00 ,12.10 ,10,121.00 ,3.75
INV-200984,2026-03-17,5102,Corner Tap & Bottle,AMES,50010,STORY,1031080,CANADIAN WHISKIES,Heaven Hill Brands,11788,Black Velvet,12,1750,9.75 ,14.63 ,36,526.68 ,63.00
INV-200985,05-Jul-2026,4829,CASEY'S GENERAL STORE #2879,ANKENY,50021,POLK,1031080,CANADIAN WHISKIES,Heaven Hill Brands,11788,Black Velvet,12,1750,9.75,14.63,1,14.63,1.75
INV-200986,2026-03-15,5102,Corner Tap & Bottle,AMES,50010,,1032080,IRISH WHISKIES,Pernod Ricard USA,19067,Jameson,12,750,17.99,26.99,5,134.95,3.75
INV-200987,2026-05-29,2190,"Central City Liquor, Inc.",DES MOINES,50310,POLK,1031080,CANADIAN WHISKIES,Heaven Hill Brands,11788,Black Velvet,12,1750,9.75,14.63,5,73.15,8.75
INV-200988,2026-07-08,2633,Hometown Foods,CEDAR RAPIDS,52402,LINN,1081900,WHISKEY LIQUEUR,Sazerac Company Inc,43336,Fireball Cinnamon Whiskey,12,750,8.25 ,12.38 ,2,24.76 ,1.50
INV-200989,13-Jun-2026,5102,Corner Tap & Bottle,AMES,50010,STORY,1032080,IRISH WHISKIES,Pernod Ricard USA,19067,Jameson,12,750,17.99,26.99,1,26.99,0.75
INV-200990,10-Jul-2026,2190,"Central City Liquor, Inc.",DES MOINES,50310,POLK,1031200,AMERICAN VODKAS,Fifth Generation Inc,26827,Tito's Handmade Vodka,12,750,12.50 ,18.75 ,10,187.50 ,7.50
INV-200991,2026-02-16,2501,Hy-Vee #3 / BDI / Des Moines,DES MOINES,50313,POLK,1051010,IMPORTED BRANDIES,Moet Hennessy USA,64866,Hennessy VS,12,750,24.99,37.49,29,1087.21,21.75
INV-200992,2026-06-09,4829,  Casey's General Store #2879,ANKENY,50021.0,POLK,1051010,IMPORTED BRANDIES,Moet Hennessy USA,64866,Hennessy VS,12,750,,37.49,1,37.49,0.75
INV-200993,13-Mar-2026,4829,Casey's General Store #2879,ANKENY,50021,POLK,1041100,AMERICAN DRY GINS,Luxco Inc,35918,Five O'clock Gin,12,1750,8.99 ,13.49 ,8,107.92 ,14.00
INV-200994,2026-02-19,5102,CORNER TAP & BOTTLE,AMES,50010,STORY,1031200,AMERICAN VODKAS,Sazerac Company Inc,36308,Mr Boston Vodka,12,1000,4.50,6.75,1,6.75,1.00
INV-200995,2026-02-15,2190,"Central City Liquor, Inc.",DES MOINES,50310,POLK,1031200,AMERICAN VODKAS,Fifth Generation Inc,26827,Tito's Handmade Vodka,12,750,12.50,18.75,10,187.50,7.50
INV-200996,2026-03-29,2648,  Wilkie Liquors,IOWA CITY,52240,JOHNSON,1041100,AMERICAN DRY GINS,Luxco Inc,35918,Five O'clock Gin,12,1750,8.99 ,13.49 ,5,67.45 ,8.75
INV-200997,2026-02-19,2633,Hometown Foods,CEDAR RAPIDS,52402,LINN,1031080,CANADIAN WHISKIES,Heaven Hill Brands,11788,Black Velvet,12,1750,9.75,14.63,4,58.52,7.00
INV-200998,2026-06-26,2633,HOMETOWN FOODS,CEDAR RAPIDS,52402,LINN,1031200,AMERICAN VODKAS,Fifth Generation Inc,26827,Tito's Handmade Vodka,12,750,12.50 ,18.75 ,1,18.75 ,0.75
INV-200999,2026-07-06,5102,Corner Tap & Bottle,AMES,50010,STORY,1081600,N/A,Regional Spirits Co,77779,Dusty Shelf Cordial,6,375,11.00,12.10,8,96.80,3.00
INV-201000,07/14/2026,2190,"Central City Liquor, Inc.",DES MOINES,50310.0,POLK,1031200,AMERICAN VODKAS,Sazerac Company Inc,36308,Mr Boston Vodka,12,1000,$4.50,$6.75,14,$94.50,14.00
INV-201001,2026-03-20,4829,Casey's General Store #2879,ANKENY,50021,POLK,1081900,WHISKEY LIQUEUR,Sazerac Company Inc,43336,Fireball Cinnamon Whiskey,12,750,8.25,12.38,10,123.80,7.50
INV-201002,04/07/2026,2501,Hy-Vee #3 / BDI / Des Moines,DES MOINES,50313,POLK,1051010,IMPORTED BRANDIES,Moet Hennessy USA,64866,Hennessy VS,12,750,24.99,37.49,5,187.45,3.75
INV-201003,28-Jun-2026,2501,Hy-Vee #3 / BDI / Des Moines,DES MOINES,50313,POLK,1032080,IRISH WHISKIES,Pernod Ricard USA,19067,Jameson,12,750,17.99,26.99,19,512.81,14.25
INV-201004,2026-06-04,3385,Sam's Club 8162,Davenport,52807,SCOTT,1031200,AMERICAN VODKAS,Fifth Generation Inc,26827,Tito's Handmade Vodka,12,750,12.50 ,18.75 ,1,18.75 ,0.75
INV-201005,2026-02-01,2648,Wilkie Liquors,Iowa City,52240,JOHNSON,1081600,,Regional Spirits Co,77779,Dusty Shelf Cordial,6,375,11.00,12.10,1,12.10,0.38
INV-201006,2026-06-23,2501,Hy-Vee #3 / BDI / Des Moines ,DES MOINES,50313,POLK,1031080,CANADIAN WHISKIES,Heaven Hill Brands,11788,Black Velvet,12,1750,9.75,14.63,1,14.63,1.75
INV-201007,2026-03-29,2190,"Central City Liquor, Inc.",DES MOINES,50310,POLK,1081600,N/A,Regional Spirits Co,77779,Dusty Shelf Cordial,6,375,11.00 ,12.10 ,1,12.10 ,0.38
INV-201008,2026-07-15,2190,Central City Liquor INC,Des Moines,50310,POLK,1051010,IMPORTED BRANDIES,Moet Hennessy USA,64866,Hennessy VS,12,750,$24.99,$37.49,2,$74.98,1.50
INV-201009,05/11/2026,2190,"CENTRAL CITY LIQUOR, INC.",DES MOINES,50310,POLK,1032080,IRISH WHISKIES,Pernod Ricard USA,19067,Jameson,12,750,17.99,26.99,1,26.99,0.75
INV-201010,2026-02-07,5102,Corner Tap & Bottle,AMES,50010.0,STORY,1081900,WHISKEY LIQUEUR,Sazerac Company Inc,43336,Fireball Cinnamon Whiskey,12,750,8.25,12.38,3,37.14,2.25
INV-201011,04/21/2026,2633,  Hometown Foods,CEDAR RAPIDS,52402,LINN,1041100,AMERICAN DRY GINS,Luxco Inc,35918,Five O'clock Gin,12,1750,$8.99,$13.49,3,$40.47,5.25
INV-201012,05/11/2026,5102,Corner Tap & Bottle,AMES,50010,STORY,1081900,WHISKEY LIQUEUR,Sazerac Company Inc,43336,Fireball Cinnamon Whiskey,12,750,8.25 ,12.38 ,7,86.66 ,5.25
INV-201013,02/20/2026,2648,Wilkie Liquors,IOWA CITY,52240,JOHNSON,1081900,WHISKEY LIQUEUR,Sazerac Company Inc,43336,Fireball Cinnamon Whiskey,12,750,$8.25,$12.38,-3,$-37.14,-2.25
INV-201014,2026-04-15,2190,"Central City Liquor, Inc.",DES MOINES,50310,POLK,1032080,IRISH WHISKIES,Pernod Ricard USA,19067,Jameson,12,750,17.99 ,26.99 ,3,80.97 ,2.25
INV-201015,05/13/2026,3385,SAM'S CLUB 8162,DAVENPORT,52807.0,SCOTT,1031080,CANADIAN WHISKIES,Heaven Hill Brands,11788,Black Velvet,12,1750,9.75 ,14.63 ,8,117.04 ,14.00
INV-201016,2026-03-13,4829,Casey's General Store #2879,ANKENY,50021,POLK,1081900,WHISKEY LIQUEUR,Sazerac Company Inc,43336,Fireball Cinnamon Whiskey,12,750,8.25,12.38,2,24.76,1.50
INV-201017,06/16/2026,2633,Hometown Foods,CEDAR RAPIDS,52402,LINN,1031200,AMERICAN VODKAS,Fifth Generation Inc,26827,Tito's Handmade Vodka,12,750,12.50,18.75,4,75.00,3.00
INV-201018,2026-06-24,2501,Hy-Vee #3 / BDI / Des Moines ,DES MOINES,50313.0,POLK,1051010,IMPORTED BRANDIES,Moet Hennessy USA,64866,Hennessy VS,12,750,24.99,37.49,2,74.98,1.50
INV-201019,2026-05-14,2648,Wilkie Liquors,Iowa City,52240,JOHNSON,1031200,AMERICAN VODKAS,Sazerac Company Inc,36308,Mr Boston Vodka,12,1000,4.50,6.75,1,6.75,1.00
INV-201020,2026-06-02,3385,SAM'S CLUB 8162,DAVENPORT,52807,SCOTT,1032080,IRISH WHISKIES,Pernod Ricard USA,19067,Jameson,12,750,17.99,26.99,1,26.99,0.75
INV-201021,2026-04-26,3385,Sam's Club 8162,DAVENPORT,52807,SCOTT,1032080,IRISH WHISKIES,Pernod Ricard USA,19067,Jameson,12,750,17.99,26.99,2,53.98,1.50
INV-201022,11-Mar-2026,4829,Casey's General Store #2879,ANKENY,50021,POLK,1031200,AMERICAN VODKAS,Sazerac Company Inc,36308,Mr Boston Vodka,12,1000,4.50 ,6.75 ,1,6.75 ,1.00
INV-201023,12-Feb-2026,2633,  Hometown Foods,CEDAR RAPIDS,52402,LINN,1041100,AMERICAN DRY GINS,Luxco Inc,35918,Five O'clock Gin,12,1750,8.99,13.49,4,53.96,7.00
INV-201024,2026-05-23,2190,"Central City Liquor, Inc.",DES MOINES,50310,POLK,1081900,WHISKEY LIQUEUR,Sazerac Company Inc,43336,Fireball Cinnamon Whiskey,12,750,8.25,12.38,6,74.28,4.50
INV-201025,02/13/2026,2648,Wilkie Liquors,IOWA CITY,52240,JOHNSON,1031200,AMERICAN VODKAS,Fifth Generation Inc,26827,Tito's Handmade Vodka,12,750,12.50,18.75,1,18.75,0.75
INV-201026,06/09/2026,2501,  Hy-Vee #3 / BDI / Des Moines,DES MOINES,50313,POLK,1041100,AMERICAN DRY GINS,Luxco Inc,35918,Five O'clock Gin,12,1750,8.99,13.49,3,40.47,5.25
INV-201027,2026-07-01,2648,WILKIE LIQUORS,IOWA CITY,52240,JOHNSON,1031080,CANADIAN WHISKIES,Heaven Hill Brands,11788,Black Velvet,12,1750,$9.75,$14.63,4,$58.52,7.00
INV-201028,2026-06-24,2501,Hy-Vee #3 / BDI / Des Moines,DES MOINES,50313,POLK,1031080,CANADIAN WHISKIES,Heaven Hill Brands,11788,Black Velvet,12,1750,9.75,14.63,10,146.30,17.50
INV-201029,03/22/2026,2190,"Central City Liquor, Inc.",DES MOINES,50310,POLK,1041100,AMERICAN DRY GINS,Luxco Inc,35918,Five O'clock Gin,12,1750,8.99,13.49,4,53.96,7.00
INV-201030,28-Jul-2026,2190,"Central City Liquor, Inc.",DES MOINES,50310,POLK,1031200,AMERICAN VODKAS,Sazerac Company Inc,36308,Mr Boston Vodka,12,1000,N/A,6.75,3,20.25,3.00
INV-201031,04/15/2026,2190,"CENTRAL CITY LIQUOR, INC.",DES MOINES,50310,POLK,1031200,AMERICAN VODKAS,Fifth Generation Inc,26827,Tito's Handmade Vodka,12,750,12.50,18.75,3,56.25,2.25
INV-201032,21-Jul-2026,2648,Wilkie Liquors,IOWA CITY,52240,JOHNSON,1031200,AMERICAN VODKAS,Fifth Generation Inc,26827,Tito's Handmade Vodka,12,750,12.50,18.75,3,56.25,2.25
INV-201033,2026-03-27,2633,Hometown Foods,CEDAR RAPIDS,52402,LINN,1031200,AMERICAN VODKAS,Sazerac Company Inc,36308,Mr Boston Vodka,12,1000,4.50 ,6.75 ,4,27.00 ,4.00
INV-201034,03/21/2026,3385,SAM'S CLUB 8162,DAVENPORT,52807,SCOTT,1041100,AMERICAN DRY GINS,Luxco Inc,35918,Five O'clock Gin,12,1750,8.99,13.49,1,13.49,1.75
INV-201035,06/15/2026,4829,Casey's General Store #2879 ,ANKENY,50021,POLK,1081600,,Regional Spirits Co,77779,Dusty Shelf Cordial,6,375,$11.00,$12.10,4,$48.40,1.50
INV-201036,05-Apr-2026,2633,  Hometown Foods,CEDAR RAPIDS,52402,LINN,1031080,CANADIAN WHISKIES,Heaven Hill Brands,11788,Black Velvet,12,1750,$9.75,$14.63,3,$43.89,5.25
INV-201037,02/20/2026,5102,Corner Tap & Bottle,AMES,50010.0,STORY,1051010,IMPORTED BRANDIES,Moet Hennessy USA,64866,Hennessy VS,12,750,24.99,37.49,1,37.49,0.75
INV-201038,29-Mar-2026,2648,Wilkie Liquors,IOWA CITY,52240,JOHNSON,1041100,AMERICAN DRY GINS,Luxco Inc,35918,Five O'clock Gin,12,1750,8.99 ,13.49 ,3,40.47 ,5.25
INV-201039,2026-02-06,5102,Corner Tap & Bottle,AMES,50010,STORY,1031200,AMERICAN VODKAS,Sazerac Company Inc,36308,Mr Boston Vodka,12,1000,4.50,6.75,2,13.50,2.00
INV-201040,2026-06-03,2633,Hometown Foods,CEDAR RAPIDS,52402.0,LINN,1031200,AMERICAN VODKAS,Fifth Generation Inc,26827,Tito's Handmade Vodka,12,750,12.50 ,18.75 ,8,150.00 ,6.00
INV-201041,10-May-2026,5102,Corner Tap & Bottle ,AMES,50010,STORY,1032080,IRISH WHISKIES,Pernod Ricard USA,19067,Jameson,12,750,17.99,26.99,1,26.99,0.75
INV-201042,2026-02-20,5102,CORNER TAP & BOTTLE,AMES,50010.0,STORY,1031200,AMERICAN VODKAS,Sazerac Company Inc,36308,Mr Boston Vodka,12,1000,$4.50,$6.75,3,$20.25,3.00
INV-201043,05/20/2026,3385,Sam's Club 8162,DAVENPORT,52807,SCOTT,1051010,IMPORTED BRANDIES,Moet Hennessy USA,64866,Hennessy VS,12,750,24.99,37.49,1,37.49,0.75
INV-201044,2026-05-15,4829,Casey's General Store #2879,ANKENY,50021,POLK,1081600,-,Regional Spirits Co,77779,Dusty Shelf Cordial,6,375,11.00 ,12.10 ,9,108.90 ,3.38
INV-201045,2026-05-22,2648,Wilkie Liquors,IOWA CITY,52240,JOHNSON,1051010,IMPORTED BRANDIES,Moet Hennessy USA,64866,Hennessy VS,12,750,$24.99,$37.49,1,$37.49,0.75
INV-201046,04/28/2026,2648,WILKIE LIQUORS,IOWA CITY,52240,JOHNSON,1051010,IMPORTED BRANDIES,Moet Hennessy USA,64866,Hennessy VS,12,750,24.99,37.49,1,37.49,0.75
INV-201047,2026-02-06,5102,Corner Tap & Bottle,AMES,50010,,1031080,CANADIAN WHISKIES,Heaven Hill Brands,11788,Black Velvet,12,1750,9.75,14.63,4,58.52,7.00
INV-201048,2026-03-14,2501,  Hy-Vee #3 / BDI / Des Moines,DES MOINES,50313.0,POLK,1051010,IMPORTED BRANDIES,Moet Hennessy USA,64866,Hennessy VS,12,750,24.99,37.49,1,37.49,0.75
INV-201049,06/06/2026,2190,"Central City Liquor, Inc.",DES MOINES,50310,POLK,1031080,CANADIAN WHISKIES,Heaven Hill Brands,11788,Black Velvet,12,1750,9.75 ,14.63 ,3,43.89 ,5.25
INV-201050,06/21/2026,5102,Corner Tap & Bottle,AMES,50010,STORY,1031080,CANADIAN WHISKIES,Heaven Hill Brands,11788,Black Velvet,12,1750,9.75 ,14.63 ,1,14.63 ,1.75
INV-201051,07/12/2026,2633,Hometown Foods,CEDAR RAPIDS,52402,LINN,1051010,IMPORTED BRANDIES,Moet Hennessy USA,64866,Hennessy VS,12,750,24.99,37.49,2,74.98,1.50
INV-201052,07/12/2026,2190,"CENTRAL CITY LIQUOR, INC.",Des Moines,50310,POLK,1081900,WHISKEY LIQUEUR,Sazerac Company Inc,43336,Fireball Cinnamon Whiskey,12,750,8.25,12.38,2,24.76,1.50
INV-201053,2026-07-08,3385,Sam's Club 8162,DAVENPORT,52807,SCOTT,1031200,AMERICAN VODKAS,Fifth Generation Inc,26827,Tito's Handmade Vodka,12,750,$12.50,$18.75,10,$187.50,7.50
INV-201054,02/12/2026,5102,CORNER TAP & BOTTLE,AMES,50010,STORY,1041100,AMERICAN DRY GINS,Luxco Inc,35918,Five O'clock Gin,12,1750,8.99,13.49,2,26.98,3.50
INV-201055,2026-05-01,5102,Corner Tap & Bottle ,AMES,50010,STORY,1051010,IMPORTED BRANDIES,Moet Hennessy USA,64866,Hennessy VS,12,750,24.99,37.49,4,149.96,3.00
INV-201056,2026-05-26,4829,Casey's General Store #2879,ANKENY,50021,POLK,1051010,IMPORTED BRANDIES,Moet Hennessy USA,64866,Hennessy VS,12,750,$24.99,$37.49,2,$74.98,1.50
INV-201057,2026-07-04,2501,Hy-Vee #3 / BDI / Des Moines,DES MOINES,50313,POLK,1081600,,Regional Spirits Co,77779,Dusty Shelf Cordial,6,375,11.00,12.10,7,84.70,2.62
INV-201058,2026-03-16,2648,Wilkie Liquors ,IOWA CITY,52240,JOHNSON,1041100,AMERICAN DRY GINS,Luxco Inc,35918,Five O'clock Gin,12,1750,$8.99,$13.49,2,$26.98,3.50
INV-201059,24-Apr-2026,2501,HY-VEE #3 / BDI / DES MOINES,DES MOINES,50313,POLK,1041100,AMERICAN DRY GINS,Luxco Inc,35918,Five O'clock Gin,12,1750,8.99,13.49,1,13.49,1.75
INV-201060,05/01/2026,5102,Corner Tap & Bottle,AMES,50010,STORY,1041100,AMERICAN DRY GINS,Luxco Inc,35918,Five O'clock Gin,12,1750,8.99,13.49,1,13.49,1.75
INV-201061,19-Jul-2026,3385,SAM'S CLUB 8162,DAVENPORT,52807,SCOTT,1031080,CANADIAN WHISKIES,Heaven Hill Brands,11788,Black Velvet,12,1750,9.75,14.63,1,14.63,1.75
INV-201062,2026-07-02,2190,"Central City Liquor, Inc.",DES MOINES,50310,POLK,1051010,IMPORTED BRANDIES,Moet Hennessy USA,64866,Hennessy VS,12,750,24.99 ,37.49 ,4,149.96 ,3.00
INV-201063,2026-06-30,2190,"CENTRAL CITY LIQUOR, INC.",DES MOINES,50310,POLK,1031200,AMERICAN VODKAS,Fifth Generation Inc,26827,Tito's Handmade Vodka,12,750,12.50 ,18.75 ,5,93.75 ,3.75
INV-201064,2026-03-31,2501,HY-VEE #3 / BDI / DES MOINES,DES MOINES,50313,POLK,1031080,CANADIAN WHISKIES,Heaven Hill Brands,11788,Black Velvet,12,1750,9.75,14.63,2,29.26,3.50
INV-201065,2026-06-25,5102,Corner Tap & Bottle,AMES,50010,STORY,1081900,WHISKEY LIQUEUR,Sazerac Company Inc,43336,Fireball Cinnamon Whiskey,12,750,$8.25,$12.38,13,$160.94,9.75
INV-201066,2026-02-13,2633,  Hometown Foods,CEDAR RAPIDS,52402,LINN,1081900,WHISKEY LIQUEUR,Sazerac Company Inc,43336,Fireball Cinnamon Whiskey,12,750,8.25 ,12.38 ,10,123.80 ,7.50
INV-201067,03/24/2026,2648,Wilkie Liquors,IOWA CITY,52240,JOHNSON,1051010,IMPORTED BRANDIES,Moet Hennessy USA,64866,Hennessy VS,12,750,24.99 ,37.49 ,2,74.98 ,1.50
INV-201068,2026-03-11,2633,Hometown Foods,CEDAR RAPIDS,52402,LINN,1032080,IRISH WHISKIES,Pernod Ricard USA,19067,Jameson,12,750,17.99 ,26.99 ,7,188.93 ,5.25
INV-201069,08-Feb-2026,5102,Corner Tap & Bottle,AMES,50010,STORY,1031200,AMERICAN VODKAS,Sazerac Company Inc,36308,Mr Boston Vodka,12,1000,4.50,6.75,1,6.75,1.00
INV-201070,2026-05-30,2190,"Central City Liquor, Inc.",DES MOINES,50310.0,POLK,1031200,AMERICAN VODKAS,Fifth Generation Inc,26827,Tito's Handmade Vodka,12,750,12.50,18.75,6,112.50,4.50
INV-201071,18-May-2026,2648,WILKIE LIQUORS,IOWA CITY,52240,JOHNSON,1081900,WHISKEY LIQUEUR,Sazerac Company Inc,43336,Fireball Cinnamon Whiskey,12,750,8.25,12.38,2,24.76,1.50
INV-201072,2026-03-20,2501,HY-VEE #3 / BDI / DES MOINES,DES MOINES,50313,POLK,1081600,-,Regional Spirits Co,77779,Dusty Shelf Cordial,6,375,11.00 ,12.10 ,6,72.60 ,2.25
INV-201073,26-May-2026,5102,CORNER TAP & BOTTLE,AMES,50010,STORY,1031200,AMERICAN VODKAS,Fifth Generation Inc,26827,Tito's Handmade Vodka,12,750,12.50 ,18.75 ,4,75.00 ,3.00
INV-201074,2026-02-07,3385,Sam's Club 8162,DAVENPORT,52807,SCOTT,1051010,IMPORTED BRANDIES,Moet Hennessy USA,64866,Hennessy VS,12,750,24.99,37.49,1,37.49,0.75
INV-201075,06/18/2026,2633,Hometown Foods,CEDAR RAPIDS,52402.0,LINN,1081600,,Regional Spirits Co,77779,Dusty Shelf Cordial,6,375,11.00 ,12.10 ,4,48.40 ,1.50
INV-201076,04/12/2026,2501,Hy-Vee #3 / BDI / Des Moines,DES MOINES,50313,POLK,1032080,IRISH WHISKIES,Pernod Ricard USA,19067,Jameson,12,750,$17.99,$26.99,1,$26.99,0.75
INV-201077,2026-02-24,2633,Hometown Foods,CEDAR RAPIDS,52402,LINN,1031080,CANADIAN WHISKIES,Heaven Hill Brands,11788,Black Velvet,12,1750,9.75,14.63,1,14.63,1.75
INV-201078,2026-03-02,4829,Casey's General Store #2879,Ankeny,50021,POLK,1081600,N/A,Regional Spirits Co,77779,Dusty Shelf Cordial,6,375,11.00,12.10,3,36.30,1.12
INV-201079,2026-07-25,4829,CASEY'S GENERAL STORE #2879,ANKENY,50021,POLK,1051010,IMPORTED BRANDIES,Moet Hennessy USA,64866,Hennessy VS,12,750,$24.99,$37.49,1,$37.49,0.75
INV-201080,2026-02-21,4829,Casey's General Store #2879,ANKENY,50021,POLK,1051010,IMPORTED BRANDIES,Moet Hennessy USA,64866,Hennessy VS,12,750,24.99 ,37.49 ,2,74.98 ,1.50
INV-201081,2026-05-14,4829,CASEY'S GENERAL STORE #2879,ANKENY,50021.0,,1032080,IRISH WHISKIES,Pernod Ricard USA,19067,Jameson,12,750,17.99,26.99,2,53.98,1.50
INV-201082,03/21/2026,2190,"Central City Liquor, Inc.",DES MOINES,50310,,1041100,AMERICAN DRY GINS,Luxco Inc,35918,Five O'clock Gin,12,1750,8.99 ,13.49 ,13,175.37 ,22.75
INV-201083,25-Jun-2026,4829,Casey's General Store #2879,ANKENY,50021,POLK,1081600,N/A,Regional Spirits Co,77779,Dusty Shelf Cordial,6,375,$11.00,$12.10,2,$24.20,0.75
INV-201084,2026-07-10,4829,Casey's General Store #2879,ANKENY,50021,POLK,1041100,AMERICAN DRY GINS,Luxco Inc,35918,Five O'clock Gin,12,1750,8.99,13.49,1,13.49,1.75
INV-201085,2026-05-27,2190,"Central City Liquor, Inc.",Des Moines,50310,POLK,1081900,WHISKEY LIQUEUR,Sazerac Company Inc,43336,Fireball Cinnamon Whiskey,12,750,8.25,12.38,1,12.38,0.75
INV-201086,05/31/2026,4829,Casey's General Store #2879,ANKENY,50021,POLK,1031200,AMERICAN VODKAS,Fifth Generation Inc,26827,Tito's Handmade Vodka,12,750,$12.50,$18.75,2,$37.50,1.50
INV-201087,30-May-2026,2501,Hy-Vee #3 / BDI / Des Moines,DES MOINES,50313.0,POLK,1032080,IRISH WHISKIES,Pernod Ricard USA,19067,Jameson,12,750,17.99,26.99,10,269.90,7.50
INV-201088,07/13/2026,2633,Hometown Foods,CEDAR RAPIDS,52402,LINN,1051010,IMPORTED BRANDIES,Moet Hennessy USA,64866,Hennessy VS,12,750,,37.49,5,187.45,3.75
INV-201089,05/24/2026,2633,Hometown Foods,CEDAR RAPIDS,52402,LINN,1041100,AMERICAN DRY GINS,Luxco Inc,35918,Five O'clock Gin,12,1750,8.99,13.49,5,67.45,8.75
INV-201090,2026-07-05,3385,Sam's Club 8162,DAVENPORT,52807,SCOTT,1081900,WHISKEY LIQUEUR,Sazerac Company Inc,43336,Fireball Cinnamon Whiskey,12,750,8.25 ,12.38 ,6,74.28 ,4.50
INV-201091,2026-07-06,4829,Casey's General Store #2879,ANKENY,50021.0,POLK,1081900,WHISKEY LIQUEUR,Sazerac Company Inc,43336,Fireball Cinnamon Whiskey,12,750,8.25,12.38,4,49.52,3.00
INV-201092,2026-03-07,2648,Wilkie Liquors,IOWA CITY,52240.0,JOHNSON,1031200,AMERICAN VODKAS,Fifth Generation Inc,26827,Tito's Handmade Vodka,12,750,12.50,18.75,3,56.25,2.25
INV-201093,22-May-2026,3385,Sam's Club 8162,DAVENPORT,52807,SCOTT,1031080,CANADIAN WHISKIES,Heaven Hill Brands,11788,Black Velvet,12,1750,$9.75,$14.63,17,$248.71,29.75
INV-201094,2026-03-13,2648,Wilkie Liquors,IOWA CITY,52240,JOHNSON,1031200,AMERICAN VODKAS,Sazerac Company Inc,36308,Mr Boston Vodka,12,1000,,6.75,11,74.25,11.00
INV-201095,2026-03-12,2501,HY-VEE #3 / BDI / DES MOINES,DES MOINES,50313,POLK,1041100,AMERICAN DRY GINS,Luxco Inc,35918,Five O'clock Gin,12,1750,$8.99,$13.49,4,$53.96,7.00
INV-201096,2026-04-25,2633,Hometown Foods,CEDAR RAPIDS,52402,LINN,1031080,CANADIAN WHISKIES,Heaven Hill Brands,11788,Black Velvet,12,1750,9.75,14.63,1,14.63,1.75
INV-201097,2026-03-16,4829,CASEY'S GENERAL STORE #2879,ANKENY,50021.0,POLK,1031200,AMERICAN VODKAS,Fifth Generation Inc,26827,Tito's Handmade Vodka,12,750,12.50,18.75,1,18.75,0.75
INV-201098,2026-04-20,2648,WILKIE LIQUORS,IOWA CITY,52240,JOHNSON,1031200,AMERICAN VODKAS,Fifth Generation Inc,26827,Tito's Handmade Vodka,12,750,$12.50,$18.75,9,$168.75,6.75
INV-201099,04/29/2026,2633,Hometown Foods,CEDAR RAPIDS,52402,LINN,1081900,WHISKEY LIQUEUR,Sazerac Company Inc,43336,Fireball Cinnamon Whiskey,12,750,$8.25,$12.38,2,$24.76,1.50
INV-201100,03/17/2026,2501,Hy-Vee #3 / BDI / Des Moines,DES MOINES,50313,POLK,1081600,,Regional Spirits Co,77779,Dusty Shelf Cordial,6,375,$11.00,$12.10,2,$24.20,0.75
INV-201101,2026-06-09,2501,Hy-Vee #3 / BDI / Des Moines,DES MOINES,50313,POLK,1031080,CANADIAN WHISKIES,Heaven Hill Brands,11788,Black Velvet,12,1750,9.75 ,14.63 ,1,14.63 ,1.75
INV-201102,2026-07-28,3385,  Sam's Club 8162,DAVENPORT,52807,SCOTT,1031200,AMERICAN VODKAS,Sazerac Company Inc,36308,Mr Boston Vodka,12,1000,4.50,6.75,2,13.50,2.00
INV-201103,2026-02-24,2190,"Central City Liquor, Inc.",DES MOINES,50310,POLK,1032080,IRISH WHISKIES,Pernod Ricard USA,19067,Jameson,12,750,17.99,26.99,10,269.90,7.50
INV-201104,2026-05-08,5102,Corner Tap & Bottle,AMES,50010,,1041100,AMERICAN DRY GINS,Luxco Inc,35918,Five O'clock Gin,12,1750,8.99,13.49,4,53.96,7.00
INV-201105,2026-06-10,2648,Wilkie Liquors,IOWA CITY,52240,JOHNSON,1031080,CANADIAN WHISKIES,Heaven Hill Brands,11788,Black Velvet,12,1750,9.75,14.63,5,73.15,8.75
INV-201106,2026-05-04,4829,Casey's General Store #2879 ,ANKENY,50021.0,POLK,1041100,AMERICAN DRY GINS,Luxco Inc,35918,Five O'clock Gin,12,1750,8.99,13.49,6,80.94,10.50
INV-201107,2026-05-17,2633,Hometown Foods,CEDAR RAPIDS,52402,LINN,1051010,IMPORTED BRANDIES,Moet Hennessy USA,64866,Hennessy VS,12,750,24.99,37.49,1,37.49,0.75
INV-201108,2026-03-01,5102,Corner Tap & Bottle,AMES,50010,STORY,1081600,N/A,Regional Spirits Co,77779,Dusty Shelf Cordial,6,375,11.00 ,12.10 ,1,12.10 ,0.38
INV-201109,02/01/2026,2648,Wilkie Liquors,IOWA CITY,52240,JOHNSON,1051010,IMPORTED BRANDIES,Moet Hennessy USA,64866,Hennessy VS,12,750,24.99,37.49,11,412.39,8.25
INV-201110,2026-03-31,2648,Wilkie Liquors,IOWA CITY,52240,JOHNSON,1031200,AMERICAN VODKAS,Fifth Generation Inc,26827,Tito's Handmade Vodka,12,750,12.50,18.75,1,18.75,0.75
INV-201111,2026-07-22,2633,Hometown Foods,CEDAR RAPIDS,52402,LINN,1031200,AMERICAN VODKAS,Fifth Generation Inc,26827,Tito's Handmade Vodka,12,750,12.50,18.75,2,37.50,1.50
INV-201112,06/04/2026,3385,Sam's Club 8162,Davenport,52807,SCOTT,1081900,WHISKEY LIQUEUR,Sazerac Company Inc,43336,Fireball Cinnamon Whiskey,12,750,8.25,12.38,2,24.76,1.50
INV-201113,2026-05-31,5102,Corner Tap & Bottle,AMES,50010,STORY,1081600,N/A,Regional Spirits Co,77779,Dusty Shelf Cordial,6,375,$11.00,$12.10,15,$181.50,5.62
INV-201114,2026-07-05,2648,WILKIE LIQUORS,IOWA CITY,52240,JOHNSON,1031200,AMERICAN VODKAS,Sazerac Company Inc,36308,Mr Boston Vodka,12,1000,4.50,6.75,1,6.75,1.00
INV-201115,12-Jul-2026,2501,Hy-Vee #3 / BDI / Des Moines,DES MOINES,50313.0,POLK,1032080,IRISH WHISKIES,Pernod Ricard USA,19067,Jameson,12,750,17.99,26.99,1,26.99,0.75
INV-201116,2026-03-16,2190,"Central City Liquor, Inc.",DES MOINES,50310,POLK,1081900,WHISKEY LIQUEUR,Sazerac Company Inc,43336,Fireball Cinnamon Whiskey,12,750,8.25 ,12.38 ,4,49.52 ,3.00
INV-201117,03/03/2026,5102,Corner Tap & Bottle,AMES,50010,STORY,1031200,AMERICAN VODKAS,Fifth Generation Inc,26827,Tito's Handmade Vodka,12,750,12.50,18.75,1,18.75,0.75
INV-201118,05/14/2026,2190,"Central City Liquor, Inc.",DES MOINES,50310,POLK,1081600,N/A,Regional Spirits Co,77779,Dusty Shelf Cordial,6,375,11.00,12.10,17,205.70,6.38
INV-201119,2026-05-21,5102,Corner Tap & Bottle,AMES,50010,STORY,1032080,IRISH WHISKIES,Pernod Ricard USA,19067,Jameson,12,750,17.99,26.99,15,404.85,11.25
INV-201120,02/12/2026,2190,Central City Liquor INC,DES MOINES,50310,,1031200,AMERICAN VODKAS,Sazerac Company Inc,36308,Mr Boston Vodka,12,1000,4.50 ,6.75 ,18,121.50 ,18.00
INV-201121,06/06/2026,2633,Hometown Foods,CEDAR RAPIDS,52402,LINN,1031200,AMERICAN VODKAS,Fifth Generation Inc,26827,Tito's Handmade Vodka,12,750,12.50,18.75,15,281.25,11.25
INV-201122,20-Mar-2026,2648,Wilkie Liquors,IOWA CITY,52240,JOHNSON,1051010,IMPORTED BRANDIES,Moet Hennessy USA,64866,Hennessy VS,12,750,$24.99,$37.49,1,$37.49,0.75
INV-201123,2026-06-27,2501,Hy-Vee #3 / BDI / Des Moines ,DES MOINES,50313,POLK,1051010,IMPORTED BRANDIES,Moet Hennessy USA,64866,Hennessy VS,12,750,24.99,37.49,1,37.49,0.75
INV-201124,2026-06-20,2501,HY-VEE #3 / BDI / DES MOINES,Des Moines,50313,POLK,1081900,WHISKEY LIQUEUR,Sazerac Company Inc,43336,Fireball Cinnamon Whiskey,12,750,$8.25,$12.38,5,$61.90,3.75
INV-201125,22-Mar-2026,2501,  Hy-Vee #3 / BDI / Des Moines,DES MOINES,50313.0,POLK,1032080,IRISH WHISKIES,Pernod Ricard USA,19067,Jameson,12,750,17.99,26.99,1,26.99,0.75
INV-201126,2026-06-03,2501,Hy-Vee #3 / BDI / Des Moines,DES MOINES,50313,POLK,1031200,AMERICAN VODKAS,Sazerac Company Inc,36308,Mr Boston Vodka,12,1000,4.50 ,6.75 ,1,6.75 ,1.00
INV-201127,06/29/2026,2501,Hy-Vee #3 / BDI / Des Moines,DES MOINES,50313,POLK,1041100,AMERICAN DRY GINS,Luxco Inc,35918,Five O'clock Gin,12,1750,$8.99,$13.49,4,$53.96,7.00
INV-201128,03/19/2026,3385,  Sam's Club 8162,Davenport,52807,SCOTT,1031200,AMERICAN VODKAS,Fifth Generation Inc,26827,Tito's Handmade Vodka,12,750,$12.50,$18.75,9,$168.75,6.75
INV-201129,2026-04-19,5102,Corner Tap & Bottle,Ames,50010,STORY,1081600,-,Regional Spirits Co,77779,Dusty Shelf Cordial,6,375,11.00,12.10,1,12.10,0.38
INV-201130,06/20/2026,2648,WILKIE LIQUORS,IOWA CITY,52240,,1081600,,Regional Spirits Co,77779,Dusty Shelf Cordial,6,375,11.00,12.10,6,72.60,2.25
INV-201131,2026-06-20,2501,Hy-Vee #3 / BDI / Des Moines,DES MOINES,50313,POLK,1031200,AMERICAN VODKAS,Sazerac Company Inc,36308,Mr Boston Vodka,12,1000,4.50,6.75,11,74.25,11.00
INV-201132,2026-02-12,5102,Corner Tap & Bottle,AMES,50010,STORY,1031200,AMERICAN VODKAS,Fifth Generation Inc,26827,Tito's Handmade Vodka,12,750,12.50,18.75,2,37.50,1.50
INV-201133,06/15/2026,5102,Corner Tap & Bottle,AMES,50010,STORY,1081600,,Regional Spirits Co,77779,Dusty Shelf Cordial,6,375,11.00,12.10,8,96.80,3.00
INV-201134,05/21/2026,5102,CORNER TAP & BOTTLE,AMES,50010,STORY,1032080,IRISH WHISKIES,Pernod Ricard USA,19067,Jameson,12,750,17.99,26.99,6,161.94,4.50
INV-201135,2026-07-02,2190,"CENTRAL CITY LIQUOR, INC.",DES MOINES,50310.0,POLK,1081600,,Regional Spirits Co,77779,Dusty Shelf Cordial,6,375,,12.10,8,96.80,3.00
INV-201136,07/20/2026,2648,Wilkie Liquors,IOWA CITY,52240,JOHNSON,1032080,IRISH WHISKIES,Pernod Ricard USA,19067,Jameson,12,750,17.99,26.99,2,53.98,1.50
INV-201137,06-Feb-2026,4829,Casey's General Store #2879,Ankeny,50021,POLK,1081600,N/A,Regional Spirits Co,77779,Dusty Shelf Cordial,6,375,11.00,12.10,3,36.30,1.12
INV-201138,2026-04-13,3385,Sam's Club 8162,DAVENPORT,52807,SCOTT,1081900,WHISKEY LIQUEUR,Sazerac Company Inc,43336,Fireball Cinnamon Whiskey,12,750,8.25,12.38,1,12.38,0.75
INV-201139,05/12/2026,2190,"Central City Liquor, Inc.",DES MOINES,50310,POLK,1041100,AMERICAN DRY GINS,Luxco Inc,35918,Five O'clock Gin,12,1750,8.99,13.49,2,26.98,3.50
INV-201140,02-May-2026,4829,Casey's General Store #2879,ANKENY,50021,POLK,1041100,AMERICAN DRY GINS,Luxco Inc,35918,Five O'clock Gin,12,1750,8.99,13.49,8,107.92,14.00
INV-201141,2026-07-10,3385,Sam's Club 8162,DAVENPORT,52807,SCOTT,1031200,AMERICAN VODKAS,Sazerac Company Inc,36308,Mr Boston Vodka,12,1000,4.50,6.75,8,54.00,8.00
INV-201142,04/24/2026,2633,Hometown Foods,CEDAR RAPIDS,52402,LINN,1041100,AMERICAN DRY GINS,Luxco Inc,35918,Five O'clock Gin,12,1750,8.99,13.49,3,40.47,5.25
INV-201143,12-May-2026,2633,HOMETOWN FOODS,CEDAR RAPIDS,52402,LINN,1032080,IRISH WHISKIES,Pernod Ricard USA,19067,Jameson,12,750,17.99,26.99,8,215.92,6.00
INV-201144,04/01/2026,5102,Corner Tap & Bottle ,AMES,50010.0,STORY,1031080,CANADIAN WHISKIES,Heaven Hill Brands,11788,Black Velvet,12,1750,9.75,14.63,2,29.26,3.50
INV-201145,02/25/2026,2501,Hy-Vee #3 / BDI / Des Moines,DES MOINES,50313,POLK,1031200,AMERICAN VODKAS,Fifth Generation Inc,26827,Tito's Handmade Vodka,12,750,12.50,18.75,1,18.75,0.75
INV-201146,2026-04-17,2501,  Hy-Vee #3 / BDI / Des Moines,DES MOINES,50313,POLK,1031200,AMERICAN VODKAS,Sazerac Company Inc,36308,Mr Boston Vodka,12,1000,4.50 ,6.75 ,3,20.25 ,3.00
INV-201147,2026-02-12,2190,Central City Liquor INC,DES MOINES,50310,POLK,1031200,AMERICAN VODKAS,Fifth Generation Inc,26827,Tito's Handmade Vodka,12,750,12.50,18.75,1,18.75,0.75
INV-201148,2026-05-02,2190,"Central City Liquor, Inc.",DES MOINES,50310,,1031080,CANADIAN WHISKIES,Heaven Hill Brands,11788,Black Velvet,12,1750,9.75,14.63,1,14.63,1.75
INV-201149,05/12/2026,4829,Casey's General Store #2879,ANKENY,50021,POLK,1051010,IMPORTED BRANDIES,Moet Hennessy USA,64866,Hennessy VS,12,750,$24.99,$37.49,1,$37.49,0.75
INV-201150,17-Jul-2026,5102,Corner Tap & Bottle,AMES,50010,STORY,1081600,-,Regional Spirits Co,77779,Dusty Shelf Cordial,6,375,11.00,12.10,3,36.30,1.12
INV-201151,2026-04-07,2648,WILKIE LIQUORS,IOWA CITY,52240,JOHNSON,1081900,WHISKEY LIQUEUR,Sazerac Company Inc,43336,Fireball Cinnamon Whiskey,12,750,8.25,12.38,7,86.66,5.25
INV-201152,10-Mar-2026,2633,Hometown Foods,CEDAR RAPIDS,52402,LINN,1051010,IMPORTED BRANDIES,Moet Hennessy USA,64866,Hennessy VS,12,750,24.99 ,37.49 ,1,37.49 ,0.75
INV-201153,2026-07-14,3385,Sam's Club 8162,DAVENPORT,52807,SCOTT,1031200,AMERICAN VODKAS,Fifth Generation Inc,26827,Tito's Handmade Vodka,12,750,12.50,18.75,14,262.50,10.50
INV-201154,2026-06-08,2633,Hometown Foods,CEDAR RAPIDS,52402.0,LINN,1032080,IRISH WHISKIES,Pernod Ricard USA,19067,Jameson,12,750,17.99,26.99,4,107.96,3.00
INV-201155,05-Jun-2026,2648,Wilkie Liquors,IOWA CITY,52240.0,JOHNSON,1032080,IRISH WHISKIES,Pernod Ricard USA,19067,Jameson,12,750,17.99,26.99,5,134.95,3.75
INV-201156,02/06/2026,2633,Hometown Foods,CEDAR RAPIDS,52402,LINN,1081600,,Regional Spirits Co,77779,Dusty Shelf Cordial,6,375,$11.00,$12.10,3,$36.30,1.12
INV-201157,02/23/2026,3385,  Sam's Club 8162,DAVENPORT,52807,SCOTT,1081900,WHISKEY LIQUEUR,Sazerac Company Inc,43336,Fireball Cinnamon Whiskey,12,750,8.25,12.38,3,37.14,2.25
INV-201158,07/03/2026,2190,"Central City Liquor, Inc.",Des Moines,50310,POLK,1031200,AMERICAN VODKAS,Fifth Generation Inc,26827,Tito's Handmade Vodka,12,750,12.50 ,18.75 ,2,37.50 ,1.50
INV-201159,04/28/2026,2633,HOMETOWN FOODS,CEDAR RAPIDS,52402,LINN,1031200,AMERICAN VODKAS,Sazerac Company Inc,36308,Mr Boston Vodka,12,1000,4.50,6.75,1,6.75,1.00
INV-201160,05/03/2026,2648,Wilkie Liquors,IOWA CITY,52240,JOHNSON,1031080,CANADIAN WHISKIES,Heaven Hill Brands,11788,Black Velvet,12,1750,$9.75,$14.63,1,$14.63,1.75
INV-201161,05/07/2026,2648,Wilkie Liquors,IOWA CITY,52240.0,JOHNSON,1031080,CANADIAN WHISKIES,Heaven Hill Brands,11788,Black Velvet,12,1750,9.75,14.63,1,14.63,1.75
INV-201162,2026-03-07,4829,Casey's General Store #2879,ANKENY,50021,POLK,1031200,AMERICAN VODKAS,Fifth Generation Inc,26827,Tito's Handmade Vodka,12,750,$12.50,$18.75,8,$150.00,6.00
INV-201163,2026-04-03,2648,Wilkie Liquors,IOWA CITY,52240,JOHNSON,1031200,AMERICAN VODKAS,Sazerac Company Inc,36308,Mr Boston Vodka,12,1000,4.50,6.75,1,6.75,1.00
INV-201164,2026-05-17,2501,  Hy-Vee #3 / BDI / Des Moines,DES MOINES,50313,POLK,1051010,IMPORTED BRANDIES,Moet Hennessy USA,64866,Hennessy VS,12,750,24.99,37.49,2,74.98,1.50
INV-201165,2026-03-04,2633,Hometown Foods,CEDAR RAPIDS,52402,LINN,1032080,IRISH WHISKIES,Pernod Ricard USA,19067,Jameson,12,750,17.99 ,26.99 ,1,26.99 ,0.75
INV-201166,19-Jul-2026,2633,Hometown Foods,Cedar Rapids,52402,LINN,1051010,IMPORTED BRANDIES,Moet Hennessy USA,64866,Hennessy VS,12,750,24.99 ,37.49 ,1,37.49 ,0.75
INV-201167,10-Feb-2026,5102,Corner Tap & Bottle,AMES,50010,STORY,1041100,AMERICAN DRY GINS,Luxco Inc,35918,Five O'clock Gin,12,1750,,13.49,3,40.47,5.25
INV-201168,2026-07-15,2190,"Central City Liquor, Inc.",DES MOINES,50310,POLK,1081900,WHISKEY LIQUEUR,Sazerac Company Inc,43336,Fireball Cinnamon Whiskey,12,750,8.25,12.38,1,12.38,0.75
INV-201169,05/19/2026,4829,Casey's General Store #2879,ANKENY,50021,POLK,1051010,IMPORTED BRANDIES,Moet Hennessy USA,64866,Hennessy VS,12,750,$24.99,$37.49,1,$37.49,0.75
INV-201170,06/22/2026,4829,Casey's General Store #2879,ANKENY,50021.0,POLK,1031200,AMERICAN VODKAS,Fifth Generation Inc,26827,Tito's Handmade Vodka,12,750,12.50,18.75,1,18.75,0.75
INV-201171,2026-07-11,5102,  Corner Tap & Bottle,AMES,50010.0,STORY,1031200,AMERICAN VODKAS,Sazerac Company Inc,36308,Mr Boston Vodka,12,1000,4.50,6.75,1,6.75,1.00
INV-201172,14-Jul-2026,2501,Hy-Vee #3 / BDI / Des Moines,DES MOINES,50313,POLK,1081900,WHISKEY LIQUEUR,Sazerac Company Inc,43336,Fireball Cinnamon Whiskey,12,750,8.25,12.38,1,12.38,0.75
INV-201173,2026-03-11,2190,"CENTRAL CITY LIQUOR, INC.",DES MOINES,50310,POLK,1081600,,Regional Spirits Co,77779,Dusty Shelf Cordial,6,375,11.00,12.10,1,12.10,0.38
INV-201174,07/19/2026,2633,Hometown Foods,CEDAR RAPIDS,52402,,1051010,IMPORTED BRANDIES,Moet Hennessy USA,64866,Hennessy VS,12,750,24.99 ,37.49 ,8,299.92 ,6.00
INV-201175,03/25/2026,4829,Casey's General Store #2879,ANKENY,50021,POLK,1051010,IMPORTED BRANDIES,Moet Hennessy USA,64866,Hennessy VS,12,750,24.99,37.49,2,74.98,1.50
INV-201176,2026-05-29,2648,WILKIE LIQUORS,IOWA CITY,52240,JOHNSON,1031200,AMERICAN VODKAS,Sazerac Company Inc,36308,Mr Boston Vodka,12,1000,4.50,6.75,1,6.75,1.00
INV-201177,09-May-2026,2501,Hy-Vee #3 / BDI / Des Moines,DES MOINES,50313,POLK,1081600,N/A,Regional Spirits Co,77779,Dusty Shelf Cordial,6,375,11.00,12.10,1,12.10,0.38
INV-201178,14-Apr-2026,5102,Corner Tap & Bottle,AMES,50010,STORY,1081900,WHISKEY LIQUEUR,Sazerac Company Inc,43336,Fireball Cinnamon Whiskey,12,750,8.25,12.38,1,12.38,0.75
INV-201179,04/25/2026,2648,Wilkie Liquors,IOWA CITY,52240,JOHNSON,1031200,AMERICAN VODKAS,Sazerac Company Inc,36308,Mr Boston Vodka,12,1000,4.50,6.75,6,40.50,6.00
INV-201180,30-Jan-2026,2501,Hy-Vee #3 / BDI / Des Moines,DES MOINES,50313.0,POLK,1041100,AMERICAN DRY GINS,Luxco Inc,35918,Five O'clock Gin,12,1750,8.99 ,13.49 ,1,13.49 ,1.75
INV-201181,2026-05-04,2633,Hometown Foods,CEDAR RAPIDS,52402.0,LINN,1081900,WHISKEY LIQUEUR,Sazerac Company Inc,43336,Fireball Cinnamon Whiskey,12,750,$8.25,$12.38,1,$12.38,0.75
INV-201182,03/08/2026,5102,CORNER TAP & BOTTLE,Ames,50010,STORY,1031080,CANADIAN WHISKIES,Heaven Hill Brands,11788,Black Velvet,12,1750,9.75,14.63,3,43.89,5.25
INV-201183,2026-07-18,3385,Sam's Club 8162,DAVENPORT,52807,SCOTT,1081900,WHISKEY LIQUEUR,Sazerac Company Inc,43336,Fireball Cinnamon Whiskey,12,750,8.25,12.38,1,12.38,0.75
INV-201184,06/07/2026,4829,CASEY'S GENERAL STORE #2879,ANKENY,50021,POLK,1041100,AMERICAN DRY GINS,Luxco Inc,35918,Five O'clock Gin,12,1750,8.99 ,13.49 ,1,13.49 ,1.75
INV-201185,06-Apr-2026,3385,Sam's Club 8162,DAVENPORT,52807,SCOTT,1051010,IMPORTED BRANDIES,Moet Hennessy USA,64866,Hennessy VS,12,750,24.99 ,37.49 ,1,37.49 ,0.75
INV-201186,2026-06-26,5102,CORNER TAP & BOTTLE,AMES,50010,STORY,1081600,N/A,Regional Spirits Co,77779,Dusty Shelf Cordial,6,375,11.00 ,12.10 ,8,96.80 ,3.00
INV-201187,2026-04-24,2501,Hy-Vee #3 / BDI / Des Moines,DES MOINES,50313,POLK,1031200,AMERICAN VODKAS,Sazerac Company Inc,36308,Mr Boston Vodka,12,1000,$4.50,$6.75,12,$81.00,12.00
INV-201188,2026-04-28,2648,Wilkie Liquors,IOWA CITY,52240.0,JOHNSON,1081600,-,Regional Spirits Co,77779,Dusty Shelf Cordial,6,375,11.00 ,12.10 ,5,60.50 ,1.88
INV-201189,05/21/2026,3385,Sam's Club 8162,DAVENPORT,52807,SCOTT,1031080,CANADIAN WHISKIES,Heaven Hill Brands,11788,Black Velvet,12,1750,9.75 ,14.63 ,13,190.19 ,22.75
INV-201190,02/03/2026,2190,Central City Liquor INC,DES MOINES,50310,POLK,1031080,CANADIAN WHISKIES,Heaven Hill Brands,11788,Black Velvet,12,1750,9.75,14.63,3,43.89,5.25
INV-201191,2026-07-09,2648,Wilkie Liquors,IOWA CITY,52240,JOHNSON,1032080,IRISH WHISKIES,Pernod Ricard USA,19067,Jameson,12,750,17.99 ,26.99 ,2,53.98 ,1.50
INV-201192,08-Apr-2026,2633,Hometown Foods,CEDAR RAPIDS,52402,LINN,1051010,IMPORTED BRANDIES,Moet Hennessy USA,64866,Hennessy VS,12,750,24.99 ,37.49 ,1,37.49 ,0.75
INV-201193,2026-03-17,2190,"Central City Liquor, Inc.",Des Moines,50310,,1031200,AMERICAN VODKAS,Sazerac Company Inc,36308,Mr Boston Vodka,12,1000,4.50,6.75,4,27.00,4.00
INV-201194,07/15/2026,2633,  Hometown Foods,CEDAR RAPIDS,52402,LINN,1031200,AMERICAN VODKAS,Fifth Generation Inc,26827,Tito's Handmade Vodka,12,750,$12.50,$18.75,9,$168.75,6.75
INV-201195,2026-03-17,3385,Sam's Club 8162,DAVENPORT,52807,SCOTT,1032080,IRISH WHISKIES,Pernod Ricard USA,19067,Jameson,12,750,$17.99,$26.99,4,$107.96,3.00
INV-201196,2026-02-25,3385,SAM'S CLUB 8162,DAVENPORT,52807,SCOTT,1032080,IRISH WHISKIES,Pernod Ricard USA,19067,Jameson,12,750,$17.99,$26.99,5,$134.95,3.75
INV-201197,2026-04-21,2501,Hy-Vee #3 / BDI / Des Moines,DES MOINES,50313,POLK,1081600,N/A,Regional Spirits Co,77779,Dusty Shelf Cordial,6,375,11.00,12.10,1,12.10,0.38
INV-201198,05/24/2026,2633,Hometown Foods,CEDAR RAPIDS,52402.0,LINN,1051010,IMPORTED BRANDIES,Moet Hennessy USA,64866,Hennessy VS,12,750,24.99,37.49,3,112.47,2.25
INV-201199,05/06/2026,2648,Wilkie Liquors,IOWA CITY,52240,JOHNSON,1031080,CANADIAN WHISKIES,Heaven Hill Brands,11788,Black Velvet,12,1750,9.75,14.63,10,146.30,17.50
INV-201200,2026-01-31,2633,Hometown Foods,CEDAR RAPIDS,52402,,1081600,,Regional Spirits Co,77779,Dusty Shelf Cordial,6,375,11.00,12.10,5,60.50,1.88
INV-201201,2026-02-07,2633,Hometown Foods ,Cedar Rapids,52402,LINN,1081600,N/A,Regional Spirits Co,77779,Dusty Shelf Cordial,6,375,11.00,12.10,8,96.80,3.00
INV-201202,11-May-2026,2633,Hometown Foods,CEDAR RAPIDS,52402,LINN,1031200,AMERICAN VODKAS,Sazerac Company Inc,36308,Mr Boston Vodka,12,1000,$4.50,$6.75,3,$20.25,3.00
INV-201203,07/22/2026,4829,CASEY'S GENERAL STORE #2879,Ankeny,50021,POLK,1051010,IMPORTED BRANDIES,Moet Hennessy USA,64866,Hennessy VS,12,750,24.99 ,37.49 ,14,524.86 ,10.50
INV-201204,2026-06-28,2501,Hy-Vee #3 / BDI / Des Moines,Des Moines,50313,POLK,1031200,AMERICAN VODKAS,Fifth Generation Inc,26827,Tito's Handmade Vodka,12,750,12.50 ,18.75 ,6,112.50 ,4.50
INV-201205,04-Feb-2026,2633,Hometown Foods,CEDAR RAPIDS,52402,LINN,1031080,CANADIAN WHISKIES,Heaven Hill Brands,11788,Black Velvet,12,1750,9.75,14.63,4,58.52,7.00
INV-201206,06-Mar-2026,2501,HY-VEE #3 / BDI / DES MOINES,DES MOINES,50313,POLK,1031080,CANADIAN WHISKIES,Heaven Hill Brands,11788,Black Velvet,12,1750,9.75,14.63,1,14.63,1.75
INV-201207,2026-05-27,2648,Wilkie Liquors,IOWA CITY,52240,JOHNSON,1051010,IMPORTED BRANDIES,Moet Hennessy USA,64866,Hennessy VS,12,750,24.99,37.49,2,74.98,1.50
INV-201208,16-Mar-2026,2190,"Central City Liquor, Inc.",DES MOINES,50310,POLK,1081900,WHISKEY LIQUEUR,Sazerac Company Inc,43336,Fireball Cinnamon Whiskey,12,750,$8.25,$12.38,2,$24.76,1.50
INV-201209,06/27/2026,4829,  Casey's General Store #2879,ANKENY,50021,POLK,1051010,IMPORTED BRANDIES,Moet Hennessy USA,64866,Hennessy VS,12,750,24.99,37.49,5,187.45,3.75
INV-201210,2026-03-20,2633,Hometown Foods,CEDAR RAPIDS,52402,LINN,1051010,IMPORTED BRANDIES,Moet Hennessy USA,64866,Hennessy VS,12,750,24.99,37.49,4,149.96,3.00
INV-201211,07/26/2026,5102,CORNER TAP & BOTTLE,AMES,50010,STORY,1031200,AMERICAN VODKAS,Sazerac Company Inc,36308,Mr Boston Vodka,12,1000,4.50,6.75,1,6.75,1.00
INV-201212,2026-07-12,4829,CASEY'S GENERAL STORE #2879,ANKENY,50021,POLK,1031080,CANADIAN WHISKIES,Heaven Hill Brands,11788,Black Velvet,12,1750,$9.75,$14.63,3,$43.89,5.25
INV-201213,24-Jun-2026,5102,Corner Tap & Bottle,AMES,50010,STORY,1031080,CANADIAN WHISKIES,Heaven Hill Brands,11788,Black Velvet,12,1750,9.75,14.63,1,14.63,1.75
INV-201214,2026-06-19,5102,CORNER TAP & BOTTLE,AMES,50010,STORY,1081900,WHISKEY LIQUEUR,Sazerac Company Inc,43336,Fireball Cinnamon Whiskey,12,750,8.25,12.38,2,24.76,1.50
INV-201215,2026-04-02,2633,HOMETOWN FOODS,CEDAR RAPIDS,52402,LINN,1081600,N/A,Regional Spirits Co,77779,Dusty Shelf Cordial,6,375,11.00,12.10,1,12.10,0.38
INV-201216,2026-02-17,3385,Sam's Club 8162,DAVENPORT,52807,SCOTT,1041100,AMERICAN DRY GINS,Luxco Inc,35918,Five O'clock Gin,12,1750,8.99,13.49,3,40.47,5.25
INV-201217,2026-03-12,5102,  Corner Tap & Bottle,Ames,50010.0,STORY,1032080,IRISH WHISKIES,Pernod Ricard USA,19067,Jameson,12,750,17.99,26.99,1,26.99,0.75
INV-201218,2026-03-07,3385,Sam's Club 8162,DAVENPORT,52807,SCOTT,1081600,-,Regional Spirits Co,77779,Dusty Shelf Cordial,6,375,11.00,12.10,4,48.40,1.50
INV-201219,02/21/2026,2501,Hy-Vee #3 / BDI / Des Moines,Des Moines,50313,POLK,1031200,AMERICAN VODKAS,Fifth Generation Inc,26827,Tito's Handmade Vodka,12,750,12.50 ,18.75 ,1,18.75 ,0.75
INV-201220,19-Apr-2026,5102,Corner Tap & Bottle,AMES,50010,STORY,1081900,WHISKEY LIQUEUR,Sazerac Company Inc,43336,Fireball Cinnamon Whiskey,12,750,8.25,12.38,1,12.38,0.75
INV-201221,06/15/2026,4829,Casey's General Store #2879,ANKENY,50021,POLK,1031200,AMERICAN VODKAS,Fifth Generation Inc,26827,Tito's Handmade Vodka,12,750,$12.50,$18.75,2,$37.50,1.50
INV-201222,2026-07-04,3385,  Sam's Club 8162,DAVENPORT,52807,SCOTT,1032080,IRISH WHISKIES,Pernod Ricard USA,19067,Jameson,12,750,17.99,26.99,1,26.99,0.75
INV-201223,05/10/2026,2501,Hy-Vee #3 / BDI / Des Moines,DES MOINES,50313,POLK,1031080,CANADIAN WHISKIES,Heaven Hill Brands,11788,Black Velvet,12,1750,9.75 ,14.63 ,1,14.63 ,1.75
INV-201224,05/26/2026,2190,"Central City Liquor, Inc.",DES MOINES,50310,POLK,1081600,N/A,Regional Spirits Co,77779,Dusty Shelf Cordial,6,375,11.00 ,12.10 ,8,96.80 ,3.00
INV-201225,2026-04-01,5102,CORNER TAP & BOTTLE,AMES,50010,STORY,1081600,,Regional Spirits Co,77779,Dusty Shelf Cordial,6,375,$11.00,$12.10,1,$12.10,0.38
INV-201226,22-Apr-2026,2633,HOMETOWN FOODS,CEDAR RAPIDS,52402.0,LINN,1031080,CANADIAN WHISKIES,Heaven Hill Brands,11788,Black Velvet,12,1750,9.75,14.63,8,117.04,14.00
INV-201227,2026-07-08,2190,"Central City Liquor, Inc.",DES MOINES,50310,POLK,1032080,IRISH WHISKIES,Pernod Ricard USA,19067,Jameson,12,750,$17.99,$26.99,6,$161.94,4.50
INV-201228,03/30/2026,2501,Hy-Vee #3 / BDI / Des Moines,DES MOINES,50313,POLK,1031080,CANADIAN WHISKIES,Heaven Hill Brands,11788,Black Velvet,12,1750,$9.75,$14.63,5,$73.15,8.75
INV-201229,2026-02-24,4829,Casey's General Store #2879,ANKENY,50021,POLK,1041100,AMERICAN DRY GINS,Luxco Inc,35918,Five O'clock Gin,12,1750,8.99,13.49,1,13.49,1.75
INV-201230,2026-04-05,2633,HOMETOWN FOODS,CEDAR RAPIDS,52402,LINN,1031200,AMERICAN VODKAS,Sazerac Company Inc,36308,Mr Boston Vodka,12,1000,4.50,6.75,8,54.00,8.00
INV-201231,07/01/2026,3385,Sam's Club 8162,DAVENPORT,52807,SCOTT,1031200,AMERICAN VODKAS,Fifth Generation Inc,26827,Tito's Handmade Vodka,12,750,$12.50,$18.75,1,$18.75,0.75
INV-201232,2026-05-14,2501,Hy-Vee #3 / BDI / Des Moines ,DES MOINES,50313,POLK,1031200,AMERICAN VODKAS,Fifth Generation Inc,26827,Tito's Handmade Vodka,12,750,12.50,18.75,1,18.75,0.75
INV-201233,2026-07-16,4829,CASEY'S GENERAL STORE #2879,ANKENY,50021.0,POLK,1031200,AMERICAN VODKAS,Fifth Generation Inc,26827,Tito's Handmade Vodka,12,750,12.50,18.75,3,56.25,2.25
INV-201234,2026-05-02,2190,"Central City Liquor, Inc.",DES MOINES,50310,POLK,1081600,N/A,Regional Spirits Co,77779,Dusty Shelf Cordial,6,375,11.00 ,12.10 ,1,12.10 ,0.38
INV-201235,2026-04-05,5102,Corner Tap & Bottle,AMES,50010,,1081600,N/A,Regional Spirits Co,77779,Dusty Shelf Cordial,6,375,11.00,12.10,1,12.10,0.38
INV-201236,05/19/2026,2648,Wilkie Liquors,IOWA CITY,52240,JOHNSON,1041100,AMERICAN DRY GINS,Luxco Inc,35918,Five O'clock Gin,12,1750,8.99,13.49,8,107.92,14.00
INV-201237,04/11/2026,4829,Casey's General Store #2879,ANKENY,50021,POLK,1032080,IRISH WHISKIES,Pernod Ricard USA,19067,Jameson,12,750,$17.99,$26.99,10,$269.90,7.50
INV-201238,2026-07-02,2648,WILKIE LIQUORS,IOWA CITY,52240.0,JOHNSON,1031200,AMERICAN VODKAS,Sazerac Company Inc,36308,Mr Boston Vodka,12,1000,4.50,6.75,3,20.25,3.00
INV-201239,03/30/2026,2648,  Wilkie Liquors,Iowa City,52240,JOHNSON,1031200,AMERICAN VODKAS,Sazerac Company Inc,36308,Mr Boston Vodka,12,1000,4.50,6.75,1,6.75,1.00
INV-201240,2026-03-15,2501,Hy-Vee #3 / BDI / Des Moines,DES MOINES,50313,POLK,1031200,AMERICAN VODKAS,Sazerac Company Inc,36308,Mr Boston Vodka,12,1000,4.50,6.75,2,13.50,2.00
INV-201241,06/09/2026,5102,Corner Tap & Bottle,AMES,50010,STORY,1041100,AMERICAN DRY GINS,Luxco Inc,35918,Five O'clock Gin,12,1750,8.99 ,13.49 ,1,13.49 ,1.75
INV-201242,2026-04-19,2633,HOMETOWN FOODS,CEDAR RAPIDS,52402,LINN,1081900,WHISKEY LIQUEUR,Sazerac Company Inc,43336,Fireball Cinnamon Whiskey,12,750,$8.25,$12.38,1,$12.38,0.75
INV-201243,02/20/2026,2190,Central City Liquor INC,DES MOINES,50310,POLK,1031200,AMERICAN VODKAS,Sazerac Company Inc,36308,Mr Boston Vodka,12,1000,4.50,6.75,3,20.25,3.00
INV-201244,2026-06-27,2633,Hometown Foods,CEDAR RAPIDS,52402,LINN,1051010,IMPORTED BRANDIES,Moet Hennessy USA,64866,Hennessy VS,12,750,24.99,37.49,5,187.45,3.75
INV-201245,2026-03-24,2501,HY-VEE #3 / BDI / DES MOINES,DES MOINES,50313,POLK,1032080,IRISH WHISKIES,Pernod Ricard USA,19067,Jameson,12,750,17.99,26.99,1,26.99,0.75
INV-201246,2026-06-18,4829,Casey's General Store #2879,ANKENY,50021,POLK,1031200,AMERICAN VODKAS,Sazerac Company Inc,36308,Mr Boston Vodka,12,1000,4.50 ,6.75 ,1,6.75 ,1.00
INV-201247,2026-03-01,2501,Hy-Vee #3 / BDI / Des Moines,DES MOINES,50313,POLK,1081900,WHISKEY LIQUEUR,Sazerac Company Inc,43336,Fireball Cinnamon Whiskey,12,750,8.25,12.38,4,49.52,3.00
INV-201248,02/13/2026,2190,"Central City Liquor, Inc.",DES MOINES,50310.0,POLK,1081600,,Regional Spirits Co,77779,Dusty Shelf Cordial,6,375,11.00,12.10,1,12.10,0.38
INV-201249,2026-05-03,2648,Wilkie Liquors,Iowa City,52240,JOHNSON,1032080,IRISH WHISKIES,Pernod Ricard USA,19067,Jameson,12,750,$17.99,$26.99,3,$80.97,2.25
INV-201250,04/07/2026,4829,Casey's General Store #2879,ANKENY,50021,POLK,1081900,WHISKEY LIQUEUR,Sazerac Company Inc,43336,Fireball Cinnamon Whiskey,12,750,8.25,12.38,11,136.18,8.25
INV-201251,04/24/2026,3385,Sam's Club 8162,DAVENPORT,52807,SCOTT,1081600,-,Regional Spirits Co,77779,Dusty Shelf Cordial,6,375,11.00,12.10,-1,-12.10,-0.38
INV-201252,02/15/2026,2501,  Hy-Vee #3 / BDI / Des Moines,DES MOINES,50313,POLK,1031200,AMERICAN VODKAS,Fifth Generation Inc,26827,Tito's Handmade Vodka,12,750,12.50,18.75,1,18.75,0.75
INV-201253,2026-07-06,4829,Casey's General Store #2879,ANKENY,50021,POLK,1031200,AMERICAN VODKAS,Fifth Generation Inc,26827,Tito's Handmade Vodka,12,750,12.50,18.75,3,56.25,2.25
INV-201254,06/15/2026,2633,Hometown Foods,CEDAR RAPIDS,52402,LINN,1081900,WHISKEY LIQUEUR,Sazerac Company Inc,43336,Fireball Cinnamon Whiskey,12,750,$8.25,$12.38,1,$12.38,0.75
INV-201255,13-Jun-2026,3385,SAM'S CLUB 8162,DAVENPORT,52807,SCOTT,1051010,IMPORTED BRANDIES,Moet Hennessy USA,64866,Hennessy VS,12,750,24.99 ,37.49 ,1,37.49 ,0.75
INV-201256,07/10/2026,2501,Hy-Vee #3 / BDI / Des Moines,DES MOINES,50313,POLK,1031080,CANADIAN WHISKIES,Heaven Hill Brands,11788,Black Velvet,12,1750,9.75,14.63,2,29.26,3.50
INV-201257,2026-05-24,2633,Hometown Foods,CEDAR RAPIDS,52402,LINN,1031200,AMERICAN VODKAS,Fifth Generation Inc,26827,Tito's Handmade Vodka,12,750,12.50,18.75,6,112.50,4.50
INV-201258,04/13/2026,2648,WILKIE LIQUORS,IOWA CITY,52240,JOHNSON,1041100,AMERICAN DRY GINS,Luxco Inc,35918,Five O'clock Gin,12,1750,8.99,13.49,1,13.49,1.75
INV-201259,2026-06-04,2633,Hometown Foods,CEDAR RAPIDS,52402,LINN,1051010,IMPORTED BRANDIES,Moet Hennessy USA,64866,Hennessy VS,12,750,24.99,37.49,1,37.49,0.75
INV-201260,2026-07-21,4829,Casey's General Store #2879,ANKENY,50021,,1032080,IRISH WHISKIES,Pernod Ricard USA,19067,Jameson,12,750,$17.99,$26.99,1,$26.99,0.75
INV-201261,2026-03-01,5102,Corner Tap & Bottle,AMES,50010,STORY,1031200,AMERICAN VODKAS,Fifth Generation Inc,26827,Tito's Handmade Vodka,12,750,12.50,18.75,1,18.75,0.75
INV-201262,29-Mar-2026,5102,Corner Tap and Bottle,AMES,50010,STORY,1041100,AMERICAN DRY GINS,Luxco Inc,35918,Five O'clock Gin,12,1750,$8.99,$13.49,3,$40.47,5.25
INV-201263,05/06/2026,4829,Casey's General Store #2879,ANKENY,50021,POLK,1031200,AMERICAN VODKAS,Sazerac Company Inc,36308,Mr Boston Vodka,12,1000,4.50 ,6.75 ,1,6.75 ,1.00
INV-201264,2026-03-21,3385,Sam's Club 8162,DAVENPORT,52807,SCOTT,1081900,WHISKEY LIQUEUR,Sazerac Company Inc,43336,Fireball Cinnamon Whiskey,12,750,8.25 ,12.38 ,2,24.76 ,1.50
INV-201265,03/22/2026,2501,  Hy-Vee #3 / BDI / Des Moines,DES MOINES,50313,POLK,1031200,AMERICAN VODKAS,Fifth Generation Inc,26827,Tito's Handmade Vodka,12,750,12.50,18.75,1,18.75,0.75
INV-201266,03/15/2026,5102,Corner Tap & Bottle,AMES,50010,STORY,1081600,N/A,Regional Spirits Co,77779,Dusty Shelf Cordial,6,375,11.00,12.10,1,12.10,0.38
INV-201267,24-Feb-2026,4829,Casey's General Store #2879,ANKENY,50021,POLK,1031200,AMERICAN VODKAS,Fifth Generation Inc,26827,Tito's Handmade Vodka,12,750,12.50,18.75,10,187.50,7.50
INV-201268,05/17/2026,2633,HOMETOWN FOODS,CEDAR RAPIDS,52402,LINN,1081600,-,Regional Spirits Co,77779,Dusty Shelf Cordial,6,375,11.00,12.10,1,12.10,0.38
INV-201269,05/05/2026,2501,Hy-Vee #3 / BDI / Des Moines,DES MOINES,50313,POLK,1051010,IMPORTED BRANDIES,Moet Hennessy USA,64866,Hennessy VS,12,750,24.99,37.49,11,412.39,8.25
INV-201270,2026-02-01,2501,Hy-Vee #3 / BDI / Des Moines ,DES MOINES,50313.0,POLK,1032080,IRISH WHISKIES,Pernod Ricard USA,19067,Jameson,12,750,17.99,26.99,3,80.97,2.25
INV-201271,2026-05-17,2648,Wilkie Liquors,IOWA CITY,52240.0,JOHNSON,1081900,WHISKEY LIQUEUR,Sazerac Company Inc,43336,Fireball Cinnamon Whiskey,12,750,8.25 ,12.38 ,14,173.32 ,10.50
INV-201272,03/30/2026,2501,HY-VEE #3 / BDI / DES MOINES,DES MOINES,50313,POLK,1041100,AMERICAN DRY GINS,Luxco Inc,35918,Five O'clock Gin,12,1750,$8.99,$13.49,3,$40.47,5.25
INV-201273,2026-07-11,4829,CASEY'S GENERAL STORE #2879,ANKENY,50021,POLK,1041100,AMERICAN DRY GINS,Luxco Inc,35918,Five O'clock Gin,12,1750,$8.99,$13.49,4,$53.96,7.00
INV-201274,2026-04-04,2190,"Central City Liquor, Inc.",DES MOINES,50310,POLK,1041100,AMERICAN DRY GINS,Luxco Inc,35918,Five O'clock Gin,12,1750,8.99 ,13.49 ,1,13.49 ,1.75
INV-201275,26-Jun-2026,3385,Sam's Club 8162,DAVENPORT,52807,SCOTT,1031200,AMERICAN VODKAS,Sazerac Company Inc,36308,Mr Boston Vodka,12,1000,$4.50,$6.75,3,$20.25,3.00
INV-201276,2026-03-20,4829,Casey's General Store #2879,ANKENY,50021,POLK,1041100,AMERICAN DRY GINS,Luxco Inc,35918,Five O'clock Gin,12,1750,$8.99,$13.49,5,$67.45,8.75
INV-201277,2026-03-28,2501,Hy-Vee #3 / BDI / Des Moines,DES MOINES,50313,POLK,1041100,AMERICAN DRY GINS,Luxco Inc,35918,Five O'clock Gin,12,1750,8.99 ,13.49 ,21,283.29 ,36.75
INV-201278,03/29/2026,5102,Corner Tap & Bottle,AMES,50010,STORY,1081900,WHISKEY LIQUEUR,Sazerac Company Inc,43336,Fireball Cinnamon Whiskey,12,750,8.25,12.38,1,12.38,0.75
INV-201279,05/12/2026,2501,Hy-Vee #3 / BDI / Des Moines,DES MOINES,50313,POLK,1041100,AMERICAN DRY GINS,Luxco Inc,35918,Five O'clock Gin,12,1750,8.99,13.49,6,80.94,10.50
INV-201280,2026-04-30,2501,Hy-Vee #3 / BDI / Des Moines,DES MOINES,50313,POLK,1041100,AMERICAN DRY GINS,Luxco Inc,35918,Five O'clock Gin,12,1750,8.99,13.49,1,13.49,1.75
INV-201281,07/10/2026,3385,Sam's Club 8162,DAVENPORT,52807.0,SCOTT,1031080,CANADIAN WHISKIES,Heaven Hill Brands,11788,Black Velvet,12,1750,9.75,14.63,16,234.08,28.00
INV-201282,07/09/2026,2648,Wilkie Liquors ,Iowa City,52240,JOHNSON,1081900,WHISKEY LIQUEUR,Sazerac Company Inc,43336,Fireball Cinnamon Whiskey,12,750,$8.25,$12.38,2,$24.76,1.50
INV-201283,2026-03-12,5102,Corner Tap & Bottle,AMES,50010,STORY,1032080,IRISH WHISKIES,Pernod Ricard USA,19067,Jameson,12,750,17.99 ,26.99 ,6,161.94 ,4.50
INV-201284,2026-07-12,5102,Corner Tap & Bottle,AMES,50010,STORY,1051010,IMPORTED BRANDIES,Moet Hennessy USA,64866,Hennessy VS,12,750,$24.99,$37.49,6,$224.94,4.50
INV-201285,07/01/2026,2190,"CENTRAL CITY LIQUOR, INC.",DES MOINES,50310,POLK,1031200,AMERICAN VODKAS,Fifth Generation Inc,26827,Tito's Handmade Vodka,12,750,12.50,18.75,5,93.75,3.75
INV-201286,2026-03-20,3385,Sam's Club 8162,DAVENPORT,52807,SCOTT,1051010,IMPORTED BRANDIES,Moet Hennessy USA,64866,Hennessy VS,12,750,24.99,37.49,1,37.49,0.75
INV-201287,02/16/2026,3385,SAM'S CLUB 8162,DAVENPORT,52807,SCOTT,1031200,AMERICAN VODKAS,Sazerac Company Inc,36308,Mr Boston Vodka,12,1000,4.50 ,6.75 ,2,13.50 ,2.00
INV-201288,08-Apr-2026,2648,Wilkie Liquors,IOWA CITY,52240.0,JOHNSON,1031200,AMERICAN VODKAS,Fifth Generation Inc,26827,Tito's Handmade Vodka,12,750,12.50 ,18.75 ,6,112.50 ,4.50
INV-201289,03/04/2026,2648,Wilkie Liquors,IOWA CITY,52240.0,JOHNSON,1031200,AMERICAN VODKAS,Fifth Generation Inc,26827,Tito's Handmade Vodka,12,750,12.50 ,18.75 ,2,37.50 ,1.50
INV-201290,03/27/2026,2648,Wilkie Liquors,IOWA CITY,52240.0,JOHNSON,1051010,IMPORTED BRANDIES,Moet Hennessy USA,64866,Hennessy VS,12,750,24.99 ,37.49 ,4,149.96 ,3.00
INV-201290,03/27/2026,2648,Wilkie Liquors,IOWA CITY,52240.0,JOHNSON,1051010,IMPORTED BRANDIES,Moet Hennessy USA,64866,Hennessy VS,12,750,24.99 ,37.49 ,4,149.96 ,3.00
INV-201291,05/16/2026,2633,Hometown Foods,Cedar Rapids,52402,LINN,1051010,IMPORTED BRANDIES,Moet Hennessy USA,64866,Hennessy VS,12,750,24.99,37.49,1,37.49,0.75
INV-201292,2026-03-07,5102,  Corner Tap & Bottle,AMES,50010,STORY,1081600,N/A,Regional Spirits Co,77779,Dusty Shelf Cordial,6,375,11.00,12.10,3,36.30,1.12
INV-201293,06/14/2026,2633,Hometown Foods,CEDAR RAPIDS,52402,LINN,1031200,AMERICAN VODKAS,Sazerac Company Inc,36308,Mr Boston Vodka,12,1000,,6.75,1,6.75,1.00
INV-201294,16-Jun-2026,5102,Corner Tap & Bottle,AMES,50010,,1081900,WHISKEY LIQUEUR,Sazerac Company Inc,43336,Fireball Cinnamon Whiskey,12,750,$8.25,$12.38,6,$74.28,4.50
INV-201295,03/21/2026,2648,Wilkie Liquors,IOWA CITY,52240,JOHNSON,1051010,IMPORTED BRANDIES,Moet Hennessy USA,64866,Hennessy VS,12,750,24.99,37.49,5,187.45,3.75
INV-201296,05-Feb-2026,2633,Hometown Foods,CEDAR RAPIDS,52402,LINN,1051010,IMPORTED BRANDIES,Moet Hennessy USA,64866,Hennessy VS,12,750,$24.99,$37.49,1,$37.49,0.75
INV-201297,02/02/2026,2190,"Central City Liquor, Inc.",DES MOINES,50310,POLK,1031080,CANADIAN WHISKIES,Heaven Hill Brands,11788,Black Velvet,12,1750,9.75,14.63,1,14.63,1.75
INV-201298,2026-02-03,2501,Hy-Vee #3 / BDI / Des Moines,DES MOINES,50313,POLK,1031200,AMERICAN VODKAS,Fifth Generation Inc,26827,Tito's Handmade Vodka,12,750,12.50,18.75,2,37.50,1.50
INV-201299,2026-05-29,4829,  Casey's General Store #2879,ANKENY,50021.0,,1051010,IMPORTED BRANDIES,Moet Hennessy USA,64866,Hennessy VS,12,750,24.99 ,37.49 ,4,149.96 ,3.00
INV-201300,2026-03-07,5102,Corner Tap & Bottle,AMES,50010,STORY,1031200,AMERICAN VODKAS,Sazerac Company Inc,36308,Mr Boston Vodka,12,1000,4.50,6.75,2,13.50,2.00
INV-201301,05-May-2026,3385,Sam's Club 8162,DAVENPORT,52807,SCOTT,1081600,-,Regional Spirits Co,77779,Dusty Shelf Cordial,6,375,11.00,12.10,1,12.10,0.38
INV-201302,04/10/2026,2190,"CENTRAL CITY LIQUOR, INC.",DES MOINES,50310,,1081600,-,Regional Spirits Co,77779,Dusty Shelf Cordial,6,375,11.00,12.10,1,12.10,0.38
INV-201303,2026-06-15,2190,"  Central City Liquor, Inc.",DES MOINES,50310,POLK,1032080,IRISH WHISKIES,Pernod Ricard USA,19067,Jameson,12,750,17.99,26.99,9,242.91,6.75
INV-201304,2026-02-20,2648,Wilkie Liquors,IOWA CITY,52240,JOHNSON,1051010,IMPORTED BRANDIES,Moet Hennessy USA,64866,Hennessy VS,12,750,24.99 ,37.49 ,1,37.49 ,0.75
INV-201305,07/12/2026,5102,Corner Tap & Bottle,AMES,50010,STORY,1041100,AMERICAN DRY GINS,Luxco Inc,35918,Five O'clock Gin,12,1750,8.99,13.49,21,283.29,36.75
INV-201306,07/28/2026,2648,Wilkie Liquors,IOWA CITY,52240,,1031200,AMERICAN VODKAS,Fifth Generation Inc,26827,Tito's Handmade Vodka,12,750,12.50,18.75,9,168.75,6.75
INV-201307,2026-05-17,5102,Corner Tap & Bottle,AMES,50010.0,STORY,1081900,WHISKEY LIQUEUR,Sazerac Company Inc,43336,Fireball Cinnamon Whiskey,12,750,8.25,12.38,4,49.52,3.00
INV-201308,07/25/2026,2501,HY-VEE #3 / BDI / DES MOINES,DES MOINES,50313,POLK,1081900,WHISKEY LIQUEUR,Sazerac Company Inc,43336,Fireball Cinnamon Whiskey,12,750,8.25,12.38,-2,-24.76,-1.50
INV-201309,2026-06-01,2633,Hometown Foods,CEDAR RAPIDS,52402,LINN,1032080,IRISH WHISKIES,Pernod Ricard USA,19067,Jameson,12,750,$17.99,$26.99,2,$53.98,1.50
INV-201310,2026-03-24,4829,Casey's General Store #2879 ,ANKENY,50021,POLK,1081900,WHISKEY LIQUEUR,Sazerac Company Inc,43336,Fireball Cinnamon Whiskey,12,750,$8.25,$12.38,1,$12.38,0.75
INV-201311,2026-03-16,2190,"Central City Liquor, Inc.",DES MOINES,50310,POLK,1032080,IRISH WHISKIES,Pernod Ricard USA,19067,Jameson,12,750,17.99,26.99,3,80.97,2.25
INV-201312,02/20/2026,2501,HY-VEE #3 / BDI / DES MOINES,DES MOINES,50313,POLK,1041100,AMERICAN DRY GINS,Luxco Inc,35918,Five O'clock Gin,12,1750,$8.99,$13.49,17,$229.33,29.75
INV-201313,04/03/2026,2501,Hy-Vee #3 / BDI / Des Moines,Des Moines,50313,POLK,1031080,CANADIAN WHISKIES,Heaven Hill Brands,11788,Black Velvet,12,1750,9.75,14.63,4,58.52,7.00
INV-201314,02/22/2026,2190,"Central City Liquor, Inc.",DES MOINES,50310,POLK,1032080,IRISH WHISKIES,Pernod Ricard USA,19067,Jameson,12,750,17.99,26.99,4,107.96,3.00
INV-201315,03/24/2026,2501,Hy-Vee #3 / BDI / Des Moines,DES MOINES,50313,POLK,1032080,IRISH WHISKIES,Pernod Ricard USA,19067,Jameson,12,750,17.99 ,26.99 ,2,53.98 ,1.50
INV-201316,05/25/2026,2633,Hometown Foods,CEDAR RAPIDS,52402,,1031200,AMERICAN VODKAS,Sazerac Company Inc,36308,Mr Boston Vodka,12,1000,4.50 ,6.75 ,2,13.50 ,2.00
INV-201317,2026-07-14,2648,Wilkie Liquors,IOWA CITY,52240,JOHNSON,1041100,AMERICAN DRY GINS,Luxco Inc,35918,Five O'clock Gin,12,1750,8.99,13.49,1,13.49,1.75
INV-201318,07/08/2026,2501,Hy-Vee #3 / BDI / Des Moines,DES MOINES,50313,POLK,1032080,IRISH WHISKIES,Pernod Ricard USA,19067,Jameson,12,750,17.99,26.99,1,26.99,0.75
INV-201319,2026-07-14,5102,Corner Tap & Bottle,AMES,50010,STORY,1041100,AMERICAN DRY GINS,Luxco Inc,35918,Five O'clock Gin,12,1750,8.99 ,13.49 ,7,94.43 ,12.25
INV-201320,2026-07-24,4829,CASEY'S GENERAL STORE #2879,ANKENY,50021,POLK,1081600,-,Regional Spirits Co,77779,Dusty Shelf Cordial,6,375,11.00,12.10,39,471.90,14.62
INV-201321,06/24/2026,2648,Wilkie Liquors,IOWA CITY,52240,JOHNSON,1081600,,Regional Spirits Co,77779,Dusty Shelf Cordial,6,375,11.00,12.10,1,12.10,0.38
INV-201322,03/11/2026,2633,HOMETOWN FOODS,CEDAR RAPIDS,52402,LINN,1081900,WHISKEY LIQUEUR,Sazerac Company Inc,43336,Fireball Cinnamon Whiskey,12,750,8.25,12.38,10,123.80,7.50
INV-201323,10-Mar-2026,3385,Sam's Club 8162,DAVENPORT,52807,SCOTT,1031200,AMERICAN VODKAS,Fifth Generation Inc,26827,Tito's Handmade Vodka,12,750,12.50,18.75,1,18.75,0.75
INV-201324,07/16/2026,5102,Corner Tap & Bottle,AMES,50010,STORY,1032080,IRISH WHISKIES,Pernod Ricard USA,19067,Jameson,12,750,17.99,26.99,4,107.96,3.00
INV-201325,06/14/2026,2648,Wilkie Liquors,IOWA CITY,52240,JOHNSON,1031200,AMERICAN VODKAS,Sazerac Company Inc,36308,Mr Boston Vodka,12,1000,N/A,6.75 ,6,40.50 ,6.00
INV-201326,2026-03-21,2648,WILKIE LIQUORS,IOWA CITY,52240,JOHNSON,1031080,CANADIAN WHISKIES,Heaven Hill Brands,11788,Black Velvet,12,1750,9.75,14.63,2,29.26,3.50
INV-201327,2026-04-01,2633,Hometown Foods,CEDAR RAPIDS,52402,LINN,1081900,WHISKEY LIQUEUR,Sazerac Company Inc,43336,Fireball Cinnamon Whiskey,12,750,8.25,12.38,3,37.14,2.25
INV-201328,2026-03-27,5102,Corner Tap & Bottle,AMES,50010.0,STORY,1041100,AMERICAN DRY GINS,Luxco Inc,35918,Five O'clock Gin,12,1750,8.99 ,13.49 ,1,13.49 ,1.75
INV-201329,04/21/2026,4829,  Casey's General Store #2879,ANKENY,50021,POLK,1081900,WHISKEY LIQUEUR,Sazerac Company Inc,43336,Fireball Cinnamon Whiskey,12,750,$8.25,$12.38,5,$61.90,3.75
INV-201330,02/05/2026,2648,Wilkie Liquors,IOWA CITY,52240,JOHNSON,1031080,CANADIAN WHISKIES,Heaven Hill Brands,11788,Black Velvet,12,1750,9.75 ,14.63 ,12,175.56 ,21.00
INV-201331,06/07/2026,2633,HOMETOWN FOODS,CEDAR RAPIDS,52402,LINN,1031200,AMERICAN VODKAS,Sazerac Company Inc,36308,Mr Boston Vodka,12,1000,4.50 ,6.75 ,5,33.75 ,5.00
INV-201332,2026-07-09,2190,"Central City Liquor, Inc.",DES MOINES,50310,POLK,1051010,IMPORTED BRANDIES,Moet Hennessy USA,64866,Hennessy VS,12,750,24.99,37.49,2,74.98,1.50
INV-201333,2026-02-24,5102,Corner Tap & Bottle,AMES,50010,STORY,1051010,IMPORTED BRANDIES,Moet Hennessy USA,64866,Hennessy VS,12,750,24.99,37.49,9,337.41,6.75
INV-201334,2026-05-28,3385,Sam's Club 8162,DAVENPORT,52807,SCOTT,1031200,AMERICAN VODKAS,Sazerac Company Inc,36308,Mr Boston Vodka,12,1000,4.50,6.75,2,13.50,2.00
INV-201335,24-Jun-2026,4829,CASEY'S GENERAL STORE #2879,ANKENY,50021,POLK,1041100,AMERICAN DRY GINS,Luxco Inc,35918,Five O'clock Gin,12,1750,8.99,13.49,1,13.49,1.75
INV-201336,2026-03-26,2633,Hometown Foods,CEDAR RAPIDS,52402,LINN,1051010,IMPORTED BRANDIES,Moet Hennessy USA,64866,Hennessy VS,12,750,24.99,37.49,1,37.49,0.75
INV-201337,2026-03-04,2501,Hy-Vee #3 / BDI / Des Moines,DES MOINES,50313,POLK,1031080,CANADIAN WHISKIES,Heaven Hill Brands,11788,Black Velvet,12,1750,9.75,14.63,6,87.78,10.50
INV-201338,2026-06-12,2190,"CENTRAL CITY LIQUOR, INC.",DES MOINES,50310.0,POLK,1041100,AMERICAN DRY GINS,Luxco Inc,35918,Five O'clock Gin,12,1750,8.99,13.49,7,94.43,12.25
INV-201339,2026-07-11,3385,Sam's Club 8162,DAVENPORT,52807,SCOTT,1081900,WHISKEY LIQUEUR,Sazerac Company Inc,43336,Fireball Cinnamon Whiskey,12,750,8.25,12.38,7,86.66,5.25
INV-201340,2026-02-21,2190,"Central City Liquor, Inc.",DES MOINES,50310,POLK,1051010,IMPORTED BRANDIES,Moet Hennessy USA,64866,Hennessy VS,12,750,$24.99,$37.49,2,$74.98,1.50
INV-201341,2026-07-23,2648,Wilkie Liquors,IOWA CITY,52240,JOHNSON,1041100,AMERICAN DRY GINS,Luxco Inc,35918,Five O'clock Gin,12,1750,$8.99,$13.49,3,$40.47,5.25
INV-201342,13-Mar-2026,2501,HY-VEE #3 / BDI / DES MOINES,DES MOINES,50313,POLK,1051010,IMPORTED BRANDIES,Moet Hennessy USA,64866,Hennessy VS,12,750,24.99 ,37.49 ,4,149.96 ,3.00
INV-201343,07/22/2026,2190,"Central City Liquor, Inc.",DES MOINES,50310,POLK,1051010,IMPORTED BRANDIES,Moet Hennessy USA,64866,Hennessy VS,12,750,24.99 ,37.49 ,3,112.47 ,2.25
INV-201344,05/28/2026,5102,Corner Tap & Bottle,AMES,50010,STORY,1041100,AMERICAN DRY GINS,Luxco Inc,35918,Five O'clock Gin,12,1750,8.99,13.49,3,40.47,5.25
INV-201345,05/01/2026,4829,Casey's General Store #2879,ANKENY,50021,POLK,1032080,IRISH WHISKIES,Pernod Ricard USA,19067,Jameson,12,750,$17.99,$26.99,8,$215.92,6.00
INV-201346,07-Jul-2026,4829,Casey's General Store #2879,ANKENY,50021,POLK,1051010,IMPORTED BRANDIES,Moet Hennessy USA,64866,Hennessy VS,12,750,24.99 ,37.49 ,3,112.47 ,2.25
INV-201347,20-Jun-2026,4829,  Casey's General Store #2879,ANKENY,50021,POLK,1031200,AMERICAN VODKAS,Sazerac Company Inc,36308,Mr Boston Vodka,12,1000,4.50,6.75,5,33.75,5.00
INV-201348,06/06/2026,3385,Sam's Club 8162,DAVENPORT,52807,SCOTT,1031080,CANADIAN WHISKIES,Heaven Hill Brands,11788,Black Velvet,12,1750,9.75,14.63,4,58.52,7.00
INV-201349,2026-03-17,3385,Sam's Club 8162,DAVENPORT,52807.0,SCOTT,1041100,AMERICAN DRY GINS,Luxco Inc,35918,Five O'clock Gin,12,1750,8.99 ,13.49 ,1,13.49 ,1.75
INV-201350,07/20/2026,2648,Wilkie Liquors,IOWA CITY,52240,JOHNSON,1081600,-,Regional Spirits Co,77779,Dusty Shelf Cordial,6,375,11.00 ,12.10 ,1,12.10 ,0.38
INV-201351,02-Mar-2026,4829,Casey's General Store #2879,ANKENY,50021,POLK,1041100,AMERICAN DRY GINS,Luxco Inc,35918,Five O'clock Gin,12,1750,8.99 ,13.49 ,1,13.49 ,1.75
INV-201352,01/31/2026,2648,Wilkie Liquors,IOWA CITY,52240,JOHNSON,1032080,IRISH WHISKIES,Pernod Ricard USA,19067,Jameson,12,750,17.99 ,26.99 ,2,53.98 ,1.50
INV-201353,2026-06-21,4829,CASEY'S GENERAL STORE #2879,ANKENY,50021,POLK,1041100,AMERICAN DRY GINS,Luxco Inc,35918,Five O'clock Gin,12,1750,8.99,13.49,4,53.96,7.00
INV-201354,2026-02-20,2501,Hy-Vee #3 / BDI / Des Moines,DES MOINES,50313,POLK,1051010,IMPORTED BRANDIES,Moet Hennessy USA,64866,Hennessy VS,12,750,24.99,37.49,3,112.47,2.25
INV-201355,06/23/2026,5102,Corner Tap & Bottle,AMES,50010,STORY,1041100,AMERICAN DRY GINS,Luxco Inc,35918,Five O'clock Gin,12,1750,8.99,13.49,2,26.98,3.50
INV-201356,2026-02-21,2633,HOMETOWN FOODS,CEDAR RAPIDS,52402,LINN,1031080,CANADIAN WHISKIES,Heaven Hill Brands,11788,Black Velvet,12,1750,$9.75,$14.63,5,$73.15,8.75
INV-201357,02/20/2026,2501,  Hy-Vee #3 / BDI / Des Moines,Des Moines,50313,,1032080,IRISH WHISKIES,Pernod Ricard USA,19067,Jameson,12,750,17.99,26.99,1,26.99,0.75
INV-201358,02/13/2026,2633,  Hometown Foods,CEDAR RAPIDS,52402,LINN,1031080,CANADIAN WHISKIES,Heaven Hill Brands,11788,Black Velvet,12,1750,$9.75,$14.63,4,$58.52,7.00
INV-201359,10-Jun-2026,5102,Corner Tap & Bottle,AMES,50010.0,STORY,1031080,CANADIAN WHISKIES,Heaven Hill Brands,11788,Black Velvet,12,1750,9.75,14.63,3,43.89,5.25
INV-201360,05/23/2026,4829,Casey's General Store #2879,ANKENY,50021,POLK,1032080,IRISH WHISKIES,Pernod Ricard USA,19067,Jameson,12,750,17.99,26.99,1,26.99,0.75
INV-201361,15-May-2026,5102,Corner Tap & Bottle,AMES,50010,,1051010,IMPORTED BRANDIES,Moet Hennessy USA,64866,Hennessy VS,12,750,24.99,37.49,6,224.94,4.50
INV-201362,2026-04-03,2501,Hy-Vee #3 / BDI / Des Moines,DES MOINES,50313,POLK,1031080,CANADIAN WHISKIES,Heaven Hill Brands,11788,Black Velvet,12,1750,9.75,14.63,1,14.63,1.75
INV-201363,02/20/2026,2648,Wilkie Liquors,IOWA CITY,52240,JOHNSON,1081900,WHISKEY LIQUEUR,Sazerac Company Inc,43336,Fireball Cinnamon Whiskey,12,750,8.25,12.38,1,12.38,0.75
INV-201364,2026-06-19,2501,Hy-Vee #3 / BDI / Des Moines,DES MOINES,50313,POLK,1031080,CANADIAN WHISKIES,Heaven Hill Brands,11788,Black Velvet,12,1750,9.75,14.63,2,29.26,3.50
INV-201365,2026-07-11,5102,Corner Tap & Bottle,AMES,50010,STORY,1081900,WHISKEY LIQUEUR,Sazerac Company Inc,43336,Fireball Cinnamon Whiskey,12,750,8.25,12.38,5,61.90,3.75
INV-201366,03/01/2026,2501,Hy-Vee #3 / BDI / Des Moines,DES MOINES,50313,POLK,1081600,-,Regional Spirits Co,77779,Dusty Shelf Cordial,6,375,11.00,12.10,4,48.40,1.50
INV-201367,02/13/2026,3385,Sam's Club 8162,DAVENPORT,52807,SCOTT,1032080,IRISH WHISKIES,Pernod Ricard USA,19067,Jameson,12,750,17.99,26.99,9,242.91,6.75
INV-201368,06/10/2026,2633,Hometown Foods,Cedar Rapids,52402,LINN,1031080,CANADIAN WHISKIES,Heaven Hill Brands,11788,Black Velvet,12,1750,$9.75,$14.63,3,$43.89,5.25
INV-201369,03/07/2026,5102,Corner Tap & Bottle,AMES,50010,STORY,1032080,IRISH WHISKIES,Pernod Ricard USA,19067,Jameson,12,750,17.99 ,26.99 ,31,836.69 ,23.25
INV-201370,05/17/2026,2190,"  Central City Liquor, Inc.",DES MOINES,50310,POLK,1081600,N/A,Regional Spirits Co,77779,Dusty Shelf Cordial,6,375,11.00,12.10,2,24.20,0.75
INV-201371,2026-05-07,4829,Casey's General Store #2879,ANKENY,50021,POLK,1081900,WHISKEY LIQUEUR,Sazerac Company Inc,43336,Fireball Cinnamon Whiskey,12,750,8.25,12.38,2,24.76,1.50
INV-201372,06/23/2026,2501,Hy-Vee #3 / BDI / Des Moines,DES MOINES,50313,POLK,1041100,AMERICAN DRY GINS,Luxco Inc,35918,Five O'clock Gin,12,1750,8.99,13.49,9,121.41,15.75
INV-201373,04/30/2026,2190,"Central City Liquor, Inc.",Des Moines,50310,POLK,1081900,WHISKEY LIQUEUR,Sazerac Company Inc,43336,Fireball Cinnamon Whiskey,12,750,8.25,12.38,5,61.90,3.75
INV-201374,2026-06-30,2648,Wilkie Liquors ,IOWA CITY,52240,JOHNSON,1041100,AMERICAN DRY GINS,Luxco Inc,35918,Five O'clock Gin,12,1750,$8.99,$13.49,5,$67.45,8.75
INV-201375,2026-06-19,2633,  Hometown Foods,CEDAR RAPIDS,52402.0,LINN,1032080,IRISH WHISKIES,Pernod Ricard USA,19067,Jameson,12,750,17.99,26.99,1,26.99,0.75
INV-201376,2026-04-20,2501,Hy-Vee #3 / BDI / Des Moines,DES MOINES,50313,POLK,1031200,AMERICAN VODKAS,Fifth Generation Inc,26827,Tito's Handmade Vodka,12,750,12.50,18.75,1,18.75,0.75
INV-201377,2026-05-24,2648,Wilkie Liquors,IOWA CITY,52240.0,JOHNSON,1041100,AMERICAN DRY GINS,Luxco Inc,35918,Five O'clock Gin,12,1750,8.99,13.49,1,13.49,1.75
INV-201378,2026-07-09,2190,"Central City Liquor, Inc. ",DES MOINES,50310,POLK,1031080,CANADIAN WHISKIES,Heaven Hill Brands,11788,Black Velvet,12,1750,9.75,14.63,-1,-14.63,-1.75
INV-201379,05/13/2026,4829,Casey's General Store #2879,ANKENY,50021,POLK,1031200,AMERICAN VODKAS,Sazerac Company Inc,36308,Mr Boston Vodka,12,1000,$4.50,$6.75,25,$168.75,25.00
INV-201380,05/14/2026,2633,Hometown Foods,CEDAR RAPIDS,52402,LINN,1031080,CANADIAN WHISKIES,Heaven Hill Brands,11788,Black Velvet,12,1750,9.75 ,14.63 ,1,14.63 ,1.75
INV-201381,2026-04-09,2190,"Central City Liquor, Inc.",DES MOINES,50310,POLK,1031080,CANADIAN WHISKIES,Heaven Hill Brands,11788,Black Velvet,12,1750,$9.75,$14.63,4,$58.52,7.00
INV-201382,2026-04-09,2501,Hy-Vee #3 / BDI / Des Moines,DES MOINES,50313,POLK,1051010,IMPORTED BRANDIES,Moet Hennessy USA,64866,Hennessy VS,12,750,24.99,37.49,1,37.49,0.75
INV-201383,2026-05-09,2190,"Central City Liquor, Inc.",DES MOINES,50310,POLK,1031200,AMERICAN VODKAS,Fifth Generation Inc,26827,Tito's Handmade Vodka,12,750,12.50,18.75,14,262.50,10.50
INV-201384,2026-02-28,2501,HY-VEE #3 / BDI / DES MOINES,DES MOINES,50313,POLK,1031080,CANADIAN WHISKIES,Heaven Hill Brands,11788,Black Velvet,12,1750,$9.75,$14.63,10,$146.30,17.50
INV-201385,02/21/2026,2501,  Hy-Vee #3 / BDI / Des Moines,DES MOINES,50313,POLK,1031080,CANADIAN WHISKIES,Heaven Hill Brands,11788,Black Velvet,12,1750,9.75,14.63,2,29.26,3.50
INV-201386,2026-07-02,5102,Corner Tap & Bottle,AMES,50010,STORY,1031200,AMERICAN VODKAS,Fifth Generation Inc,26827,Tito's Handmade Vodka,12,750,12.50,18.75,1,18.75,0.75
INV-201387,2026-05-26,4829,Casey's General Store #2879,ANKENY,50021,POLK,1031200,AMERICAN VODKAS,Sazerac Company Inc,36308,Mr Boston Vodka,12,1000,4.50,6.75,14,94.50,14.00
INV-201388,2026-02-11,2190,"CENTRAL CITY LIQUOR, INC.",DES MOINES,50310,POLK,1081600,,Regional Spirits Co,77779,Dusty Shelf Cordial,6,375,11.00,12.10,2,24.20,0.75
INV-201389,05/13/2026,2648,Wilkie Liquors,IOWA CITY,52240,JOHNSON,1031200,AMERICAN VODKAS,Sazerac Company Inc,36308,Mr Boston Vodka,12,1000,4.50,6.75,10,67.50,10.00
INV-201390,02/04/2026,4829,Casey's General Store #2879,ANKENY,50021,POLK,1051010,IMPORTED BRANDIES,Moet Hennessy USA,64866,Hennessy VS,12,750,24.99 ,37.49 ,24,899.76 ,18.00
INV-201390,02/04/2026,4829,Casey's General Store #2879,ANKENY,50021,POLK,1051010,IMPORTED BRANDIES,Moet Hennessy USA,64866,Hennessy VS,12,750,24.99 ,37.49 ,24,899.76 ,18.00
INV-201391,2026-02-09,2648,Wilkie Liquors,IOWA CITY,52240,JOHNSON,1081600,,Regional Spirits Co,77779,Dusty Shelf Cordial,6,375,11.00,12.10,1,12.10,0.38
INV-201392,2026-04-25,2501,Hy-Vee #3 / BDI / Des Moines,DES MOINES,50313,POLK,1051010,IMPORTED BRANDIES,Moet Hennessy USA,64866,Hennessy VS,12,750,24.99 ,37.49 ,1,37.49 ,0.75
INV-201393,05/31/2026,2190,"Central City Liquor, Inc.",DES MOINES,50310,POLK,1031200,AMERICAN VODKAS,Sazerac Company Inc,36308,Mr Boston Vodka,12,1000,4.50,6.75,4,27.00,4.00
INV-201394,2026-04-10,2648,WILKIE LIQUORS,IOWA CITY,52240,JOHNSON,1051010,IMPORTED BRANDIES,Moet Hennessy USA,64866,Hennessy VS,12,750,24.99,37.49,4,149.96,3.00
INV-201395,18-Feb-2026,5102,Corner Tap & Bottle,AMES,50010,STORY,1081600,-,Regional Spirits Co,77779,Dusty Shelf Cordial,6,375,$11.00,$12.10,1,$12.10,0.38
INV-201396,02/13/2026,3385,Sam's Club 8162,DAVENPORT,52807,SCOTT,1081600,-,Regional Spirits Co,77779,Dusty Shelf Cordial,6,375,11.00,12.10,9,108.90,3.38
INV-201397,06/05/2026,2633,Hometown Foods,CEDAR RAPIDS,52402,LINN,1081900,WHISKEY LIQUEUR,Sazerac Company Inc,43336,Fireball Cinnamon Whiskey,12,750,$8.25,$12.38,7,$86.66,5.25
INV-201398,02/23/2026,5102,Corner Tap & Bottle,AMES,50010,STORY,1031080,CANADIAN WHISKIES,Heaven Hill Brands,11788,Black Velvet,12,1750,9.75 ,14.63 ,2,29.26 ,3.50
INV-201399,2026-04-04,3385,Sam's Club 8162,DAVENPORT,52807,SCOTT,1031080,CANADIAN WHISKIES,Heaven Hill Brands,11788,Black Velvet,12,1750,$9.75,$14.63,3,$43.89,5.25
INV-201400,2026-03-20,4829,Casey's General Store #2879,ANKENY,50021,POLK,1051010,IMPORTED BRANDIES,Moet Hennessy USA,64866,Hennessy VS,12,750,24.99 ,37.49 ,1,37.49 ,0.75
INV-201401,2026-05-10,5102,Corner Tap & Bottle,AMES,50010,STORY,1031200,AMERICAN VODKAS,Fifth Generation Inc,26827,Tito's Handmade Vodka,12,750,12.50 ,18.75 ,2,37.50 ,1.50
INV-201402,02/07/2026,2190,"Central City Liquor, Inc.",DES MOINES,50310,POLK,1032080,IRISH WHISKIES,Pernod Ricard USA,19067,Jameson,12,750,17.99,26.99,6,161.94,4.50
INV-201403,04/14/2026,4829,Casey's General Store #2879,ANKENY,50021,POLK,1081900,WHISKEY LIQUEUR,Sazerac Company Inc,43336,Fireball Cinnamon Whiskey,12,750,8.25 ,12.38 ,1,12.38 ,0.75
INV-201404,04/08/2026,2633,Hometown Foods,CEDAR RAPIDS,52402,LINN,1031200,AMERICAN VODKAS,Sazerac Company Inc,36308,Mr Boston Vodka,12,1000,4.50 ,6.75 ,5,33.75 ,5.00
INV-201405,06/13/2026,2633,Hometown Foods,CEDAR RAPIDS,52402,LINN,1051010,IMPORTED BRANDIES,Moet Hennessy USA,64866,Hennessy VS,12,750,24.99 ,37.49 ,7,262.43 ,5.25
INV-201406,2026-06-03,4829,Casey's General Store #2879,ANKENY,50021,POLK,1031200,AMERICAN VODKAS,Sazerac Company Inc,36308,Mr Boston Vodka,12,1000,4.50,6.75,4,27.00,4.00
INV-201407,2026-04-28,3385,Sam's Club 8162,DAVENPORT,52807,SCOTT,1031200,AMERICAN VODKAS,Sazerac Company Inc,36308,Mr Boston Vodka,12,1000,$4.50,$6.75,2,$13.50,2.00
INV-201408,2026-06-10,2648,WILKIE LIQUORS,IOWA CITY,52240,JOHNSON,1032080,IRISH WHISKIES,Pernod Ricard USA,19067,Jameson,12,750,$17.99,$26.99,2,$53.98,1.50
INV-201409,03/12/2026,2501,Hy-Vee #3 / BDI / Des Moines,DES MOINES,50313,POLK,1081900,WHISKEY LIQUEUR,Sazerac Company Inc,43336,Fireball Cinnamon Whiskey,12,750,8.25,12.38,1,12.38,0.75
INV-201410,2026-04-11,2190,"Central City Liquor, Inc.",DES MOINES,50310.0,POLK,1081900,WHISKEY LIQUEUR,Sazerac Company Inc,43336,Fireball Cinnamon Whiskey,12,750,8.25,12.38,3,37.14,2.25
INV-201411,2026-06-30,2190,"CENTRAL CITY LIQUOR, INC.",DES MOINES,50310,POLK,1041100,AMERICAN DRY GINS,Luxco Inc,35918,Five O'clock Gin,12,1750,8.99,13.49,1,13.49,1.75
INV-201412,2026-03-30,2501,Hy-Vee #3 / BDI / Des Moines,Des Moines,50313,POLK,1081900,WHISKEY LIQUEUR,Sazerac Company Inc,43336,Fireball Cinnamon Whiskey,12,750,8.25,12.38,1,12.38,0.75
INV-201413,03/16/2026,2190,"Central City Liquor, Inc.",DES MOINES,50310.0,,1051010,IMPORTED BRANDIES,Moet Hennessy USA,64866,Hennessy VS,12,750,24.99,37.49,4,149.96,3.00
INV-201414,2026-03-06,2190,"CENTRAL CITY LIQUOR, INC.",DES MOINES,50310,POLK,1081900,WHISKEY LIQUEUR,Sazerac Company Inc,43336,Fireball Cinnamon Whiskey,12,750,8.25,12.38,9,111.42,6.75
INV-201415,04/26/2026,5102,Corner Tap & Bottle,AMES,50010,STORY,1051010,IMPORTED BRANDIES,Moet Hennessy USA,64866,Hennessy VS,12,750,24.99,37.49,1,37.49,0.75
INV-201416,2026-07-27,3385,Sam's Club 8162,Davenport,52807,,1041100,AMERICAN DRY GINS,Luxco Inc,35918,Five O'clock Gin,12,1750,8.99,13.49,1,13.49,1.75
INV-201417,2026-05-31,2501,Hy-Vee #3 / BDI / Des Moines,DES MOINES,50313,POLK,1051010,IMPORTED BRANDIES,Moet Hennessy USA,64866,Hennessy VS,12,750,24.99,37.49,1,37.49,0.75
INV-201418,02/02/2026,2648,Wilkie Liquors,IOWA CITY,52240,JOHNSON,1031200,AMERICAN VODKAS,Sazerac Company Inc,36308,Mr Boston Vodka,12,1000,4.50,6.75,4,27.00,4.00
INV-201419,13-Mar-2026,2190,"Central City Liquor, Inc.",DES MOINES,50310,POLK,1032080,IRISH WHISKIES,Pernod Ricard USA,19067,Jameson,12,750,17.99,26.99,4,107.96,3.00
INV-201420,04/25/2026,3385,SAM'S CLUB 8162,DAVENPORT,52807,SCOTT,1031080,CANADIAN WHISKIES,Heaven Hill Brands,11788,Black Velvet,12,1750,9.75 ,14.63 ,1,14.63 ,1.75
INV-201421,11-May-2026,2190,"Central City Liquor, Inc.",DES MOINES,50310,POLK,1031200,AMERICAN VODKAS,Fifth Generation Inc,26827,Tito's Handmade Vodka,12,750,12.50,18.75,3,56.25,2.25
INV-201422,03/29/2026,2190,"  Central City Liquor, Inc.",DES MOINES,50310,POLK,1031200,AMERICAN VODKAS,Fifth Generation Inc,26827,Tito's Handmade Vodka,12,750,12.50,18.75,7,131.25,5.25
INV-201423,2026-03-28,5102,CORNER TAP & BOTTLE,AMES,50010,STORY,1032080,IRISH WHISKIES,Pernod Ricard USA,19067,Jameson,12,750,17.99,26.99,1,26.99,0.75
INV-201424,2026-06-24,3385,Sam's Club 8162,DAVENPORT,52807,SCOTT,1041100,AMERICAN DRY GINS,Luxco Inc,35918,Five O'clock Gin,12,1750,8.99 ,13.49 ,6,80.94 ,10.50
INV-201425,21-May-2026,2633,HOMETOWN FOODS,CEDAR RAPIDS,52402,,1031080,CANADIAN WHISKIES,Heaven Hill Brands,11788,Black Velvet,12,1750,9.75,14.63,7,102.41,12.25
INV-201426,05/25/2026,2648,  Wilkie Liquors,IOWA CITY,52240,JOHNSON,1031200,AMERICAN VODKAS,Fifth Generation Inc,26827,Tito's Handmade Vodka,12,750,12.50,18.75,1,18.75,0.75
INV-201427,02/13/2026,2501,Hy-Vee #3 / BDI / Des Moines,DES MOINES,50313,POLK,1051010,IMPORTED BRANDIES,Moet Hennessy USA,64866,Hennessy VS,12,750,$24.99,$37.49,2,$74.98,1.50
INV-201428,04/22/2026,5102,Corner Tap and Bottle,AMES,50010,STORY,1041100,AMERICAN DRY GINS,Luxco Inc,35918,Five O'clock Gin,12,1750,8.99,13.49,1,13.49,1.75
INV-201429,2026-02-21,2633,HOMETOWN FOODS,Cedar Rapids,52402,LINN,1031080,CANADIAN WHISKIES,Heaven Hill Brands,11788,Black Velvet,12,1750,$9.75,$14.63,7,$102.41,12.25
INV-201430,05/28/2026,5102,Corner Tap & Bottle,AMES,50010,STORY,1051010,IMPORTED BRANDIES,Moet Hennessy USA,64866,Hennessy VS,12,750,$24.99,$37.49,1,$37.49,0.75
INV-201431,2026-02-08,2501,Hy-Vee #3 / BDI / Des Moines,DES MOINES,50313,POLK,1032080,IRISH WHISKIES,Pernod Ricard USA,19067,Jameson,12,750,17.99,26.99,6,161.94,4.50
INV-201432,04/15/2026,3385,  Sam's Club 8162,DAVENPORT,52807,SCOTT,1041100,AMERICAN DRY GINS,Luxco Inc,35918,Five O'clock Gin,12,1750,8.99 ,13.49 ,3,40.47 ,5.25
INV-201433,05/12/2026,5102,CORNER TAP & BOTTLE,Ames,50010,STORY,1031080,CANADIAN WHISKIES,Heaven Hill Brands,11788,Black Velvet,12,1750,9.75,14.63,1,14.63,1.75
INV-201434,2026-05-28,5102,  Corner Tap & Bottle,AMES,50010,STORY,1081600,,Regional Spirits Co,77779,Dusty Shelf Cordial,6,375,11.00,12.10,13,157.30,4.88
INV-201435,31-Mar-2026,2648,  Wilkie Liquors,IOWA CITY,52240,JOHNSON,1031080,CANADIAN WHISKIES,Heaven Hill Brands,11788,Black Velvet,12,1750,9.75,14.63,7,102.41,12.25
INV-201436,12-Apr-2026,2648,Wilkie Liquors,IOWA CITY,52240,JOHNSON,1041100,AMERICAN DRY GINS,Luxco Inc,35918,Five O'clock Gin,12,1750,8.99,13.49,4,53.96,7.00
INV-201437,08-Feb-2026,3385,SAM'S CLUB 8162,DAVENPORT,52807,SCOTT,1031200,AMERICAN VODKAS,Sazerac Company Inc,36308,Mr Boston Vodka,12,1000,4.50 ,6.75 ,2,13.50 ,2.00
INV-201438,2026-03-29,2648,Wilkie Liquors,IOWA CITY,52240,,1041100,AMERICAN DRY GINS,Luxco Inc,35918,Five O'clock Gin,12,1750,8.99,13.49,7,94.43,12.25
INV-201439,2026-06-30,4829,Casey's General Store #2879,ANKENY,50021,POLK,1031200,AMERICAN VODKAS,Fifth Generation Inc,26827,Tito's Handmade Vodka,12,750,12.50 ,18.75 ,3,56.25 ,2.25
INV-201440,03/08/2026,2501,  Hy-Vee #3 / BDI / Des Moines,DES MOINES,50313,POLK,1031080,CANADIAN WHISKIES,Heaven Hill Brands,11788,Black Velvet,12,1750,9.75,14.63,4,58.52,7.00
INV-201441,04-Jun-2026,2190,"  Central City Liquor, Inc.",DES MOINES,50310,POLK,1041100,AMERICAN DRY GINS,Luxco Inc,35918,Five O'clock Gin,12,1750,$8.99,$13.49,1,$13.49,1.75
INV-201442,2026-07-17,2648,Wilkie Liquors,IOWA CITY,52240,JOHNSON,1081900,WHISKEY LIQUEUR,Sazerac Company Inc,43336,Fireball Cinnamon Whiskey,12,750,8.25,12.38,4,49.52,3.00
INV-201443,2026-04-18,2501,HY-VEE #3 / BDI / DES MOINES,DES MOINES,50313,POLK,1051010,IMPORTED BRANDIES,Moet Hennessy USA,64866,Hennessy VS,12,750,24.99,37.49,2,74.98,1.50
INV-201444,03/18/2026,2501,Hy-Vee #3 / BDI / Des Moines,DES MOINES,50313,POLK,1032080,IRISH WHISKIES,Pernod Ricard USA,19067,Jameson,12,750,17.99,26.99,1,26.99,0.75
INV-201445,03/24/2026,2648,WILKIE LIQUORS,IOWA CITY,52240,JOHNSON,1041100,AMERICAN DRY GINS,Luxco Inc,35918,Five O'clock Gin,12,1750,8.99 ,13.49 ,3,40.47 ,5.25
INV-201446,2026-07-05,3385,Sam's Club 8162,DAVENPORT,52807,SCOTT,1081600,-,Regional Spirits Co,77779,Dusty Shelf Cordial,6,375,11.00,12.10,1,12.10,0.38
INV-201447,2026-04-01,2633,Hometown Foods,CEDAR RAPIDS,52402,LINN,1081600,N/A,Regional Spirits Co,77779,Dusty Shelf Cordial,6,375,$11.00,$12.10,3,$36.30,1.12
INV-201448,2026-02-28,4829,Casey's General Store #2879,ANKENY,50021,POLK,1031200,AMERICAN VODKAS,Sazerac Company Inc,36308,Mr Boston Vodka,12,1000,4.50 ,6.75 ,4,27.00 ,4.00
INV-201449,05/30/2026,4829,Casey's General Store #2879,ANKENY,50021,POLK,1031080,CANADIAN WHISKIES,Heaven Hill Brands,11788,Black Velvet,12,1750,9.75,14.63,10,146.30,17.50
INV-201450,02/03/2026,5102,Corner Tap & Bottle,AMES,50010,STORY,1081600,N/A,Regional Spirits Co,77779,Dusty Shelf Cordial,6,375,$11.00,$12.10,2,$24.20,0.75
INV-201451,05/27/2026,4829,Casey's General Store #2879,ANKENY,50021.0,POLK,1051010,IMPORTED BRANDIES,Moet Hennessy USA,64866,Hennessy VS,12,750,24.99,37.49,2,74.98,1.50
INV-201452,03/22/2026,2501,HY-VEE #3 / BDI / DES MOINES,DES MOINES,50313,POLK,1051010,IMPORTED BRANDIES,Moet Hennessy USA,64866,Hennessy VS,12,750,24.99,37.49,3,112.47,2.25
INV-201453,2026-05-01,2501,Hy-Vee #3 / BDI / Des Moines,DES MOINES,50313.0,POLK,1031080,CANADIAN WHISKIES,Heaven Hill Brands,11788,Black Velvet,12,1750,$9.75,$14.63,5,$73.15,8.75
INV-201454,05/13/2026,3385,Sam's Club 8162 ,DAVENPORT,52807,SCOTT,1031080,CANADIAN WHISKIES,Heaven Hill Brands,11788,Black Velvet,12,1750,9.75,14.63,1,14.63,1.75
INV-201455,2026-03-28,3385,Sam's Club 8162,DAVENPORT,52807,SCOTT,1081900,WHISKEY LIQUEUR,Sazerac Company Inc,43336,Fireball Cinnamon Whiskey,12,750,8.25,12.38,4,49.52,3.00
INV-201456,2026-02-22,4829,Casey's General Store #2879,ANKENY,50021,POLK,1041100,AMERICAN DRY GINS,Luxco Inc,35918,Five O'clock Gin,12,1750,8.99,13.49,4,53.96,7.00
INV-201457,2026-03-31,3385,Sam's Club 8162,DAVENPORT,52807,SCOTT,1081600,,Regional Spirits Co,77779,Dusty Shelf Cordial,6,375,$11.00,$12.10,1,$12.10,0.38
INV-201458,2026-02-20,2501,Hy-Vee #3 / BDI / Des Moines,DES MOINES,50313.0,POLK,1081600,,Regional Spirits Co,77779,Dusty Shelf Cordial,6,375,11.00,12.10,8,96.80,3.00
INV-201459,2026-02-10,2501,Hy-Vee #3 / BDI / Des Moines,DES MOINES,50313,POLK,1041100,AMERICAN DRY GINS,Luxco Inc,35918,Five O'clock Gin,12,1750,$8.99,$13.49,1,$13.49,1.75
INV-201460,05/24/2026,5102,CORNER TAP & BOTTLE,AMES,50010,,1031200,AMERICAN VODKAS,Sazerac Company Inc,36308,Mr Boston Vodka,12,1000,$4.50,$6.75,7,$47.25,7.00
INV-201461,2026-03-18,4829,Casey's General Store #2879,ANKENY,50021,POLK,1051010,IMPORTED BRANDIES,Moet Hennessy USA,64866,Hennessy VS,12,750,24.99 ,37.49 ,8,299.92 ,6.00
INV-201462,21-Apr-2026,2648,Wilkie Liquors,IOWA CITY,52240,JOHNSON,1031200,AMERICAN VODKAS,Sazerac Company Inc,36308,Mr Boston Vodka,12,1000,4.50 ,6.75 ,1,6.75 ,1.00
INV-201463,04/03/2026,2501,Hy-Vee #3 / BDI / Des Moines,DES MOINES,50313,POLK,1031200,AMERICAN VODKAS,Fifth Generation Inc,26827,Tito's Handmade Vodka,12,750,$12.50,$18.75,2,$37.50,1.50
INV-201464,2026-03-03,5102,Corner Tap & Bottle,AMES,50010,STORY,1051010,IMPORTED BRANDIES,Moet Hennessy USA,64866,Hennessy VS,12,750,24.99 ,37.49 ,4,149.96 ,3.00
INV-201465,2026-03-27,2633,Hometown Foods,CEDAR RAPIDS,52402,LINN,1081600,-,Regional Spirits Co,77779,Dusty Shelf Cordial,6,375,11.00,12.10,19,229.90,7.12
INV-201466,2026-02-06,3385,Sam's Club 8162,DAVENPORT,52807,SCOTT,1041100,AMERICAN DRY GINS,Luxco Inc,35918,Five O'clock Gin,12,1750,8.99,13.49,1,13.49,1.75
INV-201467,2026-06-11,2190,"Central City Liquor, Inc.",DES MOINES,50310,POLK,1051010,IMPORTED BRANDIES,Moet Hennessy USA,64866,Hennessy VS,12,750,24.99,37.49,6,224.94,4.50
INV-201468,04/29/2026,5102,Corner Tap & Bottle,AMES,50010,STORY,1031200,AMERICAN VODKAS,Fifth Generation Inc,26827,Tito's Handmade Vodka,12,750,12.50,18.75,2,37.50,1.50
INV-201469,02/02/2026,3385,Sam's Club 8162,DAVENPORT,52807,SCOTT,1081600,N/A,Regional Spirits Co,77779,Dusty Shelf Cordial,6,375,11.00,12.10,2,24.20,0.75
INV-201470,2026-02-14,2501,Hy-Vee #3 / BDI / Des Moines,DES MOINES,50313,POLK,1041100,AMERICAN DRY GINS,Luxco Inc,35918,Five O'clock Gin,12,1750,8.99,13.49,1,13.49,1.75
INV-201471,02/27/2026,2633,Hometown Foods,CEDAR RAPIDS,52402,LINN,1031200,AMERICAN VODKAS,Fifth Generation Inc,26827,Tito's Handmade Vodka,12,750,12.50 ,18.75 ,3,56.25 ,2.25
INV-201472,25-Mar-2026,2648,Wilkie Liquors,IOWA CITY,52240,JOHNSON,1031200,AMERICAN VODKAS,Fifth Generation Inc,26827,Tito's Handmade Vodka,12,750,12.50,18.75,5,93.75,3.75
INV-201473,19-Feb-2026,5102,Corner Tap & Bottle,AMES,50010,STORY,1051010,IMPORTED BRANDIES,Moet Hennessy USA,64866,Hennessy VS,12,750,24.99 ,37.49 ,2,74.98 ,1.50
INV-201474,2026-04-13,2633,HOMETOWN FOODS,CEDAR RAPIDS,52402,LINN,1081900,WHISKEY LIQUEUR,Sazerac Company Inc,43336,Fireball Cinnamon Whiskey,12,750,$8.25,$12.38,1,$12.38,0.75
INV-201475,2026-02-19,2648,  Wilkie Liquors,IOWA CITY,52240,JOHNSON,1081600,-,Regional Spirits Co,77779,Dusty Shelf Cordial,6,375,$11.00,$12.10,1,$12.10,0.38
INV-201476,02/10/2026,2633,Hometown Foods,CEDAR RAPIDS,52402.0,,1081600,N/A,Regional Spirits Co,77779,Dusty Shelf Cordial,6,375,11.00,12.10,1,12.10,0.38
INV-201477,12-Mar-2026,4829,Casey's General Store #2879,ANKENY,50021,POLK,1081600,-,Regional Spirits Co,77779,Dusty Shelf Cordial,6,375,11.00,12.10,2,24.20,0.75
INV-201478,20-May-2026,2501,Hy-Vee #3 / BDI / Des Moines,DES MOINES,50313,POLK,1031080,CANADIAN WHISKIES,Heaven Hill Brands,11788,Black Velvet,12,1750,9.75,14.63,1,14.63,1.75
INV-201479,2026-02-02,3385,Sam's Club 8162,DAVENPORT,52807,SCOTT,1031200,AMERICAN VODKAS,Sazerac Company Inc,36308,Mr Boston Vodka,12,1000,4.50,6.75,2,13.50,2.00
INV-201480,2026-05-08,2633,  Hometown Foods,CEDAR RAPIDS,52402,LINN,1032080,IRISH WHISKIES,Pernod Ricard USA,19067,Jameson,12,750,$17.99,$26.99,2,$53.98,1.50
INV-201481,2026-02-21,2190,Central City Liquor INC,DES MOINES,50310.0,POLK,1051010,IMPORTED BRANDIES,Moet Hennessy USA,64866,Hennessy VS,12,750,24.99,37.49,4,149.96,3.00
INV-201482,2026-06-24,2633,  Hometown Foods,CEDAR RAPIDS,52402,LINN,1031080,CANADIAN WHISKIES,Heaven Hill Brands,11788,Black Velvet,12,1750,9.75 ,14.63 ,5,73.15 ,8.75
INV-201483,2026-05-30,3385,Sam's Club 8162,DAVENPORT,52807,SCOTT,1031080,CANADIAN WHISKIES,Heaven Hill Brands,11788,Black Velvet,12,1750,9.75 ,14.63 ,4,58.52 ,7.00
INV-201484,04-Feb-2026,2501,Hy-Vee #3 / BDI / Des Moines,DES MOINES,50313,POLK,1031200,AMERICAN VODKAS,Sazerac Company Inc,36308,Mr Boston Vodka,12,1000,$4.50,$6.75,1,$6.75,1.00
INV-201485,06-Jun-2026,4829,Casey's General Store #2879,ANKENY,50021,POLK,1031200,AMERICAN VODKAS,Fifth Generation Inc,26827,Tito's Handmade Vodka,12,750,$12.50,$18.75,10,$187.50,7.50
INV-201486,2026-02-23,2633,Hometown Foods,Cedar Rapids,52402,LINN,1031080,CANADIAN WHISKIES,Heaven Hill Brands,11788,Black Velvet,12,1750,9.75,14.63,-2,-29.26,-3.50
INV-201487,06/29/2026,2648,  Wilkie Liquors,IOWA CITY,52240,JOHNSON,1041100,AMERICAN DRY GINS,Luxco Inc,35918,Five O'clock Gin,12,1750,$8.99,$13.49,1,$13.49,1.75
INV-201488,06/01/2026,2633,Hometown Foods,CEDAR RAPIDS,52402,LINN,1041100,AMERICAN DRY GINS,Luxco Inc,35918,Five O'clock Gin,12,1750,8.99,13.49,5,67.45,8.75
INV-201489,05/08/2026,2501,Hy-Vee #3 / BDI / Des Moines,DES MOINES,50313,POLK,1041100,AMERICAN DRY GINS,Luxco Inc,35918,Five O'clock Gin,12,1750,$8.99,$13.49,1,$13.49,1.75
INV-201490,02/15/2026,2190,"Central City Liquor, Inc.",DES MOINES,50310,POLK,1031200,AMERICAN VODKAS,Fifth Generation Inc,26827,Tito's Handmade Vodka,12,750,$12.50,$18.75,3,$56.25,2.25
INV-201491,07/07/2026,2633,Hometown Foods,CEDAR RAPIDS,52402.0,LINN,1041100,AMERICAN DRY GINS,Luxco Inc,35918,Five O'clock Gin,12,1750,$8.99,$13.49,5,$67.45,8.75
INV-201492,02/16/2026,5102,Corner Tap & Bottle,AMES,50010,STORY,1031200,AMERICAN VODKAS,Fifth Generation Inc,26827,Tito's Handmade Vodka,12,750,12.50,18.75,2,37.50,1.50
INV-201493,2026-03-04,4829,Casey's General Store #2879,ANKENY,50021,,1041100,AMERICAN DRY GINS,Luxco Inc,35918,Five O'clock Gin,12,1750,8.99,13.49,14,188.86,24.50
INV-201494,2026-06-10,2633,Hometown Foods,CEDAR RAPIDS,52402,,1031200,AMERICAN VODKAS,Fifth Generation Inc,26827,Tito's Handmade Vodka,12,750,12.50,18.75,2,37.50,1.50
INV-201495,05/06/2026,4829,CASEY'S GENERAL STORE #2879,ANKENY,50021,POLK,1031080,CANADIAN WHISKIES,Heaven Hill Brands,11788,Black Velvet,12,1750,9.75,14.63,1,14.63,1.75
INV-201496,21-Jul-2026,2633,Hometown Foods,CEDAR RAPIDS,52402,LINN,1051010,IMPORTED BRANDIES,Moet Hennessy USA,64866,Hennessy VS,12,750,24.99,37.49,5,187.45,3.75
INV-201497,2026-02-10,2501,HY-VEE #3 / BDI / DES MOINES,DES MOINES,50313,POLK,1031200,AMERICAN VODKAS,Sazerac Company Inc,36308,Mr Boston Vodka,12,1000,N/A,6.75,11,74.25,11.00
INV-201498,02/17/2026,3385,Sam's Club 8162,DAVENPORT,52807,SCOTT,1032080,IRISH WHISKIES,Pernod Ricard USA,19067,Jameson,12,750,17.99,26.99,17,458.83,12.75
INV-201499,02/20/2026,2501,Hy-Vee #3 / BDI / Des Moines,DES MOINES,50313,POLK,1031200,AMERICAN VODKAS,Sazerac Company Inc,36308,Mr Boston Vodka,12,1000,4.50,6.75,7,47.25,7.00
INV-201500,2026-03-11,5102,Corner Tap & Bottle,AMES,50010,STORY,1051010,IMPORTED BRANDIES,Moet Hennessy USA,64866,Hennessy VS,12,750,24.99 ,37.49 ,1,37.49 ,0.75
INV-201501,05/15/2026,5102,  Corner Tap & Bottle,AMES,50010,STORY,1041100,AMERICAN DRY GINS,Luxco Inc,35918,Five O'clock Gin,12,1750,$8.99,$13.49,1,$13.49,1.75
INV-201502,12-Jun-2026,2633,Hometown Foods,CEDAR RAPIDS,52402,,1081600,,Regional Spirits Co,77779,Dusty Shelf Cordial,6,375,11.00 ,12.10 ,2,24.20 ,0.75
INV-201503,2026-02-14,2633,Hometown Foods,CEDAR RAPIDS,52402,LINN,1081600,-,Regional Spirits Co,77779,Dusty Shelf Cordial,6,375,$11.00,$12.10,1,$12.10,0.38
INV-201504,2026-05-09,4829,Casey's General Store #2879 ,ANKENY,50021,POLK,1041100,AMERICAN DRY GINS,Luxco Inc,35918,Five O'clock Gin,12,1750,8.99,13.49,1,13.49,1.75
INV-201505,06/04/2026,2633,Hometown Foods,CEDAR RAPIDS,52402,LINN,1032080,IRISH WHISKIES,Pernod Ricard USA,19067,Jameson,12,750,17.99 ,26.99 ,1,26.99 ,0.75
INV-201506,06/07/2026,2648,Wilkie Liquors,IOWA CITY,52240,JOHNSON,1032080,IRISH WHISKIES,Pernod Ricard USA,19067,Jameson,12,750,17.99,26.99,4,107.96,3.00
INV-201507,2026-04-29,2633,  Hometown Foods,CEDAR RAPIDS,52402.0,LINN,1081600,N/A,Regional Spirits Co,77779,Dusty Shelf Cordial,6,375,11.00 ,12.10 ,4,48.40 ,1.50
INV-201508,07/11/2026,2633,Hometown Foods,Cedar Rapids,52402,LINN,1081600,-,Regional Spirits Co,77779,Dusty Shelf Cordial,6,375,11.00,12.10,10,121.00,3.75
INV-201509,03/09/2026,2633,  Hometown Foods,CEDAR RAPIDS,52402,LINN,1031200,AMERICAN VODKAS,Sazerac Company Inc,36308,Mr Boston Vodka,12,1000,$4.50,$6.75,1,$6.75,1.00
INV-201510,2026-03-03,2633,Hometown Foods,CEDAR RAPIDS,52402,LINN,1081600,-,Regional Spirits Co,77779,Dusty Shelf Cordial,6,375,11.00,12.10,1,12.10,0.38
INV-201511,07/16/2026,2501,Hy-Vee #3 / BDI / Des Moines,DES MOINES,50313,POLK,1031200,AMERICAN VODKAS,Fifth Generation Inc,26827,Tito's Handmade Vodka,12,750,$12.50,$18.75,10,$187.50,7.50
INV-201512,02/11/2026,2633,HOMETOWN FOODS,CEDAR RAPIDS,52402,LINN,1081900,WHISKEY LIQUEUR,Sazerac Company Inc,43336,Fireball Cinnamon Whiskey,12,750,8.25,12.38,18,222.84,13.50
INV-201513,2026-05-07,2501,Hy-Vee #3 / BDI / Des Moines,Des Moines,50313,POLK,1081600,,Regional Spirits Co,77779,Dusty Shelf Cordial,6,375,11.00,12.10,6,72.60,2.25
INV-201514,2026-05-23,5102,CORNER TAP & BOTTLE,AMES,50010,STORY,1081900,WHISKEY LIQUEUR,Sazerac Company Inc,43336,Fireball Cinnamon Whiskey,12,750,$8.25,$12.38,1,$12.38,0.75
INV-201515,2026-07-04,2190,"CENTRAL CITY LIQUOR, INC.",DES MOINES,50310,POLK,1031080,CANADIAN WHISKIES,Heaven Hill Brands,11788,Black Velvet,12,1750,9.75,14.63,5,73.15,8.75
INV-201516,2026-05-31,2190,"Central City Liquor, Inc.",DES MOINES,50310,POLK,1031200,AMERICAN VODKAS,Fifth Generation Inc,26827,Tito's Handmade Vodka,12,750,12.50,18.75,1,18.75,0.75
INV-201517,06/25/2026,5102,Corner Tap and Bottle,AMES,50010,STORY,1032080,IRISH WHISKIES,Pernod Ricard USA,19067,Jameson,12,750,17.99 ,26.99 ,-1,-26.99 ,-0.75
INV-201518,05/07/2026,2648,WILKIE LIQUORS,IOWA CITY,52240,JOHNSON,1031200,AMERICAN VODKAS,Fifth Generation Inc,26827,Tito's Handmade Vodka,12,750,12.50,18.75,12,225.00,9.00
INV-201519,2026-03-02,2501,Hy-Vee #3 / BDI / Des Moines,DES MOINES,50313,POLK,1031200,AMERICAN VODKAS,Sazerac Company Inc,36308,Mr Boston Vodka,12,1000,4.50,6.75,2,13.50,2.00
INV-201520,2026-06-20,2501,Hy-Vee #3 / BDI / Des Moines,DES MOINES,50313,POLK,1031080,CANADIAN WHISKIES,Heaven Hill Brands,11788,Black Velvet,12,1750,9.75,14.63,1,14.63,1.75
INV-201521,2026-04-21,2501,Hy-Vee #3 / BDI / Des Moines,DES MOINES,50313,POLK,1032080,IRISH WHISKIES,Pernod Ricard USA,19067,Jameson,12,750,17.99,26.99,3,80.97,2.25
INV-201522,2026-03-18,2190,"Central City Liquor, Inc. ",Des Moines,50310,POLK,1031200,AMERICAN VODKAS,Fifth Generation Inc,26827,Tito's Handmade Vodka,12,750,12.50,18.75,11,206.25,8.25
INV-201523,14-Mar-2026,2501,Hy-Vee #3 / BDI / Des Moines,DES MOINES,50313,POLK,1031200,AMERICAN VODKAS,Fifth Generation Inc,26827,Tito's Handmade Vodka,12,750,12.50,18.75,1,18.75,0.75
INV-201524,2026-02-10,4829,Casey's General Store #2879,ANKENY,50021,POLK,1051010,IMPORTED BRANDIES,Moet Hennessy USA,64866,Hennessy VS,12,750,N/A,37.49,3,112.47,2.25
INV-201525,03/09/2026,4829,Casey's General Store #2879,ANKENY,50021,POLK,1031080,CANADIAN WHISKIES,Heaven Hill Brands,11788,Black Velvet,12,1750,9.75 ,14.63 ,1,14.63 ,1.75
INV-201526,2026-04-07,2190,"CENTRAL CITY LIQUOR, INC.",Des Moines,50310,POLK,1032080,IRISH WHISKIES,Pernod Ricard USA,19067,Jameson,12,750,$17.99,$26.99,1,$26.99,0.75
INV-201527,03/13/2026,3385,Sam's Club 8162,DAVENPORT,52807,SCOTT,1031200,AMERICAN VODKAS,Sazerac Company Inc,36308,Mr Boston Vodka,12,1000,4.50,6.75,2,13.50,2.00
INV-201528,2026-06-22,5102,Corner Tap & Bottle ,AMES,50010,STORY,1031200,AMERICAN VODKAS,Sazerac Company Inc,36308,Mr Boston Vodka,12,1000,4.50,6.75,2,13.50,2.00
INV-201529,05/18/2026,3385,SAM'S CLUB 8162,DAVENPORT,52807,,1081600,-,Regional Spirits Co,77779,Dusty Shelf Cordial,6,375,$11.00,$12.10,1,$12.10,0.38
INV-201530,28-May-2026,2190,"Central City Liquor, Inc.",DES MOINES,50310,POLK,1081600,-,Regional Spirits Co,77779,Dusty Shelf Cordial,6,375,$11.00,$12.10,2,$24.20,0.75
INV-201531,05/24/2026,2648,WILKIE LIQUORS,IOWA CITY,52240,JOHNSON,1031200,AMERICAN VODKAS,Fifth Generation Inc,26827,Tito's Handmade Vodka,12,750,$12.50,$18.75,2,$37.50,1.50
INV-201532,04/07/2026,3385,Sam's Club 8162,DAVENPORT,52807,SCOTT,1081600,-,Regional Spirits Co,77779,Dusty Shelf Cordial,6,375,11.00,12.10,1,12.10,0.38
INV-201533,06/01/2026,2190,"Central City Liquor, Inc.",DES MOINES,50310,POLK,1032080,IRISH WHISKIES,Pernod Ricard USA,19067,Jameson,12,750,17.99,26.99,4,107.96,3.00
INV-201534,13-May-2026,5102,Corner Tap & Bottle,AMES,50010,STORY,1081900,WHISKEY LIQUEUR,Sazerac Company Inc,43336,Fireball Cinnamon Whiskey,12,750,8.25,12.38,1,12.38,0.75
INV-201535,2026-03-27,4829,Casey's General Store #2879,ANKENY,50021,POLK,1031080,CANADIAN WHISKIES,Heaven Hill Brands,11788,Black Velvet,12,1750,9.75 ,14.63 ,-1,-14.63 ,-1.75
INV-201536,07/05/2026,2648,Wilkie Liquors,Iowa City,52240,JOHNSON,1031080,CANADIAN WHISKIES,Heaven Hill Brands,11788,Black Velvet,12,1750,9.75,14.63,1,14.63,1.75
INV-201537,2026-04-28,2501,Hy-Vee #3 / BDI / Des Moines,DES MOINES,50313,POLK,1051010,IMPORTED BRANDIES,Moet Hennessy USA,64866,Hennessy VS,12,750,$24.99,$37.49,1,$37.49,0.75
INV-201538,05/31/2026,2190,"  Central City Liquor, Inc.",DES MOINES,50310,POLK,1032080,IRISH WHISKIES,Pernod Ricard USA,19067,Jameson,12,750,$17.99,$26.99,3,$80.97,2.25
INV-201539,03/06/2026,2633,  Hometown Foods,CEDAR RAPIDS,52402,LINN,1081900,WHISKEY LIQUEUR,Sazerac Company Inc,43336,Fireball Cinnamon Whiskey,12,750,8.25,12.38,3,37.14,2.25
INV-201540,02/11/2026,2633,Hometown Foods,CEDAR RAPIDS,52402,LINN,1041100,AMERICAN DRY GINS,Luxco Inc,35918,Five O'clock Gin,12,1750,8.99 ,13.49 ,4,53.96 ,7.00
INV-201541,26-Jun-2026,5102,Corner Tap & Bottle ,AMES,50010,STORY,1032080,IRISH WHISKIES,Pernod Ricard USA,19067,Jameson,12,750,17.99,26.99,1,26.99,0.75
INV-201542,2026-02-03,3385,Sam's Club 8162 ,DAVENPORT,52807.0,SCOTT,1051010,IMPORTED BRANDIES,Moet Hennessy USA,64866,Hennessy VS,12,750,24.99,37.49,1,37.49,0.75
INV-201543,2026-04-29,2648,  Wilkie Liquors,IOWA CITY,52240,JOHNSON,1051010,IMPORTED BRANDIES,Moet Hennessy USA,64866,Hennessy VS,12,750,24.99,37.49,4,149.96,3.00
INV-201544,06/16/2026,4829,Casey's General Store #2879,ANKENY,50021,POLK,1081900,WHISKEY LIQUEUR,Sazerac Company Inc,43336,Fireball Cinnamon Whiskey,12,750,8.25,12.38,2,24.76,1.50
INV-201545,05/02/2026,3385,Sam's Club 8162,DAVENPORT,52807,SCOTT,1041100,AMERICAN DRY GINS,Luxco Inc,35918,Five O'clock Gin,12,1750,8.99,13.49,1,13.49,1.75
INV-201546,2026-07-17,2501,HY-VEE #3 / BDI / DES MOINES,DES MOINES,50313,POLK,1031200,AMERICAN VODKAS,Sazerac Company Inc,36308,Mr Boston Vodka,12,1000,$4.50,$6.75,1,$6.75,1.00
INV-201547,02-May-2026,3385,Sam's Club 8162,DAVENPORT,52807,SCOTT,1041100,AMERICAN DRY GINS,Luxco Inc,35918,Five O'clock Gin,12,1750,8.99,13.49,1,13.49,1.75
INV-201548,2026-03-12,4829,Casey's General Store #2879,ANKENY,50021,POLK,1081600,-,Regional Spirits Co,77779,Dusty Shelf Cordial,6,375,11.00,12.10,8,96.80,3.00
INV-201549,2026-07-07,2648,Wilkie Liquors,IOWA CITY,52240,JOHNSON,1081900,WHISKEY LIQUEUR,Sazerac Company Inc,43336,Fireball Cinnamon Whiskey,12,750,8.25 ,12.38 ,8,99.04 ,6.00
INV-201550,2026-02-22,2648,WILKIE LIQUORS,IOWA CITY,52240,,1081600,N/A,Regional Spirits Co,77779,Dusty Shelf Cordial,6,375,11.00 ,12.10 ,4,48.40 ,1.50
INV-201551,07-Jun-2026,4829,Casey's General Store #2879,ANKENY,50021,POLK,1031200,AMERICAN VODKAS,Fifth Generation Inc,26827,Tito's Handmade Vodka,12,750,12.50 ,18.75 ,2,37.50 ,1.50
INV-201552,2026-03-13,2501,Hy-Vee #3 / BDI / Des Moines,DES MOINES,50313,POLK,1031200,AMERICAN VODKAS,Sazerac Company Inc,36308,Mr Boston Vodka,12,1000,$4.50,$6.75,1,$6.75,1.00
INV-201553,02/18/2026,3385,  Sam's Club 8162,DAVENPORT,52807,SCOTT,1041100,AMERICAN DRY GINS,Luxco Inc,35918,Five O'clock Gin,12,1750,8.99,13.49,10,134.90,17.50
INV-201554,2026-06-10,5102,CORNER TAP & BOTTLE,AMES,50010,STORY,1031200,AMERICAN VODKAS,Fifth Generation Inc,26827,Tito's Handmade Vodka,12,750,12.50,18.75,3,56.25,2.25
INV-201555,03-May-2026,5102,Corner Tap & Bottle,AMES,50010,STORY,1081900,WHISKEY LIQUEUR,Sazerac Company Inc,43336,Fireball Cinnamon Whiskey,12,750,8.25,12.38,2,24.76,1.50
INV-201556,02/09/2026,2648,Wilkie Liquors ,IOWA CITY,52240,JOHNSON,1031200,AMERICAN VODKAS,Fifth Generation Inc,26827,Tito's Handmade Vodka,12,750,12.50,18.75,2,37.50,1.50
INV-201557,05/14/2026,2190,"  Central City Liquor, Inc.",DES MOINES,50310,POLK,1031200,AMERICAN VODKAS,Sazerac Company Inc,36308,Mr Boston Vodka,12,1000,4.50,6.75,16,108.00,16.00
INV-201558,04-Jun-2026,5102,Corner Tap & Bottle,AMES,50010.0,STORY,1031200,AMERICAN VODKAS,Fifth Generation Inc,26827,Tito's Handmade Vodka,12,750,12.50,18.75,1,18.75,0.75
INV-201559,2026-07-28,2648,Wilkie Liquors,IOWA CITY,52240,JOHNSON,1031200,AMERICAN VODKAS,Sazerac Company Inc,36308,Mr Boston Vodka,12,1000,4.50 ,6.75 ,5,33.75 ,5.00
INV-201560,04/23/2026,2648,Wilkie Liquors ,IOWA CITY,52240,JOHNSON,1032080,IRISH WHISKIES,Pernod Ricard USA,19067,Jameson,12,750,17.99 ,26.99 ,7,188.93 ,5.25
INV-201561,2026-03-31,3385,Sam's Club 8162,DAVENPORT,52807,SCOTT,1041100,AMERICAN DRY GINS,Luxco Inc,35918,Five O'clock Gin,12,1750,$8.99,$13.49,3,$40.47,5.25
INV-201562,07/07/2026,2648,Wilkie Liquors,IOWA CITY,52240,JOHNSON,1051010,IMPORTED BRANDIES,Moet Hennessy USA,64866,Hennessy VS,12,750,24.99,37.49,12,449.88,9.00
INV-201563,2026-07-13,2648,Wilkie Liquors,IOWA CITY,52240,JOHNSON,1031200,AMERICAN VODKAS,Fifth Generation Inc,26827,Tito's Handmade Vodka,12,750,12.50,18.75,1,18.75,0.75
INV-201564,04-Apr-2026,3385,Sam's Club 8162,DAVENPORT,52807,SCOTT,1041100,AMERICAN DRY GINS,Luxco Inc,35918,Five O'clock Gin,12,1750,$8.99,$13.49,4,$53.96,7.00
INV-201565,15-Apr-2026,2648,Wilkie Liquors,IOWA CITY,52240,JOHNSON,1031200,AMERICAN VODKAS,Fifth Generation Inc,26827,Tito's Handmade Vodka,12,750,12.50 ,18.75 ,1,18.75 ,0.75
INV-201566,02/07/2026,2633,HOMETOWN FOODS,CEDAR RAPIDS,52402,LINN,1041100,AMERICAN DRY GINS,Luxco Inc,35918,Five O'clock Gin,12,1750,,13.49 ,3,40.47 ,5.25
INV-201567,06/19/2026,2648,Wilkie Liquors,IOWA CITY,52240,JOHNSON,1032080,IRISH WHISKIES,Pernod Ricard USA,19067,Jameson,12,750,$17.99,$26.99,1,$26.99,0.75
INV-201568,2026-04-13,2190,"Central City Liquor, Inc.",DES MOINES,50310,POLK,1031200,AMERICAN VODKAS,Fifth Generation Inc,26827,Tito's Handmade Vodka,12,750,12.50 ,18.75 ,2,37.50 ,1.50
INV-201569,01/31/2026,2648,Wilkie Liquors,Iowa City,52240,JOHNSON,1041100,AMERICAN DRY GINS,Luxco Inc,35918,Five O'clock Gin,12,1750,8.99,13.49,1,13.49,1.75
INV-201570,2026-03-24,4829,CASEY'S GENERAL STORE #2879,ANKENY,50021,POLK,1031200,AMERICAN VODKAS,Sazerac Company Inc,36308,Mr Boston Vodka,12,1000,$4.50,$6.75,5,$33.75,5.00
INV-201571,04/05/2026,2633,Hometown Foods,CEDAR RAPIDS,52402.0,LINN,1031080,CANADIAN WHISKIES,Heaven Hill Brands,11788,Black Velvet,12,1750,9.75 ,14.63 ,1,14.63 ,1.75
INV-201572,2026-03-30,2190,"Central City Liquor, Inc.",DES MOINES,50310.0,POLK,1081600,N/A,Regional Spirits Co,77779,Dusty Shelf Cordial,6,375,11.00,12.10,7,84.70,2.62
INV-201573,2026-06-10,2648,Wilkie Liquors,IOWA CITY,52240,JOHNSON,1031200,AMERICAN VODKAS,Fifth Generation Inc,26827,Tito's Handmade Vodka,12,750,12.50,18.75,6,112.50,4.50
INV-201574,2026-07-16,2190,"  Central City Liquor, Inc.",DES MOINES,50310,POLK,1032080,IRISH WHISKIES,Pernod Ricard USA,19067,Jameson,12,750,$17.99,$26.99,2,$53.98,1.50
INV-201575,20-May-2026,2633,HOMETOWN FOODS,CEDAR RAPIDS,52402,LINN,1041100,AMERICAN DRY GINS,Luxco Inc,35918,Five O'clock Gin,12,1750,8.99 ,13.49 ,1,13.49 ,1.75
INV-201576,2026-07-07,4829,Casey's General Store #2879,ANKENY,50021,POLK,1031080,CANADIAN WHISKIES,Heaven Hill Brands,11788,Black Velvet,12,1750,9.75 ,14.63 ,2,29.26 ,3.50
INV-201577,07/02/2026,2190,"Central City Liquor, Inc.",DES MOINES,50310,POLK,1051010,IMPORTED BRANDIES,Moet Hennessy USA,64866,Hennessy VS,12,750,24.99,37.49,5,187.45,3.75
INV-201578,02/13/2026,5102,Corner Tap & Bottle,AMES,50010,STORY,1031200,AMERICAN VODKAS,Sazerac Company Inc,36308,Mr Boston Vodka,12,1000,$4.50,$6.75,2,$13.50,2.00
INV-201579,05/06/2026,5102,CORNER TAP & BOTTLE,AMES,50010,STORY,1031080,CANADIAN WHISKIES,Heaven Hill Brands,11788,Black Velvet,12,1750,9.75 ,14.63 ,7,102.41 ,12.25
INV-201580,2026-05-18,3385,SAM'S CLUB 8162,DAVENPORT,52807,SCOTT,1041100,AMERICAN DRY GINS,Luxco Inc,35918,Five O'clock Gin,12,1750,$8.99,$13.49,4,$53.96,7.00
INV-201581,26-Jun-2026,2648,Wilkie Liquors,IOWA CITY,52240,JOHNSON,1081900,WHISKEY LIQUEUR,Sazerac Company Inc,43336,Fireball Cinnamon Whiskey,12,750,8.25,12.38,24,297.12,18.00
INV-201582,01/30/2026,2501,Hy-Vee #3 / BDI / Des Moines,DES MOINES,50313.0,POLK,1031200,AMERICAN VODKAS,Sazerac Company Inc,36308,Mr Boston Vodka,12,1000,$4.50,$6.75,-1,$-6.75,-1.00
INV-201583,2026-06-22,5102,  Corner Tap & Bottle,AMES,50010,STORY,1032080,IRISH WHISKIES,Pernod Ricard USA,19067,Jameson,12,750,17.99,26.99,1,26.99,0.75
INV-201584,2026-03-06,2190,"Central City Liquor, Inc.",DES MOINES,50310,POLK,1031200,AMERICAN VODKAS,Sazerac Company Inc,36308,Mr Boston Vodka,12,1000,4.50,6.75,1,6.75,1.00
INV-201585,06/21/2026,3385,Sam's Club 8162,DAVENPORT,52807,SCOTT,1081600,,Regional Spirits Co,77779,Dusty Shelf Cordial,6,375,11.00,12.10,3,36.30,1.12
INV-201586,2026-07-05,3385,Sam's Club 8162,Davenport,52807,SCOTT,1041100,AMERICAN DRY GINS,Luxco Inc,35918,Five O'clock Gin,12,1750,8.99,13.49,1,13.49,1.75
INV-201587,17-Mar-2026,2501,Hy-Vee #3 / BDI / Des Moines,DES MOINES,50313,POLK,1032080,IRISH WHISKIES,Pernod Ricard USA,19067,Jameson,12,750,17.99,26.99,5,134.95,3.75
INV-201588,2026-05-22,4829,Casey's General Store #2879,ANKENY,50021.0,POLK,1032080,IRISH WHISKIES,Pernod Ricard USA,19067,Jameson,12,750,17.99,26.99,2,53.98,1.50
INV-201589,12-Jul-2026,5102,Corner Tap & Bottle,AMES,50010,STORY,1031200,AMERICAN VODKAS,Fifth Generation Inc,26827,Tito's Handmade Vodka,12,750,12.50,18.75,2,37.50,1.50
INV-201590,2026-03-09,3385,Sam's Club 8162,DAVENPORT,52807,SCOTT,1051010,IMPORTED BRANDIES,Moet Hennessy USA,64866,Hennessy VS,12,750,24.99,37.49,1,37.49,0.75
INV-201591,03/23/2026,4829,  Casey's General Store #2879,ANKENY,50021.0,POLK,1041100,AMERICAN DRY GINS,Luxco Inc,35918,Five O'clock Gin,12,1750,$8.99,$13.49,4,$53.96,7.00
INV-201592,15-Jun-2026,3385,Sam's Club 8162,DAVENPORT,52807.0,SCOTT,1031200,AMERICAN VODKAS,Fifth Generation Inc,26827,Tito's Handmade Vodka,12,750,12.50 ,18.75 ,7,131.25 ,5.25
INV-201593,2026-06-25,4829,Casey's General Store #2879,ANKENY,50021,POLK,1031200,AMERICAN VODKAS,Sazerac Company Inc,36308,Mr Boston Vodka,12,1000,4.50,6.75,2,13.50,2.00
INV-201594,03/29/2026,2648,WILKIE LIQUORS,IOWA CITY,52240,JOHNSON,1051010,IMPORTED BRANDIES,Moet Hennessy USA,64866,Hennessy VS,12,750,24.99,37.49,4,149.96,3.00
INV-201595,02-May-2026,4829,Casey's General Store #2879,ANKENY,50021,POLK,1032080,IRISH WHISKIES,Pernod Ricard USA,19067,Jameson,12,750,17.99,26.99,2,53.98,1.50
INV-201596,2026-03-27,2501,Hy-Vee #3 / BDI / Des Moines,DES MOINES,50313,POLK,1031080,CANADIAN WHISKIES,Heaven Hill Brands,11788,Black Velvet,12,1750,9.75,14.63,10,146.30,17.50
INV-201597,02/09/2026,2190,"Central City Liquor, Inc.",DES MOINES,50310,POLK,1032080,IRISH WHISKIES,Pernod Ricard USA,19067,Jameson,12,750,17.99,26.99,1,26.99,0.75
INV-201598,2026-02-23,2633,  Hometown Foods,CEDAR RAPIDS,52402,LINN,1031200,AMERICAN VODKAS,Fifth Generation Inc,26827,Tito's Handmade Vodka,12,750,12.50,18.75,-1,-18.75,-0.75
INV-201599,2026-04-11,2190,"  Central City Liquor, Inc.",DES MOINES,50310,POLK,1081900,WHISKEY LIQUEUR,Sazerac Company Inc,43336,Fireball Cinnamon Whiskey,12,750,8.25,12.38,3,37.14,2.25
INV-201600,2026-06-23,2190,"Central City Liquor, Inc. ",DES MOINES,50310,POLK,1051010,IMPORTED BRANDIES,Moet Hennessy USA,64866,Hennessy VS,12,750,24.99,37.49,1,37.49,0.75
INV-201601,03/29/2026,2501,Hy-Vee #3 / BDI / Des Moines,DES MOINES,50313.0,POLK,1031200,AMERICAN VODKAS,Sazerac Company Inc,36308,Mr Boston Vodka,12,1000,4.50 ,6.75 ,23,155.25 ,23.00
INV-201602,02/14/2026,3385,Sam's Club 8162,DAVENPORT,52807,SCOTT,1032080,IRISH WHISKIES,Pernod Ricard USA,19067,Jameson,12,750,17.99,26.99,1,26.99,0.75
INV-201603,16-Feb-2026,2633,Hometown Foods,CEDAR RAPIDS,52402,LINN,1031200,AMERICAN VODKAS,Fifth Generation Inc,26827,Tito's Handmade Vodka,12,750,12.50,18.75,10,187.50,7.50
INV-201604,23-May-2026,4829,Casey's General Store #2879,ANKENY,50021,,1051010,IMPORTED BRANDIES,Moet Hennessy USA,64866,Hennessy VS,12,750,24.99,37.49,11,412.39,8.25
INV-201605,2026-02-21,4829,Casey's General Store #2879,ANKENY,50021,POLK,1051010,IMPORTED BRANDIES,Moet Hennessy USA,64866,Hennessy VS,12,750,24.99 ,37.49 ,1,37.49 ,0.75
INV-201606,2026-07-27,2648,Wilkie Liquors,IOWA CITY,52240.0,,1031200,AMERICAN VODKAS,Fifth Generation Inc,26827,Tito's Handmade Vodka,12,750,12.50,18.75,1,18.75,0.75
INV-201607,2026-05-13,3385,Sam's Club 8162,DAVENPORT,52807,SCOTT,1041100,AMERICAN DRY GINS,Luxco Inc,35918,Five O'clock Gin,12,1750,8.99,13.49,4,53.96,7.00
INV-201608,2026-06-29,2633,Hometown Foods,CEDAR RAPIDS,52402,LINN,1041100,AMERICAN DRY GINS,Luxco Inc,35918,Five O'clock Gin,12,1750,8.99,13.49,1,13.49,1.75
INV-201609,2026-07-12,2501,Hy-Vee #3 / BDI / Des Moines,DES MOINES,50313,POLK,1031200,AMERICAN VODKAS,Fifth Generation Inc,26827,Tito's Handmade Vodka,12,750,12.50,18.75,2,37.50,1.50
INV-201610,2026-04-17,2190,"Central City Liquor, Inc.",DES MOINES,50310,POLK,1081900,WHISKEY LIQUEUR,Sazerac Company Inc,43336,Fireball Cinnamon Whiskey,12,750,8.25,12.38,7,86.66,5.25
INV-201611,2026-05-08,2648,Wilkie Liquors,IOWA CITY,52240,,1031200,AMERICAN VODKAS,Fifth Generation Inc,26827,Tito's Handmade Vodka,12,750,$12.50,$18.75,2,$37.50,1.50
INV-201612,07/12/2026,2648,Wilkie Liquors,IOWA CITY,52240,JOHNSON,1041100,AMERICAN DRY GINS,Luxco Inc,35918,Five O'clock Gin,12,1750,$8.99,$13.49,2,$26.98,3.50
INV-201613,2026-04-10,2648,Wilkie Liquors,IOWA CITY,52240,JOHNSON,1041100,AMERICAN DRY GINS,Luxco Inc,35918,Five O'clock Gin,12,1750,8.99 ,13.49 ,1,13.49 ,1.75
INV-201614,2026-04-09,2648,Wilkie Liquors,IOWA CITY,52240,JOHNSON,1031080,CANADIAN WHISKIES,Heaven Hill Brands,11788,Black Velvet,12,1750,9.75,14.63,12,175.56,21.00
INV-201615,2026-06-04,2633,HOMETOWN FOODS,Cedar Rapids,52402,LINN,1032080,IRISH WHISKIES,Pernod Ricard USA,19067,Jameson,12,750,17.99,26.99,1,26.99,0.75
INV-201616,03/03/2026,2190,"  Central City Liquor, Inc.",DES MOINES,50310,POLK,1031200,AMERICAN VODKAS,Sazerac Company Inc,36308,Mr Boston Vodka,12,1000,4.50,6.75,1,6.75,1.00
INV-201617,2026-07-15,2633,  Hometown Foods,CEDAR RAPIDS,52402,LINN,1081600,N/A,Regional Spirits Co,77779,Dusty Shelf Cordial,6,375,11.00,12.10,16,193.60,6.00
INV-201618,2026-07-16,2190,"Central City Liquor, Inc.",DES MOINES,50310,POLK,1031080,CANADIAN WHISKIES,Heaven Hill Brands,11788,Black Velvet,12,1750,9.75,14.63,4,58.52,7.00
INV-201619,04/25/2026,4829,Casey's General Store #2879,ANKENY,50021,POLK,1031200,AMERICAN VODKAS,Sazerac Company Inc,36308,Mr Boston Vodka,12,1000,4.50 ,6.75 ,6,40.50 ,6.00
INV-201620,07/16/2026,2633,Hometown Foods,Cedar Rapids,52402,LINN,1041100,AMERICAN DRY GINS,Luxco Inc,35918,Five O'clock Gin,12,1750,8.99,13.49,9,121.41,15.75
INV-201621,2026-02-13,2190,"Central City Liquor, Inc.",DES MOINES,50310,POLK,1031080,CANADIAN WHISKIES,Heaven Hill Brands,11788,Black Velvet,12,1750,9.75,14.63,1,14.63,1.75
INV-201622,2026-02-28,2633,Hometown Foods,CEDAR RAPIDS,52402,LINN,1031200,AMERICAN VODKAS,Sazerac Company Inc,36308,Mr Boston Vodka,12,1000,$4.50,$6.75,3,$20.25,3.00
INV-201623,2026-03-11,2648,Wilkie Liquors,Iowa City,52240,JOHNSON,1081600,N/A,Regional Spirits Co,77779,Dusty Shelf Cordial,6,375,$11.00,$12.10,2,$24.20,0.75
INV-201624,02/23/2026,5102,Corner Tap and Bottle,Ames,50010,STORY,1032080,IRISH WHISKIES,Pernod Ricard USA,19067,Jameson,12,750,17.99 ,26.99 ,1,26.99 ,0.75
INV-201625,07/20/2026,2501,Hy-Vee #3 / BDI / Des Moines,Des Moines,50313,POLK,1041100,AMERICAN DRY GINS,Luxco Inc,35918,Five O'clock Gin,12,1750,8.99,13.49,3,40.47,5.25
INV-201626,2026-07-06,5102,Corner Tap and Bottle,AMES,50010,STORY,1081900,WHISKEY LIQUEUR,Sazerac Company Inc,43336,Fireball Cinnamon Whiskey,12,750,8.25,12.38,1,12.38,0.75
INV-201627,2026-04-15,2190,"Central City Liquor, Inc.",DES MOINES,50310.0,POLK,1031200,AMERICAN VODKAS,Sazerac Company Inc,36308,Mr Boston Vodka,12,1000,4.50 ,6.75 ,1,6.75 ,1.00
INV-201628,06-Apr-2026,2648,Wilkie Liquors,IOWA CITY,52240,JOHNSON,1031200,AMERICAN VODKAS,Fifth Generation Inc,26827,Tito's Handmade Vodka,12,750,12.50,18.75,5,93.75,3.75
INV-201629,2026-03-13,2190,"Central City Liquor, Inc.",DES MOINES,50310,POLK,1032080,IRISH WHISKIES,Pernod Ricard USA,19067,Jameson,12,750,17.99,26.99,1,26.99,0.75
INV-201630,2026-04-20,2190,"CENTRAL CITY LIQUOR, INC.",DES MOINES,50310,POLK,1051010,IMPORTED BRANDIES,Moet Hennessy USA,64866,Hennessy VS,12,750,24.99 ,37.49 ,1,37.49 ,0.75
INV-201631,04/09/2026,2190,"  Central City Liquor, Inc.",Des Moines,50310,POLK,1041100,AMERICAN DRY GINS,Luxco Inc,35918,Five O'clock Gin,12,1750,8.99,13.49,1,13.49,1.75
INV-201632,26-Feb-2026,5102,CORNER TAP & BOTTLE,AMES,50010,STORY,1081600,N/A,Regional Spirits Co,77779,Dusty Shelf Cordial,6,375,$11.00,$12.10,4,$48.40,1.50
INV-201633,2026-06-05,5102,Corner Tap & Bottle,AMES,50010,STORY,1031200,AMERICAN VODKAS,Sazerac Company Inc,36308,Mr Boston Vodka,12,1000,4.50 ,6.75 ,4,27.00 ,4.00
INV-201634,06/23/2026,4829,Casey's General Store #2879,ANKENY,50021,POLK,1031200,AMERICAN VODKAS,Fifth Generation Inc,26827,Tito's Handmade Vodka,12,750,$12.50,$18.75,1,$18.75,0.75
INV-201635,03/11/2026,5102,Corner Tap & Bottle,AMES,50010.0,STORY,1081900,WHISKEY LIQUEUR,Sazerac Company Inc,43336,Fireball Cinnamon Whiskey,12,750,8.25,12.38,1,12.38,0.75
INV-201636,08-Mar-2026,2633,Hometown Foods,CEDAR RAPIDS,52402,LINN,1041100,AMERICAN DRY GINS,Luxco Inc,35918,Five O'clock Gin,12,1750,$8.99,$13.49,10,$134.90,17.50
INV-201637,2026-05-31,4829,Casey's General Store #2879,ANKENY,50021,POLK,1031080,CANADIAN WHISKIES,Heaven Hill Brands,11788,Black Velvet,12,1750,$9.75,$14.63,3,$43.89,5.25
INV-201638,2026-04-27,2190,"Central City Liquor, Inc.",DES MOINES,50310,POLK,1031200,AMERICAN VODKAS,Fifth Generation Inc,26827,Tito's Handmade Vodka,12,750,12.50 ,18.75 ,2,37.50 ,1.50
INV-201639,13-Mar-2026,2633,Hometown Foods,CEDAR RAPIDS,52402,LINN,1051010,IMPORTED BRANDIES,Moet Hennessy USA,64866,Hennessy VS,12,750,24.99,37.49,6,224.94,4.50
INV-201640,05/23/2026,5102,Corner Tap & Bottle,AMES,50010.0,STORY,1031200,AMERICAN VODKAS,Fifth Generation Inc,26827,Tito's Handmade Vodka,12,750,$12.50,$18.75,1,$18.75,0.75
INV-201641,03-Feb-2026,2190,"Central City Liquor, Inc.",DES MOINES,50310.0,POLK,1031200,AMERICAN VODKAS,Sazerac Company Inc,36308,Mr Boston Vodka,12,1000,4.50 ,6.75 ,1,6.75 ,1.00
INV-201642,06/13/2026,2190,"Central City Liquor, Inc.",DES MOINES,50310,POLK,1041100,AMERICAN DRY GINS,Luxco Inc,35918,Five O'clock Gin,12,1750,8.99,13.49,2,26.98,3.50
INV-201643,06/24/2026,4829,Casey's General Store #2879,ANKENY,50021,POLK,1031200,AMERICAN VODKAS,Fifth Generation Inc,26827,Tito's Handmade Vodka,12,750,$12.50,$18.75,1,$18.75,0.75
INV-201644,2026-07-12,2190,"Central City Liquor, Inc.",DES MOINES,50310,POLK,1031200,AMERICAN VODKAS,Fifth Generation Inc,26827,Tito's Handmade Vodka,12,750,$12.50,$18.75,3,$56.25,2.25
INV-201645,07/08/2026,2648,Wilkie Liquors,IOWA CITY,52240,JOHNSON,1032080,IRISH WHISKIES,Pernod Ricard USA,19067,Jameson,12,750,17.99,26.99,10,269.90,7.50
INV-201646,05/03/2026,3385,SAM'S CLUB 8162,DAVENPORT,52807,SCOTT,1081600,,Regional Spirits Co,77779,Dusty Shelf Cordial,6,375,$11.00,$12.10,1,$12.10,0.38
INV-201647,2026-05-12,2190,"Central City Liquor, Inc.",DES MOINES,50310,POLK,1051010,IMPORTED BRANDIES,Moet Hennessy USA,64866,Hennessy VS,12,750,24.99 ,37.49 ,5,187.45 ,3.75
INV-201648,23-Feb-2026,5102,  Corner Tap & Bottle,AMES,50010,STORY,1031080,CANADIAN WHISKIES,Heaven Hill Brands,11788,Black Velvet,12,1750,$9.75,$14.63,1,$14.63,1.75
INV-201649,2026-06-29,2633,HOMETOWN FOODS,CEDAR RAPIDS,52402,LINN,1031200,AMERICAN VODKAS,Fifth Generation Inc,26827,Tito's Handmade Vodka,12,750,12.50,18.75,9,168.75,6.75
INV-201650,04/19/2026,4829,CASEY'S GENERAL STORE #2879,ANKENY,50021.0,POLK,1081900,WHISKEY LIQUEUR,Sazerac Company Inc,43336,Fireball Cinnamon Whiskey,12,750,$8.25,$12.38,1,$12.38,0.75
INV-201651,2026-07-20,4829,Casey's General Store #2879,ANKENY,50021,POLK,1051010,IMPORTED BRANDIES,Moet Hennessy USA,64866,Hennessy VS,12,750,24.99 ,37.49 ,6,224.94 ,4.50
INV-201652,07/10/2026,2501,Hy-Vee #3 / BDI / Des Moines,DES MOINES,50313,POLK,1031200,AMERICAN VODKAS,Sazerac Company Inc,36308,Mr Boston Vodka,12,1000,4.50,6.75,3,20.25,3.00
INV-201653,05/03/2026,2501,HY-VEE #3 / BDI / DES MOINES,DES MOINES,50313,POLK,1031080,CANADIAN WHISKIES,Heaven Hill Brands,11788,Black Velvet,12,1750,9.75,14.63,30,438.90,52.50
INV-201654,24-Jul-2026,4829,Casey's General Store #2879,ANKENY,50021,POLK,1031200,AMERICAN VODKAS,Fifth Generation Inc,26827,Tito's Handmade Vodka,12,750,12.50,18.75,1,18.75,0.75
INV-201655,11-Mar-2026,3385,  Sam's Club 8162,DAVENPORT,52807,SCOTT,1081600,N/A,Regional Spirits Co,77779,Dusty Shelf Cordial,6,375,$11.00,$12.10,1,$12.10,0.38
INV-201656,14-Jul-2026,2501,Hy-Vee #3 / BDI / Des Moines,DES MOINES,50313,POLK,1041100,AMERICAN DRY GINS,Luxco Inc,35918,Five O'clock Gin,12,1750,8.99,13.49,6,80.94,10.50
INV-201657,2026-06-19,3385,Sam's Club 8162,DAVENPORT,52807,SCOTT,1032080,IRISH WHISKIES,Pernod Ricard USA,19067,Jameson,12,750,$17.99,$26.99,7,$188.93,5.25
INV-201658,2026-04-29,2633,Hometown Foods,CEDAR RAPIDS,52402,LINN,1031200,AMERICAN VODKAS,Sazerac Company Inc,36308,Mr Boston Vodka,12,1000,4.50,6.75,6,40.50,6.00
INV-201659,2026-03-15,2648,Wilkie Liquors,IOWA CITY,52240,JOHNSON,1051010,IMPORTED BRANDIES,Moet Hennessy USA,64866,Hennessy VS,12,750,24.99 ,37.49 ,5,187.45 ,3.75
INV-201660,07/16/2026,3385,SAM'S CLUB 8162,Davenport,52807,,1031200,AMERICAN VODKAS,Sazerac Company Inc,36308,Mr Boston Vodka,12,1000,4.50,6.75,4,27.00,4.00
INV-201661,03/08/2026,2633,  Hometown Foods,CEDAR RAPIDS,52402,LINN,1031200,AMERICAN VODKAS,Sazerac Company Inc,36308,Mr Boston Vodka,12,1000,$4.50,$6.75,44,$297.00,44.00
INV-201662,2026-06-03,3385,SAM'S CLUB 8162,DAVENPORT,52807,SCOTT,1031200,AMERICAN VODKAS,Sazerac Company Inc,36308,Mr Boston Vodka,12,1000,4.50,6.75,1,6.75,1.00
INV-201663,2026-06-24,5102,Corner Tap & Bottle,AMES,50010.0,STORY,1081900,WHISKEY LIQUEUR,Sazerac Company Inc,43336,Fireball Cinnamon Whiskey,12,750,8.25 ,12.38 ,5,61.90 ,3.75
INV-201664,2026-04-11,2648,Wilkie Liquors,IOWA CITY,52240,JOHNSON,1032080,IRISH WHISKIES,Pernod Ricard USA,19067,Jameson,12,750,17.99,26.99,1,26.99,0.75
INV-201665,2026-05-18,2633,Hometown Foods,CEDAR RAPIDS,52402,LINN,1032080,IRISH WHISKIES,Pernod Ricard USA,19067,Jameson,12,750,17.99 ,26.99 ,2,53.98 ,1.50
INV-201666,03/25/2026,5102,Corner Tap & Bottle,AMES,50010,STORY,1051010,IMPORTED BRANDIES,Moet Hennessy USA,64866,Hennessy VS,12,750,$24.99,$37.49,1,$37.49,0.75
INV-201667,2026-04-25,2501,Hy-Vee #3 / BDI / Des Moines,DES MOINES,50313,POLK,1031200,AMERICAN VODKAS,Fifth Generation Inc,26827,Tito's Handmade Vodka,12,750,$12.50,$18.75,1,$18.75,0.75
INV-201668,04/17/2026,5102,Corner Tap & Bottle,AMES,50010,STORY,1081600,N/A,Regional Spirits Co,77779,Dusty Shelf Cordial,6,375,11.00,12.10,3,36.30,1.12
INV-201669,2026-05-31,4829,Casey's General Store #2879,ANKENY,50021,POLK,1031080,CANADIAN WHISKIES,Heaven Hill Brands,11788,Black Velvet,12,1750,9.75 ,14.63 ,4,58.52 ,7.00
INV-201670,2026-04-17,5102,Corner Tap & Bottle,Ames,50010,STORY,1031200,AMERICAN VODKAS,Fifth Generation Inc,26827,Tito's Handmade Vodka,12,750,12.50,18.75,15,281.25,11.25
INV-201671,07/03/2026,3385,SAM'S CLUB 8162,DAVENPORT,52807,SCOTT,1081600,N/A,Regional Spirits Co,77779,Dusty Shelf Cordial,6,375,$11.00,$12.10,3,$36.30,1.12
INV-201672,2026-07-23,2501,Hy-Vee #3 / BDI / Des Moines,DES MOINES,50313,POLK,1031200,AMERICAN VODKAS,Fifth Generation Inc,26827,Tito's Handmade Vodka,12,750,12.50 ,18.75 ,6,112.50 ,4.50
INV-201673,2026-03-05,4829,Casey's General Store #2879,ANKENY,50021,POLK,1031200,AMERICAN VODKAS,Sazerac Company Inc,36308,Mr Boston Vodka,12,1000,4.50,6.75,2,13.50,2.00
INV-201674,2026-07-19,5102,Corner Tap & Bottle,AMES,50010,STORY,1031200,AMERICAN VODKAS,Sazerac Company Inc,36308,Mr Boston Vodka,12,1000,4.50 ,6.75 ,1,6.75 ,1.00
INV-201675,2026-03-14,2648,WILKIE LIQUORS,IOWA CITY,52240.0,JOHNSON,1051010,IMPORTED BRANDIES,Moet Hennessy USA,64866,Hennessy VS,12,750,24.99,37.49,1,37.49,0.75
INV-201676,05/17/2026,2501,Hy-Vee #3 / BDI / Des Moines,DES MOINES,50313,POLK,1081900,WHISKEY LIQUEUR,Sazerac Company Inc,43336,Fireball Cinnamon Whiskey,12,750,8.25,12.38,2,24.76,1.50
INV-201677,2026-06-01,4829,Casey's General Store #2879,ANKENY,50021,POLK,1041100,AMERICAN DRY GINS,Luxco Inc,35918,Five O'clock Gin,12,1750,8.99,13.49,1,13.49,1.75
INV-201678,03/25/2026,2633,Hometown Foods,CEDAR RAPIDS,52402,LINN,1031200,AMERICAN VODKAS,Fifth Generation Inc,26827,Tito's Handmade Vodka,12,750,12.50,18.75,7,131.25,5.25
INV-201679,27-Feb-2026,2648,Wilkie Liquors,IOWA CITY,52240,JOHNSON,1051010,IMPORTED BRANDIES,Moet Hennessy USA,64866,Hennessy VS,12,750,24.99,37.49,2,74.98,1.50
INV-201680,19-Feb-2026,4829,Casey's General Store #2879 ,ANKENY,50021,POLK,1051010,IMPORTED BRANDIES,Moet Hennessy USA,64866,Hennessy VS,12,750,$24.99,$37.49,1,$37.49,0.75
INV-201681,06/30/2026,2190,"Central City Liquor, Inc. ",DES MOINES,50310,POLK,1081600,N/A,Regional Spirits Co,77779,Dusty Shelf Cordial,6,375,11.00,12.10,1,12.10,0.38
INV-201682,2026-04-26,4829,Casey's General Store #2879,ANKENY,50021,POLK,1031200,AMERICAN VODKAS,Sazerac Company Inc,36308,Mr Boston Vodka,12,1000,4.50,6.75,1,6.75,1.00
INV-201683,07/16/2026,5102,Corner Tap and Bottle,AMES,50010,STORY,1081900,WHISKEY LIQUEUR,Sazerac Company Inc,43336,Fireball Cinnamon Whiskey,12,750,8.25,12.38,8,99.04,6.00
INV-201684,2026-07-16,2648,Wilkie Liquors,IOWA CITY,52240,JOHNSON,1081900,WHISKEY LIQUEUR,Sazerac Company Inc,43336,Fireball Cinnamon Whiskey,12,750,8.25,12.38,7,86.66,5.25
INV-201685,04/01/2026,2501,Hy-Vee #3 / BDI / Des Moines,DES MOINES,50313,POLK,1081900,WHISKEY LIQUEUR,Sazerac Company Inc,43336,Fireball Cinnamon Whiskey,12,750,$8.25,$12.38,4,$49.52,3.00
INV-201686,2026-03-29,2648,Wilkie Liquors,IOWA CITY,52240,JOHNSON,1031080,CANADIAN WHISKIES,Heaven Hill Brands,11788,Black Velvet,12,1750,9.75,14.63,1,14.63,1.75
INV-201687,2026-05-23,4829,Casey's General Store #2879,ANKENY,50021,POLK,1081900,WHISKEY LIQUEUR,Sazerac Company Inc,43336,Fireball Cinnamon Whiskey,12,750,8.25 ,12.38 ,21,259.98 ,15.75
INV-201688,2026-06-29,2501,Hy-Vee #3 / BDI / Des Moines,DES MOINES,50313.0,POLK,1031200,AMERICAN VODKAS,Sazerac Company Inc,36308,Mr Boston Vodka,12,1000,4.50,6.75,1,6.75,1.00
INV-201689,2026-07-02,2190,Central City Liquor INC,DES MOINES,50310,POLK,1031200,AMERICAN VODKAS,Sazerac Company Inc,36308,Mr Boston Vodka,12,1000,$4.50,$6.75,1,$6.75,1.00
INV-201690,2026-05-03,2633,Hometown Foods,CEDAR RAPIDS,52402,LINN,1032080,IRISH WHISKIES,Pernod Ricard USA,19067,Jameson,12,750,17.99,26.99,1,26.99,0.75
INV-201691,28-May-2026,2648,Wilkie Liquors,IOWA CITY,52240,JOHNSON,1081900,WHISKEY LIQUEUR,Sazerac Company Inc,43336,Fireball Cinnamon Whiskey,12,750,8.25 ,12.38 ,1,12.38 ,0.75
INV-201692,03/06/2026,2648,Wilkie Liquors,IOWA CITY,52240,JOHNSON,1032080,IRISH WHISKIES,Pernod Ricard USA,19067,Jameson,12,750,17.99,26.99,3,80.97,2.25
INV-201693,06/10/2026,4829,Casey's General Store #2879,ANKENY,50021,POLK,1041100,AMERICAN DRY GINS,Luxco Inc,35918,Five O'clock Gin,12,1750,8.99 ,13.49 ,1,13.49 ,1.75
INV-201694,24-Jun-2026,2633,Hometown Foods,CEDAR RAPIDS,52402,LINN,1081900,WHISKEY LIQUEUR,Sazerac Company Inc,43336,Fireball Cinnamon Whiskey,12,750,$8.25,$12.38,1,$12.38,0.75
INV-201695,06/23/2026,4829,Casey's General Store #2879,ANKENY,50021,POLK,1041100,AMERICAN DRY GINS,Luxco Inc,35918,Five O'clock Gin,12,1750,8.99,13.49,8,107.92,14.00
INV-201696,2026-06-10,2501,Hy-Vee #3 / BDI / Des Moines,DES MOINES,50313,POLK,1031200,AMERICAN VODKAS,Fifth Generation Inc,26827,Tito's Handmade Vodka,12,750,12.50,18.75,8,150.00,6.00
INV-201697,2026-05-25,2648,Wilkie Liquors,IOWA CITY,52240,JOHNSON,1051010,IMPORTED BRANDIES,Moet Hennessy USA,64866,Hennessy VS,12,750,24.99 ,37.49 ,6,224.94 ,4.50
INV-201698,2026-06-29,2501,Hy-Vee #3 / BDI / Des Moines,DES MOINES,50313,POLK,1031200,AMERICAN VODKAS,Fifth Generation Inc,26827,Tito's Handmade Vodka,12,750,$12.50,$18.75,4,$75.00,3.00
INV-201699,2026-07-17,4829,Casey's General Store #2879,ANKENY,50021,POLK,1051010,IMPORTED BRANDIES,Moet Hennessy USA,64866,Hennessy VS,12,750,24.99,37.49,1,37.49,0.75
INV-201700,04/25/2026,3385,  Sam's Club 8162,DAVENPORT,52807,SCOTT,1031200,AMERICAN VODKAS,Sazerac Company Inc,36308,Mr Boston Vodka,12,1000,4.50,6.75,10,67.50,10.00
INV-201701,2026-05-15,2633,HOMETOWN FOODS,CEDAR RAPIDS,52402.0,LINN,1051010,IMPORTED BRANDIES,Moet Hennessy USA,64866,Hennessy VS,12,750,$24.99,$37.49,3,$112.47,2.25
INV-201702,14-May-2026,2633,Hometown Foods,CEDAR RAPIDS,52402,LINN,1031080,CANADIAN WHISKIES,Heaven Hill Brands,11788,Black Velvet,12,1750,9.75 ,14.63 ,1,14.63 ,1.75
INV-201703,10-Feb-2026,4829,CASEY'S GENERAL STORE #2879,ANKENY,50021,POLK,1041100,AMERICAN DRY GINS,Luxco Inc,35918,Five O'clock Gin,12,1750,8.99 ,13.49 ,1,13.49 ,1.75
INV-201704,05/13/2026,4829,Casey's General Store #2879,ANKENY,50021,POLK,1041100,AMERICAN DRY GINS,Luxco Inc,35918,Five O'clock Gin,12,1750,8.99 ,13.49 ,1,13.49 ,1.75
INV-201705,10-Mar-2026,2648,Wilkie Liquors,IOWA CITY,52240.0,JOHNSON,1041100,AMERICAN DRY GINS,Luxco Inc,35918,Five O'clock Gin,12,1750,8.99,13.49,2,26.98,3.50
INV-201706,2026-04-20,2501,Hy-Vee #3 / BDI / Des Moines,DES MOINES,50313,,1031080,CANADIAN WHISKIES,Heaven Hill Brands,11788,Black Velvet,12,1750,9.75 ,14.63 ,1,14.63 ,1.75
INV-201707,2026-06-13,5102,Corner Tap and Bottle,AMES,50010,STORY,1031080,CANADIAN WHISKIES,Heaven Hill Brands,11788,Black Velvet,12,1750,$9.75,$14.63,1,$14.63,1.75
INV-201708,07/19/2026,4829,Casey's General Store #2879,ANKENY,50021,POLK,1031200,AMERICAN VODKAS,Sazerac Company Inc,36308,Mr Boston Vodka,12,1000,4.50 ,6.75 ,1,6.75 ,1.00
INV-201709,07/09/2026,2633,Hometown Foods,CEDAR RAPIDS,52402,,1031080,CANADIAN WHISKIES,Heaven Hill Brands,11788,Black Velvet,12,1750,9.75,14.63,1,14.63,1.75
INV-201710,21-Mar-2026,3385,Sam's Club 8162,DAVENPORT,52807,SCOTT,1031080,CANADIAN WHISKIES,Heaven Hill Brands,11788,Black Velvet,12,1750,9.75,14.63,36,526.68,63.00
INV-201711,2026-04-07,2501,Hy-Vee #3 / BDI / Des Moines,DES MOINES,50313,POLK,1032080,IRISH WHISKIES,Pernod Ricard USA,19067,Jameson,12,750,17.99,26.99,1,26.99,0.75
INV-201712,03-Jun-2026,2633,Hometown Foods,CEDAR RAPIDS,52402,LINN,1041100,AMERICAN DRY GINS,Luxco Inc,35918,Five O'clock Gin,12,1750,8.99 ,13.49 ,5,67.45 ,8.75
INV-201713,2026-04-02,2190,"Central City Liquor, Inc.",DES MOINES,50310,POLK,1081900,WHISKEY LIQUEUR,Sazerac Company Inc,43336,Fireball Cinnamon Whiskey,12,750,8.25,12.38,2,24.76,1.50
INV-201714,02-Apr-2026,2633,Hometown Foods,CEDAR RAPIDS,52402,LINN,1081600,N/A,Regional Spirits Co,77779,Dusty Shelf Cordial,6,375,11.00,12.10,2,24.20,0.75
INV-201715,2026-05-17,5102,Corner Tap & Bottle,Ames,50010,STORY,1081900,WHISKEY LIQUEUR,Sazerac Company Inc,43336,Fireball Cinnamon Whiskey,12,750,8.25,12.38,16,198.08,12.00
INV-201716,25-Mar-2026,5102,Corner Tap & Bottle,Ames,50010.0,,1041100,AMERICAN DRY GINS,Luxco Inc,35918,Five O'clock Gin,12,1750,8.99,13.49,2,26.98,3.50
INV-201717,2026-04-11,5102,CORNER TAP & BOTTLE,AMES,50010,STORY,1031200,AMERICAN VODKAS,Fifth Generation Inc,26827,Tito's Handmade Vodka,12,750,12.50 ,18.75 ,1,18.75 ,0.75
INV-201718,2026-02-05,2648,  Wilkie Liquors,IOWA CITY,52240,JOHNSON,1051010,IMPORTED BRANDIES,Moet Hennessy USA,64866,Hennessy VS,12,750,24.99,37.49,4,149.96,3.00
INV-201719,03/18/2026,2633,Hometown Foods,CEDAR RAPIDS,52402,LINN,1031200,AMERICAN VODKAS,Sazerac Company Inc,36308,Mr Boston Vodka,12,1000,4.50,6.75,1,6.75,1.00
INV-201720,2026-03-23,5102,Corner Tap & Bottle,AMES,50010,STORY,1081900,WHISKEY LIQUEUR,Sazerac Company Inc,43336,Fireball Cinnamon Whiskey,12,750,8.25 ,12.38 ,1,12.38 ,0.75
INV-201721,2026-03-25,2190,"Central City Liquor, Inc. ",DES MOINES,50310,POLK,1031200,AMERICAN VODKAS,Sazerac Company Inc,36308,Mr Boston Vodka,12,1000,4.50,6.75,1,6.75,1.00
INV-201722,2026-03-15,2501,Hy-Vee #3 / BDI / Des Moines,DES MOINES,50313,POLK,1032080,IRISH WHISKIES,Pernod Ricard USA,19067,Jameson,12,750,17.99,26.99,1,26.99,0.75
INV-201723,19-Jul-2026,5102,Corner Tap & Bottle,AMES,50010,STORY,1081600,-,Regional Spirits Co,77779,Dusty Shelf Cordial,6,375,11.00,12.10,17,205.70,6.38
INV-201724,2026-06-26,2190,Central City Liquor INC,DES MOINES,50310,POLK,1081600,,Regional Spirits Co,77779,Dusty Shelf Cordial,6,375,11.00,12.10,1,12.10,0.38
INV-201725,2026-03-28,2648,Wilkie Liquors,IOWA CITY,52240.0,JOHNSON,1051010,IMPORTED BRANDIES,Moet Hennessy USA,64866,Hennessy VS,12,750,$24.99,$37.49,3,$112.47,2.25
INV-201726,17-Mar-2026,2501,Hy-Vee #3 / BDI / Des Moines ,DES MOINES,50313,POLK,1081600,,Regional Spirits Co,77779,Dusty Shelf Cordial,6,375,N/A,12.10,1,12.10,0.38
INV-201727,07/19/2026,3385,Sam's Club 8162,DAVENPORT,52807,SCOTT,1041100,AMERICAN DRY GINS,Luxco Inc,35918,Five O'clock Gin,12,1750,8.99,13.49,5,67.45,8.75
INV-201728,07/07/2026,4829,Casey's General Store #2879,ANKENY,50021.0,POLK,1031080,CANADIAN WHISKIES,Heaven Hill Brands,11788,Black Velvet,12,1750,9.75,14.63,4,58.52,7.00
INV-201729,2026-03-27,2501,HY-VEE #3 / BDI / DES MOINES,DES MOINES,50313,POLK,1031080,CANADIAN WHISKIES,Heaven Hill Brands,11788,Black Velvet,12,1750,9.75,14.63,2,29.26,3.50
INV-201730,2026-05-22,3385,Sam's Club 8162,DAVENPORT,52807.0,SCOTT,1031200,AMERICAN VODKAS,Fifth Generation Inc,26827,Tito's Handmade Vodka,12,750,12.50 ,18.75 ,9,168.75 ,6.75
INV-201731,2026-06-29,3385,Sam's Club 8162,DAVENPORT,52807,SCOTT,1031200,AMERICAN VODKAS,Fifth Generation Inc,26827,Tito's Handmade Vodka,12,750,12.50,18.75,8,150.00,6.00
INV-201732,2026-04-06,2190,Central City Liquor INC,DES MOINES,50310,POLK,1031200,AMERICAN VODKAS,Fifth Generation Inc,26827,Tito's Handmade Vodka,12,750,$12.50,$18.75,2,$37.50,1.50
INV-201733,2026-06-29,4829,Casey's General Store #2879,Ankeny,50021,POLK,1081900,WHISKEY LIQUEUR,Sazerac Company Inc,43336,Fireball Cinnamon Whiskey,12,750,8.25,12.38,1,12.38,0.75
INV-201734,2026-03-17,2633,Hometown Foods,CEDAR RAPIDS,52402,LINN,1031200,AMERICAN VODKAS,Fifth Generation Inc,26827,Tito's Handmade Vodka,12,750,12.50 ,18.75 ,1,18.75 ,0.75
INV-201735,15-Jun-2026,4829,Casey's General Store #2879,ANKENY,50021.0,POLK,1081600,N/A,Regional Spirits Co,77779,Dusty Shelf Cordial,6,375,11.00,12.10,2,24.20,0.75
INV-201736,03/17/2026,4829,  Casey's General Store #2879,ANKENY,50021,POLK,1031200,AMERICAN VODKAS,Fifth Generation Inc,26827,Tito's Handmade Vodka,12,750,12.50,18.75,1,18.75,0.75
INV-201737,11-May-2026,2633,Hometown Foods,CEDAR RAPIDS,52402,LINN,1051010,IMPORTED BRANDIES,Moet Hennessy USA,64866,Hennessy VS,12,750,24.99,37.49,1,37.49,0.75
INV-201738,03/17/2026,2190,"Central City Liquor, Inc. ",DES MOINES,50310,POLK,1031200,AMERICAN VODKAS,Fifth Generation Inc,26827,Tito's Handmade Vodka,12,750,12.50,18.75,4,75.00,3.00
INV-201739,15-Feb-2026,2633,  Hometown Foods,CEDAR RAPIDS,52402,LINN,1081600,N/A,Regional Spirits Co,77779,Dusty Shelf Cordial,6,375,11.00,12.10,13,157.30,4.88
INV-201740,06/28/2026,2190,Central City Liquor INC,DES MOINES,50310,POLK,1031200,AMERICAN VODKAS,Fifth Generation Inc,26827,Tito's Handmade Vodka,12,750,12.50,18.75,2,37.50,1.50
INV-201741,17-Jul-2026,5102,CORNER TAP & BOTTLE,AMES,50010,STORY,1041100,AMERICAN DRY GINS,Luxco Inc,35918,Five O'clock Gin,12,1750,8.99 ,13.49 ,3,40.47 ,5.25
INV-201742,03/22/2026,2633,  Hometown Foods,CEDAR RAPIDS,52402,LINN,1081600,,Regional Spirits Co,77779,Dusty Shelf Cordial,6,375,11.00,12.10,3,36.30,1.12
INV-201743,03/08/2026,2633,HOMETOWN FOODS,CEDAR RAPIDS,52402,LINN,1031200,AMERICAN VODKAS,Sazerac Company Inc,36308,Mr Boston Vodka,12,1000,4.50,6.75,14,94.50,14.00
INV-201744,07/20/2026,2648,WILKIE LIQUORS,IOWA CITY,52240,JOHNSON,1081600,N/A,Regional Spirits Co,77779,Dusty Shelf Cordial,6,375,N/A,12.10,3,36.30,1.12
INV-201745,2026-03-11,2190,"CENTRAL CITY LIQUOR, INC.",DES MOINES,50310,POLK,1051010,IMPORTED BRANDIES,Moet Hennessy USA,64866,Hennessy VS,12,750,24.99,37.49,3,112.47,2.25
INV-201746,2026-06-15,3385,Sam's Club 8162,DAVENPORT,52807.0,SCOTT,1031080,CANADIAN WHISKIES,Heaven Hill Brands,11788,Black Velvet,12,1750,$9.75,$14.63,3,$43.89,5.25
INV-201747,2026-05-28,2190,"Central City Liquor, Inc.",DES MOINES,50310,POLK,1051010,IMPORTED BRANDIES,Moet Hennessy USA,64866,Hennessy VS,12,750,24.99,37.49,3,112.47,2.25
INV-201748,2026-07-16,4829,Casey's General Store #2879,ANKENY,50021,POLK,1031080,CANADIAN WHISKIES,Heaven Hill Brands,11788,Black Velvet,12,1750,9.75,14.63,2,29.26,3.50
INV-201749,05/28/2026,4829,Casey's General Store #2879,ANKENY,50021,POLK,1041100,AMERICAN DRY GINS,Luxco Inc,35918,Five O'clock Gin,12,1750,$8.99,$13.49,1,$13.49,1.75
INV-201750,13-Jun-2026,5102,  Corner Tap & Bottle,AMES,50010.0,STORY,1081900,WHISKEY LIQUEUR,Sazerac Company Inc,43336,Fireball Cinnamon Whiskey,12,750,$8.25,$12.38,1,$12.38,0.75
INV-201751,07/07/2026,4829,Casey's General Store #2879,ANKENY,50021,POLK,1081900,WHISKEY LIQUEUR,Sazerac Company Inc,43336,Fireball Cinnamon Whiskey,12,750,8.25 ,12.38 ,2,24.76 ,1.50
INV-201752,09-Jul-2026,2633,HOMETOWN FOODS,CEDAR RAPIDS,52402,LINN,1031080,CANADIAN WHISKIES,Heaven Hill Brands,11788,Black Velvet,12,1750,9.75,14.63,2,29.26,3.50
INV-201752,09-Jul-2026,2633,HOMETOWN FOODS,CEDAR RAPIDS,52402,LINN,1031080,CANADIAN WHISKIES,Heaven Hill Brands,11788,Black Velvet,12,1750,9.75,14.63,2,29.26,3.50
INV-201753,2026-02-06,2648,Wilkie Liquors,IOWA CITY,52240,JOHNSON,1081900,WHISKEY LIQUEUR,Sazerac Company Inc,43336,Fireball Cinnamon Whiskey,12,750,8.25,12.38,1,12.38,0.75
INV-201754,2026-07-11,4829,Casey's General Store #2879 ,ANKENY,50021,POLK,1081600,,Regional Spirits Co,77779,Dusty Shelf Cordial,6,375,$11.00,$12.10,2,$24.20,0.75
INV-201755,05/11/2026,5102,Corner Tap & Bottle,AMES,50010,STORY,1051010,IMPORTED BRANDIES,Moet Hennessy USA,64866,Hennessy VS,12,750,24.99,37.49,6,224.94,4.50
INV-201756,2026-04-19,2190,"Central City Liquor, Inc.",DES MOINES,50310,POLK,1031200,AMERICAN VODKAS,Fifth Generation Inc,26827,Tito's Handmade Vodka,12,750,12.50 ,18.75 ,7,131.25 ,5.25
INV-201757,04/20/2026,2648,Wilkie Liquors,IOWA CITY,52240,JOHNSON,1081900,WHISKEY LIQUEUR,Sazerac Company Inc,43336,Fireball Cinnamon Whiskey,12,750,$8.25,$12.38,13,$160.94,9.75
INV-201758,20-Mar-2026,3385,Sam's Club 8162,DAVENPORT,52807,SCOTT,1032080,IRISH WHISKIES,Pernod Ricard USA,19067,Jameson,12,750,17.99,26.99,1,26.99,0.75
INV-201759,02/27/2026,4829,Casey's General Store #2879,ANKENY,50021,POLK,1031200,AMERICAN VODKAS,Sazerac Company Inc,36308,Mr Boston Vodka,12,1000,4.50,6.75,1,6.75,1.00
INV-201760,2026-05-22,2648,Wilkie Liquors,IOWA CITY,52240,JOHNSON,1031200,AMERICAN VODKAS,Sazerac Company Inc,36308,Mr Boston Vodka,12,1000,4.50,6.75,1,6.75,1.00
INV-201761,2026-02-01,4829,Casey's General Store #2879 ,ANKENY,50021,POLK,1051010,IMPORTED BRANDIES,Moet Hennessy USA,64866,Hennessy VS,12,750,24.99,37.49,2,74.98,1.50
INV-201762,2026-03-24,4829,Casey's General Store #2879,ANKENY,50021,POLK,1031200,AMERICAN VODKAS,Sazerac Company Inc,36308,Mr Boston Vodka,12,1000,4.50,6.75,4,27.00,4.00
INV-201763,04/11/2026,4829,CASEY'S GENERAL STORE #2879,ANKENY,50021,POLK,1051010,IMPORTED BRANDIES,Moet Hennessy USA,64866,Hennessy VS,12,750,24.99 ,37.49 ,2,74.98 ,1.50
INV-201764,02/01/2026,2190,"CENTRAL CITY LIQUOR, INC.",DES MOINES,50310,POLK,1081600,N/A,Regional Spirits Co,77779,Dusty Shelf Cordial,6,375,11.00,12.10,8,96.80,3.00
INV-201765,2026-06-07,2648,Wilkie Liquors,IOWA CITY,52240,JOHNSON,1081600,,Regional Spirits Co,77779,Dusty Shelf Cordial,6,375,11.00 ,12.10 ,15,181.50 ,5.62
INV-201766,2026-02-05,3385,SAM'S CLUB 8162,DAVENPORT,52807,SCOTT,1031080,CANADIAN WHISKIES,Heaven Hill Brands,11788,Black Velvet,12,1750,$9.75,$14.63,1,$14.63,1.75
INV-201767,21-Jul-2026,3385,Sam's Club 8162,DAVENPORT,52807,SCOTT,1081600,,Regional Spirits Co,77779,Dusty Shelf Cordial,6,375,$11.00,$12.10,1,$12.10,0.38
INV-201768,02/07/2026,3385,Sam's Club 8162,DAVENPORT,52807.0,SCOTT,1051010,IMPORTED BRANDIES,Moet Hennessy USA,64866,Hennessy VS,12,750,24.99 ,37.49 ,1,37.49 ,0.75
INV-201769,2026-07-04,2648,WILKIE LIQUORS,IOWA CITY,52240,JOHNSON,1032080,IRISH WHISKIES,Pernod Ricard USA,19067,Jameson,12,750,17.99,26.99,10,269.90,7.50
INV-201770,2026-05-12,2648,WILKIE LIQUORS,IOWA CITY,52240,JOHNSON,1051010,IMPORTED BRANDIES,Moet Hennessy USA,64866,Hennessy VS,12,750,24.99,37.49,1,37.49,0.75
INV-201771,2026-04-18,2190,"Central City Liquor, Inc. ",DES MOINES,50310,POLK,1031200,AMERICAN VODKAS,Fifth Generation Inc,26827,Tito's Handmade Vodka,12,750,12.50,18.75,3,56.25,2.25
INV-201772,2026-05-17,4829,Casey's General Store #2879,ANKENY,50021,POLK,1081600,,Regional Spirits Co,77779,Dusty Shelf Cordial,6,375,11.00 ,12.10 ,8,96.80 ,3.00
INV-201773,04/25/2026,5102,Corner Tap & Bottle,AMES,50010,STORY,1031080,CANADIAN WHISKIES,Heaven Hill Brands,11788,Black Velvet,12,1750,9.75,14.63,1,14.63,1.75
INV-201774,07/05/2026,4829,CASEY'S GENERAL STORE #2879,ANKENY,50021,POLK,1081600,N/A,Regional Spirits Co,77779,Dusty Shelf Cordial,6,375,11.00 ,12.10 ,3,36.30 ,1.12
INV-201775,2026-04-23,2190,"Central City Liquor, Inc.",DES MOINES,50310.0,POLK,1051010,IMPORTED BRANDIES,Moet Hennessy USA,64866,Hennessy VS,12,750,24.99,37.49,2,74.98,1.50
INV-201776,03/07/2026,2648,Wilkie Liquors,IOWA CITY,52240,JOHNSON,1031080,CANADIAN WHISKIES,Heaven Hill Brands,11788,Black Velvet,12,1750,$9.75,$14.63,1,$14.63,1.75
INV-201777,2026-02-21,2633,Hometown Foods,CEDAR RAPIDS,52402.0,LINN,1081900,WHISKEY LIQUEUR,Sazerac Company Inc,43336,Fireball Cinnamon Whiskey,12,750,$8.25,$12.38,1,$12.38,0.75
INV-201778,05/03/2026,4829,Casey's General Store #2879,ANKENY,50021,POLK,1081900,WHISKEY LIQUEUR,Sazerac Company Inc,43336,Fireball Cinnamon Whiskey,12,750,8.25 ,12.38 ,7,86.66 ,5.25
INV-201779,04/04/2026,2501,HY-VEE #3 / BDI / DES MOINES,Des Moines,50313,POLK,1031080,CANADIAN WHISKIES,Heaven Hill Brands,11788,Black Velvet,12,1750,$9.75,$14.63,11,$160.93,19.25
INV-201780,2026-06-30,4829,Casey's General Store #2879,ANKENY,50021,POLK,1031080,CANADIAN WHISKIES,Heaven Hill Brands,11788,Black Velvet,12,1750,$9.75,$14.63,3,$43.89,5.25
INV-201781,2026-03-10,2633,Hometown Foods,CEDAR RAPIDS,52402,,1081600,N/A,Regional Spirits Co,77779,Dusty Shelf Cordial,6,375,11.00,12.10,1,12.10,0.38
INV-201782,2026-05-19,2501,Hy-Vee #3 / BDI / Des Moines,DES MOINES,50313,POLK,1032080,IRISH WHISKIES,Pernod Ricard USA,19067,Jameson,12,750,$17.99,$26.99,9,$242.91,6.75
INV-201783,2026-03-28,2633,Hometown Foods,Cedar Rapids,52402,LINN,1041100,AMERICAN DRY GINS,Luxco Inc,35918,Five O'clock Gin,12,1750,8.99,13.49,1,13.49,1.75
INV-201784,2026-03-08,2633,HOMETOWN FOODS,CEDAR RAPIDS,52402,LINN,1051010,IMPORTED BRANDIES,Moet Hennessy USA,64866,Hennessy VS,12,750,$24.99,$37.49,3,$112.47,2.25
INV-201785,02/21/2026,3385,Sam's Club 8162,DAVENPORT,52807,SCOTT,1031080,CANADIAN WHISKIES,Heaven Hill Brands,11788,Black Velvet,12,1750,9.75 ,14.63 ,2,29.26 ,3.50
INV-201786,07/09/2026,2633,Hometown Foods,CEDAR RAPIDS,52402,LINN,1051010,IMPORTED BRANDIES,Moet Hennessy USA,64866,Hennessy VS,12,750,$24.99,$37.49,7,$262.43,5.25
INV-201787,02/17/2026,2190,"  Central City Liquor, Inc.",DES MOINES,50310,POLK,1081900,WHISKEY LIQUEUR,Sazerac Company Inc,43336,Fireball Cinnamon Whiskey,12,750,8.25,12.38,13,160.94,9.75
INV-201788,02/06/2026,3385,Sam's Club 8162,DAVENPORT,52807,SCOTT,1031200,AMERICAN VODKAS,Fifth Generation Inc,26827,Tito's Handmade Vodka,12,750,12.50,18.75,3,56.25,2.25
INV-201789,07/21/2026,3385,  Sam's Club 8162,DAVENPORT,52807,SCOTT,1031080,CANADIAN WHISKIES,Heaven Hill Brands,11788,Black Velvet,12,1750,9.75 ,14.63 ,3,43.89 ,5.25
INV-201790,06/29/2026,3385,  Sam's Club 8162,DAVENPORT,52807,SCOTT,1051010,IMPORTED BRANDIES,Moet Hennessy USA,64866,Hennessy VS,12,750,24.99 ,37.49 ,7,262.43 ,5.25
INV-201791,02/18/2026,2501,Hy-Vee #3 / BDI / Des Moines,DES MOINES,50313,POLK,1081600,,Regional Spirits Co,77779,Dusty Shelf Cordial,6,375,11.00 ,12.10 ,10,121.00 ,3.75
INV-201792,2026-07-28,4829,CASEY'S GENERAL STORE #2879,ANKENY,50021,POLK,1031200,AMERICAN VODKAS,Fifth Generation Inc,26827,Tito's Handmade Vodka,12,750,12.50,18.75,1,18.75,0.75
INV-201793,2026-02-20,2501,Hy-Vee #3 / BDI / Des Moines,DES MOINES,50313,POLK,1081900,WHISKEY LIQUEUR,Sazerac Company Inc,43336,Fireball Cinnamon Whiskey,12,750,8.25,12.38,1,12.38,0.75
INV-201794,05/18/2026,2190,"Central City Liquor, Inc.",DES MOINES,50310,POLK,1041100,AMERICAN DRY GINS,Luxco Inc,35918,Five O'clock Gin,12,1750,8.99,13.49,3,40.47,5.25
INV-201795,04/24/2026,2501,HY-VEE #3 / BDI / DES MOINES,DES MOINES,50313.0,POLK,1031200,AMERICAN VODKAS,Fifth Generation Inc,26827,Tito's Handmade Vodka,12,750,$12.50,$18.75,7,$131.25,5.25
INV-201796,17-Apr-2026,2633,Hometown Foods,CEDAR RAPIDS,52402,LINN,1081900,WHISKEY LIQUEUR,Sazerac Company Inc,43336,Fireball Cinnamon Whiskey,12,750,N/A,12.38,1,12.38,0.75
INV-201797,04/13/2026,5102,Corner Tap and Bottle,AMES,50010,STORY,1031200,AMERICAN VODKAS,Fifth Generation Inc,26827,Tito's Handmade Vodka,12,750,$12.50,$18.75,1,$18.75,0.75
INV-201798,06/13/2026,5102,Corner Tap & Bottle,AMES,50010,STORY,1031080,CANADIAN WHISKIES,Heaven Hill Brands,11788,Black Velvet,12,1750,9.75,14.63,3,43.89,5.25
INV-201799,05/09/2026,4829,Casey's General Store #2879,ANKENY,50021,POLK,1081900,WHISKEY LIQUEUR,Sazerac Company Inc,43336,Fireball Cinnamon Whiskey,12,750,8.25,12.38,1,12.38,0.75
INV-201800,2026-02-17,4829,Casey's General Store #2879,ANKENY,50021,POLK,1031080,CANADIAN WHISKIES,Heaven Hill Brands,11788,Black Velvet,12,1750,9.75,14.63,1,14.63,1.75
INV-201801,02/01/2026,4829,Casey's General Store #2879,Ankeny,50021.0,POLK,1081900,WHISKEY LIQUEUR,Sazerac Company Inc,43336,Fireball Cinnamon Whiskey,12,750,8.25,12.38,1,12.38,0.75
INV-201802,19-Jul-2026,2190,"Central City Liquor, Inc.",DES MOINES,50310,POLK,1081900,WHISKEY LIQUEUR,Sazerac Company Inc,43336,Fireball Cinnamon Whiskey,12,750,8.25 ,12.38 ,2,24.76 ,1.50
INV-201803,2026-05-03,2190,"  Central City Liquor, Inc.",DES MOINES,50310,POLK,1031080,CANADIAN WHISKIES,Heaven Hill Brands,11788,Black Velvet,12,1750,9.75,14.63,4,58.52,7.00
INV-201804,2026-07-06,2648,Wilkie Liquors,IOWA CITY,52240,JOHNSON,1031200,AMERICAN VODKAS,Sazerac Company Inc,36308,Mr Boston Vodka,12,1000,$4.50,$6.75,3,$20.25,3.00
INV-201805,06/01/2026,2648,Wilkie Liquors,IOWA CITY,52240,JOHNSON,1031200,AMERICAN VODKAS,Fifth Generation Inc,26827,Tito's Handmade Vodka,12,750,12.50 ,18.75 ,1,18.75 ,0.75
INV-201806,2026-04-22,3385,SAM'S CLUB 8162,DAVENPORT,52807,SCOTT,1051010,IMPORTED BRANDIES,Moet Hennessy USA,64866,Hennessy VS,12,750,24.99,37.49,5,187.45,3.75
INV-201807,2026-03-06,2190,"Central City Liquor, Inc.",DES MOINES,50310,POLK,1041100,AMERICAN DRY GINS,Luxco Inc,35918,Five O'clock Gin,12,1750,8.99,13.49,4,53.96,7.00
INV-201808,04/26/2026,2633,HOMETOWN FOODS,CEDAR RAPIDS,52402,LINN,1031080,CANADIAN WHISKIES,Heaven Hill Brands,11788,Black Velvet,12,1750,9.75,14.63,1,14.63,1.75
INV-201809,2026-02-09,3385,Sam's Club 8162,Davenport,52807.0,SCOTT,1041100,AMERICAN DRY GINS,Luxco Inc,35918,Five O'clock Gin,12,1750,8.99,13.49,2,26.98,3.50
INV-201810,2026-04-30,3385,Sam's Club 8162,DAVENPORT,52807,SCOTT,1081600,-,Regional Spirits Co,77779,Dusty Shelf Cordial,6,375,11.00,12.10,3,36.30,1.12
INV-201811,07/15/2026,4829,Casey's General Store #2879,ANKENY,50021,POLK,1081600,-,Regional Spirits Co,77779,Dusty Shelf Cordial,6,375,11.00,12.10,1,12.10,0.38
INV-201812,2026-04-08,2190,"Central City Liquor, Inc.",DES MOINES,50310,POLK,1051010,IMPORTED BRANDIES,Moet Hennessy USA,64866,Hennessy VS,12,750,24.99,37.49,2,74.98,1.50
INV-201813,2026-07-20,2648,Wilkie Liquors,IOWA CITY,52240,JOHNSON,1081600,,Regional Spirits Co,77779,Dusty Shelf Cordial,6,375,11.00 ,12.10 ,2,24.20 ,0.75
INV-201814,03/23/2026,2648,Wilkie Liquors,IOWA CITY,52240,JOHNSON,1031200,AMERICAN VODKAS,Sazerac Company Inc,36308,Mr Boston Vodka,12,1000,$4.50,$6.75,1,$6.75,1.00
INV-201815,2026-03-12,2633,Hometown Foods,CEDAR RAPIDS,52402,LINN,1031200,AMERICAN VODKAS,Fifth Generation Inc,26827,Tito's Handmade Vodka,12,750,12.50,18.75,8,150.00,6.00
INV-201816,07/09/2026,2501,  Hy-Vee #3 / BDI / Des Moines,DES MOINES,50313,POLK,1041100,AMERICAN DRY GINS,Luxco Inc,35918,Five O'clock Gin,12,1750,$8.99,$13.49,2,$26.98,3.50
INV-201817,2026-07-12,2190,"CENTRAL CITY LIQUOR, INC.",DES MOINES,50310,POLK,1032080,IRISH WHISKIES,Pernod Ricard USA,19067,Jameson,12,750,17.99,26.99,2,53.98,1.50
INV-201818,2026-04-06,3385,Sam's Club 8162,DAVENPORT,52807,SCOTT,1041100,AMERICAN DRY GINS,Luxco Inc,35918,Five O'clock Gin,12,1750,8.99,13.49,2,26.98,3.50
INV-201819,04/02/2026,2648,Wilkie Liquors,IOWA CITY,52240.0,JOHNSON,1031080,CANADIAN WHISKIES,Heaven Hill Brands,11788,Black Velvet,12,1750,9.75,14.63,7,102.41,12.25
INV-201820,2026-04-14,3385,Sam's Club 8162,DAVENPORT,52807,SCOTT,1032080,IRISH WHISKIES,Pernod Ricard USA,19067,Jameson,12,750,17.99,26.99,1,26.99,0.75
INV-201821,2026-02-09,2190,"Central City Liquor, Inc.",DES MOINES,50310,POLK,1031080,CANADIAN WHISKIES,Heaven Hill Brands,11788,Black Velvet,12,1750,9.75,14.63,1,14.63,1.75
INV-201822,13-Jul-2026,5102,  Corner Tap & Bottle,AMES,50010,STORY,1041100,AMERICAN DRY GINS,Luxco Inc,35918,Five O'clock Gin,12,1750,$8.99,$13.49,1,$13.49,1.75
INV-201823,2026-02-16,2648,Wilkie Liquors,IOWA CITY,52240,JOHNSON,1041100,AMERICAN DRY GINS,Luxco Inc,35918,Five O'clock Gin,12,1750,8.99,13.49,6,80.94,10.50
INV-201824,21-Jun-2026,2190,"Central City Liquor, Inc.",DES MOINES,50310,POLK,1041100,AMERICAN DRY GINS,Luxco Inc,35918,Five O'clock Gin,12,1750,8.99,13.49,4,53.96,7.00
INV-201825,2026-07-06,3385,Sam's Club 8162,DAVENPORT,52807,SCOTT,1031200,AMERICAN VODKAS,Fifth Generation Inc,26827,Tito's Handmade Vodka,12,750,12.50 ,18.75 ,7,131.25 ,5.25
INV-201826,2026-02-07,5102,Corner Tap & Bottle,AMES,50010,STORY,1041100,AMERICAN DRY GINS,Luxco Inc,35918,Five O'clock Gin,12,1750,8.99,13.49,1,13.49,1.75
INV-201827,02/23/2026,4829,CASEY'S GENERAL STORE #2879,ANKENY,50021,POLK,1081600,,Regional Spirits Co,77779,Dusty Shelf Cordial,6,375,11.00,12.10,1,12.10,0.38
INV-201828,05/21/2026,2633,Hometown Foods,Cedar Rapids,52402,LINN,1051010,IMPORTED BRANDIES,Moet Hennessy USA,64866,Hennessy VS,12,750,24.99,37.49,2,74.98,1.50
INV-201829,2026-05-19,3385,Sam's Club 8162 ,Davenport,52807,SCOTT,1051010,IMPORTED BRANDIES,Moet Hennessy USA,64866,Hennessy VS,12,750,24.99,37.49,11,412.39,8.25
INV-201829,2026-05-19,3385,Sam's Club 8162 ,Davenport,52807,SCOTT,1051010,IMPORTED BRANDIES,Moet Hennessy USA,64866,Hennessy VS,12,750,24.99,37.49,11,412.39,8.25
INV-201830,02/18/2026,2633,Hometown Foods,CEDAR RAPIDS,52402,LINN,1081900,WHISKEY LIQUEUR,Sazerac Company Inc,43336,Fireball Cinnamon Whiskey,12,750,8.25,12.38,7,86.66,5.25
INV-201831,2026-07-11,2633,Hometown Foods,CEDAR RAPIDS,52402.0,LINN,1031200,AMERICAN VODKAS,Sazerac Company Inc,36308,Mr Boston Vodka,12,1000,4.50,6.75,1,6.75,1.00
INV-201832,2026-04-06,2648,Wilkie Liquors,IOWA CITY,52240,JOHNSON,1031080,CANADIAN WHISKIES,Heaven Hill Brands,11788,Black Velvet,12,1750,9.75,14.63,1,14.63,1.75
INV-201833,05/05/2026,2633,Hometown Foods,CEDAR RAPIDS,52402,LINN,1081900,WHISKEY LIQUEUR,Sazerac Company Inc,43336,Fireball Cinnamon Whiskey,12,750,8.25,12.38,3,37.14,2.25
INV-201834,2026-02-11,4829,Casey's General Store #2879,ANKENY,50021,POLK,1031200,AMERICAN VODKAS,Fifth Generation Inc,26827,Tito's Handmade Vodka,12,750,$12.50,$18.75,4,$75.00,3.00
INV-201835,2026-03-30,3385,Sam's Club 8162,DAVENPORT,52807,SCOTT,1081600,N/A,Regional Spirits Co,77779,Dusty Shelf Cordial,6,375,11.00,12.10,2,24.20,0.75
INV-201836,09-May-2026,2648,Wilkie Liquors,IOWA CITY,52240,JOHNSON,1031200,AMERICAN VODKAS,Sazerac Company Inc,36308,Mr Boston Vodka,12,1000,4.50,6.75,1,6.75,1.00
INV-201837,07/28/2026,2633,HOMETOWN FOODS,CEDAR RAPIDS,52402,,1032080,IRISH WHISKIES,Pernod Ricard USA,19067,Jameson,12,750,$17.99,$26.99,1,$26.99,0.75
INV-201838,12-Mar-2026,4829,Casey's General Store #2879,ANKENY,50021,POLK,1081600,-,Regional Spirits Co,77779,Dusty Shelf Cordial,6,375,11.00 ,12.10 ,4,48.40 ,1.50
INV-201839,2026-03-02,2648,Wilkie Liquors,IOWA CITY,52240,JOHNSON,1041100,AMERICAN DRY GINS,Luxco Inc,35918,Five O'clock Gin,12,1750,$8.99,$13.49,9,$121.41,15.75
INV-201839,2026-03-02,2648,Wilkie Liquors,IOWA CITY,52240,JOHNSON,1041100,AMERICAN DRY GINS,Luxco Inc,35918,Five O'clock Gin,12,1750,$8.99,$13.49,9,$121.41,15.75
INV-201840,2026-02-18,2190,"CENTRAL CITY LIQUOR, INC.",DES MOINES,50310,POLK,1051010,IMPORTED BRANDIES,Moet Hennessy USA,64866,Hennessy VS,12,750,24.99,37.49,12,449.88,9.00
INV-201841,05/22/2026,2648,Wilkie Liquors,IOWA CITY,52240,JOHNSON,1081900,WHISKEY LIQUEUR,Sazerac Company Inc,43336,Fireball Cinnamon Whiskey,12,750,8.25,12.38,1,12.38,0.75
INV-201842,2026-04-23,3385,SAM'S CLUB 8162,Davenport,52807,SCOTT,1032080,IRISH WHISKIES,Pernod Ricard USA,19067,Jameson,12,750,$17.99,$26.99,5,$134.95,3.75
INV-201843,02/27/2026,2633,HOMETOWN FOODS,CEDAR RAPIDS,52402,LINN,1051010,IMPORTED BRANDIES,Moet Hennessy USA,64866,Hennessy VS,12,750,$24.99,$37.49,1,$37.49,0.75
INV-201844,12-Jul-2026,2190,"  Central City Liquor, Inc.",DES MOINES,50310,POLK,1031080,CANADIAN WHISKIES,Heaven Hill Brands,11788,Black Velvet,12,1750,9.75,14.63,2,29.26,3.50
INV-201845,06/24/2026,3385,Sam's Club 8162,DAVENPORT,52807.0,SCOTT,1032080,IRISH WHISKIES,Pernod Ricard USA,19067,Jameson,12,750,17.99,26.99,2,53.98,1.50
INV-201846,2026-07-08,3385,  Sam's Club 8162,DAVENPORT,52807,SCOTT,1031200,AMERICAN VODKAS,Sazerac Company Inc,36308,Mr Boston Vodka,12,1000,4.50,6.75,1,6.75,1.00
INV-201847,2026-04-23,4829,Casey's General Store #2879,ANKENY,50021,POLK,1081900,WHISKEY LIQUEUR,Sazerac Company Inc,43336,Fireball Cinnamon Whiskey,12,750,8.25,12.38,3,37.14,2.25
INV-201847,2026-04-23,4829,Casey's General Store #2879,ANKENY,50021,POLK,1081900,WHISKEY LIQUEUR,Sazerac Company Inc,43336,Fireball Cinnamon Whiskey,12,750,8.25,12.38,3,37.14,2.25
INV-201848,05/30/2026,2190,"  Central City Liquor, Inc.",DES MOINES,50310,POLK,1031200,AMERICAN VODKAS,Sazerac Company Inc,36308,Mr Boston Vodka,12,1000,$4.50,$6.75,3,$20.25,3.00
INV-201849,2026-02-27,2501,Hy-Vee #3 / BDI / Des Moines,DES MOINES,50313,,1041100,AMERICAN DRY GINS,Luxco Inc,35918,Five O'clock Gin,12,1750,8.99 ,13.49 ,6,80.94 ,10.50
INV-201850,03/03/2026,2501,  Hy-Vee #3 / BDI / Des Moines,DES MOINES,50313,POLK,1081600,-,Regional Spirits Co,77779,Dusty Shelf Cordial,6,375,11.00,12.10,1,12.10,0.38
INV-201851,2026-02-09,3385,  Sam's Club 8162,DAVENPORT,52807,SCOTT,1081600,N/A,Regional Spirits Co,77779,Dusty Shelf Cordial,6,375,$11.00,$12.10,6,$72.60,2.25
INV-201852,2026-07-07,2190,"Central City Liquor, Inc.",DES MOINES,50310,POLK,1041100,AMERICAN DRY GINS,Luxco Inc,35918,Five O'clock Gin,12,1750,8.99 ,13.49 ,1,13.49 ,1.75
INV-201853,07/21/2026,2501,Hy-Vee #3 / BDI / Des Moines,DES MOINES,50313,POLK,1081900,WHISKEY LIQUEUR,Sazerac Company Inc,43336,Fireball Cinnamon Whiskey,12,750,8.25 ,12.38 ,5,61.90 ,3.75
INV-201854,06/26/2026,2501,Hy-Vee #3 / BDI / Des Moines,DES MOINES,50313,POLK,1031200,AMERICAN VODKAS,Sazerac Company Inc,36308,Mr Boston Vodka,12,1000,4.50,6.75,10,67.50,10.00
INV-201855,2026-03-23,5102,Corner Tap & Bottle,AMES,50010.0,STORY,1041100,AMERICAN DRY GINS,Luxco Inc,35918,Five O'clock Gin,12,1750,8.99,13.49,7,94.43,12.25
INV-201856,2026-05-01,2633,Hometown Foods,CEDAR RAPIDS,52402.0,LINN,1031200,AMERICAN VODKAS,Sazerac Company Inc,36308,Mr Boston Vodka,12,1000,4.50,6.75,6,40.50,6.00
INV-201857,2026-02-16,2501,  Hy-Vee #3 / BDI / Des Moines,DES MOINES,50313,POLK,1031200,AMERICAN VODKAS,Sazerac Company Inc,36308,Mr Boston Vodka,12,1000,4.50,6.75,10,67.50,10.00
INV-201858,2026-03-10,5102,  Corner Tap & Bottle,AMES,50010,STORY,1031200,AMERICAN VODKAS,Fifth Generation Inc,26827,Tito's Handmade Vodka,12,750,12.50,18.75,2,37.50,1.50
INV-201859,05/23/2026,3385,Sam's Club 8162,DAVENPORT,52807,SCOTT,1051010,IMPORTED BRANDIES,Moet Hennessy USA,64866,Hennessy VS,12,750,24.99,37.49,1,37.49,0.75
INV-201860,2026-03-05,2648,  Wilkie Liquors,IOWA CITY,52240,JOHNSON,1041100,AMERICAN DRY GINS,Luxco Inc,35918,Five O'clock Gin,12,1750,8.99,13.49,-21,-283.29,-36.75
INV-201861,2026-02-25,5102,CORNER TAP & BOTTLE,AMES,50010,STORY,1041100,AMERICAN DRY GINS,Luxco Inc,35918,Five O'clock Gin,12,1750,8.99,13.49,4,53.96,7.00
INV-201862,2026-05-28,2633,Hometown Foods,CEDAR RAPIDS,52402,LINN,1031200,AMERICAN VODKAS,Sazerac Company Inc,36308,Mr Boston Vodka,12,1000,4.50,6.75,1,6.75,1.00
INV-201863,2026-05-26,4829,  Casey's General Store #2879,ANKENY,50021,POLK,1031080,CANADIAN WHISKIES,Heaven Hill Brands,11788,Black Velvet,12,1750,9.75,14.63,3,43.89,5.25
INV-201864,2026-07-27,2190,"Central City Liquor, Inc.",DES MOINES,50310,POLK,1031200,AMERICAN VODKAS,Sazerac Company Inc,36308,Mr Boston Vodka,12,1000,4.50,6.75,2,13.50,2.00
INV-201865,2026-02-09,2501,Hy-Vee #3 / BDI / Des Moines,DES MOINES,50313,POLK,1032080,IRISH WHISKIES,Pernod Ricard USA,19067,Jameson,12,750,17.99,26.99,2,53.98,1.50
INV-201866,04/25/2026,5102,Corner Tap & Bottle,AMES,50010.0,STORY,1031200,AMERICAN VODKAS,Sazerac Company Inc,36308,Mr Boston Vodka,12,1000,4.50 ,6.75 ,1,6.75 ,1.00
INV-201867,2026-05-27,2190,"Central City Liquor, Inc.",DES MOINES,50310.0,POLK,1051010,IMPORTED BRANDIES,Moet Hennessy USA,64866,Hennessy VS,12,750,$24.99,$37.49,1,$37.49,0.75
INV-201868,2026-04-13,2633,HOMETOWN FOODS,CEDAR RAPIDS,52402,LINN,1031200,AMERICAN VODKAS,Sazerac Company Inc,36308,Mr Boston Vodka,12,1000,$4.50,$6.75,3,$20.25,3.00
INV-201869,2026-05-13,2501,Hy-Vee #3 / BDI / Des Moines,DES MOINES,50313,,1041100,AMERICAN DRY GINS,Luxco Inc,35918,Five O'clock Gin,12,1750,8.99 ,13.49 ,9,121.41 ,15.75
INV-201870,05/01/2026,2190,Central City Liquor INC,DES MOINES,50310,,1031200,AMERICAN VODKAS,Fifth Generation Inc,26827,Tito's Handmade Vodka,12,750,12.50,18.75,11,206.25,8.25
INV-201871,2026-05-04,5102,Corner Tap & Bottle,AMES,50010,STORY,1032080,IRISH WHISKIES,Pernod Ricard USA,19067,Jameson,12,750,17.99,26.99,1,26.99,0.75
INV-201872,07/06/2026,4829,Casey's General Store #2879,ANKENY,50021,POLK,1031080,CANADIAN WHISKIES,Heaven Hill Brands,11788,Black Velvet,12,1750,9.75,14.63,6,87.78,10.50
INV-201873,06/16/2026,2648,WILKIE LIQUORS,IOWA CITY,52240,JOHNSON,1041100,AMERICAN DRY GINS,Luxco Inc,35918,Five O'clock Gin,12,1750,8.99,13.49,9,121.41,15.75
INV-201874,06/10/2026,5102,CORNER TAP & BOTTLE,AMES,50010,STORY,1081900,WHISKEY LIQUEUR,Sazerac Company Inc,43336,Fireball Cinnamon Whiskey,12,750,8.25,12.38,2,24.76,1.50
INV-201875,06/19/2026,2501,HY-VEE #3 / BDI / DES MOINES,DES MOINES,50313,,1031200,AMERICAN VODKAS,Sazerac Company Inc,36308,Mr Boston Vodka,12,1000,4.50,6.75,3,20.25,3.00
INV-201876,05/01/2026,2648,Wilkie Liquors,IOWA CITY,52240,JOHNSON,1031200,AMERICAN VODKAS,Sazerac Company Inc,36308,Mr Boston Vodka,12,1000,4.50,6.75,2,13.50,2.00
INV-201877,2026-04-17,2190,"CENTRAL CITY LIQUOR, INC.",DES MOINES,50310,POLK,1032080,IRISH WHISKIES,Pernod Ricard USA,19067,Jameson,12,750,17.99 ,26.99 ,1,26.99 ,0.75
INV-201878,04/22/2026,3385,Sam's Club 8162,DAVENPORT,52807.0,SCOTT,1081900,WHISKEY LIQUEUR,Sazerac Company Inc,43336,Fireball Cinnamon Whiskey,12,750,8.25,12.38,2,24.76,1.50
INV-201879,2026-02-02,2501,Hy-Vee #3 / BDI / Des Moines ,DES MOINES,50313,POLK,1031080,CANADIAN WHISKIES,Heaven Hill Brands,11788,Black Velvet,12,1750,9.75,14.63,2,29.26,3.50
INV-201880,2026-02-09,2190,"Central City Liquor, Inc.",DES MOINES,50310,POLK,1051010,IMPORTED BRANDIES,Moet Hennessy USA,64866,Hennessy VS,12,750,24.99,37.49,-6,-224.94,-4.50
INV-201881,2026-06-18,3385,Sam's Club 8162,DAVENPORT,52807,SCOTT,1031200,AMERICAN VODKAS,Fifth Generation Inc,26827,Tito's Handmade Vodka,12,750,$12.50,$18.75,13,$243.75,9.75
INV-201882,22-Jun-2026,4829,CASEY'S GENERAL STORE #2879,ANKENY,50021,POLK,1031200,AMERICAN VODKAS,Fifth Generation Inc,26827,Tito's Handmade Vodka,12,750,12.50,18.75,14,262.50,10.50
INV-201883,06/02/2026,5102,CORNER TAP & BOTTLE,AMES,50010,STORY,1051010,IMPORTED BRANDIES,Moet Hennessy USA,64866,Hennessy VS,12,750,24.99,37.49,3,112.47,2.25
INV-201884,02/16/2026,2190,"Central City Liquor, Inc.",DES MOINES,50310,POLK,1081600,-,Regional Spirits Co,77779,Dusty Shelf Cordial,6,375,$11.00,$12.10,2,$24.20,0.75
INV-201885,2026-07-11,2501,Hy-Vee #3 / BDI / Des Moines,DES MOINES,50313,POLK,1031200,AMERICAN VODKAS,Sazerac Company Inc,36308,Mr Boston Vodka,12,1000,4.50 ,6.75 ,5,33.75 ,5.00
INV-201886,2026-05-13,2190,"Central City Liquor, Inc.",DES MOINES,50310,POLK,1032080,IRISH WHISKIES,Pernod Ricard USA,19067,Jameson,12,750,17.99,26.99,9,242.91,6.75
INV-201887,28-Feb-2026,5102,Corner Tap & Bottle,AMES,50010,STORY,1031200,AMERICAN VODKAS,Fifth Generation Inc,26827,Tito's Handmade Vodka,12,750,12.50,18.75,3,56.25,2.25
INV-201888,02/17/2026,2648,Wilkie Liquors,IOWA CITY,52240,JOHNSON,1032080,IRISH WHISKIES,Pernod Ricard USA,19067,Jameson,12,750,17.99 ,26.99 ,20,539.80 ,15.00
INV-201889,20-Jul-2026,2648,Wilkie Liquors,IOWA CITY,52240,,1041100,AMERICAN DRY GINS,Luxco Inc,35918,Five O'clock Gin,12,1750,8.99,13.49,1,13.49,1.75
INV-201890,2026-05-18,2501,Hy-Vee #3 / BDI / Des Moines,DES MOINES,50313,POLK,1031080,CANADIAN WHISKIES,Heaven Hill Brands,11788,Black Velvet,12,1750,9.75,14.63,4,58.52,7.00
INV-201891,2026-04-09,2648,  Wilkie Liquors,IOWA CITY,52240,JOHNSON,1041100,AMERICAN DRY GINS,Luxco Inc,35918,Five O'clock Gin,12,1750,8.99,13.49,3,40.47,5.25
INV-201892,2026-03-25,5102,  Corner Tap & Bottle,AMES,50010,STORY,1031200,AMERICAN VODKAS,Fifth Generation Inc,26827,Tito's Handmade Vodka,12,750,12.50,18.75,3,56.25,2.25
INV-201893,2026-05-23,3385,Sam's Club 8162,DAVENPORT,52807,SCOTT,1041100,AMERICAN DRY GINS,Luxco Inc,35918,Five O'clock Gin,12,1750,8.99 ,13.49 ,4,53.96 ,7.00
INV-201894,06/09/2026,2648,Wilkie Liquors,IOWA CITY,52240,JOHNSON,1031080,CANADIAN WHISKIES,Heaven Hill Brands,11788,Black Velvet,12,1750,9.75,14.63,3,43.89,5.25
INV-201895,06/12/2026,4829,Casey's General Store #2879,ANKENY,50021,POLK,1051010,IMPORTED BRANDIES,Moet Hennessy USA,64866,Hennessy VS,12,750,24.99,37.49,2,74.98,1.50
INV-201896,2026-05-01,5102,Corner Tap and Bottle,AMES,50010,STORY,1081900,WHISKEY LIQUEUR,Sazerac Company Inc,43336,Fireball Cinnamon Whiskey,12,750,8.25 ,12.38 ,3,37.14 ,2.25
INV-201897,2026-05-20,4829,Casey's General Store #2879,ANKENY,50021,POLK,1081600,,Regional Spirits Co,77779,Dusty Shelf Cordial,6,375,11.00 ,12.10 ,1,12.10 ,0.38
INV-201898,2026-03-04,4829,Casey's General Store #2879,ANKENY,50021,POLK,1031200,AMERICAN VODKAS,Sazerac Company Inc,36308,Mr Boston Vodka,12,1000,4.50,6.75,1,6.75,1.00
INV-201898,2026-03-04,4829,Casey's General Store #2879,ANKENY,50021,POLK,1031200,AMERICAN VODKAS,Sazerac Company Inc,36308,Mr Boston Vodka,12,1000,4.50,6.75,1,6.75,1.00
INV-201899,06/06/2026,2501,Hy-Vee #3 / BDI / Des Moines,DES MOINES,50313,POLK,1051010,IMPORTED BRANDIES,Moet Hennessy USA,64866,Hennessy VS,12,750,,37.49,2,74.98,1.50
INV-201900,2026-04-24,2633,Hometown Foods,CEDAR RAPIDS,52402,LINN,1041100,AMERICAN DRY GINS,Luxco Inc,35918,Five O'clock Gin,12,1750,8.99,13.49,1,13.49,1.75
INV-201901,05/23/2026,2648,Wilkie Liquors,IOWA CITY,52240,JOHNSON,1081600,-,Regional Spirits Co,77779,Dusty Shelf Cordial,6,375,11.00,12.10,6,72.60,2.25
INV-201902,2026-07-04,5102,CORNER TAP & BOTTLE,AMES,50010,STORY,1081600,-,Regional Spirits Co,77779,Dusty Shelf Cordial,6,375,11.00,12.10,17,205.70,6.38
INV-201903,02/05/2026,4829,Casey's General Store #2879,ANKENY,50021,POLK,1051010,IMPORTED BRANDIES,Moet Hennessy USA,64866,Hennessy VS,12,750,24.99,37.49,4,149.96,3.00
INV-201904,2026-05-23,3385,  Sam's Club 8162,DAVENPORT,52807,,1051010,IMPORTED BRANDIES,Moet Hennessy USA,64866,Hennessy VS,12,750,24.99 ,37.49 ,4,149.96 ,3.00
INV-201905,2026-04-26,2190,"Central City Liquor, Inc.",DES MOINES,50310,POLK,1031200,AMERICAN VODKAS,Fifth Generation Inc,26827,Tito's Handmade Vodka,12,750,12.50 ,18.75 ,6,112.50 ,4.50
INV-201906,06/13/2026,2190,"CENTRAL CITY LIQUOR, INC.",DES MOINES,50310,POLK,1081600,,Regional Spirits Co,77779,Dusty Shelf Cordial,6,375,11.00,12.10,1,12.10,0.38
INV-201907,11-May-2026,3385,SAM'S CLUB 8162,DAVENPORT,52807,SCOTT,1032080,IRISH WHISKIES,Pernod Ricard USA,19067,Jameson,12,750,17.99 ,26.99 ,17,458.83 ,12.75
INV-201908,2026-07-28,2648,Wilkie Liquors,IOWA CITY,52240,JOHNSON,1081600,N/A,Regional Spirits Co,77779,Dusty Shelf Cordial,6,375,11.00,12.10,3,36.30,1.12
INV-201909,28-Feb-2026,4829,Casey's General Store #2879,ANKENY,50021,POLK,1081600,,Regional Spirits Co,77779,Dusty Shelf Cordial,6,375,11.00 ,12.10 ,3,36.30 ,1.12
INV-201910,2026-06-25,5102,Corner Tap & Bottle,Ames,50010,STORY,1031200,AMERICAN VODKAS,Fifth Generation Inc,26827,Tito's Handmade Vodka,12,750,12.50,18.75,1,18.75,0.75
INV-201911,2026-04-18,5102,  Corner Tap & Bottle,AMES,50010,STORY,1041100,AMERICAN DRY GINS,Luxco Inc,35918,Five O'clock Gin,12,1750,$8.99,$13.49,1,$13.49,1.75
INV-201912,05/01/2026,2633,Hometown Foods,CEDAR RAPIDS,52402,LINN,1031200,AMERICAN VODKAS,Fifth Generation Inc,26827,Tito's Handmade Vodka,12,750,12.50,18.75,1,18.75,0.75
INV-201913,04/02/2026,5102,Corner Tap & Bottle,Ames,50010,STORY,1032080,IRISH WHISKIES,Pernod Ricard USA,19067,Jameson,12,750,17.99,26.99,1,26.99,0.75
INV-201914,05-May-2026,3385,Sam's Club 8162,DAVENPORT,52807,SCOTT,1051010,IMPORTED BRANDIES,Moet Hennessy USA,64866,Hennessy VS,12,750,24.99,37.49,5,187.45,3.75
INV-201915,23-Feb-2026,2190,"CENTRAL CITY LIQUOR, INC.",DES MOINES,50310,,1081600,-,Regional Spirits Co,77779,Dusty Shelf Cordial,6,375,11.00 ,12.10 ,-1,-12.10 ,-0.38
INV-201916,30-Mar-2026,2648,WILKIE LIQUORS,IOWA CITY,52240,JOHNSON,1041100,AMERICAN DRY GINS,Luxco Inc,35918,Five O'clock Gin,12,1750,8.99 ,13.49 ,1,13.49 ,1.75
INV-201917,06-Jul-2026,2190,"  Central City Liquor, Inc.",Des Moines,50310,POLK,1031200,AMERICAN VODKAS,Sazerac Company Inc,36308,Mr Boston Vodka,12,1000,$4.50,$6.75,1,$6.75,1.00
INV-201918,17-Apr-2026,3385,Sam's Club 8162,DAVENPORT,52807,SCOTT,1031200,AMERICAN VODKAS,Fifth Generation Inc,26827,Tito's Handmade Vodka,12,750,,18.75,25,468.75,18.75
INV-201919,2026-07-02,2633,  Hometown Foods,CEDAR RAPIDS,52402.0,LINN,1081900,WHISKEY LIQUEUR,Sazerac Company Inc,43336,Fireball Cinnamon Whiskey,12,750,8.25 ,12.38 ,4,49.52 ,3.00
INV-201920,2026-03-22,4829,Casey's General Store #2879,ANKENY,50021,POLK,1051010,IMPORTED BRANDIES,Moet Hennessy USA,64866,Hennessy VS,12,750,24.99,37.49,3,112.47,2.25
INV-201921,2026-06-12,2190,"Central City Liquor, Inc.",DES MOINES,50310,POLK,1051010,IMPORTED BRANDIES,Moet Hennessy USA,64866,Hennessy VS,12,750,24.99,37.49,5,187.45,3.75
INV-201922,2026-07-24,2648,Wilkie Liquors,IOWA CITY,52240,JOHNSON,1031080,CANADIAN WHISKIES,Heaven Hill Brands,11788,Black Velvet,12,1750,9.75,14.63,1,14.63,1.75
INV-201923,2026-04-25,5102,Corner Tap & Bottle,AMES,50010,STORY,1031080,CANADIAN WHISKIES,Heaven Hill Brands,11788,Black Velvet,12,1750,N/A,14.63,1,14.63,1.75
INV-201924,2026-04-28,5102,Corner Tap & Bottle,AMES,50010,STORY,1032080,IRISH WHISKIES,Pernod Ricard USA,19067,Jameson,12,750,17.99,26.99,4,107.96,3.00
INV-201925,2026-04-17,2633,Hometown Foods ,CEDAR RAPIDS,52402,LINN,1051010,IMPORTED BRANDIES,Moet Hennessy USA,64866,Hennessy VS,12,750,24.99,37.49,7,262.43,5.25
INV-201926,26-Mar-2026,3385,Sam's Club 8162,DAVENPORT,52807,SCOTT,1032080,IRISH WHISKIES,Pernod Ricard USA,19067,Jameson,12,750,17.99,26.99,3,80.97,2.25
INV-201927,06/27/2026,2190,"Central City Liquor, Inc. ",DES MOINES,50310,POLK,1081900,WHISKEY LIQUEUR,Sazerac Company Inc,43336,Fireball Cinnamon Whiskey,12,750,8.25,12.38,1,12.38,0.75
INV-201928,02/04/2026,2190,"CENTRAL CITY LIQUOR, INC.",DES MOINES,50310,POLK,1081900,WHISKEY LIQUEUR,Sazerac Company Inc,43336,Fireball Cinnamon Whiskey,12,750,8.25,12.38,5,61.90,3.75
INV-201929,04/25/2026,4829,Casey's General Store #2879,ANKENY,50021.0,POLK,1081900,WHISKEY LIQUEUR,Sazerac Company Inc,43336,Fireball Cinnamon Whiskey,12,750,$8.25,$12.38,4,$49.52,3.00
INV-201930,2026-04-17,2648,Wilkie Liquors,IOWA CITY,52240,JOHNSON,1032080,IRISH WHISKIES,Pernod Ricard USA,19067,Jameson,12,750,17.99,26.99,5,134.95,3.75
INV-201931,2026-06-21,2633,Hometown Foods,CEDAR RAPIDS,52402,LINN,1031200,AMERICAN VODKAS,Fifth Generation Inc,26827,Tito's Handmade Vodka,12,750,12.50,18.75,7,131.25,5.25
INV-201932,2026-06-08,2190,"Central City Liquor, Inc.",Des Moines,50310,POLK,1032080,IRISH WHISKIES,Pernod Ricard USA,19067,Jameson,12,750,17.99,26.99,1,26.99,0.75
INV-201933,2026-03-14,4829,Casey's General Store #2879,ANKENY,50021.0,POLK,1041100,AMERICAN DRY GINS,Luxco Inc,35918,Five O'clock Gin,12,1750,$8.99,$13.49,6,$80.94,10.50
INV-201934,2026-04-07,5102,  Corner Tap & Bottle,AMES,50010,STORY,1032080,IRISH WHISKIES,Pernod Ricard USA,19067,Jameson,12,750,$17.99,$26.99,2,$53.98,1.50
INV-201935,06/05/2026,2501,Hy-Vee #3 / BDI / Des Moines ,DES MOINES,50313,POLK,1031200,AMERICAN VODKAS,Sazerac Company Inc,36308,Mr Boston Vodka,12,1000,4.50,6.75,4,27.00,4.00
INV-201936,04/26/2026,2501,Hy-Vee #3 / BDI / Des Moines,DES MOINES,50313,POLK,1081600,,Regional Spirits Co,77779,Dusty Shelf Cordial,6,375,11.00 ,12.10 ,1,12.10 ,0.38
INV-201937,2026-06-19,2190,"  Central City Liquor, Inc.",DES MOINES,50310,POLK,1051010,IMPORTED BRANDIES,Moet Hennessy USA,64866,Hennessy VS,12,750,24.99,37.49,4,149.96,3.00
INV-201938,04/16/2026,2190,"Central City Liquor, Inc.",DES MOINES,50310,POLK,1051010,IMPORTED BRANDIES,Moet Hennessy USA,64866,Hennessy VS,12,750,$24.99,$37.49,2,$74.98,1.50
INV-201939,2026-03-08,2633,Hometown Foods,CEDAR RAPIDS,52402,LINN,1031200,AMERICAN VODKAS,Fifth Generation Inc,26827,Tito's Handmade Vodka,12,750,12.50 ,18.75 ,1,18.75 ,0.75
INV-201940,2026-06-15,4829,Casey's General Store #2879,Ankeny,50021.0,POLK,1041100,AMERICAN DRY GINS,Luxco Inc,35918,Five O'clock Gin,12,1750,$8.99,$13.49,7,$94.43,12.25
INV-201941,03/12/2026,2633,Hometown Foods,CEDAR RAPIDS,52402,LINN,1051010,IMPORTED BRANDIES,Moet Hennessy USA,64866,Hennessy VS,12,750,24.99 ,37.49 ,1,37.49 ,0.75
INV-201942,2026-04-21,2648,Wilkie Liquors,IOWA CITY,52240,JOHNSON,1051010,IMPORTED BRANDIES,Moet Hennessy USA,64866,Hennessy VS,12,750,24.99,37.49,3,112.47,2.25
INV-201943,04-Jul-2026,3385,Sam's Club 8162 ,DAVENPORT,52807,SCOTT,1032080,IRISH WHISKIES,Pernod Ricard USA,19067,Jameson,12,750,17.99,26.99,5,134.95,3.75
INV-201944,2026-02-13,2648,Wilkie Liquors,IOWA CITY,52240,JOHNSON,1031200,AMERICAN VODKAS,Fifth Generation Inc,26827,Tito's Handmade Vodka,12,750,12.50,18.75,1,18.75,0.75
INV-201945,2026-04-23,2501,Hy-Vee #3 / BDI / Des Moines,Des Moines,50313,POLK,1032080,IRISH WHISKIES,Pernod Ricard USA,19067,Jameson,12,750,17.99,26.99,2,53.98,1.50
INV-201946,2026-05-29,4829,  Casey's General Store #2879,ANKENY,50021,POLK,1051010,IMPORTED BRANDIES,Moet Hennessy USA,64866,Hennessy VS,12,750,24.99 ,37.49 ,1,37.49 ,0.75
INV-201947,01-Mar-2026,5102,Corner Tap & Bottle,AMES,50010,STORY,1031200,AMERICAN VODKAS,Sazerac Company Inc,36308,Mr Boston Vodka,12,1000,4.50,6.75,1,6.75,1.00
INV-201948,07/10/2026,4829,Casey's General Store #2879,ANKENY,50021,POLK,1081600,,Regional Spirits Co,77779,Dusty Shelf Cordial,6,375,11.00,12.10,2,24.20,0.75
INV-201949,2026-03-17,2501,Hy-Vee #3 / BDI / Des Moines,DES MOINES,50313,POLK,1081900,WHISKEY LIQUEUR,Sazerac Company Inc,43336,Fireball Cinnamon Whiskey,12,750,8.25 ,12.38 ,1,12.38 ,0.75
INV-201950,04/09/2026,2648,WILKIE LIQUORS,IOWA CITY,52240,JOHNSON,1031200,AMERICAN VODKAS,Sazerac Company Inc,36308,Mr Boston Vodka,12,1000,4.50,6.75,7,47.25,7.00
INV-201951,2026-04-14,2633,Hometown Foods,CEDAR RAPIDS,52402,LINN,1041100,AMERICAN DRY GINS,Luxco Inc,35918,Five O'clock Gin,12,1750,$8.99,$13.49,2,$26.98,3.50
INV-201952,17-Jun-2026,2633,Hometown Foods,CEDAR RAPIDS,52402,LINN,1032080,IRISH WHISKIES,Pernod Ricard USA,19067,Jameson,12,750,17.99,26.99,1,26.99,0.75
INV-201953,2026-06-17,2633,Hometown Foods ,CEDAR RAPIDS,52402,LINN,1081900,WHISKEY LIQUEUR,Sazerac Company Inc,43336,Fireball Cinnamon Whiskey,12,750,8.25,12.38,3,37.14,2.25
INV-201954,07/18/2026,3385,Sam's Club 8162,DAVENPORT,52807,SCOTT,1032080,IRISH WHISKIES,Pernod Ricard USA,19067,Jameson,12,750,$17.99,$26.99,2,$53.98,1.50
INV-201955,2026-06-10,2648,Wilkie Liquors,Iowa City,52240,JOHNSON,1081900,WHISKEY LIQUEUR,Sazerac Company Inc,43336,Fireball Cinnamon Whiskey,12,750,8.25,12.38,10,123.80,7.50
INV-201956,02/12/2026,2633,Hometown Foods,CEDAR RAPIDS,52402,LINN,1031200,AMERICAN VODKAS,Sazerac Company Inc,36308,Mr Boston Vodka,12,1000,$4.50,$6.75,3,$20.25,3.00
INV-201957,2026-04-03,2501,HY-VEE #3 / BDI / DES MOINES,DES MOINES,50313,POLK,1031200,AMERICAN VODKAS,Fifth Generation Inc,26827,Tito's Handmade Vodka,12,750,12.50 ,18.75 ,3,56.25 ,2.25
INV-201958,19-May-2026,2633,  Hometown Foods,CEDAR RAPIDS,52402,,1081600,-,Regional Spirits Co,77779,Dusty Shelf Cordial,6,375,11.00,12.10,5,60.50,1.88
INV-201959,2026-02-07,2190,"  Central City Liquor, Inc.",DES MOINES,50310,POLK,1031200,AMERICAN VODKAS,Sazerac Company Inc,36308,Mr Boston Vodka,12,1000,4.50 ,6.75 ,1,6.75 ,1.00
INV-201960,2026-06-18,4829,CASEY'S GENERAL STORE #2879,ANKENY,50021.0,POLK,1081900,WHISKEY LIQUEUR,Sazerac Company Inc,43336,Fireball Cinnamon Whiskey,12,750,8.25,12.38,1,12.38,0.75
INV-201961,2026-07-16,2190,"CENTRAL CITY LIQUOR, INC.",DES MOINES,50310,POLK,1051010,IMPORTED BRANDIES,Moet Hennessy USA,64866,Hennessy VS,12,750,24.99,37.49,1,37.49,0.75
INV-201962,03-Apr-2026,2190,"Central City Liquor, Inc.",DES MOINES,50310,POLK,1081600,,Regional Spirits Co,77779,Dusty Shelf Cordial,6,375,,12.10 ,3,36.30 ,1.12
INV-201963,2026-01-30,2190,"CENTRAL CITY LIQUOR, INC.",DES MOINES,50310,POLK,1051010,IMPORTED BRANDIES,Moet Hennessy USA,64866,Hennessy VS,12,750,24.99,37.49,4,149.96,3.00
INV-201964,2026-05-31,4829,Casey's General Store #2879,ANKENY,50021,POLK,1031080,CANADIAN WHISKIES,Heaven Hill Brands,11788,Black Velvet,12,1750,9.75,14.63,1,14.63,1.75
INV-201965,14-Jun-2026,2501,Hy-Vee #3 / BDI / Des Moines,DES MOINES,50313,POLK,1031200,AMERICAN VODKAS,Sazerac Company Inc,36308,Mr Boston Vodka,12,1000,4.50,6.75,5,33.75,5.00
INV-201966,2026-04-30,2648,Wilkie Liquors,IOWA CITY,52240,,1031080,CANADIAN WHISKIES,Heaven Hill Brands,11788,Black Velvet,12,1750,9.75,14.63,11,160.93,19.25
INV-201967,04/11/2026,2633,  Hometown Foods,CEDAR RAPIDS,52402.0,LINN,1051010,IMPORTED BRANDIES,Moet Hennessy USA,64866,Hennessy VS,12,750,$24.99,$37.49,1,$37.49,0.75
INV-201968,09-Feb-2026,2501,HY-VEE #3 / BDI / DES MOINES,DES MOINES,50313,POLK,1031080,CANADIAN WHISKIES,Heaven Hill Brands,11788,Black Velvet,12,1750,9.75,14.63,7,102.41,12.25
INV-201969,25-Jul-2026,2648,Wilkie Liquors,IOWA CITY,52240,,1041100,AMERICAN DRY GINS,Luxco Inc,35918,Five O'clock Gin,12,1750,$8.99,$13.49,1,$13.49,1.75
INV-201970,03/18/2026,2190,"  Central City Liquor, Inc.",DES MOINES,50310,POLK,1031080,CANADIAN WHISKIES,Heaven Hill Brands,11788,Black Velvet,12,1750,9.75,14.63,1,14.63,1.75
INV-201971,2026-02-25,2648,Wilkie Liquors,Iowa City,52240,JOHNSON,1051010,IMPORTED BRANDIES,Moet Hennessy USA,64866,Hennessy VS,12,750,24.99 ,37.49 ,1,37.49 ,0.75
INV-201972,2026-03-11,2633,  Hometown Foods,CEDAR RAPIDS,52402,LINN,1031200,AMERICAN VODKAS,Fifth Generation Inc,26827,Tito's Handmade Vodka,12,750,12.50,18.75,1,18.75,0.75
INV-201973,06/10/2026,2190,"Central City Liquor, Inc.",DES MOINES,50310,POLK,1051010,IMPORTED BRANDIES,Moet Hennessy USA,64866,Hennessy VS,12,750,$24.99,$37.49,2,$74.98,1.50
INV-201974,14-May-2026,2501,Hy-Vee #3 / BDI / Des Moines,DES MOINES,50313,POLK,1031200,AMERICAN VODKAS,Sazerac Company Inc,36308,Mr Boston Vodka,12,1000,4.50,6.75,7,47.25,7.00
INV-201975,15-Mar-2026,2633,Hometown Foods,CEDAR RAPIDS,52402,LINN,1031200,AMERICAN VODKAS,Fifth Generation Inc,26827,Tito's Handmade Vodka,12,750,12.50,18.75,1,18.75,0.75
INV-201976,2026-05-03,2633,Hometown Foods,CEDAR RAPIDS,52402,LINN,1031200,AMERICAN VODKAS,Fifth Generation Inc,26827,Tito's Handmade Vodka,12,750,12.50,18.75,2,37.50,1.50
INV-201977,2026-04-24,3385,Sam's Club 8162,DAVENPORT,52807.0,SCOTT,1081900,WHISKEY LIQUEUR,Sazerac Company Inc,43336,Fireball Cinnamon Whiskey,12,750,8.25,12.38,3,37.14,2.25
INV-201978,07/14/2026,2501,Hy-Vee #3 / BDI / Des Moines,DES MOINES,50313,POLK,1081600,N/A,Regional Spirits Co,77779,Dusty Shelf Cordial,6,375,11.00 ,12.10 ,1,12.10 ,0.38
INV-201979,2026-03-16,2501,Hy-Vee #3 / BDI / Des Moines,DES MOINES,50313,POLK,1031200,AMERICAN VODKAS,Sazerac Company Inc,36308,Mr Boston Vodka,12,1000,4.50 ,6.75 ,1,6.75 ,1.00
INV-201980,04/06/2026,2501,HY-VEE #3 / BDI / DES MOINES,DES MOINES,50313,POLK,1031080,CANADIAN WHISKIES,Heaven Hill Brands,11788,Black Velvet,12,1750,9.75 ,14.63 ,1,14.63 ,1.75
INV-201981,03/04/2026,3385,  Sam's Club 8162,DAVENPORT,52807,SCOTT,1032080,IRISH WHISKIES,Pernod Ricard USA,19067,Jameson,12,750,17.99,26.99,6,161.94,4.50
INV-201982,2026-03-10,2633,Hometown Foods,CEDAR RAPIDS,52402,LINN,1051010,IMPORTED BRANDIES,Moet Hennessy USA,64866,Hennessy VS,12,750,24.99,37.49,12,449.88,9.00
INV-201983,10-May-2026,4829,Casey's General Store #2879,ANKENY,50021,,1031200,AMERICAN VODKAS,Sazerac Company Inc,36308,Mr Boston Vodka,12,1000,$4.50,$6.75,6,$40.50,6.00
INV-201984,21-Jun-2026,2648,Wilkie Liquors,IOWA CITY,52240,JOHNSON,1031080,CANADIAN WHISKIES,Heaven Hill Brands,11788,Black Velvet,12,1750,9.75 ,14.63 ,2,29.26 ,3.50
INV-201985,2026-04-28,2501,Hy-Vee #3 / BDI / Des Moines,DES MOINES,50313,POLK,1031200,AMERICAN VODKAS,Sazerac Company Inc,36308,Mr Boston Vodka,12,1000,4.50,6.75,3,20.25,3.00
INV-201986,07/06/2026,5102,Corner Tap & Bottle,AMES,50010,STORY,1051010,IMPORTED BRANDIES,Moet Hennessy USA,64866,Hennessy VS,12,750,$24.99,$37.49,7,$262.43,5.25
INV-201987,2026-06-21,2633,Hometown Foods,CEDAR RAPIDS,52402,LINN,1041100,AMERICAN DRY GINS,Luxco Inc,35918,Five O'clock Gin,12,1750,$8.99,$13.49,5,$67.45,8.75
INV-201988,2026-03-16,3385,SAM'S CLUB 8162,DAVENPORT,52807,SCOTT,1032080,IRISH WHISKIES,Pernod Ricard USA,19067,Jameson,12,750,$17.99,$26.99,1,$26.99,0.75
INV-201989,14-Feb-2026,4829,Casey's General Store #2879,ANKENY,50021,POLK,1081900,WHISKEY LIQUEUR,Sazerac Company Inc,43336,Fireball Cinnamon Whiskey,12,750,8.25,12.38,3,37.14,2.25
INV-201990,06/24/2026,3385,Sam's Club 8162,DAVENPORT,52807,SCOTT,1031200,AMERICAN VODKAS,Sazerac Company Inc,36308,Mr Boston Vodka,12,1000,4.50,6.75,4,27.00,4.00
INV-201991,09-Feb-2026,3385,SAM'S CLUB 8162,DAVENPORT,52807,SCOTT,1081900,WHISKEY LIQUEUR,Sazerac Company Inc,43336,Fireball Cinnamon Whiskey,12,750,$8.25,$12.38,24,$297.12,18.00
INV-201992,19-Jul-2026,2633,Hometown Foods,CEDAR RAPIDS,52402,LINN,1031200,AMERICAN VODKAS,Fifth Generation Inc,26827,Tito's Handmade Vodka,12,750,12.50,18.75,2,37.50,1.50
INV-201993,22-Feb-2026,4829,  Casey's General Store #2879,ANKENY,50021.0,POLK,1081600,N/A,Regional Spirits Co,77779,Dusty Shelf Cordial,6,375,11.00 ,12.10 ,1,12.10 ,0.38
INV-201994,2026-04-18,2190,"CENTRAL CITY LIQUOR, INC.",DES MOINES,50310,,1031080,CANADIAN WHISKIES,Heaven Hill Brands,11788,Black Velvet,12,1750,9.75 ,14.63 ,5,73.15 ,8.75
INV-201995,04/10/2026,2190,"Central City Liquor, Inc.",DES MOINES,50310,POLK,1041100,AMERICAN DRY GINS,Luxco Inc,35918,Five O'clock Gin,12,1750,$8.99,$13.49,9,$121.41,15.75
INV-201996,06/23/2026,5102,Corner Tap & Bottle,AMES,50010,STORY,1051010,IMPORTED BRANDIES,Moet Hennessy USA,64866,Hennessy VS,12,750,24.99 ,37.49 ,3,112.47 ,2.25
INV-201997,2026-06-13,5102,Corner Tap & Bottle,AMES,50010.0,STORY,1081900,WHISKEY LIQUEUR,Sazerac Company Inc,43336,Fireball Cinnamon Whiskey,12,750,8.25,12.38,4,49.52,3.00
INV-201998,2026-07-21,5102,Corner Tap & Bottle,Ames,50010,,1041100,AMERICAN DRY GINS,Luxco Inc,35918,Five O'clock Gin,12,1750,8.99 ,13.49 ,9,121.41 ,15.75
INV-201999,2026-05-14,2648,WILKIE LIQUORS,Iowa City,52240,JOHNSON,1051010,IMPORTED BRANDIES,Moet Hennessy USA,64866,Hennessy VS,12,750,24.99,37.49,1,37.49,0.75
INV-202000,04/12/2026,2190,"Central City Liquor, Inc.",DES MOINES,50310,POLK,1041100,AMERICAN DRY GINS,Luxco Inc,35918,Five O'clock Gin,12,1750,8.99,13.49,1,13.49,1.75
INV-202001,04/26/2026,5102,Corner Tap & Bottle,AMES,50010,STORY,1081600,N/A,Regional Spirits Co,77779,Dusty Shelf Cordial,6,375,11.00,12.10,3,36.30,1.12
INV-202002,04/01/2026,3385,Sam's Club 8162,DAVENPORT,52807,SCOTT,1031200,AMERICAN VODKAS,Fifth Generation Inc,26827,Tito's Handmade Vodka,12,750,12.50,18.75,6,112.50,4.50
INV-202003,2026-03-18,2501,Hy-Vee #3 / BDI / Des Moines,DES MOINES,50313,POLK,1081900,WHISKEY LIQUEUR,Sazerac Company Inc,43336,Fireball Cinnamon Whiskey,12,750,$8.25,$12.38,19,$235.22,14.25
INV-202004,05/23/2026,2190,"CENTRAL CITY LIQUOR, INC.",DES MOINES,50310,POLK,1031200,AMERICAN VODKAS,Sazerac Company Inc,36308,Mr Boston Vodka,12,1000,4.50,6.75,1,6.75,1.00
INV-202005,2026-02-14,5102,Corner Tap & Bottle,AMES,50010,STORY,1031200,AMERICAN VODKAS,Sazerac Company Inc,36308,Mr Boston Vodka,12,1000,4.50 ,6.75 ,3,20.25 ,3.00
INV-202006,2026-05-19,5102,Corner Tap & Bottle,AMES,50010,STORY,1031080,CANADIAN WHISKIES,Heaven Hill Brands,11788,Black Velvet,12,1750,9.75,14.63,1,14.63,1.75
INV-202007,03/28/2026,4829,CASEY'S GENERAL STORE #2879,ANKENY,50021,POLK,1031200,AMERICAN VODKAS,Sazerac Company Inc,36308,Mr Boston Vodka,12,1000,4.50,6.75,1,6.75,1.00
INV-202008,02/18/2026,4829,Casey's General Store #2879,ANKENY,50021,POLK,1031200,AMERICAN VODKAS,Fifth Generation Inc,26827,Tito's Handmade Vodka,12,750,12.50 ,18.75 ,1,18.75 ,0.75
INV-202009,17-Jul-2026,3385,Sam's Club 8162,DAVENPORT,52807,SCOTT,1031200,AMERICAN VODKAS,Fifth Generation Inc,26827,Tito's Handmade Vodka,12,750,12.50,18.75,1,18.75,0.75
INV-202010,06/20/2026,5102,Corner Tap & Bottle,Ames,50010.0,STORY,1041100,AMERICAN DRY GINS,Luxco Inc,35918,Five O'clock Gin,12,1750,8.99,13.49,3,40.47,5.25
INV-202011,2026-03-25,2648,  Wilkie Liquors,IOWA CITY,52240,JOHNSON,1041100,AMERICAN DRY GINS,Luxco Inc,35918,Five O'clock Gin,12,1750,8.99,13.49,27,364.23,47.25
INV-202012,03/06/2026,2648,Wilkie Liquors,IOWA CITY,52240,JOHNSON,1041100,AMERICAN DRY GINS,Luxco Inc,35918,Five O'clock Gin,12,1750,8.99,13.49,4,53.96,7.00
INV-202013,07/22/2026,2501,Hy-Vee #3 / BDI / Des Moines,DES MOINES,50313,POLK,1032080,IRISH WHISKIES,Pernod Ricard USA,19067,Jameson,12,750,17.99,26.99,1,26.99,0.75
INV-202014,2026-07-25,5102,  Corner Tap & Bottle,AMES,50010,STORY,1081600,N/A,Regional Spirits Co,77779,Dusty Shelf Cordial,6,375,11.00 ,12.10 ,5,60.50 ,1.88
INV-202015,06/29/2026,2501,Hy-Vee #3 / BDI / Des Moines,DES MOINES,50313,POLK,1081900,WHISKEY LIQUEUR,Sazerac Company Inc,43336,Fireball Cinnamon Whiskey,12,750,8.25,12.38,2,24.76,1.50
INV-202016,07/01/2026,2501,Hy-Vee #3 / BDI / Des Moines,DES MOINES,50313,POLK,1032080,IRISH WHISKIES,Pernod Ricard USA,19067,Jameson,12,750,17.99 ,26.99 ,2,53.98 ,1.50
INV-202017,03/15/2026,4829,Casey's General Store #2879,ANKENY,50021,POLK,1032080,IRISH WHISKIES,Pernod Ricard USA,19067,Jameson,12,750,17.99,26.99,14,377.86,10.50
INV-202018,2026-06-21,2648,Wilkie Liquors,IOWA CITY,52240,JOHNSON,1031080,CANADIAN WHISKIES,Heaven Hill Brands,11788,Black Velvet,12,1750,9.75,14.63,1,14.63,1.75
INV-202019,2026-04-19,2501,Hy-Vee #3 / BDI / Des Moines,DES MOINES,50313,,1051010,IMPORTED BRANDIES,Moet Hennessy USA,64866,Hennessy VS,12,750,24.99,37.49,1,37.49,0.75
INV-202020,03-May-2026,3385,Sam's Club 8162,DAVENPORT,52807,SCOTT,1031200,AMERICAN VODKAS,Fifth Generation Inc,26827,Tito's Handmade Vodka,12,750,12.50,18.75,1,18.75,0.75
INV-202021,06/10/2026,3385,SAM'S CLUB 8162,DAVENPORT,52807,SCOTT,1081900,WHISKEY LIQUEUR,Sazerac Company Inc,43336,Fireball Cinnamon Whiskey,12,750,8.25 ,12.38 ,3,37.14 ,2.25
INV-202022,2026-06-20,5102,Corner Tap & Bottle,AMES,50010,STORY,1031200,AMERICAN VODKAS,Sazerac Company Inc,36308,Mr Boston Vodka,12,1000,4.50,6.75,1,6.75,1.00
INV-202023,06/07/2026,3385,Sam's Club 8162,DAVENPORT,52807.0,SCOTT,1081900,WHISKEY LIQUEUR,Sazerac Company Inc,43336,Fireball Cinnamon Whiskey,12,750,8.25,12.38,1,12.38,0.75
INV-202024,05/31/2026,4829,Casey's General Store #2879,ANKENY,50021,POLK,1051010,IMPORTED BRANDIES,Moet Hennessy USA,64866,Hennessy VS,12,750,$24.99,$37.49,10,$374.90,7.50
INV-202025,07/27/2026,5102,Corner Tap & Bottle,AMES,50010,STORY,1081900,WHISKEY LIQUEUR,Sazerac Company Inc,43336,Fireball Cinnamon Whiskey,12,750,$8.25,$12.38,2,$24.76,1.50
INV-202026,05/08/2026,2633,Hometown Foods,CEDAR RAPIDS,52402,LINN,1051010,IMPORTED BRANDIES,Moet Hennessy USA,64866,Hennessy VS,12,750,24.99,37.49,25,937.25,18.75
INV-202027,14-Feb-2026,2501,Hy-Vee #3 / BDI / Des Moines,DES MOINES,50313,POLK,1081600,N/A,Regional Spirits Co,77779,Dusty Shelf Cordial,6,375,11.00,12.10,1,12.10,0.38
INV-202028,06-Feb-2026,2648,Wilkie Liquors,IOWA CITY,52240,JOHNSON,1041100,AMERICAN DRY GINS,Luxco Inc,35918,Five O'clock Gin,12,1750,8.99 ,13.49 ,4,53.96 ,7.00
INV-202029,2026-03-26,2648,Wilkie Liquors,IOWA CITY,52240,JOHNSON,1081900,WHISKEY LIQUEUR,Sazerac Company Inc,43336,Fireball Cinnamon Whiskey,12,750,8.25,12.38,1,12.38,0.75
INV-202030,04/30/2026,3385,  Sam's Club 8162,DAVENPORT,52807,SCOTT,1081900,WHISKEY LIQUEUR,Sazerac Company Inc,43336,Fireball Cinnamon Whiskey,12,750,8.25,12.38,3,37.14,2.25
INV-202031,2026-06-22,2633,HOMETOWN FOODS,CEDAR RAPIDS,52402,LINN,1032080,IRISH WHISKIES,Pernod Ricard USA,19067,Jameson,12,750,$17.99,$26.99,5,$134.95,3.75
INV-202032,2026-04-30,2633,  Hometown Foods,CEDAR RAPIDS,52402,LINN,1081900,WHISKEY LIQUEUR,Sazerac Company Inc,43336,Fireball Cinnamon Whiskey,12,750,$8.25,$12.38,6,$74.28,4.50
INV-202033,2026-07-02,4829,Casey's General Store #2879,ANKENY,50021,POLK,1081600,,Regional Spirits Co,77779,Dusty Shelf Cordial,6,375,$11.00,$12.10,1,$12.10,0.38
INV-202034,30-Jun-2026,2190,"Central City Liquor, Inc.",DES MOINES,50310,POLK,1031200,AMERICAN VODKAS,Sazerac Company Inc,36308,Mr Boston Vodka,12,1000,4.50,6.75,5,33.75,5.00
INV-202035,03/11/2026,3385,Sam's Club 8162,DAVENPORT,52807,,1041100,AMERICAN DRY GINS,Luxco Inc,35918,Five O'clock Gin,12,1750,$8.99,$13.49,3,$40.47,5.25
INV-202036,2026-03-01,2190,"  Central City Liquor, Inc.",DES MOINES,50310,POLK,1081900,WHISKEY LIQUEUR,Sazerac Company Inc,43336,Fireball Cinnamon Whiskey,12,750,$8.25,$12.38,1,$12.38,0.75
INV-202037,17-May-2026,5102,Corner Tap & Bottle ,AMES,50010,STORY,1031200,AMERICAN VODKAS,Sazerac Company Inc,36308,Mr Boston Vodka,12,1000,4.50,6.75,1,6.75,1.00
INV-202038,02/21/2026,2501,  Hy-Vee #3 / BDI / Des Moines,DES MOINES,50313,POLK,1081600,,Regional Spirits Co,77779,Dusty Shelf Cordial,6,375,11.00,12.10,1,12.10,0.38
INV-202039,2026-02-23,3385,Sam's Club 8162,Davenport,52807.0,SCOTT,1032080,IRISH WHISKIES,Pernod Ricard USA,19067,Jameson,12,750,17.99,26.99,1,26.99,0.75
INV-202040,2026-04-25,2633,  Hometown Foods,CEDAR RAPIDS,52402,LINN,1081600,,Regional Spirits Co,77779,Dusty Shelf Cordial,6,375,11.00 ,12.10 ,19,229.90 ,7.12
INV-202041,2026-06-14,2190,"CENTRAL CITY LIQUOR, INC.",Des Moines,50310,POLK,1081900,WHISKEY LIQUEUR,Sazerac Company Inc,43336,Fireball Cinnamon Whiskey,12,750,8.25,12.38,-1,-12.38,-0.75
INV-202042,07/23/2026,2648,Wilkie Liquors ,IOWA CITY,52240,JOHNSON,1031080,CANADIAN WHISKIES,Heaven Hill Brands,11788,Black Velvet,12,1750,9.75,14.63,2,29.26,3.50
INV-202043,2026-03-01,4829,Casey's General Store #2879,ANKENY,50021,POLK,1041100,AMERICAN DRY GINS,Luxco Inc,35918,Five O'clock Gin,12,1750,8.99,13.49,10,134.90,17.50
INV-202044,06/11/2026,4829,Casey's General Store #2879,ANKENY,50021.0,POLK,1031200,AMERICAN VODKAS,Fifth Generation Inc,26827,Tito's Handmade Vodka,12,750,12.50,18.75,3,56.25,2.25
INV-202045,2026-04-19,2190,"Central City Liquor, Inc.",DES MOINES,50310,POLK,1041100,AMERICAN DRY GINS,Luxco Inc,35918,Five O'clock Gin,12,1750,8.99,13.49,4,53.96,7.00
INV-202046,19-Jul-2026,3385,  Sam's Club 8162,DAVENPORT,52807,SCOTT,1031200,AMERICAN VODKAS,Sazerac Company Inc,36308,Mr Boston Vodka,12,1000,$4.50,$6.75,1,$6.75,1.00
INV-202047,2026-03-05,3385,Sam's Club 8162,DAVENPORT,52807,SCOTT,1081600,,Regional Spirits Co,77779,Dusty Shelf Cordial,6,375,$11.00,$12.10,1,$12.10,0.38
INV-202048,03/08/2026,2190,"Central City Liquor, Inc.",DES MOINES,50310,POLK,1041100,AMERICAN DRY GINS,Luxco Inc,35918,Five O'clock Gin,12,1750,8.99 ,13.49 ,38,512.62 ,66.50
INV-202049,02/10/2026,4829,Casey's General Store #2879,Ankeny,50021,POLK,1031080,CANADIAN WHISKIES,Heaven Hill Brands,11788,Black Velvet,12,1750,9.75,14.63,9,131.67,15.75
INV-202050,07/27/2026,2648,Wilkie Liquors,IOWA CITY,52240,JOHNSON,1041100,AMERICAN DRY GINS,Luxco Inc,35918,Five O'clock Gin,12,1750,8.99,13.49,4,53.96,7.00
INV-202051,07/15/2026,2648,  Wilkie Liquors,IOWA CITY,52240,JOHNSON,1051010,IMPORTED BRANDIES,Moet Hennessy USA,64866,Hennessy VS,12,750,$24.99,$37.49,17,$637.33,12.75
INV-202052,2026-06-23,2633,HOMETOWN FOODS,CEDAR RAPIDS,52402,LINN,1031080,CANADIAN WHISKIES,Heaven Hill Brands,11788,Black Velvet,12,1750,9.75,14.63,2,29.26,3.50
INV-202053,2026-04-23,3385,Sam's Club 8162,DAVENPORT,52807,SCOTT,1051010,IMPORTED BRANDIES,Moet Hennessy USA,64866,Hennessy VS,12,750,24.99 ,37.49 ,1,37.49 ,0.75
INV-202054,05/01/2026,2648,Wilkie Liquors,IOWA CITY,52240,JOHNSON,1031200,AMERICAN VODKAS,Sazerac Company Inc,36308,Mr Boston Vodka,12,1000,4.50,6.75,1,6.75,1.00
INV-202055,26-May-2026,2501,Hy-Vee #3 / BDI / Des Moines,DES MOINES,50313,POLK,1031080,CANADIAN WHISKIES,Heaven Hill Brands,11788,Black Velvet,12,1750,N/A,14.63,1,14.63,1.75
INV-202056,2026-05-24,2501,Hy-Vee #3 / BDI / Des Moines,DES MOINES,50313,POLK,1031200,AMERICAN VODKAS,Sazerac Company Inc,36308,Mr Boston Vodka,12,1000,4.50,6.75,3,20.25,3.00
INV-202057,2026-05-03,2190,"Central City Liquor, Inc.",DES MOINES,50310.0,POLK,1031200,AMERICAN VODKAS,Fifth Generation Inc,26827,Tito's Handmade Vodka,12,750,12.50,18.75,1,18.75,0.75
INV-202058,2026-04-09,2633,HOMETOWN FOODS,CEDAR RAPIDS,52402,LINN,1041100,AMERICAN DRY GINS,Luxco Inc,35918,Five O'clock Gin,12,1750,$8.99,$13.49,3,$40.47,5.25
INV-202059,2026-02-26,2190,"Central City Liquor, Inc.",DES MOINES,50310.0,POLK,1031200,AMERICAN VODKAS,Sazerac Company Inc,36308,Mr Boston Vodka,12,1000,4.50,6.75,-3,-20.25,-3.00
INV-202060,2026-06-15,2648,Wilkie Liquors,IOWA CITY,52240,JOHNSON,1041100,AMERICAN DRY GINS,Luxco Inc,35918,Five O'clock Gin,12,1750,$8.99,$13.49,6,$80.94,10.50
INV-202061,03-Apr-2026,2501,Hy-Vee #3 / BDI / Des Moines,DES MOINES,50313,POLK,1031080,CANADIAN WHISKIES,Heaven Hill Brands,11788,Black Velvet,12,1750,9.75,14.63,4,58.52,7.00
INV-202062,2026-01-30,2501,Hy-Vee #3 / BDI / Des Moines,DES MOINES,50313,POLK,1032080,IRISH WHISKIES,Pernod Ricard USA,19067,Jameson,12,750,$17.99,$26.99,10,$269.90,7.50
INV-202063,21-Feb-2026,5102,  Corner Tap & Bottle,AMES,50010,STORY,1081600,-,Regional Spirits Co,77779,Dusty Shelf Cordial,6,375,$11.00,$12.10,10,$121.00,3.75
INV-202064,2026-07-25,2648,Wilkie Liquors ,IOWA CITY,52240.0,JOHNSON,1031200,AMERICAN VODKAS,Sazerac Company Inc,36308,Mr Boston Vodka,12,1000,4.50,6.75,6,40.50,6.00
INV-202065,2026-05-27,2633,  Hometown Foods,CEDAR RAPIDS,52402.0,LINN,1081900,WHISKEY LIQUEUR,Sazerac Company Inc,43336,Fireball Cinnamon Whiskey,12,750,$8.25,$12.38,2,$24.76,1.50
INV-202066,07/03/2026,5102,Corner Tap & Bottle,AMES,50010,STORY,1081600,N/A,Regional Spirits Co,77779,Dusty Shelf Cordial,6,375,11.00,12.10,10,121.00,3.75
INV-202067,04/23/2026,2633,Hometown Foods,CEDAR RAPIDS,52402,LINN,1031200,AMERICAN VODKAS,Sazerac Company Inc,36308,Mr Boston Vodka,12,1000,4.50,6.75,1,6.75,1.00
INV-202068,2026-02-09,2648,Wilkie Liquors,IOWA CITY,52240,JOHNSON,1081900,WHISKEY LIQUEUR,Sazerac Company Inc,43336,Fireball Cinnamon Whiskey,12,750,8.25,12.38,3,37.14,2.25
INV-202069,06/04/2026,3385,Sam's Club 8162 ,DAVENPORT,52807,SCOTT,1031200,AMERICAN VODKAS,Sazerac Company Inc,36308,Mr Boston Vodka,12,1000,4.50,6.75,4,27.00,4.00
INV-202070,04/05/2026,5102,CORNER TAP & BOTTLE,AMES,50010,STORY,1081600,,Regional Spirits Co,77779,Dusty Shelf Cordial,6,375,,$12.10,15,$181.50,5.62
INV-202071,06/16/2026,5102,Corner Tap & Bottle,AMES,50010,STORY,1031080,CANADIAN WHISKIES,Heaven Hill Brands,11788,Black Velvet,12,1750,9.75,14.63,2,29.26,3.50
INV-202072,2026-07-27,2648,  Wilkie Liquors,IOWA CITY,52240,JOHNSON,1031200,AMERICAN VODKAS,Fifth Generation Inc,26827,Tito's Handmade Vodka,12,750,12.50,18.75,1,18.75,0.75
INV-202073,2026-06-22,4829,  Casey's General Store #2879,ANKENY,50021,POLK,1031080,CANADIAN WHISKIES,Heaven Hill Brands,11788,Black Velvet,12,1750,9.75,14.63,5,73.15,8.75
INV-202074,29-May-2026,2648,Wilkie Liquors,IOWA CITY,52240,JOHNSON,1081900,WHISKEY LIQUEUR,Sazerac Company Inc,43336,Fireball Cinnamon Whiskey,12,750,8.25,12.38,4,49.52,3.00
INV-202075,2026-02-14,2648,Wilkie Liquors,IOWA CITY,52240,JOHNSON,1031200,AMERICAN VODKAS,Fifth Generation Inc,26827,Tito's Handmade Vodka,12,750,12.50,18.75,6,112.50,4.50
INV-202076,05/12/2026,4829,CASEY'S GENERAL STORE #2879,ANKENY,50021,POLK,1032080,IRISH WHISKIES,Pernod Ricard USA,19067,Jameson,12,750,17.99,26.99,4,107.96,3.00
INV-202077,2026-05-08,2501,HY-VEE #3 / BDI / DES MOINES,Des Moines,50313,,1031080,CANADIAN WHISKIES,Heaven Hill Brands,11788,Black Velvet,12,1750,$9.75,$14.63,5,$73.15,8.75
INV-202078,2026-07-12,3385,  Sam's Club 8162,DAVENPORT,52807,SCOTT,1031080,CANADIAN WHISKIES,Heaven Hill Brands,11788,Black Velvet,12,1750,9.75,14.63,2,29.26,3.50
INV-202079,18-Feb-2026,2501,Hy-Vee #3 / BDI / Des Moines,DES MOINES,50313,POLK,1031080,CANADIAN WHISKIES,Heaven Hill Brands,11788,Black Velvet,12,1750,9.75,14.63,1,14.63,1.75
INV-202080,17-Jun-2026,2633,Hometown Foods,CEDAR RAPIDS,52402,LINN,1031200,AMERICAN VODKAS,Sazerac Company Inc,36308,Mr Boston Vodka,12,1000,$4.50,$6.75,2,$13.50,2.00
INV-202081,02/10/2026,2190,Central City Liquor INC,DES MOINES,50310,POLK,1032080,IRISH WHISKIES,Pernod Ricard USA,19067,Jameson,12,750,17.99,26.99,1,26.99,0.75
INV-202082,2026-03-28,2501,Hy-Vee #3 / BDI / Des Moines,DES MOINES,50313,POLK,1031200,AMERICAN VODKAS,Fifth Generation Inc,26827,Tito's Handmade Vodka,12,750,12.50,18.75,1,18.75,0.75
INV-202083,31-May-2026,2633,HOMETOWN FOODS,CEDAR RAPIDS,52402.0,LINN,1032080,IRISH WHISKIES,Pernod Ricard USA,19067,Jameson,12,750,17.99 ,26.99 ,1,26.99 ,0.75
INV-202084,03/31/2026,2648,Wilkie Liquors,IOWA CITY,52240,JOHNSON,1031200,AMERICAN VODKAS,Fifth Generation Inc,26827,Tito's Handmade Vodka,12,750,12.50,18.75,2,37.50,1.50
INV-202085,06/13/2026,2648,  Wilkie Liquors,IOWA CITY,52240.0,JOHNSON,1081900,WHISKEY LIQUEUR,Sazerac Company Inc,43336,Fireball Cinnamon Whiskey,12,750,8.25,12.38,5,61.90,3.75
INV-202086,02/19/2026,2648,WILKIE LIQUORS,IOWA CITY,52240,JOHNSON,1032080,IRISH WHISKIES,Pernod Ricard USA,19067,Jameson,12,750,17.99 ,26.99 ,2,53.98 ,1.50
INV-202087,19-Feb-2026,4829,Casey's General Store #2879,ANKENY,50021,POLK,1031080,CANADIAN WHISKIES,Heaven Hill Brands,11788,Black Velvet,12,1750,9.75,14.63,1,14.63,1.75
INV-202088,03/12/2026,2501,Hy-Vee #3 / BDI / Des Moines,DES MOINES,50313,POLK,1041100,AMERICAN DRY GINS,Luxco Inc,35918,Five O'clock Gin,12,1750,8.99,13.49,3,40.47,5.25
INV-202089,13-Jul-2026,5102,Corner Tap & Bottle,AMES,50010,STORY,1081900,WHISKEY LIQUEUR,Sazerac Company Inc,43336,Fireball Cinnamon Whiskey,12,750,$8.25,$12.38,8,$99.04,6.00
INV-202090,2026-07-20,2501,Hy-Vee #3 / BDI / Des Moines,Des Moines,50313.0,POLK,1031200,AMERICAN VODKAS,Fifth Generation Inc,26827,Tito's Handmade Vodka,12,750,$12.50,$18.75,3,$56.25,2.25
INV-202091,2026-06-23,2648,  Wilkie Liquors,IOWA CITY,52240,JOHNSON,1041100,AMERICAN DRY GINS,Luxco Inc,35918,Five O'clock Gin,12,1750,$8.99,$13.49,1,$13.49,1.75
INV-202092,03/29/2026,5102,Corner Tap & Bottle,Ames,50010.0,STORY,1081900,WHISKEY LIQUEUR,Sazerac Company Inc,43336,Fireball Cinnamon Whiskey,12,750,8.25,12.38,4,49.52,3.00
INV-202093,26-Apr-2026,5102,  Corner Tap & Bottle,AMES,50010,STORY,1081600,,Regional Spirits Co,77779,Dusty Shelf Cordial,6,375,11.00 ,12.10 ,2,24.20 ,0.75
INV-202094,2026-03-24,2501,  Hy-Vee #3 / BDI / Des Moines,DES MOINES,50313,POLK,1041100,AMERICAN DRY GINS,Luxco Inc,35918,Five O'clock Gin,12,1750,8.99,13.49,7,94.43,12.25
INV-202095,03-May-2026,5102,Corner Tap & Bottle,AMES,50010,STORY,1081600,-,Regional Spirits Co,77779,Dusty Shelf Cordial,6,375,11.00 ,12.10 ,1,12.10 ,0.38
INV-202096,2026-07-05,2190,"CENTRAL CITY LIQUOR, INC.",DES MOINES,50310,POLK,1041100,AMERICAN DRY GINS,Luxco Inc,35918,Five O'clock Gin,12,1750,8.99,13.49,1,13.49,1.75
INV-202097,07/08/2026,3385,Sam's Club 8162,DAVENPORT,52807,SCOTT,1081600,N/A,Regional Spirits Co,77779,Dusty Shelf Cordial,6,375,11.00,12.10,3,36.30,1.12
INV-202098,06/24/2026,2633,  Hometown Foods,CEDAR RAPIDS,52402,LINN,1081900,WHISKEY LIQUEUR,Sazerac Company Inc,43336,Fireball Cinnamon Whiskey,12,750,8.25,12.38,2,24.76,1.50
INV-202099,2026-03-16,5102,Corner Tap and Bottle,Ames,50010.0,STORY,1081600,-,Regional Spirits Co,77779,Dusty Shelf Cordial,6,375,11.00,12.10,1,12.10,0.38
INV-202100,27-Apr-2026,2633,Hometown Foods,CEDAR RAPIDS,52402,LINN,1051010,IMPORTED BRANDIES,Moet Hennessy USA,64866,Hennessy VS,12,750,24.99,37.49,1,37.49,0.75
INV-202101,05/01/2026,4829,Casey's General Store #2879,ANKENY,50021,POLK,1051010,IMPORTED BRANDIES,Moet Hennessy USA,64866,Hennessy VS,12,750,24.99,37.49,6,224.94,4.50
INV-202102,02/19/2026,2633,HOMETOWN FOODS,CEDAR RAPIDS,52402,LINN,1081900,WHISKEY LIQUEUR,Sazerac Company Inc,43336,Fireball Cinnamon Whiskey,12,750,$8.25,$12.38,4,$49.52,3.00
INV-202103,2026-05-19,2648,WILKIE LIQUORS,Iowa City,52240,JOHNSON,1041100,AMERICAN DRY GINS,Luxco Inc,35918,Five O'clock Gin,12,1750,8.99,13.49,1,13.49,1.75
INV-202104,09-Jul-2026,2501,Hy-Vee #3 / BDI / Des Moines,DES MOINES,50313.0,POLK,1051010,IMPORTED BRANDIES,Moet Hennessy USA,64866,Hennessy VS,12,750,$24.99,$37.49,5,$187.45,3.75
INV-202105,2026-07-10,2190,Central City Liquor INC,Des Moines,50310,,1081600,,Regional Spirits Co,77779,Dusty Shelf Cordial,6,375,11.00,12.10,5,60.50,1.88
INV-202106,2026-04-16,2501,Hy-Vee #3 / BDI / Des Moines,DES MOINES,50313,,1081900,WHISKEY LIQUEUR,Sazerac Company Inc,43336,Fireball Cinnamon Whiskey,12,750,$8.25,$12.38,1,$12.38,0.75
INV-202107,2026-06-17,2501,Hy-Vee #3 / BDI / Des Moines,DES MOINES,50313,POLK,1081600,N/A,Regional Spirits Co,77779,Dusty Shelf Cordial,6,375,11.00,12.10,1,12.10,0.38
INV-202108,2026-03-01,2190,"CENTRAL CITY LIQUOR, INC.",DES MOINES,50310,POLK,1041100,AMERICAN DRY GINS,Luxco Inc,35918,Five O'clock Gin,12,1750,8.99,13.49,5,67.45,8.75
INV-202109,2026-02-25,5102,CORNER TAP & BOTTLE,AMES,50010,,1031080,CANADIAN WHISKIES,Heaven Hill Brands,11788,Black Velvet,12,1750,9.75 ,14.63 ,1,14.63 ,1.75
INV-202110,01/30/2026,2190,"  Central City Liquor, Inc.",DES MOINES,50310,POLK,1051010,IMPORTED BRANDIES,Moet Hennessy USA,64866,Hennessy VS,12,750,$24.99,$37.49,1,$37.49,0.75
INV-202111,06-Jul-2026,2633,HOMETOWN FOODS,CEDAR RAPIDS,52402,LINN,1031200,AMERICAN VODKAS,Sazerac Company Inc,36308,Mr Boston Vodka,12,1000,4.50,6.75,3,20.25,3.00
INV-202112,2026-05-17,2648,Wilkie Liquors,IOWA CITY,52240,JOHNSON,1031200,AMERICAN VODKAS,Fifth Generation Inc,26827,Tito's Handmade Vodka,12,750,12.50,18.75,1,18.75,0.75
INV-202113,2026-03-09,3385,Sam's Club 8162,DAVENPORT,52807,SCOTT,1032080,IRISH WHISKIES,Pernod Ricard USA,19067,Jameson,12,750,$17.99,$26.99,2,$53.98,1.50
INV-202114,06/05/2026,2633,Hometown Foods,CEDAR RAPIDS,52402,LINN,1031200,AMERICAN VODKAS,Sazerac Company Inc,36308,Mr Boston Vodka,12,1000,4.50,6.75,5,33.75,5.00
INV-202115,12-Mar-2026,5102,CORNER TAP & BOTTLE,AMES,50010,STORY,1032080,IRISH WHISKIES,Pernod Ricard USA,19067,Jameson,12,750,17.99,26.99,-20,-539.80,-15.00
INV-202116,04/15/2026,2633,Hometown Foods,CEDAR RAPIDS,52402,LINN,1081900,WHISKEY LIQUEUR,Sazerac Company Inc,43336,Fireball Cinnamon Whiskey,12,750,$8.25,$12.38,16,$198.08,12.00
INV-202117,04/23/2026,4829,Casey's General Store #2879,ANKENY,50021,POLK,1031080,CANADIAN WHISKIES,Heaven Hill Brands,11788,Black Velvet,12,1750,9.75,14.63,2,29.26,3.50
INV-202118,02/02/2026,2648,Wilkie Liquors,IOWA CITY,52240.0,JOHNSON,1081600,-,Regional Spirits Co,77779,Dusty Shelf Cordial,6,375,11.00,12.10,2,24.20,0.75
INV-202119,2026-03-11,3385,SAM'S CLUB 8162,DAVENPORT,52807,SCOTT,1081900,WHISKEY LIQUEUR,Sazerac Company Inc,43336,Fireball Cinnamon Whiskey,12,750,8.25,12.38,2,24.76,1.50
INV-202120,23-May-2026,2648,WILKIE LIQUORS,IOWA CITY,52240,JOHNSON,1031080,CANADIAN WHISKIES,Heaven Hill Brands,11788,Black Velvet,12,1750,9.75 ,14.63 ,1,14.63 ,1.75
INV-202121,17-May-2026,4829,Casey's General Store #2879,ANKENY,50021,POLK,1051010,IMPORTED BRANDIES,Moet Hennessy USA,64866,Hennessy VS,12,750,24.99,37.49,14,524.86,10.50
INV-202122,2026-05-26,2190,"Central City Liquor, Inc.",DES MOINES,50310,POLK,1081600,N/A,Regional Spirits Co,77779,Dusty Shelf Cordial,6,375,11.00,12.10,1,12.10,0.38
INV-202123,19-Jun-2026,2501,HY-VEE #3 / BDI / DES MOINES,DES MOINES,50313,POLK,1041100,AMERICAN DRY GINS,Luxco Inc,35918,Five O'clock Gin,12,1750,8.99,13.49,7,94.43,12.25
INV-202124,24-Apr-2026,4829,Casey's General Store #2879,Ankeny,50021,POLK,1041100,AMERICAN DRY GINS,Luxco Inc,35918,Five O'clock Gin,12,1750,8.99,13.49,2,26.98,3.50
INV-202125,24-Feb-2026,2501,Hy-Vee #3 / BDI / Des Moines,DES MOINES,50313,POLK,1081900,WHISKEY LIQUEUR,Sazerac Company Inc,43336,Fireball Cinnamon Whiskey,12,750,8.25,12.38,2,24.76,1.50
INV-202126,2026-03-24,2190,"CENTRAL CITY LIQUOR, INC.",DES MOINES,50310.0,POLK,1031200,AMERICAN VODKAS,Sazerac Company Inc,36308,Mr Boston Vodka,12,1000,4.50 ,6.75 ,1,6.75 ,1.00
INV-202127,05/26/2026,2648,Wilkie Liquors,IOWA CITY,52240,JOHNSON,1041100,AMERICAN DRY GINS,Luxco Inc,35918,Five O'clock Gin,12,1750,8.99,13.49,5,67.45,8.75
INV-202128,03/08/2026,3385,Sam's Club 8162,DAVENPORT,52807,SCOTT,1031200,AMERICAN VODKAS,Fifth Generation Inc,26827,Tito's Handmade Vodka,12,750,12.50,18.75,1,18.75,0.75
INV-202129,2026-06-22,4829,  Casey's General Store #2879,ANKENY,50021,POLK,1032080,IRISH WHISKIES,Pernod Ricard USA,19067,Jameson,12,750,17.99 ,26.99 ,3,80.97 ,2.25
INV-202130,2026-03-09,2501,Hy-Vee #3 / BDI / Des Moines,DES MOINES,50313,POLK,1031200,AMERICAN VODKAS,Sazerac Company Inc,36308,Mr Boston Vodka,12,1000,4.50,6.75,1,6.75,1.00
INV-202131,2026-03-29,2190,"Central City Liquor, Inc.",DES MOINES,50310,POLK,1031200,AMERICAN VODKAS,Fifth Generation Inc,26827,Tito's Handmade Vodka,12,750,12.50,18.75,2,37.50,1.50
INV-202132,02/03/2026,2501,Hy-Vee #3 / BDI / Des Moines,DES MOINES,50313,POLK,1041100,AMERICAN DRY GINS,Luxco Inc,35918,Five O'clock Gin,12,1750,8.99,13.49,2,26.98,3.50
INV-202133,03/06/2026,5102,Corner Tap & Bottle ,AMES,50010.0,STORY,1031200,AMERICAN VODKAS,Fifth Generation Inc,26827,Tito's Handmade Vodka,12,750,12.50 ,18.75 ,2,37.50 ,1.50
INV-202134,2026-07-04,2633,Hometown Foods,CEDAR RAPIDS,52402.0,LINN,1081900,WHISKEY LIQUEUR,Sazerac Company Inc,43336,Fireball Cinnamon Whiskey,12,750,,12.38,6,74.28,4.50
INV-202135,2026-07-23,2501,Hy-Vee #3 / BDI / Des Moines,DES MOINES,50313,POLK,1031200,AMERICAN VODKAS,Fifth Generation Inc,26827,Tito's Handmade Vodka,12,750,$12.50,$18.75,7,$131.25,5.25
INV-202136,04/01/2026,4829,Casey's General Store #2879 ,Ankeny,50021,POLK,1032080,IRISH WHISKIES,Pernod Ricard USA,19067,Jameson,12,750,17.99,26.99,1,26.99,0.75
INV-202137,24-Feb-2026,5102,Corner Tap & Bottle,AMES,50010,STORY,1081900,WHISKEY LIQUEUR,Sazerac Company Inc,43336,Fireball Cinnamon Whiskey,12,750,8.25,12.38,6,74.28,4.50
INV-202138,2026-05-05,2501,HY-VEE #3 / BDI / DES MOINES,DES MOINES,50313,POLK,1032080,IRISH WHISKIES,Pernod Ricard USA,19067,Jameson,12,750,17.99 ,26.99 ,2,53.98 ,1.50
INV-202139,20-Jul-2026,2190,"Central City Liquor, Inc.",DES MOINES,50310.0,POLK,1081600,N/A,Regional Spirits Co,77779,Dusty Shelf Cordial,6,375,11.00,12.10,2,24.20,0.75
INV-202140,09-Mar-2026,4829,Casey's General Store #2879,ANKENY,50021,POLK,1081900,WHISKEY LIQUEUR,Sazerac Company Inc,43336,Fireball Cinnamon Whiskey,12,750,8.25,12.38,7,86.66,5.25
INV-202141,2026-02-23,2190,"Central City Liquor, Inc.",DES MOINES,50310,POLK,1032080,IRISH WHISKIES,Pernod Ricard USA,19067,Jameson,12,750,17.99,26.99,8,215.92,6.00
INV-202142,04/28/2026,2633,Hometown Foods,CEDAR RAPIDS,52402,LINN,1081900,WHISKEY LIQUEUR,Sazerac Company Inc,43336,Fireball Cinnamon Whiskey,12,750,8.25,12.38,2,24.76,1.50
INV-202143,2026-07-04,5102,Corner Tap & Bottle,AMES,50010,STORY,1081600,N/A,Regional Spirits Co,77779,Dusty Shelf Cordial,6,375,11.00,12.10,2,24.20,0.75
INV-202144,2026-06-19,3385,Sam's Club 8162,DAVENPORT,52807.0,SCOTT,1041100,AMERICAN DRY GINS,Luxco Inc,35918,Five O'clock Gin,12,1750,8.99,13.49,1,13.49,1.75
INV-202145,02-Feb-2026,4829,Casey's General Store #2879,Ankeny,50021.0,POLK,1081600,-,Regional Spirits Co,77779,Dusty Shelf Cordial,6,375,11.00,12.10,3,36.30,1.12
INV-202146,2026-05-30,2648,Wilkie Liquors,IOWA CITY,52240,,1041100,AMERICAN DRY GINS,Luxco Inc,35918,Five O'clock Gin,12,1750,8.99 ,13.49 ,2,26.98 ,3.50
INV-202147,2026-05-20,5102,Corner Tap & Bottle,Ames,50010,STORY,1051010,IMPORTED BRANDIES,Moet Hennessy USA,64866,Hennessy VS,12,750,24.99,37.49,2,74.98,1.50
INV-202148,08-May-2026,2648,WILKIE LIQUORS,IOWA CITY,52240,JOHNSON,1041100,AMERICAN DRY GINS,Luxco Inc,35918,Five O'clock Gin,12,1750,8.99 ,13.49 ,5,67.45 ,8.75
INV-202148,08-May-2026,2648,WILKIE LIQUORS,IOWA CITY,52240,JOHNSON,1041100,AMERICAN DRY GINS,Luxco Inc,35918,Five O'clock Gin,12,1750,8.99 ,13.49 ,5,67.45 ,8.75
INV-202149,29-Apr-2026,2501,Hy-Vee #3 / BDI / Des Moines,DES MOINES,50313,POLK,1081600,N/A,Regional Spirits Co,77779,Dusty Shelf Cordial,6,375,11.00,12.10,8,96.80,3.00
INV-202150,2026-03-20,2190,"Central City Liquor, Inc.",Des Moines,50310,POLK,1031080,CANADIAN WHISKIES,Heaven Hill Brands,11788,Black Velvet,12,1750,9.75,14.63,6,87.78,10.50
INV-202151,2026-06-29,2190,"CENTRAL CITY LIQUOR, INC.",Des Moines,50310.0,POLK,1041100,AMERICAN DRY GINS,Luxco Inc,35918,Five O'clock Gin,12,1750,8.99 ,13.49 ,1,13.49 ,1.75
INV-202152,2026-02-23,2648,Wilkie Liquors,IOWA CITY,52240,JOHNSON,1081600,,Regional Spirits Co,77779,Dusty Shelf Cordial,6,375,11.00,12.10,1,12.10,0.38
INV-202153,15-Mar-2026,4829,CASEY'S GENERAL STORE #2879,ANKENY,50021,,1041100,AMERICAN DRY GINS,Luxco Inc,35918,Five O'clock Gin,12,1750,8.99,13.49,1,13.49,1.75
INV-202154,2026-03-14,4829,Casey's General Store #2879,Ankeny,50021,,1041100,AMERICAN DRY GINS,Luxco Inc,35918,Five O'clock Gin,12,1750,8.99,13.49,1,13.49,1.75
INV-202155,2026-06-13,5102,  Corner Tap & Bottle,AMES,50010,STORY,1081600,,Regional Spirits Co,77779,Dusty Shelf Cordial,6,375,11.00 ,12.10 ,5,60.50 ,1.88
INV-202156,2026-03-26,5102,CORNER TAP & BOTTLE,AMES,50010,STORY,1031200,AMERICAN VODKAS,Fifth Generation Inc,26827,Tito's Handmade Vodka,12,750,12.50,18.75,15,281.25,11.25
INV-202157,2026-04-10,2633,Hometown Foods,CEDAR RAPIDS,52402.0,LINN,1031200,AMERICAN VODKAS,Sazerac Company Inc,36308,Mr Boston Vodka,12,1000,4.50,6.75,3,20.25,3.00
INV-202158,2026-02-05,3385,Sam's Club 8162,DAVENPORT,52807,SCOTT,1031080,CANADIAN WHISKIES,Heaven Hill Brands,11788,Black Velvet,12,1750,9.75,14.63,10,146.30,17.50
INV-202159,2026-03-29,2190,"  Central City Liquor, Inc.",DES MOINES,50310,POLK,1051010,IMPORTED BRANDIES,Moet Hennessy USA,64866,Hennessy VS,12,750,24.99,37.49,4,149.96,3.00
INV-202160,06/08/2026,2633,Hometown Foods,Cedar Rapids,52402,LINN,1031080,CANADIAN WHISKIES,Heaven Hill Brands,11788,Black Velvet,12,1750,9.75,14.63,2,29.26,3.50
INV-202161,06/04/2026,3385,Sam's Club 8162,DAVENPORT,52807.0,SCOTT,1031200,AMERICAN VODKAS,Sazerac Company Inc,36308,Mr Boston Vodka,12,1000,$4.50,$6.75,3,$20.25,3.00
INV-202162,2026-05-16,2648,Wilkie Liquors,IOWA CITY,52240,JOHNSON,1051010,IMPORTED BRANDIES,Moet Hennessy USA,64866,Hennessy VS,12,750,24.99,37.49,1,37.49,0.75
INV-202163,19-Jul-2026,2190,"Central City Liquor, Inc.",DES MOINES,50310,POLK,1031200,AMERICAN VODKAS,Sazerac Company Inc,36308,Mr Boston Vodka,12,1000,4.50,6.75,6,40.50,6.00
INV-202164,2026-05-03,2501,Hy-Vee #3 / BDI / Des Moines,DES MOINES,50313,POLK,1031080,CANADIAN WHISKIES,Heaven Hill Brands,11788,Black Velvet,12,1750,9.75,14.63,5,73.15,8.75
INV-202165,02/18/2026,2633,Hometown Foods,CEDAR RAPIDS,52402,LINN,1081600,-,Regional Spirits Co,77779,Dusty Shelf Cordial,6,375,$11.00,$12.10,1,$12.10,0.38
INV-202166,2026-07-21,2190,"Central City Liquor, Inc.",DES MOINES,50310.0,POLK,1041100,AMERICAN DRY GINS,Luxco Inc,35918,Five O'clock Gin,12,1750,8.99,13.49,3,40.47,5.25
INV-202167,03/14/2026,2648,Wilkie Liquors,IOWA CITY,52240,JOHNSON,1081900,WHISKEY LIQUEUR,Sazerac Company Inc,43336,Fireball Cinnamon Whiskey,12,750,8.25,12.38,1,12.38,0.75
INV-202168,09-Feb-2026,2648,Wilkie Liquors,Iowa City,52240,,1031080,CANADIAN WHISKIES,Heaven Hill Brands,11788,Black Velvet,12,1750,$9.75,$14.63,5,$73.15,8.75
INV-202169,2026-06-01,4829,Casey's General Store #2879,Ankeny,50021,POLK,1041100,AMERICAN DRY GINS,Luxco Inc,35918,Five O'clock Gin,12,1750,8.99 ,13.49 ,18,242.82 ,31.50
INV-202169,2026-06-01,4829,Casey's General Store #2879,Ankeny,50021,POLK,1041100,AMERICAN DRY GINS,Luxco Inc,35918,Five O'clock Gin,12,1750,8.99 ,13.49 ,18,242.82 ,31.50
INV-202170,2026-05-31,2648,Wilkie Liquors,IOWA CITY,52240,JOHNSON,1051010,IMPORTED BRANDIES,Moet Hennessy USA,64866,Hennessy VS,12,750,$24.99,$37.49,2,$74.98,1.50
INV-202171,14-Apr-2026,2633,Hometown Foods,CEDAR RAPIDS,52402,LINN,1081600,N/A,Regional Spirits Co,77779,Dusty Shelf Cordial,6,375,11.00 ,12.10 ,6,72.60 ,2.25
INV-202172,2026-02-09,2501,  Hy-Vee #3 / BDI / Des Moines,Des Moines,50313,POLK,1031200,AMERICAN VODKAS,Sazerac Company Inc,36308,Mr Boston Vodka,12,1000,$4.50,$6.75,1,$6.75,1.00
INV-202172,2026-02-09,2501,  Hy-Vee #3 / BDI / Des Moines,Des Moines,50313,POLK,1031200,AMERICAN VODKAS,Sazerac Company Inc,36308,Mr Boston Vodka,12,1000,$4.50,$6.75,1,$6.75,1.00
INV-202173,04/24/2026,5102,Corner Tap & Bottle,AMES,50010,STORY,1081600,N/A,Regional Spirits Co,77779,Dusty Shelf Cordial,6,375,$11.00,$12.10,3,$36.30,1.12
INV-202174,10-Apr-2026,2190,"Central City Liquor, Inc.",DES MOINES,50310,,1032080,IRISH WHISKIES,Pernod Ricard USA,19067,Jameson,12,750,$17.99,$26.99,5,$134.95,3.75
INV-202175,03/03/2026,5102,Corner Tap & Bottle ,AMES,50010,STORY,1031200,AMERICAN VODKAS,Fifth Generation Inc,26827,Tito's Handmade Vodka,12,750,12.50 ,18.75 ,5,93.75 ,3.75
INV-202176,2026-05-12,4829,Casey's General Store #2879 ,Ankeny,50021,POLK,1041100,AMERICAN DRY GINS,Luxco Inc,35918,Five O'clock Gin,12,1750,8.99,13.49,4,53.96,7.00
INV-202177,2026-06-04,3385,Sam's Club 8162,DAVENPORT,52807,SCOTT,1032080,IRISH WHISKIES,Pernod Ricard USA,19067,Jameson,12,750,$17.99,$26.99,10,$269.90,7.50
INV-202178,07/24/2026,2501,Hy-Vee #3 / BDI / Des Moines,Des Moines,50313,POLK,1032080,IRISH WHISKIES,Pernod Ricard USA,19067,Jameson,12,750,17.99,26.99,5,134.95,3.75
INV-202179,05/26/2026,2633,Hometown Foods,CEDAR RAPIDS,52402,LINN,1031200,AMERICAN VODKAS,Fifth Generation Inc,26827,Tito's Handmade Vodka,12,750,12.50,18.75,10,187.50,7.50
INV-202180,16-Jun-2026,4829,Casey's General Store #2879,ANKENY,50021,,1031200,AMERICAN VODKAS,Sazerac Company Inc,36308,Mr Boston Vodka,12,1000,4.50 ,6.75 ,1,6.75 ,1.00
INV-202181,2026-03-09,2501,  Hy-Vee #3 / BDI / Des Moines,DES MOINES,50313,POLK,1041100,AMERICAN DRY GINS,Luxco Inc,35918,Five O'clock Gin,12,1750,8.99 ,13.49 ,4,53.96 ,7.00
INV-202182,07/09/2026,2648,WILKIE LIQUORS,IOWA CITY,52240.0,JOHNSON,1081900,WHISKEY LIQUEUR,Sazerac Company Inc,43336,Fireball Cinnamon Whiskey,12,750,8.25,12.38,8,99.04,6.00
INV-202183,02/03/2026,5102,Corner Tap & Bottle,AMES,50010,,1081900,WHISKEY LIQUEUR,Sazerac Company Inc,43336,Fireball Cinnamon Whiskey,12,750,8.25,12.38,2,24.76,1.50
INV-202184,2026-05-26,2190,"  Central City Liquor, Inc.",DES MOINES,50310,POLK,1032080,IRISH WHISKIES,Pernod Ricard USA,19067,Jameson,12,750,17.99,26.99,3,80.97,2.25
INV-202185,12-Mar-2026,4829,Casey's General Store #2879,ANKENY,50021,POLK,1051010,IMPORTED BRANDIES,Moet Hennessy USA,64866,Hennessy VS,12,750,24.99 ,37.49 ,8,299.92 ,6.00
INV-202186,03/29/2026,2501,Hy-Vee #3 / BDI / Des Moines,DES MOINES,50313,POLK,1032080,IRISH WHISKIES,Pernod Ricard USA,19067,Jameson,12,750,17.99 ,26.99 ,3,80.97 ,2.25
INV-202187,2026-01-31,4829,Casey's General Store #2879,ANKENY,50021,POLK,1051010,IMPORTED BRANDIES,Moet Hennessy USA,64866,Hennessy VS,12,750,$24.99,$37.49,6,$224.94,4.50
INV-202188,2026-04-05,2501,HY-VEE #3 / BDI / DES MOINES,DES MOINES,50313,POLK,1031080,CANADIAN WHISKIES,Heaven Hill Brands,11788,Black Velvet,12,1750,9.75,14.63,9,131.67,15.75
INV-202189,2026-02-13,2648,Wilkie Liquors,IOWA CITY,52240,JOHNSON,1032080,IRISH WHISKIES,Pernod Ricard USA,19067,Jameson,12,750,17.99,26.99,1,26.99,0.75
INV-202190,2026-04-11,3385,Sam's Club 8162,DAVENPORT,52807,SCOTT,1031200,AMERICAN VODKAS,Sazerac Company Inc,36308,Mr Boston Vodka,12,1000,$4.50,$6.75,3,$20.25,3.00
INV-202191,04/01/2026,5102,Corner Tap & Bottle,Ames,50010,STORY,1041100,AMERICAN DRY GINS,Luxco Inc,35918,Five O'clock Gin,12,1750,8.99,13.49,1,13.49,1.75
INV-202192,22-Jun-2026,2501,Hy-Vee #3 / BDI / Des Moines,DES MOINES,50313,POLK,1081900,WHISKEY LIQUEUR,Sazerac Company Inc,43336,Fireball Cinnamon Whiskey,12,750,$8.25,$12.38,2,$24.76,1.50
INV-202193,2026-02-27,4829,CASEY'S GENERAL STORE #2879,ANKENY,50021,POLK,1031200,AMERICAN VODKAS,Sazerac Company Inc,36308,Mr Boston Vodka,12,1000,4.50,6.75,6,40.50,6.00
INV-202194,2026-07-21,2190,"Central City Liquor, Inc.",DES MOINES,50310,POLK,1081600,,Regional Spirits Co,77779,Dusty Shelf Cordial,6,375,11.00,12.10,1,12.10,0.38
INV-202195,2026-06-07,2501,Hy-Vee #3 / BDI / Des Moines,DES MOINES,50313,POLK,1031080,CANADIAN WHISKIES,Heaven Hill Brands,11788,Black Velvet,12,1750,9.75,14.63,1,14.63,1.75
INV-202196,05/09/2026,2648,WILKIE LIQUORS,IOWA CITY,52240,JOHNSON,1031200,AMERICAN VODKAS,Sazerac Company Inc,36308,Mr Boston Vodka,12,1000,$4.50,$6.75,5,$33.75,5.00
INV-202197,12-Jun-2026,5102,  Corner Tap & Bottle,AMES,50010,STORY,1032080,IRISH WHISKIES,Pernod Ricard USA,19067,Jameson,12,750,17.99,26.99,5,134.95,3.75
INV-202198,2026-02-02,2190,"Central City Liquor, Inc.",DES MOINES,50310,POLK,1031200,AMERICAN VODKAS,Fifth Generation Inc,26827,Tito's Handmade Vodka,12,750,12.50 ,18.75 ,1,18.75 ,0.75
INV-202199,07/08/2026,2648,Wilkie Liquors,IOWA CITY,52240,JOHNSON,1032080,IRISH WHISKIES,Pernod Ricard USA,19067,Jameson,12,750,17.99,26.99,1,26.99,0.75
INV-202200,2026-05-22,2633,Hometown Foods,CEDAR RAPIDS,52402,LINN,1031200,AMERICAN VODKAS,Fifth Generation Inc,26827,Tito's Handmade Vodka,12,750,12.50,18.75,1,18.75,0.75
INV-202201,03/22/2026,5102,CORNER TAP & BOTTLE,AMES,50010,STORY,1081900,WHISKEY LIQUEUR,Sazerac Company Inc,43336,Fireball Cinnamon Whiskey,12,750,8.25 ,12.38 ,7,86.66 ,5.25
INV-202202,2026-04-14,2190,"Central City Liquor, Inc.",DES MOINES,50310,POLK,1031200,AMERICAN VODKAS,Fifth Generation Inc,26827,Tito's Handmade Vodka,12,750,$12.50,$18.75,3,$56.25,2.25
INV-202203,2026-06-27,5102,  Corner Tap & Bottle,AMES,50010,STORY,1081900,WHISKEY LIQUEUR,Sazerac Company Inc,43336,Fireball Cinnamon Whiskey,12,750,8.25,12.38,1,12.38,0.75
INV-202204,2026-02-15,2190,"  Central City Liquor, Inc.",DES MOINES,50310,,1081900,WHISKEY LIQUEUR,Sazerac Company Inc,43336,Fireball Cinnamon Whiskey,12,750,,$12.38,2,$24.76,1.50
INV-202205,08-Jul-2026,2648,WILKIE LIQUORS,IOWA CITY,52240,JOHNSON,1051010,IMPORTED BRANDIES,Moet Hennessy USA,64866,Hennessy VS,12,750,24.99,37.49,4,149.96,3.00
INV-202206,05/25/2026,3385,Sam's Club 8162 ,DAVENPORT,52807.0,SCOTT,1081900,WHISKEY LIQUEUR,Sazerac Company Inc,43336,Fireball Cinnamon Whiskey,12,750,$8.25,$12.38,4,$49.52,3.00
INV-202207,07/22/2026,2501,Hy-Vee #3 / BDI / Des Moines,DES MOINES,50313,POLK,1031200,AMERICAN VODKAS,Sazerac Company Inc,36308,Mr Boston Vodka,12,1000,$4.50,$6.75,2,$13.50,2.00
INV-202208,2026-02-12,2648,Wilkie Liquors,Iowa City,52240,,1051010,IMPORTED BRANDIES,Moet Hennessy USA,64866,Hennessy VS,12,750,24.99,37.49,1,37.49,0.75
INV-202209,2026-02-28,4829,Casey's General Store #2879,ANKENY,50021,POLK,1041100,AMERICAN DRY GINS,Luxco Inc,35918,Five O'clock Gin,12,1750,8.99,13.49,5,67.45,8.75
INV-202210,17-Jul-2026,2501,HY-VEE #3 / BDI / DES MOINES,DES MOINES,50313,POLK,1031080,CANADIAN WHISKIES,Heaven Hill Brands,11788,Black Velvet,12,1750,9.75,14.63,25,365.75,43.75
INV-202211,06/30/2026,3385,SAM'S CLUB 8162,DAVENPORT,52807,SCOTT,1081600,N/A,Regional Spirits Co,77779,Dusty Shelf Cordial,6,375,11.00,12.10,3,36.30,1.12
INV-202212,2026-07-09,5102,Corner Tap & Bottle ,AMES,50010,STORY,1032080,IRISH WHISKIES,Pernod Ricard USA,19067,Jameson,12,750,17.99,26.99,3,80.97,2.25
INV-202213,2026-02-11,2190,"Central City Liquor, Inc.",Des Moines,50310,POLK,1051010,IMPORTED BRANDIES,Moet Hennessy USA,64866,Hennessy VS,12,750,24.99,37.49,3,112.47,2.25
INV-202214,2026-07-19,2501,Hy-Vee #3 / BDI / Des Moines,DES MOINES,50313.0,,1031200,AMERICAN VODKAS,Sazerac Company Inc,36308,Mr Boston Vodka,12,1000,4.50,6.75,1,6.75,1.00
INV-202215,14-Jun-2026,5102,CORNER TAP & BOTTLE,AMES,50010,STORY,1032080,IRISH WHISKIES,Pernod Ricard USA,19067,Jameson,12,750,17.99,26.99,1,26.99,0.75
INV-202216,2026-03-18,4829,Casey's General Store #2879,ANKENY,50021,POLK,1032080,IRISH WHISKIES,Pernod Ricard USA,19067,Jameson,12,750,17.99,26.99,5,134.95,3.75
INV-202217,07/14/2026,3385,SAM'S CLUB 8162,DAVENPORT,52807,SCOTT,1031200,AMERICAN VODKAS,Fifth Generation Inc,26827,Tito's Handmade Vodka,12,750,$12.50,$18.75,2,$37.50,1.50
INV-202218,2026-07-18,2648,Wilkie Liquors,IOWA CITY,52240,JOHNSON,1081900,WHISKEY LIQUEUR,Sazerac Company Inc,43336,Fireball Cinnamon Whiskey,12,750,$8.25,$12.38,4,$49.52,3.00
INV-202219,2026-07-03,2501,Hy-Vee #3 / BDI / Des Moines,DES MOINES,50313,POLK,1051010,IMPORTED BRANDIES,Moet Hennessy USA,64866,Hennessy VS,12,750,24.99 ,37.49 ,3,112.47 ,2.25
INV-202220,03/14/2026,2648,Wilkie Liquors,IOWA CITY,52240,JOHNSON,1081600,N/A,Regional Spirits Co,77779,Dusty Shelf Cordial,6,375,11.00,12.10,9,108.90,3.38
INV-202221,03/27/2026,2648,WILKIE LIQUORS,IOWA CITY,52240,JOHNSON,1031080,CANADIAN WHISKIES,Heaven Hill Brands,11788,Black Velvet,12,1750,9.75,14.63,1,14.63,1.75
INV-202222,04-Jun-2026,2648,WILKIE LIQUORS,IOWA CITY,52240,JOHNSON,1031080,CANADIAN WHISKIES,Heaven Hill Brands,11788,Black Velvet,12,1750,$9.75,$14.63,1,$14.63,1.75
INV-202223,23-Jul-2026,3385,Sam's Club 8162,DAVENPORT,52807,SCOTT,1031200,AMERICAN VODKAS,Sazerac Company Inc,36308,Mr Boston Vodka,12,1000,$4.50,$6.75,10,$67.50,10.00
INV-202224,06/02/2026,5102,Corner Tap & Bottle,AMES,50010,STORY,1031080,CANADIAN WHISKIES,Heaven Hill Brands,11788,Black Velvet,12,1750,9.75,14.63,7,102.41,12.25
INV-202225,06/21/2026,2501,HY-VEE #3 / BDI / DES MOINES,DES MOINES,50313,POLK,1032080,IRISH WHISKIES,Pernod Ricard USA,19067,Jameson,12,750,17.99,26.99,17,458.83,12.75
INV-202226,2026-02-21,2633,Hometown Foods,CEDAR RAPIDS,52402,LINN,1032080,IRISH WHISKIES,Pernod Ricard USA,19067,Jameson,12,750,17.99,26.99,4,107.96,3.00
INV-202227,05/04/2026,2633,Hometown Foods,CEDAR RAPIDS,52402,LINN,1031200,AMERICAN VODKAS,Sazerac Company Inc,36308,Mr Boston Vodka,12,1000,4.50 ,6.75 ,7,47.25 ,7.00
INV-202228,2026-05-11,5102,Corner Tap & Bottle,AMES,50010,,1051010,IMPORTED BRANDIES,Moet Hennessy USA,64866,Hennessy VS,12,750,24.99 ,37.49 ,7,262.43 ,5.25
INV-202229,2026-02-27,2501,Hy-Vee #3 / BDI / Des Moines ,DES MOINES,50313,POLK,1051010,IMPORTED BRANDIES,Moet Hennessy USA,64866,Hennessy VS,12,750,24.99,37.49,1,37.49,0.75
INV-202230,2026-03-27,2501,HY-VEE #3 / BDI / DES MOINES,DES MOINES,50313,POLK,1031080,CANADIAN WHISKIES,Heaven Hill Brands,11788,Black Velvet,12,1750,9.75,14.63,1,14.63,1.75
INV-202231,2026-06-29,3385,  Sam's Club 8162,DAVENPORT,52807,SCOTT,1031080,CANADIAN WHISKIES,Heaven Hill Brands,11788,Black Velvet,12,1750,9.75,14.63,1,14.63,1.75
INV-202232,2026-02-05,5102,Corner Tap & Bottle,AMES,50010,STORY,1041100,AMERICAN DRY GINS,Luxco Inc,35918,Five O'clock Gin,12,1750,8.99,13.49,1,13.49,1.75
INV-202233,03/31/2026,3385,Sam's Club 8162,DAVENPORT,52807,SCOTT,1031200,AMERICAN VODKAS,Fifth Generation Inc,26827,Tito's Handmade Vodka,12,750,$12.50,$18.75,3,$56.25,2.25
INV-202234,13-Feb-2026,2501,Hy-Vee #3 / BDI / Des Moines,DES MOINES,50313,POLK,1031080,CANADIAN WHISKIES,Heaven Hill Brands,11788,Black Velvet,12,1750,9.75 ,14.63 ,1,14.63 ,1.75
INV-202235,2026-06-17,2501,Hy-Vee #3 / BDI / Des Moines,DES MOINES,50313,POLK,1051010,IMPORTED BRANDIES,Moet Hennessy USA,64866,Hennessy VS,12,750,24.99,37.49,1,37.49,0.75
INV-202236,2026-06-10,2633,Hometown Foods,CEDAR RAPIDS,52402,LINN,1031200,AMERICAN VODKAS,Fifth Generation Inc,26827,Tito's Handmade Vodka,12,750,12.50,18.75,3,56.25,2.25
INV-202237,13-Apr-2026,2648,  Wilkie Liquors,IOWA CITY,52240,JOHNSON,1031200,AMERICAN VODKAS,Sazerac Company Inc,36308,Mr Boston Vodka,12,1000,4.50,6.75,1,6.75,1.00
INV-202238,23-May-2026,2501,Hy-Vee #3 / BDI / Des Moines,DES MOINES,50313,POLK,1032080,IRISH WHISKIES,Pernod Ricard USA,19067,Jameson,12,750,$17.99,$26.99,2,$53.98,1.50
INV-202239,2026-05-15,2190,"CENTRAL CITY LIQUOR, INC.",DES MOINES,50310,POLK,1032080,IRISH WHISKIES,Pernod Ricard USA,19067,Jameson,12,750,$17.99,$26.99,5,$134.95,3.75
INV-202240,02-Mar-2026,2190,"CENTRAL CITY LIQUOR, INC.",DES MOINES,50310.0,POLK,1031080,CANADIAN WHISKIES,Heaven Hill Brands,11788,Black Velvet,12,1750,9.75,14.63,1,14.63,1.75
INV-202241,2026-04-12,4829,Casey's General Store #2879,ANKENY,50021,POLK,1031080,CANADIAN WHISKIES,Heaven Hill Brands,11788,Black Velvet,12,1750,9.75,14.63,1,14.63,1.75
INV-202242,2026-07-19,5102,CORNER TAP & BOTTLE,AMES,50010,STORY,1031080,CANADIAN WHISKIES,Heaven Hill Brands,11788,Black Velvet,12,1750,$9.75,$14.63,1,$14.63,1.75
INV-202243,2026-03-22,4829,Casey's General Store #2879,ANKENY,50021,POLK,1031200,AMERICAN VODKAS,Sazerac Company Inc,36308,Mr Boston Vodka,12,1000,4.50,6.75,6,40.50,6.00
INV-202244,2026-06-17,4829,CASEY'S GENERAL STORE #2879,ANKENY,50021.0,POLK,1081600,N/A,Regional Spirits Co,77779,Dusty Shelf Cordial,6,375,11.00,12.10,1,12.10,0.38
INV-202245,15-Feb-2026,5102,Corner Tap & Bottle,AMES,50010,STORY,1081900,WHISKEY LIQUEUR,Sazerac Company Inc,43336,Fireball Cinnamon Whiskey,12,750,8.25,12.38,3,37.14,2.25
INV-202246,07/02/2026,2633,Hometown Foods,CEDAR RAPIDS,52402,LINN,1031200,AMERICAN VODKAS,Fifth Generation Inc,26827,Tito's Handmade Vodka,12,750,12.50,18.75,10,187.50,7.50
INV-202247,06/25/2026,4829,Casey's General Store #2879,ANKENY,50021,POLK,1051010,IMPORTED BRANDIES,Moet Hennessy USA,64866,Hennessy VS,12,750,24.99 ,37.49 ,4,149.96 ,3.00
INV-202248,05/08/2026,2633,Hometown Foods,CEDAR RAPIDS,52402,LINN,1031200,AMERICAN VODKAS,Sazerac Company Inc,36308,Mr Boston Vodka,12,1000,4.50 ,6.75 ,1,6.75 ,1.00
INV-202249,2026-06-24,2501,Hy-Vee #3 / BDI / Des Moines,DES MOINES,50313,POLK,1031080,CANADIAN WHISKIES,Heaven Hill Brands,11788,Black Velvet,12,1750,9.75,14.63,2,29.26,3.50
INV-202250,06/04/2026,2190,"Central City Liquor, Inc.",DES MOINES,50310,POLK,1081900,WHISKEY LIQUEUR,Sazerac Company Inc,43336,Fireball Cinnamon Whiskey,12,750,$8.25,$12.38,5,$61.90,3.75
INV-202251,2026-06-01,3385,Sam's Club 8162 ,DAVENPORT,52807,SCOTT,1051010,IMPORTED BRANDIES,Moet Hennessy USA,64866,Hennessy VS,12,750,24.99 ,37.49 ,23,862.27 ,17.25
INV-202252,17-May-2026,3385,Sam's Club 8162,DAVENPORT,52807,SCOTT,1032080,IRISH WHISKIES,Pernod Ricard USA,19067,Jameson,12,750,17.99,26.99,17,458.83,12.75
INV-202253,07/10/2026,2633,Hometown Foods,CEDAR RAPIDS,52402.0,LINN,1032080,IRISH WHISKIES,Pernod Ricard USA,19067,Jameson,12,750,17.99 ,26.99 ,8,215.92 ,6.00
INV-202254,2026-03-22,2633,  Hometown Foods,CEDAR RAPIDS,52402.0,LINN,1031080,CANADIAN WHISKIES,Heaven Hill Brands,11788,Black Velvet,12,1750,9.75,14.63,2,29.26,3.50
INV-202255,04/05/2026,2190,"CENTRAL CITY LIQUOR, INC.",DES MOINES,50310,POLK,1041100,AMERICAN DRY GINS,Luxco Inc,35918,Five O'clock Gin,12,1750,8.99 ,13.49 ,4,53.96 ,7.00
INV-202256,2026-04-24,2633,Hometown Foods,Cedar Rapids,52402,LINN,1081900,WHISKEY LIQUEUR,Sazerac Company Inc,43336,Fireball Cinnamon Whiskey,12,750,$8.25,$12.38,6,$74.28,4.50
INV-202257,2026-02-12,2633,Hometown Foods,CEDAR RAPIDS,52402,LINN,1031200,AMERICAN VODKAS,Sazerac Company Inc,36308,Mr Boston Vodka,12,1000,4.50 ,6.75 ,2,13.50 ,2.00
INV-202258,2026-03-26,5102,Corner Tap & Bottle,AMES,50010,STORY,1032080,IRISH WHISKIES,Pernod Ricard USA,19067,Jameson,12,750,$17.99,$26.99,7,$188.93,5.25
INV-202259,2026-02-28,3385,SAM'S CLUB 8162,DAVENPORT,52807.0,SCOTT,1051010,IMPORTED BRANDIES,Moet Hennessy USA,64866,Hennessy VS,12,750,$24.99,$37.49,1,$37.49,0.75
INV-202260,04/04/2026,2648,Wilkie Liquors,IOWA CITY,52240,JOHNSON,1081900,WHISKEY LIQUEUR,Sazerac Company Inc,43336,Fireball Cinnamon Whiskey,12,750,8.25,12.38,2,24.76,1.50
INV-202261,01-Jul-2026,5102,Corner Tap & Bottle,AMES,50010,STORY,1041100,AMERICAN DRY GINS,Luxco Inc,35918,Five O'clock Gin,12,1750,8.99,13.49,5,67.45,8.75
INV-202262,2026-07-15,2633,Hometown Foods,CEDAR RAPIDS,52402,LINN,1031200,AMERICAN VODKAS,Sazerac Company Inc,36308,Mr Boston Vodka,12,1000,4.50,6.75,6,40.50,6.00
INV-202263,24-Feb-2026,4829,Casey's General Store #2879,ANKENY,50021,POLK,1032080,IRISH WHISKIES,Pernod Ricard USA,19067,Jameson,12,750,17.99,26.99,2,53.98,1.50
INV-202264,2026-02-18,5102,CORNER TAP & BOTTLE,AMES,50010.0,STORY,1032080,IRISH WHISKIES,Pernod Ricard USA,19067,Jameson,12,750,17.99 ,26.99 ,17,458.83 ,12.75
INV-202265,2026-03-21,4829,Casey's General Store #2879 ,ANKENY,50021,POLK,1081900,WHISKEY LIQUEUR,Sazerac Company Inc,43336,Fireball Cinnamon Whiskey,12,750,8.25,12.38,1,12.38,0.75
INV-202266,07/25/2026,5102,Corner Tap & Bottle,AMES,50010,STORY,1081900,WHISKEY LIQUEUR,Sazerac Company Inc,43336,Fireball Cinnamon Whiskey,12,750,8.25 ,12.38 ,1,12.38 ,0.75
INV-202267,03/23/2026,3385,Sam's Club 8162,DAVENPORT,52807,SCOTT,1041100,AMERICAN DRY GINS,Luxco Inc,35918,Five O'clock Gin,12,1750,8.99 ,13.49 ,1,13.49 ,1.75
INV-202268,07/16/2026,2633,HOMETOWN FOODS,Cedar Rapids,52402,LINN,1051010,IMPORTED BRANDIES,Moet Hennessy USA,64866,Hennessy VS,12,750,$24.99,$37.49,26,$974.74,19.50
INV-202269,05/02/2026,2648,Wilkie Liquors,IOWA CITY,52240,JOHNSON,1041100,AMERICAN DRY GINS,Luxco Inc,35918,Five O'clock Gin,12,1750,$8.99,$13.49,5,$67.45,8.75
INV-202270,2026-05-18,5102,Corner Tap & Bottle,AMES,50010,STORY,1031080,CANADIAN WHISKIES,Heaven Hill Brands,11788,Black Velvet,12,1750,9.75,14.63,5,73.15,8.75
INV-202271,2026-05-16,2501,Hy-Vee #3 / BDI / Des Moines,DES MOINES,50313,POLK,1031200,AMERICAN VODKAS,Sazerac Company Inc,36308,Mr Boston Vodka,12,1000,4.50,6.75,3,20.25,3.00
INV-202272,2026-07-22,2633,Hometown Foods,CEDAR RAPIDS,52402,LINN,1031200,AMERICAN VODKAS,Sazerac Company Inc,36308,Mr Boston Vodka,12,1000,$4.50,$6.75,2,$13.50,2.00
INV-202273,03/16/2026,2648,Wilkie Liquors,IOWA CITY,52240,JOHNSON,1081900,WHISKEY LIQUEUR,Sazerac Company Inc,43336,Fireball Cinnamon Whiskey,12,750,8.25,12.38,1,12.38,0.75
INV-202274,2026-05-23,5102,Corner Tap & Bottle,AMES,50010,STORY,1041100,AMERICAN DRY GINS,Luxco Inc,35918,Five O'clock Gin,12,1750,8.99 ,13.49 ,1,13.49 ,1.75
INV-202274,2026-05-23,5102,Corner Tap & Bottle,AMES,50010,STORY,1041100,AMERICAN DRY GINS,Luxco Inc,35918,Five O'clock Gin,12,1750,8.99 ,13.49 ,1,13.49 ,1.75
INV-202275,06/09/2026,2501,Hy-Vee #3 / BDI / Des Moines,Des Moines,50313,POLK,1081600,-,Regional Spirits Co,77779,Dusty Shelf Cordial,6,375,11.00,12.10,3,36.30,1.12
INV-202276,04/28/2026,4829,Casey's General Store #2879,ANKENY,50021.0,POLK,1081900,WHISKEY LIQUEUR,Sazerac Company Inc,43336,Fireball Cinnamon Whiskey,12,750,8.25,12.38,1,12.38,0.75
INV-202277,02/07/2026,4829,CASEY'S GENERAL STORE #2879,ANKENY,50021,POLK,1041100,AMERICAN DRY GINS,Luxco Inc,35918,Five O'clock Gin,12,1750,8.99,13.49,3,40.47,5.25
INV-202278,02-Jun-2026,2633,Hometown Foods,CEDAR RAPIDS,52402,,1081900,WHISKEY LIQUEUR,Sazerac Company Inc,43336,Fireball Cinnamon Whiskey,12,750,8.25,12.38,1,12.38,0.75
INV-202279,2026-07-02,5102,Corner Tap & Bottle,AMES,50010,STORY,1041100,AMERICAN DRY GINS,Luxco Inc,35918,Five O'clock Gin,12,1750,8.99,13.49,1,13.49,1.75
INV-202280,2026-07-15,2501,Hy-Vee #3 / BDI / Des Moines,DES MOINES,50313.0,POLK,1051010,IMPORTED BRANDIES,Moet Hennessy USA,64866,Hennessy VS,12,750,24.99,37.49,1,37.49,0.75
INV-202281,05/10/2026,2501,Hy-Vee #3 / BDI / Des Moines,DES MOINES,50313,POLK,1031080,CANADIAN WHISKIES,Heaven Hill Brands,11788,Black Velvet,12,1750,9.75,14.63,4,58.52,7.00
INV-202282,05/02/2026,2633,HOMETOWN FOODS,CEDAR RAPIDS,52402,LINN,1051010,IMPORTED BRANDIES,Moet Hennessy USA,64866,Hennessy VS,12,750,24.99,37.49,1,37.49,0.75
INV-202283,05/04/2026,4829,Casey's General Store #2879,ANKENY,50021,,1031080,CANADIAN WHISKIES,Heaven Hill Brands,11788,Black Velvet,12,1750,9.75,14.63,11,160.93,19.25
INV-202284,2026-03-13,4829,Casey's General Store #2879,ANKENY,50021,POLK,1041100,AMERICAN DRY GINS,Luxco Inc,35918,Five O'clock Gin,12,1750,8.99,13.49,13,175.37,22.75
INV-202285,05/30/2026,3385,Sam's Club 8162 ,DAVENPORT,52807,SCOTT,1031200,AMERICAN VODKAS,Sazerac Company Inc,36308,Mr Boston Vodka,12,1000,4.50,6.75,4,27.00,4.00
INV-202286,2026-04-17,5102,Corner Tap & Bottle,AMES,50010,STORY,1032080,IRISH WHISKIES,Pernod Ricard USA,19067,Jameson,12,750,17.99,26.99,18,485.82,13.50
INV-202287,2026-06-24,2190,"Central City Liquor, Inc.",DES MOINES,50310.0,POLK,1081600,-,Regional Spirits Co,77779,Dusty Shelf Cordial,6,375,11.00 ,12.10 ,6,72.60 ,2.25
INV-202288,07/20/2026,2190,"Central City Liquor, Inc.",DES MOINES,50310.0,POLK,1032080,IRISH WHISKIES,Pernod Ricard USA,19067,Jameson,12,750,17.99,26.99,8,215.92,6.00
INV-202289,03-Feb-2026,2501,Hy-Vee #3 / BDI / Des Moines,Des Moines,50313,POLK,1041100,AMERICAN DRY GINS,Luxco Inc,35918,Five O'clock Gin,12,1750,8.99,13.49,4,53.96,7.00
INV-202290,2026-05-06,2501,  Hy-Vee #3 / BDI / Des Moines,DES MOINES,50313,,1051010,IMPORTED BRANDIES,Moet Hennessy USA,64866,Hennessy VS,12,750,24.99,37.49,1,37.49,0.75
INV-202291,05/30/2026,2501,Hy-Vee #3 / BDI / Des Moines,DES MOINES,50313,POLK,1031200,AMERICAN VODKAS,Sazerac Company Inc,36308,Mr Boston Vodka,12,1000,4.50 ,6.75 ,5,33.75 ,5.00
INV-202292,2026-04-10,2190,"Central City Liquor, Inc.",DES MOINES,50310.0,POLK,1081900,WHISKEY LIQUEUR,Sazerac Company Inc,43336,Fireball Cinnamon Whiskey,12,750,8.25,12.38,13,160.94,9.75
INV-202293,16-Feb-2026,2501,Hy-Vee #3 / BDI / Des Moines,DES MOINES,50313,POLK,1031200,AMERICAN VODKAS,Fifth Generation Inc,26827,Tito's Handmade Vodka,12,750,12.50,18.75,52,975.00,39.00
INV-202294,2026-02-02,2501,  Hy-Vee #3 / BDI / Des Moines,Des Moines,50313,POLK,1081600,-,Regional Spirits Co,77779,Dusty Shelf Cordial,6,375,11.00,12.10,1,12.10,0.38
INV-202295,06/29/2026,5102,Corner Tap & Bottle,AMES,50010,STORY,1031200,AMERICAN VODKAS,Fifth Generation Inc,26827,Tito's Handmade Vodka,12,750,12.50,18.75,4,75.00,3.00
INV-202296,2026-02-14,2648,WILKIE LIQUORS,IOWA CITY,52240,JOHNSON,1031200,AMERICAN VODKAS,Sazerac Company Inc,36308,Mr Boston Vodka,12,1000,$4.50,$6.75,1,$6.75,1.00
INV-202297,05/27/2026,2648,  Wilkie Liquors,IOWA CITY,52240,JOHNSON,1032080,IRISH WHISKIES,Pernod Ricard USA,19067,Jameson,12,750,17.99 ,26.99 ,3,80.97 ,2.25
INV-202298,2026-06-06,2648,Wilkie Liquors,IOWA CITY,52240,JOHNSON,1081600,-,Regional Spirits Co,77779,Dusty Shelf Cordial,6,375,,12.10 ,7,84.70 ,2.62
INV-202299,04/01/2026,2633,Hometown Foods,Cedar Rapids,52402.0,LINN,1041100,AMERICAN DRY GINS,Luxco Inc,35918,Five O'clock Gin,12,1750,8.99,13.49,6,80.94,10.50
INV-202300,20-Jun-2026,2190,"Central City Liquor, Inc.",Des Moines,50310,POLK,1081600,,Regional Spirits Co,77779,Dusty Shelf Cordial,6,375,11.00 ,12.10 ,1,12.10 ,0.38
INV-202301,2026-02-01,5102,Corner Tap & Bottle,AMES,50010,STORY,1081900,WHISKEY LIQUEUR,Sazerac Company Inc,43336,Fireball Cinnamon Whiskey,12,750,8.25,12.38,1,12.38,0.75
INV-202302,06/09/2026,2190,"  Central City Liquor, Inc.",DES MOINES,50310,POLK,1032080,IRISH WHISKIES,Pernod Ricard USA,19067,Jameson,12,750,17.99,26.99,2,53.98,1.50
INV-202303,2026-06-28,4829,Casey's General Store #2879,ANKENY,50021.0,POLK,1032080,IRISH WHISKIES,Pernod Ricard USA,19067,Jameson,12,750,17.99,26.99,4,107.96,3.00
INV-202304,21-Mar-2026,5102,  Corner Tap & Bottle,AMES,50010,STORY,1031080,CANADIAN WHISKIES,Heaven Hill Brands,11788,Black Velvet,12,1750,9.75,14.63,1,14.63,1.75
INV-202305,05/13/2026,2501,Hy-Vee #3 / BDI / Des Moines,DES MOINES,50313,POLK,1031200,AMERICAN VODKAS,Fifth Generation Inc,26827,Tito's Handmade Vodka,12,750,12.50 ,18.75 ,45,843.75 ,33.75
INV-202306,02/20/2026,4829,Casey's General Store #2879,ANKENY,50021,POLK,1031200,AMERICAN VODKAS,Sazerac Company Inc,36308,Mr Boston Vodka,12,1000,4.50,6.75,2,13.50,2.00
INV-202307,2026-04-07,2648,Wilkie Liquors,IOWA CITY,52240,JOHNSON,1081900,WHISKEY LIQUEUR,Sazerac Company Inc,43336,Fireball Cinnamon Whiskey,12,750,8.25,12.38,2,24.76,1.50
INV-202308,05-Feb-2026,4829,Casey's General Store #2879,ANKENY,50021,POLK,1032080,IRISH WHISKIES,Pernod Ricard USA,19067,Jameson,12,750,17.99,26.99,4,107.96,3.00
INV-202309,02/11/2026,2501,Hy-Vee #3 / BDI / Des Moines,DES MOINES,50313,POLK,1031200,AMERICAN VODKAS,Sazerac Company Inc,36308,Mr Boston Vodka,12,1000,4.50,6.75,3,20.25,3.00
INV-202310,2026-05-13,4829,Casey's General Store #2879,ANKENY,50021,POLK,1051010,IMPORTED BRANDIES,Moet Hennessy USA,64866,Hennessy VS,12,750,24.99,37.49,3,112.47,2.25
INV-202311,04/21/2026,4829,Casey's General Store #2879,ANKENY,50021.0,POLK,1031200,AMERICAN VODKAS,Fifth Generation Inc,26827,Tito's Handmade Vodka,12,750,12.50,18.75,1,18.75,0.75
INV-202312,03/19/2026,2648,  Wilkie Liquors,IOWA CITY,52240,JOHNSON,1031080,CANADIAN WHISKIES,Heaven Hill Brands,11788,Black Velvet,12,1750,9.75,14.63,1,14.63,1.75
INV-202313,03/12/2026,2190,"Central City Liquor, Inc.",DES MOINES,50310.0,,1031200,AMERICAN VODKAS,Fifth Generation Inc,26827,Tito's Handmade Vodka,12,750,12.50,18.75,1,18.75,0.75
INV-202314,13-Jul-2026,2501,Hy-Vee #3 / BDI / Des Moines,DES MOINES,50313,POLK,1032080,IRISH WHISKIES,Pernod Ricard USA,19067,Jameson,12,750,$17.99,$26.99,3,$80.97,2.25
INV-202315,06/06/2026,3385,SAM'S CLUB 8162,DAVENPORT,52807,SCOTT,1081900,WHISKEY LIQUEUR,Sazerac Company Inc,43336,Fireball Cinnamon Whiskey,12,750,8.25,12.38,2,24.76,1.50
INV-202316,2026-05-21,2190,"Central City Liquor, Inc.",DES MOINES,50310,POLK,1032080,IRISH WHISKIES,Pernod Ricard USA,19067,Jameson,12,750,17.99,26.99,8,215.92,6.00
INV-202317,05/03/2026,2633,Hometown Foods ,CEDAR RAPIDS,52402,LINN,1051010,IMPORTED BRANDIES,Moet Hennessy USA,64866,Hennessy VS,12,750,$24.99,$37.49,1,$37.49,0.75
INV-202318,06/19/2026,4829,CASEY'S GENERAL STORE #2879,ANKENY,50021,POLK,1031200,AMERICAN VODKAS,Sazerac Company Inc,36308,Mr Boston Vodka,12,1000,4.50,6.75,2,13.50,2.00
INV-202319,04/15/2026,2501,Hy-Vee #3 / BDI / Des Moines,DES MOINES,50313,POLK,1032080,IRISH WHISKIES,Pernod Ricard USA,19067,Jameson,12,750,$17.99,$26.99,2,$53.98,1.50
INV-202320,2026-03-21,2501,Hy-Vee #3 / BDI / Des Moines,DES MOINES,50313.0,POLK,1081900,WHISKEY LIQUEUR,Sazerac Company Inc,43336,Fireball Cinnamon Whiskey,12,750,$8.25,$12.38,2,$24.76,1.50
INV-202321,2026-05-23,2501,HY-VEE #3 / BDI / DES MOINES,DES MOINES,50313,POLK,1032080,IRISH WHISKIES,Pernod Ricard USA,19067,Jameson,12,750,$17.99,$26.99,1,$26.99,0.75
INV-202322,2026-05-28,5102,Corner Tap & Bottle,AMES,50010,STORY,1032080,IRISH WHISKIES,Pernod Ricard USA,19067,Jameson,12,750,,$26.99,-4,$-107.96,-3.00
INV-202323,2026-05-15,4829,Casey's General Store #2879,ANKENY,50021,POLK,1031080,CANADIAN WHISKIES,Heaven Hill Brands,11788,Black Velvet,12,1750,$9.75,$14.63,13,$190.19,22.75
INV-202324,06/02/2026,3385,Sam's Club 8162 ,Davenport,52807,SCOTT,1051010,IMPORTED BRANDIES,Moet Hennessy USA,64866,Hennessy VS,12,750,24.99,37.49,1,37.49,0.75
INV-202325,2026-03-27,4829,Casey's General Store #2879,ANKENY,50021,,1032080,IRISH WHISKIES,Pernod Ricard USA,19067,Jameson,12,750,17.99,26.99,4,107.96,3.00
INV-202326,24-May-2026,2633,Hometown Foods,CEDAR RAPIDS,52402.0,LINN,1081600,-,Regional Spirits Co,77779,Dusty Shelf Cordial,6,375,11.00,12.10,1,12.10,0.38
INV-202327,2026-06-26,2190,"Central City Liquor, Inc.",DES MOINES,50310,POLK,1032080,IRISH WHISKIES,Pernod Ricard USA,19067,Jameson,12,750,17.99,26.99,1,26.99,0.75
INV-202328,2026-06-14,2501,Hy-Vee #3 / BDI / Des Moines,DES MOINES,50313,POLK,1031200,AMERICAN VODKAS,Sazerac Company Inc,36308,Mr Boston Vodka,12,1000,N/A,6.75,4,27.00,4.00
INV-202329,2026-05-04,4829,Casey's General Store #2879,ANKENY,50021.0,POLK,1031080,CANADIAN WHISKIES,Heaven Hill Brands,11788,Black Velvet,12,1750,9.75,14.63,13,190.19,22.75
INV-202330,03/27/2026,3385,Sam's Club 8162,DAVENPORT,52807,SCOTT,1041100,AMERICAN DRY GINS,Luxco Inc,35918,Five O'clock Gin,12,1750,8.99,13.49,2,26.98,3.50
INV-202331,03/31/2026,2501,Hy-Vee #3 / BDI / Des Moines,DES MOINES,50313,POLK,1081900,WHISKEY LIQUEUR,Sazerac Company Inc,43336,Fireball Cinnamon Whiskey,12,750,8.25 ,12.38 ,-1,-12.38 ,-0.75
INV-202332,2026-03-03,2633,Hometown Foods,CEDAR RAPIDS,52402,LINN,1031200,AMERICAN VODKAS,Sazerac Company Inc,36308,Mr Boston Vodka,12,1000,4.50,6.75,1,6.75,1.00
INV-202333,22-Mar-2026,4829,Casey's General Store #2879,ANKENY,50021,POLK,1041100,AMERICAN DRY GINS,Luxco Inc,35918,Five O'clock Gin,12,1750,8.99,13.49,3,40.47,5.25
INV-202334,07/23/2026,4829,  Casey's General Store #2879,ANKENY,50021,POLK,1081900,WHISKEY LIQUEUR,Sazerac Company Inc,43336,Fireball Cinnamon Whiskey,12,750,8.25 ,12.38 ,8,99.04 ,6.00
INV-202335,02/16/2026,5102,Corner Tap & Bottle,AMES,50010,STORY,1031200,AMERICAN VODKAS,Sazerac Company Inc,36308,Mr Boston Vodka,12,1000,$4.50,$6.75,1,$6.75,1.00
INV-202336,2026-07-03,5102,Corner Tap & Bottle,AMES,50010,STORY,1031080,CANADIAN WHISKIES,Heaven Hill Brands,11788,Black Velvet,12,1750,9.75 ,14.63 ,2,29.26 ,3.50
INV-202337,2026-03-18,2190,"Central City Liquor, Inc.",DES MOINES,50310.0,POLK,1081600,-,Regional Spirits Co,77779,Dusty Shelf Cordial,6,375,11.00,12.10,1,12.10,0.38
INV-202338,2026-05-14,4829,Casey's General Store #2879,ANKENY,50021,POLK,1081900,WHISKEY LIQUEUR,Sazerac Company Inc,43336,Fireball Cinnamon Whiskey,12,750,8.25,12.38,2,24.76,1.50
INV-202339,05/02/2026,3385,Sam's Club 8162,DAVENPORT,52807.0,SCOTT,1081900,WHISKEY LIQUEUR,Sazerac Company Inc,43336,Fireball Cinnamon Whiskey,12,750,$8.25,$12.38,2,$24.76,1.50
INV-202340,15-Jun-2026,5102,  Corner Tap & Bottle,AMES,50010,STORY,1031200,AMERICAN VODKAS,Sazerac Company Inc,36308,Mr Boston Vodka,12,1000,4.50,6.75,3,20.25,3.00
INV-202341,29-Jun-2026,2633,Hometown Foods,CEDAR RAPIDS,52402.0,LINN,1031200,AMERICAN VODKAS,Sazerac Company Inc,36308,Mr Boston Vodka,12,1000,4.50,6.75,8,54.00,8.00
INV-202342,2026-02-22,3385,Sam's Club 8162,DAVENPORT,52807,SCOTT,1031080,CANADIAN WHISKIES,Heaven Hill Brands,11788,Black Velvet,12,1750,9.75,14.63,1,14.63,1.75
INV-202343,07-Apr-2026,2648,Wilkie Liquors,IOWA CITY,52240,JOHNSON,1031080,CANADIAN WHISKIES,Heaven Hill Brands,11788,Black Velvet,12,1750,9.75,14.63,23,336.49,40.25
INV-202344,2026-02-28,2501,Hy-Vee #3 / BDI / Des Moines,DES MOINES,50313.0,POLK,1032080,IRISH WHISKIES,Pernod Ricard USA,19067,Jameson,12,750,17.99,26.99,7,188.93,5.25
INV-202345,14-Feb-2026,3385,Sam's Club 8162,Davenport,52807,SCOTT,1081900,WHISKEY LIQUEUR,Sazerac Company Inc,43336,Fireball Cinnamon Whiskey,12,750,$8.25,$12.38,4,$49.52,3.00
INV-202346,2026-02-08,4829,Casey's General Store #2879,ANKENY,50021,POLK,1081900,WHISKEY LIQUEUR,Sazerac Company Inc,43336,Fireball Cinnamon Whiskey,12,750,8.25 ,12.38 ,11,136.18 ,8.25
INV-202346,2026-02-08,4829,Casey's General Store #2879,ANKENY,50021,POLK,1081900,WHISKEY LIQUEUR,Sazerac Company Inc,43336,Fireball Cinnamon Whiskey,12,750,,12.38 ,11,136.18 ,8.25
INV-202347,14-Jun-2026,2501,Hy-Vee #3 / BDI / Des Moines,DES MOINES,50313,POLK,1031200,AMERICAN VODKAS,Sazerac Company Inc,36308,Mr Boston Vodka,12,1000,4.50,6.75,2,13.50,2.00
INV-202348,2026-06-19,4829,CASEY'S GENERAL STORE #2879,ANKENY,50021,POLK,1032080,IRISH WHISKIES,Pernod Ricard USA,19067,Jameson,12,750,17.99 ,26.99 ,1,26.99 ,0.75
INV-202349,22-Jun-2026,2501,Hy-Vee #3 / BDI / Des Moines,DES MOINES,50313,POLK,1032080,IRISH WHISKIES,Pernod Ricard USA,19067,Jameson,12,750,17.99,26.99,1,26.99,0.75
INV-202349,22-Jun-2026,2501,Hy-Vee #3 / BDI / Des Moines,DES MOINES,50313,POLK,1032080,IRISH WHISKIES,Pernod Ricard USA,19067,Jameson,12,750,17.99,26.99,1,26.99,0.75
INV-202350,2026-06-02,2633,HOMETOWN FOODS,CEDAR RAPIDS,52402,LINN,1031200,AMERICAN VODKAS,Sazerac Company Inc,36308,Mr Boston Vodka,12,1000,4.50 ,6.75 ,2,13.50 ,2.00
INV-202351,04/24/2026,3385,Sam's Club 8162,DAVENPORT,52807,SCOTT,1031200,AMERICAN VODKAS,Fifth Generation Inc,26827,Tito's Handmade Vodka,12,750,12.50,18.75,1,18.75,0.75
INV-202352,06/26/2026,2633,  Hometown Foods,Cedar Rapids,52402,LINN,1081900,WHISKEY LIQUEUR,Sazerac Company Inc,43336,Fireball Cinnamon Whiskey,12,750,8.25 ,12.38 ,23,284.74 ,17.25
INV-202353,04/08/2026,2633,Hometown Foods,CEDAR RAPIDS,52402,LINN,1041100,AMERICAN DRY GINS,Luxco Inc,35918,Five O'clock Gin,12,1750,8.99,13.49,1,13.49,1.75
INV-202354,2026-03-14,4829,CASEY'S GENERAL STORE #2879,ANKENY,50021,POLK,1081600,N/A,Regional Spirits Co,77779,Dusty Shelf Cordial,6,375,11.00,12.10,15,181.50,5.62
INV-202355,06/25/2026,2648,Wilkie Liquors,IOWA CITY,52240,,1081900,WHISKEY LIQUEUR,Sazerac Company Inc,43336,Fireball Cinnamon Whiskey,12,750,8.25,12.38,14,173.32,10.50
INV-202356,2026-07-07,3385,Sam's Club 8162,DAVENPORT,52807,SCOTT,1041100,AMERICAN DRY GINS,Luxco Inc,35918,Five O'clock Gin,12,1750,$8.99,$13.49,1,$13.49,1.75
INV-202357,2026-07-14,2633,Hometown Foods,CEDAR RAPIDS,52402,LINN,1051010,IMPORTED BRANDIES,Moet Hennessy USA,64866,Hennessy VS,12,750,24.99,37.49,1,37.49,0.75
INV-202358,03/27/2026,2190,"  Central City Liquor, Inc.",DES MOINES,50310.0,POLK,1031200,AMERICAN VODKAS,Fifth Generation Inc,26827,Tito's Handmade Vodka,12,750,12.50,18.75,2,37.50,1.50
INV-202359,06/08/2026,2190,"Central City Liquor, Inc.",DES MOINES,50310.0,POLK,1051010,IMPORTED BRANDIES,Moet Hennessy USA,64866,Hennessy VS,12,750,,37.49,4,149.96,3.00
INV-202360,20-Jun-2026,5102,CORNER TAP & BOTTLE,AMES,50010,STORY,1041100,AMERICAN DRY GINS,Luxco Inc,35918,Five O'clock Gin,12,1750,8.99,13.49,1,13.49,1.75
INV-202361,02/18/2026,3385,Sam's Club 8162,DAVENPORT,52807,SCOTT,1032080,IRISH WHISKIES,Pernod Ricard USA,19067,Jameson,12,750,17.99,26.99,4,107.96,3.00
INV-202362,18-Jul-2026,4829,Casey's General Store #2879,ANKENY,50021,POLK,1031080,CANADIAN WHISKIES,Heaven Hill Brands,11788,Black Velvet,12,1750,9.75 ,14.63 ,1,14.63 ,1.75
INV-202363,04/01/2026,2190,"Central City Liquor, Inc.",DES MOINES,50310,POLK,1051010,IMPORTED BRANDIES,Moet Hennessy USA,64866,Hennessy VS,12,750,24.99,37.49,6,224.94,4.50
INV-202364,07/05/2026,2633,Hometown Foods,CEDAR RAPIDS,52402,LINN,1031200,AMERICAN VODKAS,Sazerac Company Inc,36308,Mr Boston Vodka,12,1000,$4.50,$6.75,1,$6.75,1.00
INV-202365,01-Jun-2026,5102,Corner Tap & Bottle,Ames,50010,STORY,1081900,WHISKEY LIQUEUR,Sazerac Company Inc,43336,Fireball Cinnamon Whiskey,12,750,8.25,12.38,3,37.14,2.25
INV-202366,2026-06-24,5102,Corner Tap & Bottle,Ames,50010.0,STORY,1081900,WHISKEY LIQUEUR,Sazerac Company Inc,43336,Fireball Cinnamon Whiskey,12,750,8.25,12.38,1,12.38,0.75
INV-202367,04/11/2026,2633,  Hometown Foods,CEDAR RAPIDS,52402,LINN,1032080,IRISH WHISKIES,Pernod Ricard USA,19067,Jameson,12,750,17.99,26.99,8,215.92,6.00
INV-202368,05/23/2026,4829,Casey's General Store #2879,ANKENY,50021,POLK,1041100,AMERICAN DRY GINS,Luxco Inc,35918,Five O'clock Gin,12,1750,8.99 ,13.49 ,5,67.45 ,8.75
INV-202369,10-Feb-2026,3385,Sam's Club 8162,DAVENPORT,52807,SCOTT,1031080,CANADIAN WHISKIES,Heaven Hill Brands,11788,Black Velvet,12,1750,$9.75,$14.63,22,$321.86,38.50
INV-202370,2026-05-31,4829,Casey's General Store #2879,ANKENY,50021,POLK,1041100,AMERICAN DRY GINS,Luxco Inc,35918,Five O'clock Gin,12,1750,8.99,13.49,8,107.92,14.00
INV-202371,05/20/2026,4829,Casey's General Store #2879,ANKENY,50021,POLK,1031200,AMERICAN VODKAS,Fifth Generation Inc,26827,Tito's Handmade Vodka,12,750,12.50,18.75,1,18.75,0.75
INV-202372,2026-06-10,2190,"Central City Liquor, Inc.",DES MOINES,50310,POLK,1041100,AMERICAN DRY GINS,Luxco Inc,35918,Five O'clock Gin,12,1750,8.99,13.49,7,94.43,12.25
INV-202373,2026-06-25,2633,Hometown Foods ,CEDAR RAPIDS,52402.0,LINN,1031080,CANADIAN WHISKIES,Heaven Hill Brands,11788,Black Velvet,12,1750,9.75,14.63,2,29.26,3.50
INV-202374,2026-04-25,2190,"  Central City Liquor, Inc.",DES MOINES,50310.0,POLK,1051010,IMPORTED BRANDIES,Moet Hennessy USA,64866,Hennessy VS,12,750,24.99,37.49,1,37.49,0.75
INV-202375,17-Mar-2026,2648,Wilkie Liquors,Iowa City,52240.0,JOHNSON,1041100,AMERICAN DRY GINS,Luxco Inc,35918,Five O'clock Gin,12,1750,8.99,13.49,5,67.45,8.75
INV-202376,2026-07-03,5102,Corner Tap & Bottle,AMES,50010,STORY,1051010,IMPORTED BRANDIES,Moet Hennessy USA,64866,Hennessy VS,12,750,24.99,37.49,3,112.47,2.25
INV-202377,04-Jun-2026,5102,  Corner Tap & Bottle,AMES,50010,STORY,1031200,AMERICAN VODKAS,Fifth Generation Inc,26827,Tito's Handmade Vodka,12,750,12.50,18.75,3,56.25,2.25
INV-202378,2026-04-18,3385,SAM'S CLUB 8162,DAVENPORT,52807,,1032080,IRISH WHISKIES,Pernod Ricard USA,19067,Jameson,12,750,17.99,26.99,1,26.99,0.75
INV-202379,2026-06-15,2501,Hy-Vee #3 / BDI / Des Moines,DES MOINES,50313,POLK,1081900,WHISKEY LIQUEUR,Sazerac Company Inc,43336,Fireball Cinnamon Whiskey,12,750,$8.25,$12.38,12,$148.56,9.00
INV-202380,07/16/2026,2648,Wilkie Liquors,IOWA CITY,52240,JOHNSON,1041100,AMERICAN DRY GINS,Luxco Inc,35918,Five O'clock Gin,12,1750,$8.99,$13.49,1,$13.49,1.75
INV-202381,2026-05-15,2501,Hy-Vee #3 / BDI / Des Moines,DES MOINES,50313,POLK,1032080,IRISH WHISKIES,Pernod Ricard USA,19067,Jameson,12,750,17.99,26.99,2,53.98,1.50
INV-202382,2026-03-23,2190,"Central City Liquor, Inc.",DES MOINES,50310,POLK,1032080,IRISH WHISKIES,Pernod Ricard USA,19067,Jameson,12,750,17.99 ,26.99 ,1,26.99 ,0.75
INV-202383,07/18/2026,2190,"Central City Liquor, Inc.",DES MOINES,50310,POLK,1081900,WHISKEY LIQUEUR,Sazerac Company Inc,43336,Fireball Cinnamon Whiskey,12,750,8.25 ,12.38 ,1,12.38 ,0.75
INV-202384,2026-04-21,2190,Central City Liquor INC,DES MOINES,50310,POLK,1051010,IMPORTED BRANDIES,Moet Hennessy USA,64866,Hennessy VS,12,750,$24.99,$37.49,1,$37.49,0.75
INV-202385,03/06/2026,5102,Corner Tap and Bottle,AMES,50010,STORY,1081900,WHISKEY LIQUEUR,Sazerac Company Inc,43336,Fireball Cinnamon Whiskey,12,750,8.25 ,12.38 ,1,12.38 ,0.75
INV-202386,07/18/2026,3385,Sam's Club 8162,DAVENPORT,52807,SCOTT,1031200,AMERICAN VODKAS,Fifth Generation Inc,26827,Tito's Handmade Vodka,12,750,12.50 ,18.75 ,1,18.75 ,0.75
INV-202387,05/14/2026,3385,Sam's Club 8162,DAVENPORT,52807,SCOTT,1032080,IRISH WHISKIES,Pernod Ricard USA,19067,Jameson,12,750,$17.99,$26.99,1,$26.99,0.75
INV-202388,2026-06-23,2633,Hometown Foods,CEDAR RAPIDS,52402,LINN,1051010,IMPORTED BRANDIES,Moet Hennessy USA,64866,Hennessy VS,12,750,24.99,37.49,5,187.45,3.75
INV-202389,07/03/2026,3385,SAM'S CLUB 8162,DAVENPORT,52807,SCOTT,1041100,AMERICAN DRY GINS,Luxco Inc,35918,Five O'clock Gin,12,1750,8.99,13.49,2,26.98,3.50
INV-202390,07/17/2026,5102,Corner Tap & Bottle,AMES,50010,STORY,1081600,N/A,Regional Spirits Co,77779,Dusty Shelf Cordial,6,375,$11.00,$12.10,12,$145.20,4.50
INV-202391,2026-06-13,4829,Casey's General Store #2879,ANKENY,50021,POLK,1041100,AMERICAN DRY GINS,Luxco Inc,35918,Five O'clock Gin,12,1750,8.99,13.49,4,53.96,7.00
INV-202392,2026-07-02,2190,"Central City Liquor, Inc.",DES MOINES,50310,POLK,1051010,IMPORTED BRANDIES,Moet Hennessy USA,64866,Hennessy VS,12,750,24.99 ,37.49 ,4,149.96 ,3.00
INV-202392,2026-07-02,2190,"Central City Liquor, Inc.",DES MOINES,50310,POLK,1051010,IMPORTED BRANDIES,Moet Hennessy USA,64866,Hennessy VS,12,750,24.99 ,37.49 ,4,149.96 ,3.00
INV-202393,2026-04-04,3385,SAM'S CLUB 8162,DAVENPORT,52807,SCOTT,1032080,IRISH WHISKIES,Pernod Ricard USA,19067,Jameson,12,750,17.99 ,26.99 ,1,26.99 ,0.75
INV-202394,2026-02-11,2633,Hometown Foods,CEDAR RAPIDS,52402,LINN,1031200,AMERICAN VODKAS,Fifth Generation Inc,26827,Tito's Handmade Vodka,12,750,12.50,18.75,4,75.00,3.00
INV-202395,2026-07-05,2501,Hy-Vee #3 / BDI / Des Moines,DES MOINES,50313,POLK,1041100,AMERICAN DRY GINS,Luxco Inc,35918,Five O'clock Gin,12,1750,8.99,13.49,1,13.49,1.75
INV-202396,2026-06-13,5102,Corner Tap & Bottle,AMES,50010,STORY,1051010,IMPORTED BRANDIES,Moet Hennessy USA,64866,Hennessy VS,12,750,24.99,37.49,3,112.47,2.25
INV-202397,03/11/2026,3385,Sam's Club 8162,DAVENPORT,52807,SCOTT,1051010,IMPORTED BRANDIES,Moet Hennessy USA,64866,Hennessy VS,12,750,$24.99,$37.49,1,$37.49,0.75
INV-202398,2026-05-20,2190,"Central City Liquor, Inc.",DES MOINES,50310.0,POLK,1041100,AMERICAN DRY GINS,Luxco Inc,35918,Five O'clock Gin,12,1750,8.99 ,13.49 ,3,40.47 ,5.25
INV-202399,04/22/2026,3385,Sam's Club 8162,DAVENPORT,52807,SCOTT,1031200,AMERICAN VODKAS,Fifth Generation Inc,26827,Tito's Handmade Vodka,12,750,12.50 ,18.75 ,6,112.50 ,4.50
INV-202400,2026-07-14,4829,Casey's General Store #2879,ANKENY,50021,POLK,1081600,N/A,Regional Spirits Co,77779,Dusty Shelf Cordial,6,375,11.00,12.10,1,12.10,0.38
INV-202401,2026-06-30,4829,Casey's General Store #2879,Ankeny,50021,POLK,1032080,IRISH WHISKIES,Pernod Ricard USA,19067,Jameson,12,750,17.99,26.99,1,26.99,0.75
INV-202402,07/09/2026,2648,Wilkie Liquors,IOWA CITY,52240,JOHNSON,1081600,,Regional Spirits Co,77779,Dusty Shelf Cordial,6,375,11.00,12.10,1,12.10,0.38
INV-202403,06/29/2026,2190,Central City Liquor INC,DES MOINES,50310,POLK,1081600,-,Regional Spirits Co,77779,Dusty Shelf Cordial,6,375,11.00,12.10,9,108.90,3.38
INV-202404,22-Jul-2026,3385,Sam's Club 8162,DAVENPORT,52807,SCOTT,1051010,IMPORTED BRANDIES,Moet Hennessy USA,64866,Hennessy VS,12,750,$24.99,$37.49,3,$112.47,2.25
INV-202405,03/19/2026,5102,Corner Tap & Bottle,AMES,50010,STORY,1081600,,Regional Spirits Co,77779,Dusty Shelf Cordial,6,375,11.00,12.10,1,12.10,0.38
INV-202406,2026-02-03,4829,Casey's General Store #2879,ANKENY,50021,POLK,1051010,IMPORTED BRANDIES,Moet Hennessy USA,64866,Hennessy VS,12,750,24.99,37.49,4,149.96,3.00
INV-202407,07/20/2026,2190,"Central City Liquor, Inc.",DES MOINES,50310,POLK,1031080,CANADIAN WHISKIES,Heaven Hill Brands,11788,Black Velvet,12,1750,9.75 ,14.63 ,15,219.45 ,26.25
INV-202408,07/05/2026,2648,Wilkie Liquors,Iowa City,52240,,1032080,IRISH WHISKIES,Pernod Ricard USA,19067,Jameson,12,750,17.99 ,26.99 ,1,26.99 ,0.75
INV-202409,05/16/2026,2633,Hometown Foods,CEDAR RAPIDS,52402,LINN,1031200,AMERICAN VODKAS,Fifth Generation Inc,26827,Tito's Handmade Vodka,12,750,12.50,18.75,1,18.75,0.75
INV-202410,08-Mar-2026,2648,Wilkie Liquors,IOWA CITY,52240.0,JOHNSON,1051010,IMPORTED BRANDIES,Moet Hennessy USA,64866,Hennessy VS,12,750,$24.99,$37.49,21,$787.29,15.75
INV-202411,2026-06-04,5102,Corner Tap and Bottle,AMES,50010,STORY,1032080,IRISH WHISKIES,Pernod Ricard USA,19067,Jameson,12,750,17.99,26.99,2,53.98,1.50
INV-202412,2026-02-03,5102,Corner Tap & Bottle,AMES,50010,STORY,1051010,IMPORTED BRANDIES,Moet Hennessy USA,64866,Hennessy VS,12,750,$24.99,$37.49,1,$37.49,0.75
INV-202413,2026-04-21,5102,Corner Tap & Bottle,AMES,50010,STORY,1031080,CANADIAN WHISKIES,Heaven Hill Brands,11788,Black Velvet,12,1750,9.75,14.63,1,14.63,1.75
INV-202414,20-May-2026,5102,Corner Tap & Bottle,AMES,50010,STORY,1031200,AMERICAN VODKAS,Fifth Generation Inc,26827,Tito's Handmade Vodka,12,750,$12.50,$18.75,2,$37.50,1.50
INV-202415,2026-06-20,3385,Sam's Club 8162,DAVENPORT,52807,SCOTT,1041100,AMERICAN DRY GINS,Luxco Inc,35918,Five O'clock Gin,12,1750,8.99 ,13.49 ,1,13.49 ,1.75
INV-202416,2026-05-06,2501,HY-VEE #3 / BDI / DES MOINES,DES MOINES,50313.0,,1031200,AMERICAN VODKAS,Sazerac Company Inc,36308,Mr Boston Vodka,12,1000,$4.50,$6.75,19,$128.25,19.00
INV-202417,2026-02-05,2633,Hometown Foods,CEDAR RAPIDS,52402,LINN,1031200,AMERICAN VODKAS,Fifth Generation Inc,26827,Tito's Handmade Vodka,12,750,$12.50,$18.75,1,$18.75,0.75
INV-202418,2026-04-10,2633,Hometown Foods,CEDAR RAPIDS,52402,LINN,1031200,AMERICAN VODKAS,Fifth Generation Inc,26827,Tito's Handmade Vodka,12,750,12.50,18.75,2,37.50,1.50
INV-202419,07/25/2026,5102,Corner Tap and Bottle,AMES,50010,STORY,1041100,AMERICAN DRY GINS,Luxco Inc,35918,Five O'clock Gin,12,1750,8.99,13.49,1,13.49,1.75
INV-202420,2026-02-27,5102,CORNER TAP & BOTTLE,AMES,50010,STORY,1081900,WHISKEY LIQUEUR,Sazerac Company Inc,43336,Fireball Cinnamon Whiskey,12,750,$8.25,$12.38,3,$37.14,2.25
INV-202421,2026-07-07,4829,CASEY'S GENERAL STORE #2879,Ankeny,50021,POLK,1051010,IMPORTED BRANDIES,Moet Hennessy USA,64866,Hennessy VS,12,750,$24.99,$37.49,1,$37.49,0.75
INV-202422,2026-07-09,3385,Sam's Club 8162,DAVENPORT,52807,,1031080,CANADIAN WHISKIES,Heaven Hill Brands,11788,Black Velvet,12,1750,9.75,14.63,1,14.63,1.75
INV-202423,31-Jan-2026,2501,Hy-Vee #3 / BDI / Des Moines,DES MOINES,50313,POLK,1041100,AMERICAN DRY GINS,Luxco Inc,35918,Five O'clock Gin,12,1750,$8.99,$13.49,5,$67.45,8.75
INV-202424,2026-03-25,5102,Corner Tap & Bottle,AMES,50010,STORY,1051010,IMPORTED BRANDIES,Moet Hennessy USA,64866,Hennessy VS,12,750,24.99 ,37.49 ,1,37.49 ,0.75
INV-202425,09-Jun-2026,2648,Wilkie Liquors,IOWA CITY,52240,JOHNSON,1051010,IMPORTED BRANDIES,Moet Hennessy USA,64866,Hennessy VS,12,750,$24.99,$37.49,3,$112.47,2.25
INV-202426,2026-06-26,5102,Corner Tap & Bottle,AMES,50010,STORY,1081600,N/A,Regional Spirits Co,77779,Dusty Shelf Cordial,6,375,$11.00,$12.10,4,$48.40,1.50
INV-202427,2026-04-18,2190,"Central City Liquor, Inc.",DES MOINES,50310.0,POLK,1051010,IMPORTED BRANDIES,Moet Hennessy USA,64866,Hennessy VS,12,750,24.99,37.49,8,299.92,6.00
INV-202428,2026-06-23,3385,Sam's Club 8162,DAVENPORT,52807,SCOTT,1081600,,Regional Spirits Co,77779,Dusty Shelf Cordial,6,375,11.00,12.10,13,157.30,4.88
INV-202429,2026-05-02,5102,Corner Tap & Bottle,AMES,50010,STORY,1031200,AMERICAN VODKAS,Fifth Generation Inc,26827,Tito's Handmade Vodka,12,750,12.50 ,18.75 ,4,75.00 ,3.00
INV-202430,12-Apr-2026,2190,"Central City Liquor, Inc.",DES MOINES,50310,POLK,1051010,IMPORTED BRANDIES,Moet Hennessy USA,64866,Hennessy VS,12,750,$24.99,$37.49,10,$374.90,7.50
INV-202431,2026-05-27,2633,HOMETOWN FOODS,CEDAR RAPIDS,52402,LINN,1081900,WHISKEY LIQUEUR,Sazerac Company Inc,43336,Fireball Cinnamon Whiskey,12,750,$8.25,$12.38,2,$24.76,1.50
INV-202432,2026-03-27,5102,CORNER TAP & BOTTLE,AMES,50010,STORY,1031200,AMERICAN VODKAS,Fifth Generation Inc,26827,Tito's Handmade Vodka,12,750,12.50,18.75,8,150.00,6.00
INV-202433,06/06/2026,2633,Hometown Foods,CEDAR RAPIDS,52402,LINN,1031200,AMERICAN VODKAS,Sazerac Company Inc,36308,Mr Boston Vodka,12,1000,4.50,6.75,1,6.75,1.00
INV-202434,20-Jun-2026,2633,HOMETOWN FOODS,CEDAR RAPIDS,52402,LINN,1051010,IMPORTED BRANDIES,Moet Hennessy USA,64866,Hennessy VS,12,750,24.99,37.49,11,412.39,8.25
INV-202435,01-Apr-2026,2501,Hy-Vee #3 / BDI / Des Moines,DES MOINES,50313.0,POLK,1031200,AMERICAN VODKAS,Fifth Generation Inc,26827,Tito's Handmade Vodka,12,750,$12.50,$18.75,1,$18.75,0.75
INV-202436,2026-05-09,3385,Sam's Club 8162,DAVENPORT,52807,SCOTT,1081900,WHISKEY LIQUEUR,Sazerac Company Inc,43336,Fireball Cinnamon Whiskey,12,750,8.25,12.38,10,123.80,7.50
INV-202437,2026-06-30,5102,Corner Tap & Bottle,AMES,50010,STORY,1041100,AMERICAN DRY GINS,Luxco Inc,35918,Five O'clock Gin,12,1750,8.99,13.49,3,40.47,5.25
INV-202437,2026-06-30,5102,Corner Tap & Bottle,AMES,50010,STORY,1041100,AMERICAN DRY GINS,Luxco Inc,35918,Five O'clock Gin,12,1750,8.99,13.49,3,40.47,5.25
INV-202438,24-Apr-2026,2190,"Central City Liquor, Inc.",DES MOINES,50310.0,POLK,1041100,AMERICAN DRY GINS,Luxco Inc,35918,Five O'clock Gin,12,1750,8.99,13.49,7,94.43,12.25
INV-202439,06/19/2026,5102,Corner Tap & Bottle,AMES,50010,STORY,1031080,CANADIAN WHISKIES,Heaven Hill Brands,11788,Black Velvet,12,1750,9.75,14.63,12,175.56,21.00
INV-202440,06-Feb-2026,2190,"Central City Liquor, Inc.",DES MOINES,50310,POLK,1051010,IMPORTED BRANDIES,Moet Hennessy USA,64866,Hennessy VS,12,750,24.99,37.49,1,37.49,0.75
INV-202441,06-Apr-2026,3385,Sam's Club 8162,Davenport,52807,SCOTT,1031200,AMERICAN VODKAS,Fifth Generation Inc,26827,Tito's Handmade Vodka,12,750,12.50,18.75,4,75.00,3.00
INV-202442,19-Apr-2026,2190,"CENTRAL CITY LIQUOR, INC.",DES MOINES,50310,POLK,1081600,N/A,Regional Spirits Co,77779,Dusty Shelf Cordial,6,375,11.00 ,12.10 ,8,96.80 ,3.00
INV-202443,14-May-2026,3385,Sam's Club 8162,DAVENPORT,52807,SCOTT,1031200,AMERICAN VODKAS,Fifth Generation Inc,26827,Tito's Handmade Vodka,12,750,12.50,18.75,2,37.50,1.50
INV-202444,2026-07-27,2648,Wilkie Liquors,Iowa City,52240.0,JOHNSON,1031200,AMERICAN VODKAS,Fifth Generation Inc,26827,Tito's Handmade Vodka,12,750,12.50 ,18.75 ,1,18.75 ,0.75
INV-202445,2026-05-10,4829,Casey's General Store #2879,ANKENY,50021,POLK,1032080,IRISH WHISKIES,Pernod Ricard USA,19067,Jameson,12,750,17.99,26.99,1,26.99,0.75
INV-202446,07/05/2026,2190,"Central City Liquor, Inc.",DES MOINES,50310,POLK,1041100,AMERICAN DRY GINS,Luxco Inc,35918,Five O'clock Gin,12,1750,8.99,13.49,1,13.49,1.75
INV-202447,2026-05-16,4829,Casey's General Store #2879,ANKENY,50021,POLK,1081600,,Regional Spirits Co,77779,Dusty Shelf Cordial,6,375,11.00,12.10,23,278.30,8.62
INV-202448,2026-04-02,2501,Hy-Vee #3 / BDI / Des Moines,DES MOINES,50313,POLK,1031200,AMERICAN VODKAS,Sazerac Company Inc,36308,Mr Boston Vodka,12,1000,$4.50,$6.75,1,$6.75,1.00
INV-202449,01-Feb-2026,5102,Corner Tap & Bottle,AMES,50010,STORY,1041100,AMERICAN DRY GINS,Luxco Inc,35918,Five O'clock Gin,12,1750,8.99,13.49,2,26.98,3.50
INV-202450,2026-03-19,2633,Hometown Foods,CEDAR RAPIDS,52402,LINN,1032080,IRISH WHISKIES,Pernod Ricard USA,19067,Jameson,12,750,17.99 ,26.99 ,1,26.99 ,0.75
INV-202451,04/23/2026,2501,Hy-Vee #3 / BDI / Des Moines,DES MOINES,50313,POLK,1031080,CANADIAN WHISKIES,Heaven Hill Brands,11788,Black Velvet,12,1750,9.75,14.63,3,43.89,5.25
INV-202452,2026-02-10,3385,Sam's Club 8162,DAVENPORT,52807.0,SCOTT,1031200,AMERICAN VODKAS,Sazerac Company Inc,36308,Mr Boston Vodka,12,1000,4.50 ,6.75 ,9,60.75 ,9.00
INV-202453,2026-02-07,3385,  Sam's Club 8162,DAVENPORT,52807,SCOTT,1032080,IRISH WHISKIES,Pernod Ricard USA,19067,Jameson,12,750,17.99 ,26.99 ,2,53.98 ,1.50
INV-202454,2026-07-08,2633,Hometown Foods,CEDAR RAPIDS,52402,LINN,1041100,AMERICAN DRY GINS,Luxco Inc,35918,Five O'clock Gin,12,1750,8.99,13.49,7,94.43,12.25
INV-202455,12-Feb-2026,3385,Sam's Club 8162,DAVENPORT,52807,SCOTT,1031200,AMERICAN VODKAS,Fifth Generation Inc,26827,Tito's Handmade Vodka,12,750,12.50,18.75,6,112.50,4.50
INV-202456,2026-03-01,3385,  Sam's Club 8162,DAVENPORT,52807,SCOTT,1031200,AMERICAN VODKAS,Fifth Generation Inc,26827,Tito's Handmade Vodka,12,750,12.50,18.75,4,75.00,3.00
INV-202457,21-Feb-2026,4829,Casey's General Store #2879,ANKENY,50021,POLK,1081900,WHISKEY LIQUEUR,Sazerac Company Inc,43336,Fireball Cinnamon Whiskey,12,750,8.25 ,12.38 ,2,24.76 ,1.50
INV-202458,2026-06-19,2190,"Central City Liquor, Inc.",DES MOINES,50310,POLK,1031200,AMERICAN VODKAS,Sazerac Company Inc,36308,Mr Boston Vodka,12,1000,4.50,6.75,1,6.75,1.00
INV-202459,05/02/2026,5102,Corner Tap & Bottle,AMES,50010,STORY,1051010,IMPORTED BRANDIES,Moet Hennessy USA,64866,Hennessy VS,12,750,$24.99,$37.49,1,$37.49,0.75
INV-202460,2026-07-18,5102,Corner Tap & Bottle,AMES,50010,STORY,1041100,AMERICAN DRY GINS,Luxco Inc,35918,Five O'clock Gin,12,1750,8.99,13.49,6,80.94,10.50
INV-202461,03/29/2026,2190,"Central City Liquor, Inc.",DES MOINES,50310,POLK,1081600,,Regional Spirits Co,77779,Dusty Shelf Cordial,6,375,11.00,12.10,5,60.50,1.88
INV-202462,2026-05-16,3385,Sam's Club 8162,DAVENPORT,52807,SCOTT,1081600,N/A,Regional Spirits Co,77779,Dusty Shelf Cordial,6,375,11.00 ,12.10 ,7,84.70 ,2.62
INV-202463,2026-04-06,2633,Hometown Foods,Cedar Rapids,52402,LINN,1041100,AMERICAN DRY GINS,Luxco Inc,35918,Five O'clock Gin,12,1750,8.99,13.49,3,40.47,5.25
INV-202464,2026-05-01,2501,Hy-Vee #3 / BDI / Des Moines,DES MOINES,50313.0,POLK,1081900,WHISKEY LIQUEUR,Sazerac Company Inc,43336,Fireball Cinnamon Whiskey,12,750,N/A,12.38 ,9,111.42 ,6.75
INV-202465,02-Mar-2026,4829,Casey's General Store #2879,ANKENY,50021,POLK,1032080,IRISH WHISKIES,Pernod Ricard USA,19067,Jameson,12,750,17.99 ,26.99 ,4,107.96 ,3.00
INV-202466,2026-06-15,2190,"Central City Liquor, Inc.",DES MOINES,50310,POLK,1081900,WHISKEY LIQUEUR,Sazerac Company Inc,43336,Fireball Cinnamon Whiskey,12,750,$8.25,$12.38,7,$86.66,5.25
INV-202467,2026-06-20,5102,Corner Tap & Bottle,AMES,50010.0,STORY,1051010,IMPORTED BRANDIES,Moet Hennessy USA,64866,Hennessy VS,12,750,24.99 ,37.49 ,1,37.49 ,0.75
INV-202468,02/04/2026,2501,Hy-Vee #3 / BDI / Des Moines,DES MOINES,50313,POLK,1031200,AMERICAN VODKAS,Sazerac Company Inc,36308,Mr Boston Vodka,12,1000,4.50,6.75,9,60.75,9.00
INV-202469,2026-05-15,4829,Casey's General Store #2879 ,ANKENY,50021,POLK,1051010,IMPORTED BRANDIES,Moet Hennessy USA,64866,Hennessy VS,12,750,24.99,37.49,1,37.49,0.75
INV-202470,2026-06-16,2501,Hy-Vee #3 / BDI / Des Moines,DES MOINES,50313.0,POLK,1081900,WHISKEY LIQUEUR,Sazerac Company Inc,43336,Fireball Cinnamon Whiskey,12,750,$8.25,$12.38,2,$24.76,1.50
INV-202471,2026-05-15,2648,Wilkie Liquors,IOWA CITY,52240,JOHNSON,1031200,AMERICAN VODKAS,Sazerac Company Inc,36308,Mr Boston Vodka,12,1000,4.50,6.75,1,6.75,1.00
INV-202472,2026-04-25,2501,Hy-Vee #3 / BDI / Des Moines,Des Moines,50313,POLK,1081900,WHISKEY LIQUEUR,Sazerac Company Inc,43336,Fireball Cinnamon Whiskey,12,750,$8.25,$12.38,1,$12.38,0.75
INV-202473,2026-03-25,2501,Hy-Vee #3 / BDI / Des Moines,DES MOINES,50313,POLK,1031200,AMERICAN VODKAS,Fifth Generation Inc,26827,Tito's Handmade Vodka,12,750,12.50,18.75,1,18.75,0.75
INV-202474,2026-05-24,4829,Casey's General Store #2879,ANKENY,50021,POLK,1051010,IMPORTED BRANDIES,Moet Hennessy USA,64866,Hennessy VS,12,750,24.99,37.49,1,37.49,0.75
INV-202475,03/02/2026,3385,Sam's Club 8162,DAVENPORT,52807,SCOTT,1032080,IRISH WHISKIES,Pernod Ricard USA,19067,Jameson,12,750,$17.99,$26.99,3,$80.97,2.25
INV-202476,03/15/2026,2501,Hy-Vee #3 / BDI / Des Moines,DES MOINES,50313.0,POLK,1031200,AMERICAN VODKAS,Fifth Generation Inc,26827,Tito's Handmade Vodka,12,750,12.50,18.75,1,18.75,0.75
INV-202477,01/31/2026,5102,Corner Tap & Bottle,AMES,50010,STORY,1032080,IRISH WHISKIES,Pernod Ricard USA,19067,Jameson,12,750,17.99,26.99,3,80.97,2.25
INV-202478,2026-03-01,2501,Hy-Vee #3 / BDI / Des Moines ,DES MOINES,50313.0,POLK,1032080,IRISH WHISKIES,Pernod Ricard USA,19067,Jameson,12,750,17.99,26.99,3,80.97,2.25
INV-202479,13-Mar-2026,5102,CORNER TAP & BOTTLE,AMES,50010.0,,1031200,AMERICAN VODKAS,Fifth Generation Inc,26827,Tito's Handmade Vodka,12,750,12.50 ,18.75 ,1,18.75 ,0.75
INV-202480,2026-04-23,2190,"CENTRAL CITY LIQUOR, INC.",DES MOINES,50310,POLK,1031200,AMERICAN VODKAS,Fifth Generation Inc,26827,Tito's Handmade Vodka,12,750,$12.50,$18.75,2,$37.50,1.50
INV-202481,2026-07-10,4829,  Casey's General Store #2879,ANKENY,50021,POLK,1081600,,Regional Spirits Co,77779,Dusty Shelf Cordial,6,375,11.00,12.10,1,12.10,0.38
INV-202482,04/28/2026,2648,Wilkie Liquors,IOWA CITY,52240,JOHNSON,1031200,AMERICAN VODKAS,Sazerac Company Inc,36308,Mr Boston Vodka,12,1000,4.50 ,6.75 ,2,13.50 ,2.00
INV-202483,2026-07-18,2501,Hy-Vee #3 / BDI / Des Moines,DES MOINES,50313,,1041100,AMERICAN DRY GINS,Luxco Inc,35918,Five O'clock Gin,12,1750,8.99,13.49,3,40.47,5.25
INV-202484,2026-05-02,4829,CASEY'S GENERAL STORE #2879,ANKENY,50021,POLK,1031200,AMERICAN VODKAS,Fifth Generation Inc,26827,Tito's Handmade Vodka,12,750,12.50 ,18.75 ,2,37.50 ,1.50
INV-202485,07/03/2026,5102,Corner Tap & Bottle,AMES,50010,STORY,1051010,IMPORTED BRANDIES,Moet Hennessy USA,64866,Hennessy VS,12,750,24.99,37.49,8,299.92,6.00
INV-202486,28-May-2026,2633,HOMETOWN FOODS,CEDAR RAPIDS,52402,LINN,1031200,AMERICAN VODKAS,Fifth Generation Inc,26827,Tito's Handmade Vodka,12,750,12.50,18.75,1,18.75,0.75
INV-202487,02/03/2026,3385,Sam's Club 8162,DAVENPORT,52807,SCOTT,1031080,CANADIAN WHISKIES,Heaven Hill Brands,11788,Black Velvet,12,1750,9.75,14.63,1,14.63,1.75
INV-202488,2026-03-16,2501,Hy-Vee #3 / BDI / Des Moines,DES MOINES,50313,,1081900,WHISKEY LIQUEUR,Sazerac Company Inc,43336,Fireball Cinnamon Whiskey,12,750,8.25 ,12.38 ,4,49.52 ,3.00
INV-202489,2026-07-18,4829,CASEY'S GENERAL STORE #2879,ANKENY,50021,POLK,1031200,AMERICAN VODKAS,Fifth Generation Inc,26827,Tito's Handmade Vodka,12,750,12.50 ,18.75 ,3,56.25 ,2.25
INV-202490,07/24/2026,3385,SAM'S CLUB 8162,DAVENPORT,52807,SCOTT,1051010,IMPORTED BRANDIES,Moet Hennessy USA,64866,Hennessy VS,12,750,$24.99,$37.49,15,$562.35,11.25
INV-202491,2026-02-08,2633,  Hometown Foods,CEDAR RAPIDS,52402,LINN,1031200,AMERICAN VODKAS,Fifth Generation Inc,26827,Tito's Handmade Vodka,12,750,12.50,18.75,2,37.50,1.50
INV-202492,07/23/2026,2190,"CENTRAL CITY LIQUOR, INC.",DES MOINES,50310,POLK,1081900,WHISKEY LIQUEUR,Sazerac Company Inc,43336,Fireball Cinnamon Whiskey,12,750,8.25,12.38,3,37.14,2.25
INV-202493,03/28/2026,4829,Casey's General Store #2879,ANKENY,50021,POLK,1032080,IRISH WHISKIES,Pernod Ricard USA,19067,Jameson,12,750,17.99,26.99,4,107.96,3.00
INV-202494,2026-02-12,5102,Corner Tap and Bottle,AMES,50010,STORY,1081900,WHISKEY LIQUEUR,Sazerac Company Inc,43336,Fireball Cinnamon Whiskey,12,750,8.25,12.38,3,37.14,2.25
INV-202495,2026-06-01,2633,Hometown Foods ,CEDAR RAPIDS,52402,LINN,1031200,AMERICAN VODKAS,Fifth Generation Inc,26827,Tito's Handmade Vodka,12,750,12.50 ,18.75 ,10,187.50 ,7.50
INV-202496,2026-03-21,2633,Hometown Foods,CEDAR RAPIDS,52402.0,LINN,1031080,CANADIAN WHISKIES,Heaven Hill Brands,11788,Black Velvet,12,1750,9.75 ,14.63 ,1,14.63 ,1.75
INV-202497,06/15/2026,2501,Hy-Vee #3 / BDI / Des Moines,DES MOINES,50313,POLK,1031080,CANADIAN WHISKIES,Heaven Hill Brands,11788,Black Velvet,12,1750,9.75 ,14.63 ,7,102.41 ,12.25
INV-202498,2026-03-16,5102,Corner Tap & Bottle,AMES,50010,STORY,1081900,WHISKEY LIQUEUR,Sazerac Company Inc,43336,Fireball Cinnamon Whiskey,12,750,$8.25,$12.38,3,$37.14,2.25
INV-202499,2026-04-05,4829,Casey's General Store #2879,ANKENY,50021,POLK,1081900,WHISKEY LIQUEUR,Sazerac Company Inc,43336,Fireball Cinnamon Whiskey,12,750,8.25,12.38,5,61.90,3.75
INV-202500,07/21/2026,2648,Wilkie Liquors,IOWA CITY,52240,JOHNSON,1051010,IMPORTED BRANDIES,Moet Hennessy USA,64866,Hennessy VS,12,750,24.99,37.49,2,74.98,1.50
INV-202501,04/28/2026,2190,"Central City Liquor, Inc.",DES MOINES,50310,POLK,1081900,WHISKEY LIQUEUR,Sazerac Company Inc,43336,Fireball Cinnamon Whiskey,12,750,$8.25,$12.38,1,$12.38,0.75
INV-202502,2026-06-25,2501,HY-VEE #3 / BDI / DES MOINES,DES MOINES,50313,POLK,1031080,CANADIAN WHISKIES,Heaven Hill Brands,11788,Black Velvet,12,1750,9.75 ,14.63 ,2,29.26 ,3.50
INV-202503,2026-04-11,2648,Wilkie Liquors,Iowa City,52240,JOHNSON,1081600,,Regional Spirits Co,77779,Dusty Shelf Cordial,6,375,11.00 ,12.10 ,1,12.10 ,0.38
INV-202504,2026-02-24,5102,CORNER TAP & BOTTLE,Ames,50010,STORY,1081900,WHISKEY LIQUEUR,Sazerac Company Inc,43336,Fireball Cinnamon Whiskey,12,750,,12.38 ,1,12.38 ,0.75
INV-202505,2026-02-22,2501,Hy-Vee #3 / BDI / Des Moines,DES MOINES,50313.0,POLK,1032080,IRISH WHISKIES,Pernod Ricard USA,19067,Jameson,12,750,17.99,26.99,4,107.96,3.00
INV-202506,24-Mar-2026,3385,Sam's Club 8162,DAVENPORT,52807,SCOTT,1041100,AMERICAN DRY GINS,Luxco Inc,35918,Five O'clock Gin,12,1750,8.99,13.49,1,13.49,1.75
INV-202507,2026-02-13,2501,Hy-Vee #3 / BDI / Des Moines,DES MOINES,50313,POLK,1081900,WHISKEY LIQUEUR,Sazerac Company Inc,43336,Fireball Cinnamon Whiskey,12,750,8.25,12.38,9,111.42,6.75
INV-202508,2026-07-24,2633,  Hometown Foods,CEDAR RAPIDS,52402,LINN,1031200,AMERICAN VODKAS,Sazerac Company Inc,36308,Mr Boston Vodka,12,1000,4.50,6.75,3,20.25,3.00
INV-202509,2026-03-07,3385,SAM'S CLUB 8162,DAVENPORT,52807,SCOTT,1051010,IMPORTED BRANDIES,Moet Hennessy USA,64866,Hennessy VS,12,750,24.99 ,37.49 ,1,37.49 ,0.75
INV-202510,06/27/2026,2501,HY-VEE #3 / BDI / DES MOINES,DES MOINES,50313,POLK,1081600,,Regional Spirits Co,77779,Dusty Shelf Cordial,6,375,11.00,12.10,2,24.20,0.75
INV-202511,2026-06-10,2633,Hometown Foods,CEDAR RAPIDS,52402,LINN,1031080,CANADIAN WHISKIES,Heaven Hill Brands,11788,Black Velvet,12,1750,$9.75,$14.63,1,$14.63,1.75
INV-202512,2026-07-15,2648,Wilkie Liquors,IOWA CITY,52240,JOHNSON,1031200,AMERICAN VODKAS,Fifth Generation Inc,26827,Tito's Handmade Vodka,12,750,12.50,18.75,3,56.25,2.25
INV-202513,05/06/2026,3385,Sam's Club 8162,DAVENPORT,52807.0,SCOTT,1032080,IRISH WHISKIES,Pernod Ricard USA,19067,Jameson,12,750,$17.99,$26.99,1,$26.99,0.75
INV-202514,03/22/2026,2501,Hy-Vee #3 / BDI / Des Moines,DES MOINES,50313,POLK,1031200,AMERICAN VODKAS,Sazerac Company Inc,36308,Mr Boston Vodka,12,1000,4.50,6.75,1,6.75,1.00
INV-202515,28-Feb-2026,3385,  Sam's Club 8162,DAVENPORT,52807,SCOTT,1032080,IRISH WHISKIES,Pernod Ricard USA,19067,Jameson,12,750,$17.99,$26.99,6,$161.94,4.50
INV-202516,2026-06-14,2190,"Central City Liquor, Inc.",DES MOINES,50310,POLK,1032080,IRISH WHISKIES,Pernod Ricard USA,19067,Jameson,12,750,17.99,26.99,2,53.98,1.50
INV-202517,06/28/2026,2633,Hometown Foods,CEDAR RAPIDS,52402,,1041100,AMERICAN DRY GINS,Luxco Inc,35918,Five O'clock Gin,12,1750,8.99 ,13.49 ,1,13.49 ,1.75
INV-202518,07/04/2026,2190,"Central City Liquor, Inc.",Des Moines,50310,POLK,1041100,AMERICAN DRY GINS,Luxco Inc,35918,Five O'clock Gin,12,1750,8.99 ,13.49 ,1,13.49 ,1.75
INV-202519,02/22/2026,4829,Casey's General Store #2879,ANKENY,50021.0,POLK,1031200,AMERICAN VODKAS,Fifth Generation Inc,26827,Tito's Handmade Vodka,12,750,12.50 ,18.75 ,1,18.75 ,0.75
INV-202520,04/11/2026,2501,Hy-Vee #3 / BDI / Des Moines,DES MOINES,50313,POLK,1051010,IMPORTED BRANDIES,Moet Hennessy USA,64866,Hennessy VS,12,750,24.99 ,37.49 ,5,187.45 ,3.75
INV-202521,04/29/2026,2633,Hometown Foods,CEDAR RAPIDS,52402,LINN,1031200,AMERICAN VODKAS,Fifth Generation Inc,26827,Tito's Handmade Vodka,12,750,12.50,18.75,5,93.75,3.75
INV-202522,06/11/2026,5102,Corner Tap & Bottle,AMES,50010,STORY,1031200,AMERICAN VODKAS,Sazerac Company Inc,36308,Mr Boston Vodka,12,1000,4.50 ,6.75 ,1,6.75 ,1.00
INV-202523,2026-02-19,2633,Hometown Foods,CEDAR RAPIDS,52402,LINN,1041100,AMERICAN DRY GINS,Luxco Inc,35918,Five O'clock Gin,12,1750,$8.99,$13.49,3,$40.47,5.25
INV-202524,07-Jun-2026,2648,Wilkie Liquors,IOWA CITY,52240,JOHNSON,1031200,AMERICAN VODKAS,Sazerac Company Inc,36308,Mr Boston Vodka,12,1000,4.50,6.75,1,6.75,1.00
INV-202525,2026-07-06,2501,Hy-Vee #3 / BDI / Des Moines,Des Moines,50313,POLK,1032080,IRISH WHISKIES,Pernod Ricard USA,19067,Jameson,12,750,$17.99,$26.99,7,$188.93,5.25
INV-202526,24-Jul-2026,2190,"Central City Liquor, Inc.",DES MOINES,50310,POLK,1051010,IMPORTED BRANDIES,Moet Hennessy USA,64866,Hennessy VS,12,750,N/A,$37.49,5,$187.45,3.75
INV-202527,2026-03-21,2501,Hy-Vee #3 / BDI / Des Moines,DES MOINES,50313,POLK,1081900,WHISKEY LIQUEUR,Sazerac Company Inc,43336,Fireball Cinnamon Whiskey,12,750,8.25,12.38,3,37.14,2.25
INV-202528,2026-07-10,3385,Sam's Club 8162,DAVENPORT,52807,SCOTT,1051010,IMPORTED BRANDIES,Moet Hennessy USA,64866,Hennessy VS,12,750,24.99 ,37.49 ,13,487.37 ,9.75
INV-202529,2026-06-29,5102,Corner Tap & Bottle,AMES,50010,STORY,1031200,AMERICAN VODKAS,Fifth Generation Inc,26827,Tito's Handmade Vodka,12,750,12.50,18.75,3,56.25,2.25
INV-202530,2026-03-10,2190,"Central City Liquor, Inc.",DES MOINES,50310,POLK,1051010,IMPORTED BRANDIES,Moet Hennessy USA,64866,Hennessy VS,12,750,24.99,37.49,7,262.43,5.25
INV-202531,2026-02-27,2501,Hy-Vee #3 / BDI / Des Moines,DES MOINES,50313,POLK,1032080,IRISH WHISKIES,Pernod Ricard USA,19067,Jameson,12,750,$17.99,$26.99,4,$107.96,3.00
INV-202532,05/05/2026,5102,Corner Tap & Bottle,Ames,50010.0,STORY,1031200,AMERICAN VODKAS,Sazerac Company Inc,36308,Mr Boston Vodka,12,1000,4.50 ,6.75 ,3,20.25 ,3.00
INV-202533,10-Jul-2026,2648,Wilkie Liquors ,IOWA CITY,52240.0,JOHNSON,1081900,WHISKEY LIQUEUR,Sazerac Company Inc,43336,Fireball Cinnamon Whiskey,12,750,8.25 ,12.38 ,6,74.28 ,4.50
INV-202534,18-Jul-2026,2190,"Central City Liquor, Inc.",DES MOINES,50310,POLK,1031080,CANADIAN WHISKIES,Heaven Hill Brands,11788,Black Velvet,12,1750,$9.75,$14.63,1,$14.63,1.75
INV-202535,02/16/2026,5102,Corner Tap & Bottle,AMES,50010,STORY,1051010,IMPORTED BRANDIES,Moet Hennessy USA,64866,Hennessy VS,12,750,24.99,37.49,1,37.49,0.75
INV-202536,05/21/2026,2648,Wilkie Liquors,IOWA CITY,52240,JOHNSON,1031080,CANADIAN WHISKIES,Heaven Hill Brands,11788,Black Velvet,12,1750,$9.75,$14.63,4,$58.52,7.00
INV-202537,03/25/2026,3385,Sam's Club 8162,DAVENPORT,52807,SCOTT,1031200,AMERICAN VODKAS,Fifth Generation Inc,26827,Tito's Handmade Vodka,12,750,12.50,18.75,1,18.75,0.75
INV-202538,01-Mar-2026,3385,  Sam's Club 8162,DAVENPORT,52807,SCOTT,1031080,CANADIAN WHISKIES,Heaven Hill Brands,11788,Black Velvet,12,1750,9.75 ,14.63 ,3,43.89 ,5.25
INV-202539,2026-06-19,5102,CORNER TAP & BOTTLE,AMES,50010,STORY,1051010,IMPORTED BRANDIES,Moet Hennessy USA,64866,Hennessy VS,12,750,24.99 ,37.49 ,12,449.88 ,9.00
INV-202540,07-Jun-2026,2190,"Central City Liquor, Inc.",DES MOINES,50310.0,POLK,1031200,AMERICAN VODKAS,Sazerac Company Inc,36308,Mr Boston Vodka,12,1000,4.50,6.75,4,27.00,4.00
INV-202541,02/10/2026,5102,Corner Tap & Bottle,Ames,50010,STORY,1032080,IRISH WHISKIES,Pernod Ricard USA,19067,Jameson,12,750,$17.99,$26.99,7,$188.93,5.25
INV-202542,18-May-2026,3385,SAM'S CLUB 8162,DAVENPORT,52807,SCOTT,1041100,AMERICAN DRY GINS,Luxco Inc,35918,Five O'clock Gin,12,1750,8.99,13.49,1,13.49,1.75
INV-202543,02-Feb-2026,3385,Sam's Club 8162,DAVENPORT,52807,SCOTT,1041100,AMERICAN DRY GINS,Luxco Inc,35918,Five O'clock Gin,12,1750,$8.99,$13.49,1,$13.49,1.75
INV-202544,02/26/2026,2501,Hy-Vee #3 / BDI / Des Moines,Des Moines,50313,POLK,1031200,AMERICAN VODKAS,Fifth Generation Inc,26827,Tito's Handmade Vodka,12,750,$12.50,$18.75,3,$56.25,2.25
INV-202545,2026-05-26,2501,Hy-Vee #3 / BDI / Des Moines,DES MOINES,50313.0,POLK,1031200,AMERICAN VODKAS,Fifth Generation Inc,26827,Tito's Handmade Vodka,12,750,12.50,18.75,4,75.00,3.00
INV-202546,04/10/2026,4829,Casey's General Store #2879,Ankeny,50021,POLK,1031200,AMERICAN VODKAS,Fifth Generation Inc,26827,Tito's Handmade Vodka,12,750,$12.50,$18.75,5,$93.75,3.75
INV-202547,2026-06-30,2501,HY-VEE #3 / BDI / DES MOINES,DES MOINES,50313,POLK,1031200,AMERICAN VODKAS,Sazerac Company Inc,36308,Mr Boston Vodka,12,1000,$4.50,$6.75,13,$87.75,13.00
INV-202548,2026-05-09,4829,Casey's General Store #2879,ANKENY,50021,POLK,1031200,AMERICAN VODKAS,Sazerac Company Inc,36308,Mr Boston Vodka,12,1000,4.50,6.75,2,13.50,2.00
INV-202549,2026-04-09,4829,Casey's General Store #2879,ANKENY,50021,POLK,1032080,IRISH WHISKIES,Pernod Ricard USA,19067,Jameson,12,750,17.99 ,26.99 ,10,269.90 ,7.50
INV-202550,07/14/2026,3385,SAM'S CLUB 8162,DAVENPORT,52807,SCOTT,1041100,AMERICAN DRY GINS,Luxco Inc,35918,Five O'clock Gin,12,1750,8.99,13.49,3,40.47,5.25
INV-202551,02/19/2026,2648,Wilkie Liquors,IOWA CITY,52240,JOHNSON,1031200,AMERICAN VODKAS,Sazerac Company Inc,36308,Mr Boston Vodka,12,1000,4.50,6.75,1,6.75,1.00
INV-202552,03/17/2026,5102,Corner Tap & Bottle,AMES,50010,STORY,1031080,CANADIAN WHISKIES,Heaven Hill Brands,11788,Black Velvet,12,1750,$9.75,$14.63,2,$29.26,3.50
INV-202553,06/11/2026,3385,  Sam's Club 8162,DAVENPORT,52807,SCOTT,1032080,IRISH WHISKIES,Pernod Ricard USA,19067,Jameson,12,750,17.99 ,26.99 ,5,134.95 ,3.75
INV-202554,2026-05-12,2501,  Hy-Vee #3 / BDI / Des Moines,DES MOINES,50313,POLK,1051010,IMPORTED BRANDIES,Moet Hennessy USA,64866,Hennessy VS,12,750,24.99,37.49,1,37.49,0.75
INV-202555,2026-02-23,2633,Hometown Foods,CEDAR RAPIDS,52402,LINN,1081900,WHISKEY LIQUEUR,Sazerac Company Inc,43336,Fireball Cinnamon Whiskey,12,750,$8.25,$12.38,3,$37.14,2.25
INV-202556,06/08/2026,2190,"Central City Liquor, Inc.",DES MOINES,50310,POLK,1031080,CANADIAN WHISKIES,Heaven Hill Brands,11788,Black Velvet,12,1750,9.75,14.63,4,58.52,7.00
INV-202557,06/19/2026,2501,Hy-Vee #3 / BDI / Des Moines,DES MOINES,50313,POLK,1031200,AMERICAN VODKAS,Fifth Generation Inc,26827,Tito's Handmade Vodka,12,750,12.50,18.75,5,93.75,3.75
INV-202558,05/27/2026,2648,Wilkie Liquors,IOWA CITY,52240,JOHNSON,1041100,AMERICAN DRY GINS,Luxco Inc,35918,Five O'clock Gin,12,1750,8.99,13.49,4,53.96,7.00
INV-202559,2026-03-28,2190,"  Central City Liquor, Inc.",Des Moines,50310,POLK,1031080,CANADIAN WHISKIES,Heaven Hill Brands,11788,Black Velvet,12,1750,$9.75,$14.63,2,$29.26,3.50
INV-202560,20-Jul-2026,2501,Hy-Vee #3 / BDI / Des Moines,Des Moines,50313,POLK,1031080,CANADIAN WHISKIES,Heaven Hill Brands,11788,Black Velvet,12,1750,9.75,14.63,4,58.52,7.00
INV-202561,2026-05-09,4829,Casey's General Store #2879,ANKENY,50021,POLK,1031200,AMERICAN VODKAS,Fifth Generation Inc,26827,Tito's Handmade Vodka,12,750,$12.50,$18.75,11,$206.25,8.25
INV-202562,02/20/2026,2648,Wilkie Liquors,IOWA CITY,52240,JOHNSON,1051010,IMPORTED BRANDIES,Moet Hennessy USA,64866,Hennessy VS,12,750,24.99,37.49,1,37.49,0.75
INV-202563,2026-02-06,2633,Hometown Foods,CEDAR RAPIDS,52402,LINN,1041100,AMERICAN DRY GINS,Luxco Inc,35918,Five O'clock Gin,12,1750,8.99,13.49,3,40.47,5.25
INV-202564,02/05/2026,2501,Hy-Vee #3 / BDI / Des Moines,DES MOINES,50313,POLK,1031080,CANADIAN WHISKIES,Heaven Hill Brands,11788,Black Velvet,12,1750,9.75,14.63,6,87.78,10.50
INV-202565,2026-05-04,4829,Casey's General Store #2879,ANKENY,50021,POLK,1051010,IMPORTED BRANDIES,Moet Hennessy USA,64866,Hennessy VS,12,750,24.99,37.49,2,74.98,1.50
INV-202566,16-Apr-2026,3385,Sam's Club 8162,DAVENPORT,52807,SCOTT,1051010,IMPORTED BRANDIES,Moet Hennessy USA,64866,Hennessy VS,12,750,24.99,37.49,-6,-224.94,-4.50
INV-202567,2026-06-09,4829,Casey's General Store #2879,ANKENY,50021,POLK,1031200,AMERICAN VODKAS,Sazerac Company Inc,36308,Mr Boston Vodka,12,1000,4.50,6.75,7,47.25,7.00
INV-202568,05/28/2026,3385,Sam's Club 8162,DAVENPORT,52807,SCOTT,1081900,WHISKEY LIQUEUR,Sazerac Company Inc,43336,Fireball Cinnamon Whiskey,12,750,8.25,12.38,2,24.76,1.50
INV-202569,06/05/2026,2501,Hy-Vee #3 / BDI / Des Moines,DES MOINES,50313,POLK,1031080,CANADIAN WHISKIES,Heaven Hill Brands,11788,Black Velvet,12,1750,9.75,14.63,5,73.15,8.75
INV-202570,05/16/2026,2633,Hometown Foods,CEDAR RAPIDS,52402.0,LINN,1081900,WHISKEY LIQUEUR,Sazerac Company Inc,43336,Fireball Cinnamon Whiskey,12,750,$8.25,$12.38,8,$99.04,6.00
INV-202571,05/02/2026,2648,WILKIE LIQUORS,IOWA CITY,52240,JOHNSON,1032080,IRISH WHISKIES,Pernod Ricard USA,19067,Jameson,12,750,$17.99,$26.99,7,$188.93,5.25
INV-202572,14-Feb-2026,2648,Wilkie Liquors,IOWA CITY,52240,JOHNSON,1031200,AMERICAN VODKAS,Sazerac Company Inc,36308,Mr Boston Vodka,12,1000,4.50,6.75,6,40.50,6.00
INV-202573,03/06/2026,3385,Sam's Club 8162,Davenport,52807.0,SCOTT,1031200,AMERICAN VODKAS,Sazerac Company Inc,36308,Mr Boston Vodka,12,1000,4.50 ,6.75 ,7,47.25 ,7.00
INV-202574,2026-05-08,2648,  Wilkie Liquors,IOWA CITY,52240.0,JOHNSON,1031200,AMERICAN VODKAS,Sazerac Company Inc,36308,Mr Boston Vodka,12,1000,4.50 ,6.75 ,5,33.75 ,5.00
INV-202575,13-Mar-2026,3385,SAM'S CLUB 8162,DAVENPORT,52807,SCOTT,1031200,AMERICAN VODKAS,Fifth Generation Inc,26827,Tito's Handmade Vodka,12,750,12.50,18.75,13,243.75,9.75
INV-202576,2026-06-26,2633,Hometown Foods,CEDAR RAPIDS,52402,LINN,1031200,AMERICAN VODKAS,Fifth Generation Inc,26827,Tito's Handmade Vodka,12,750,12.50,18.75,3,56.25,2.25
INV-202577,2026-05-20,2501,Hy-Vee #3 / BDI / Des Moines,DES MOINES,50313,POLK,1081900,WHISKEY LIQUEUR,Sazerac Company Inc,43336,Fireball Cinnamon Whiskey,12,750,,12.38,5,61.90,3.75
INV-202578,2026-03-06,4829,Casey's General Store #2879,ANKENY,50021,POLK,1081600,N/A,Regional Spirits Co,77779,Dusty Shelf Cordial,6,375,11.00,12.10,1,12.10,0.38
INV-202579,2026-07-21,2501,Hy-Vee #3 / BDI / Des Moines,DES MOINES,50313,POLK,1031200,AMERICAN VODKAS,Sazerac Company Inc,36308,Mr Boston Vodka,12,1000,4.50,6.75,1,6.75,1.00
INV-202580,2026-06-14,2633,Hometown Foods,CEDAR RAPIDS,52402,LINN,1041100,AMERICAN DRY GINS,Luxco Inc,35918,Five O'clock Gin,12,1750,8.99,13.49,-30,-404.70,-52.50
INV-202581,2026-02-06,2633,Hometown Foods,CEDAR RAPIDS,52402,,1051010,IMPORTED BRANDIES,Moet Hennessy USA,64866,Hennessy VS,12,750,24.99,37.49,3,112.47,2.25
INV-202582,2026-04-13,2648,Wilkie Liquors,IOWA CITY,52240,JOHNSON,1041100,AMERICAN DRY GINS,Luxco Inc,35918,Five O'clock Gin,12,1750,8.99 ,13.49 ,6,80.94 ,10.50
INV-202583,03/19/2026,2633,Hometown Foods,CEDAR RAPIDS,52402,LINN,1041100,AMERICAN DRY GINS,Luxco Inc,35918,Five O'clock Gin,12,1750,8.99,13.49,3,40.47,5.25
INV-202584,02/04/2026,3385,Sam's Club 8162,DAVENPORT,52807,SCOTT,1031200,AMERICAN VODKAS,Fifth Generation Inc,26827,Tito's Handmade Vodka,12,750,12.50,18.75,5,93.75,3.75
INV-202585,06/30/2026,2648,Wilkie Liquors,IOWA CITY,52240,JOHNSON,1041100,AMERICAN DRY GINS,Luxco Inc,35918,Five O'clock Gin,12,1750,8.99,13.49,4,53.96,7.00
INV-202586,2026-07-09,5102,Corner Tap & Bottle,AMES,50010,STORY,1041100,AMERICAN DRY GINS,Luxco Inc,35918,Five O'clock Gin,12,1750,8.99,13.49,2,26.98,3.50
INV-202587,05-Apr-2026,2501,Hy-Vee #3 / BDI / Des Moines,DES MOINES,50313.0,POLK,1051010,IMPORTED BRANDIES,Moet Hennessy USA,64866,Hennessy VS,12,750,24.99,37.49,2,74.98,1.50
INV-202588,09-Apr-2026,2190,"  Central City Liquor, Inc.",DES MOINES,50310.0,POLK,1031200,AMERICAN VODKAS,Fifth Generation Inc,26827,Tito's Handmade Vodka,12,750,$12.50,$18.75,13,$243.75,9.75
INV-202589,07/06/2026,4829,Casey's General Store #2879,ANKENY,50021,POLK,1031200,AMERICAN VODKAS,Fifth Generation Inc,26827,Tito's Handmade Vodka,12,750,12.50,18.75,1,18.75,0.75
INV-202590,04/18/2026,2190,"Central City Liquor, Inc.",Des Moines,50310,POLK,1031080,CANADIAN WHISKIES,Heaven Hill Brands,11788,Black Velvet,12,1750,$9.75,$14.63,2,$29.26,3.50
INV-202591,2026-04-04,3385,Sam's Club 8162,DAVENPORT,52807,SCOTT,1081600,-,Regional Spirits Co,77779,Dusty Shelf Cordial,6,375,$11.00,$12.10,3,$36.30,1.12
INV-202592,05/26/2026,3385,Sam's Club 8162,DAVENPORT,52807.0,SCOTT,1031200,AMERICAN VODKAS,Fifth Generation Inc,26827,Tito's Handmade Vodka,12,750,12.50 ,18.75 ,2,37.50 ,1.50
INV-202593,05-Mar-2026,2501,Hy-Vee #3 / BDI / Des Moines,DES MOINES,50313.0,POLK,1032080,IRISH WHISKIES,Pernod Ricard USA,19067,Jameson,12,750,17.99,26.99,1,26.99,0.75
INV-202594,03/21/2026,2501,HY-VEE #3 / BDI / DES MOINES,DES MOINES,50313,,1031080,CANADIAN WHISKIES,Heaven Hill Brands,11788,Black Velvet,12,1750,9.75 ,14.63 ,1,14.63 ,1.75
INV-202595,26-Mar-2026,2648,Wilkie Liquors,IOWA CITY,52240,JOHNSON,1031080,CANADIAN WHISKIES,Heaven Hill Brands,11788,Black Velvet,12,1750,9.75,14.63,1,14.63,1.75
INV-202596,2026-05-12,2648,Wilkie Liquors,IOWA CITY,52240,JOHNSON,1032080,IRISH WHISKIES,Pernod Ricard USA,19067,Jameson,12,750,17.99,26.99,3,80.97,2.25
INV-202597,2026-05-19,2648,Wilkie Liquors,IOWA CITY,52240.0,JOHNSON,1031200,AMERICAN VODKAS,Fifth Generation Inc,26827,Tito's Handmade Vodka,12,750,12.50,18.75,5,93.75,3.75
INV-202598,2026-03-04,2190,"Central City Liquor, Inc.",DES MOINES,50310,POLK,1041100,AMERICAN DRY GINS,Luxco Inc,35918,Five O'clock Gin,12,1750,$8.99,$13.49,4,$53.96,7.00
INV-202599,2026-03-30,5102,Corner Tap & Bottle,AMES,50010,STORY,1031080,CANADIAN WHISKIES,Heaven Hill Brands,11788,Black Velvet,12,1750,9.75 ,14.63 ,2,29.26 ,3.50
INV-202600,2026-02-09,2501,Hy-Vee #3 / BDI / Des Moines,DES MOINES,50313,POLK,1032080,IRISH WHISKIES,Pernod Ricard USA,19067,Jameson,12,750,17.99,26.99,1,26.99,0.75
INV-202601,2026-05-24,2501,Hy-Vee #3 / BDI / Des Moines,DES MOINES,50313,,1081900,WHISKEY LIQUEUR,Sazerac Company Inc,43336,Fireball Cinnamon Whiskey,12,750,8.25,12.38,1,12.38,0.75
INV-202602,2026-03-02,2648,Wilkie Liquors,Iowa City,52240,JOHNSON,1031080,CANADIAN WHISKIES,Heaven Hill Brands,11788,Black Velvet,12,1750,9.75 ,14.63 ,5,73.15 ,8.75
INV-202603,10-Feb-2026,2648,Wilkie Liquors ,IOWA CITY,52240,JOHNSON,1031080,CANADIAN WHISKIES,Heaven Hill Brands,11788,Black Velvet,12,1750,$9.75,$14.63,4,$58.52,7.00
INV-202604,2026-02-23,2190,"Central City Liquor, Inc.",DES MOINES,50310.0,POLK,1081900,WHISKEY LIQUEUR,Sazerac Company Inc,43336,Fireball Cinnamon Whiskey,12,750,8.25,12.38,1,12.38,0.75
INV-202605,2026-07-09,2190,"Central City Liquor, Inc.",DES MOINES,50310,POLK,1031200,AMERICAN VODKAS,Sazerac Company Inc,36308,Mr Boston Vodka,12,1000,4.50 ,6.75 ,7,47.25 ,7.00
INV-202606,2026-06-02,2501,Hy-Vee #3 / BDI / Des Moines,DES MOINES,50313,POLK,1081900,WHISKEY LIQUEUR,Sazerac Company Inc,43336,Fireball Cinnamon Whiskey,12,750,8.25,12.38,11,136.18,8.25
INV-202607,31-Mar-2026,2648,Wilkie Liquors ,IOWA CITY,52240,JOHNSON,1031200,AMERICAN VODKAS,Fifth Generation Inc,26827,Tito's Handmade Vodka,12,750,12.50,18.75,9,168.75,6.75
INV-202608,2026-02-15,2190,"Central City Liquor, Inc.",DES MOINES,50310,POLK,1031080,CANADIAN WHISKIES,Heaven Hill Brands,11788,Black Velvet,12,1750,9.75,14.63,4,58.52,7.00
INV-202609,2026-06-15,2501,HY-VEE #3 / BDI / DES MOINES,DES MOINES,50313,POLK,1032080,IRISH WHISKIES,Pernod Ricard USA,19067,Jameson,12,750,17.99,26.99,15,404.85,11.25
INV-202610,02/23/2026,2190,"Central City Liquor, Inc.",DES MOINES,50310,POLK,1051010,IMPORTED BRANDIES,Moet Hennessy USA,64866,Hennessy VS,12,750,24.99,37.49,3,112.47,2.25
INV-202611,05/19/2026,2648,  Wilkie Liquors,IOWA CITY,52240,JOHNSON,1041100,AMERICAN DRY GINS,Luxco Inc,35918,Five O'clock Gin,12,1750,$8.99,$13.49,4,$53.96,7.00
INV-202612,04/16/2026,4829,Casey's General Store #2879 ,ANKENY,50021,POLK,1081600,N/A,Regional Spirits Co,77779,Dusty Shelf Cordial,6,375,$11.00,$12.10,1,$12.10,0.38
INV-202613,2026-07-08,3385,Sam's Club 8162,DAVENPORT,52807.0,SCOTT,1051010,IMPORTED BRANDIES,Moet Hennessy USA,64866,Hennessy VS,12,750,24.99 ,37.49 ,2,74.98 ,1.50
INV-202614,20-May-2026,3385,Sam's Club 8162,DAVENPORT,52807,SCOTT,1031200,AMERICAN VODKAS,Sazerac Company Inc,36308,Mr Boston Vodka,12,1000,4.50,6.75,2,13.50,2.00
INV-202615,02/26/2026,2501,HY-VEE #3 / BDI / DES MOINES,DES MOINES,50313,POLK,1081600,-,Regional Spirits Co,77779,Dusty Shelf Cordial,6,375,$11.00,$12.10,2,$24.20,0.75
INV-202616,03/24/2026,4829,CASEY'S GENERAL STORE #2879,ANKENY,50021,POLK,1031200,AMERICAN VODKAS,Sazerac Company Inc,36308,Mr Boston Vodka,12,1000,$4.50,$6.75,1,$6.75,1.00
INV-202617,2026-02-09,2648,  Wilkie Liquors,IOWA CITY,52240,JOHNSON,1081900,WHISKEY LIQUEUR,Sazerac Company Inc,43336,Fireball Cinnamon Whiskey,12,750,8.25,12.38,6,74.28,4.50
INV-202618,07/03/2026,5102,Corner Tap & Bottle,AMES,50010,STORY,1051010,IMPORTED BRANDIES,Moet Hennessy USA,64866,Hennessy VS,12,750,24.99 ,37.49 ,9,337.41 ,6.75
INV-202619,06/19/2026,2190,"Central City Liquor, Inc.",DES MOINES,50310,POLK,1031080,CANADIAN WHISKIES,Heaven Hill Brands,11788,Black Velvet,12,1750,9.75,14.63,4,58.52,7.00
INV-202620,2026-02-20,2501,Hy-Vee #3 / BDI / Des Moines,DES MOINES,50313,POLK,1031080,CANADIAN WHISKIES,Heaven Hill Brands,11788,Black Velvet,12,1750,9.75,14.63,1,14.63,1.75
INV-202621,2026-06-15,2648,Wilkie Liquors,IOWA CITY,52240,JOHNSON,1051010,IMPORTED BRANDIES,Moet Hennessy USA,64866,Hennessy VS,12,750,24.99,37.49,1,37.49,0.75
INV-202622,2026-06-20,2190,"Central City Liquor, Inc.",DES MOINES,50310,POLK,1081600,-,Regional Spirits Co,77779,Dusty Shelf Cordial,6,375,11.00,12.10,8,96.80,3.00
INV-202623,2026-04-15,2501,Hy-Vee #3 / BDI / Des Moines,DES MOINES,50313,,1032080,IRISH WHISKIES,Pernod Ricard USA,19067,Jameson,12,750,17.99 ,26.99 ,1,26.99 ,0.75
INV-202624,2026-04-30,2190,"Central City Liquor, Inc.",DES MOINES,50310,POLK,1051010,IMPORTED BRANDIES,Moet Hennessy USA,64866,Hennessy VS,12,750,24.99,37.49,2,74.98,1.50
INV-202624,2026-04-30,2190,"Central City Liquor, Inc.",DES MOINES,50310,POLK,1051010,IMPORTED BRANDIES,Moet Hennessy USA,64866,Hennessy VS,12,750,24.99,37.49,2,74.98,1.50
INV-202625,2026-07-08,2190,"CENTRAL CITY LIQUOR, INC.",DES MOINES,50310.0,POLK,1031080,CANADIAN WHISKIES,Heaven Hill Brands,11788,Black Velvet,12,1750,9.75 ,14.63 ,5,73.15 ,8.75
INV-202626,2026-03-09,4829,Casey's General Store #2879,ANKENY,50021,POLK,1031200,AMERICAN VODKAS,Fifth Generation Inc,26827,Tito's Handmade Vodka,12,750,12.50,18.75,3,56.25,2.25
INV-202627,07/07/2026,2648,WILKIE LIQUORS,IOWA CITY,52240,JOHNSON,1031200,AMERICAN VODKAS,Sazerac Company Inc,36308,Mr Boston Vodka,12,1000,4.50 ,6.75 ,11,74.25 ,11.00
INV-202628,06/12/2026,2633,Hometown Foods,CEDAR RAPIDS,52402.0,LINN,1051010,IMPORTED BRANDIES,Moet Hennessy USA,64866,Hennessy VS,12,750,24.99,37.49,3,112.47,2.25
INV-202629,06/28/2026,5102,Corner Tap & Bottle,AMES,50010,STORY,1032080,IRISH WHISKIES,Pernod Ricard USA,19067,Jameson,12,750,17.99,26.99,2,53.98,1.50
INV-202630,2026-06-15,2501,Hy-Vee #3 / BDI / Des Moines ,DES MOINES,50313,POLK,1031200,AMERICAN VODKAS,Fifth Generation Inc,26827,Tito's Handmade Vodka,12,750,12.50 ,18.75 ,5,93.75 ,3.75
INV-202631,18-Jun-2026,2648,WILKIE LIQUORS,IOWA CITY,52240,JOHNSON,1031080,CANADIAN WHISKIES,Heaven Hill Brands,11788,Black Velvet,12,1750,9.75,14.63,2,29.26,3.50
INV-202632,2026-04-13,2501,Hy-Vee #3 / BDI / Des Moines,DES MOINES,50313,,1051010,IMPORTED BRANDIES,Moet Hennessy USA,64866,Hennessy VS,12,750,24.99,37.49,1,37.49,0.75
INV-202633,06/03/2026,2648,Wilkie Liquors,IOWA CITY,52240,JOHNSON,1081600,,Regional Spirits Co,77779,Dusty Shelf Cordial,6,375,11.00,12.10,1,12.10,0.38
INV-202634,07/15/2026,4829,Casey's General Store #2879,ANKENY,50021,POLK,1031200,AMERICAN VODKAS,Fifth Generation Inc,26827,Tito's Handmade Vodka,12,750,12.50,18.75,2,37.50,1.50
INV-202635,2026-02-06,2648,Wilkie Liquors,IOWA CITY,52240,JOHNSON,1031080,CANADIAN WHISKIES,Heaven Hill Brands,11788,Black Velvet,12,1750,9.75 ,14.63 ,10,146.30 ,17.50
INV-202636,06-Jun-2026,2633,Hometown Foods,CEDAR RAPIDS,52402,LINN,1081600,N/A,Regional Spirits Co,77779,Dusty Shelf Cordial,6,375,11.00,12.10,5,60.50,1.88
INV-202637,2026-04-17,4829,Casey's General Store #2879,ANKENY,50021,POLK,1031200,AMERICAN VODKAS,Sazerac Company Inc,36308,Mr Boston Vodka,12,1000,4.50,6.75,20,135.00,20.00
INV-202638,2026-05-08,2190,"Central City Liquor, Inc.",DES MOINES,50310,POLK,1051010,IMPORTED BRANDIES,Moet Hennessy USA,64866,Hennessy VS,12,750,24.99 ,37.49 ,5,187.45 ,3.75
INV-202639,2026-07-21,2190,"Central City Liquor, Inc.",DES MOINES,50310,POLK,1081600,-,Regional Spirits Co,77779,Dusty Shelf Cordial,6,375,$11.00,$12.10,1,$12.10,0.38
INV-202640,2026-02-14,2633,Hometown Foods ,CEDAR RAPIDS,52402,LINN,1031200,AMERICAN VODKAS,Fifth Generation Inc,26827,Tito's Handmade Vodka,12,750,12.50,18.75,3,56.25,2.25
INV-202641,2026-02-04,2648,Wilkie Liquors,IOWA CITY,52240,JOHNSON,1051010,IMPORTED BRANDIES,Moet Hennessy USA,64866,Hennessy VS,12,750,24.99,37.49,4,149.96,3.00
INV-202642,2026-07-14,2648,WILKIE LIQUORS,IOWA CITY,52240,JOHNSON,1031200,AMERICAN VODKAS,Sazerac Company Inc,36308,Mr Boston Vodka,12,1000,$4.50,$6.75,1,$6.75,1.00
INV-202643,2026-03-06,3385,Sam's Club 8162,DAVENPORT,52807,SCOTT,1081600,-,Regional Spirits Co,77779,Dusty Shelf Cordial,6,375,11.00,12.10,4,48.40,1.50
INV-202644,2026-05-20,2190,"  Central City Liquor, Inc.",DES MOINES,50310,POLK,1081600,,Regional Spirits Co,77779,Dusty Shelf Cordial,6,375,11.00 ,12.10 ,1,12.10 ,0.38
INV-202645,2026-03-30,2633,Hometown Foods,Cedar Rapids,52402,LINN,1041100,AMERICAN DRY GINS,Luxco Inc,35918,Five O'clock Gin,12,1750,8.99,13.49,1,13.49,1.75
INV-202646,2026-02-17,2648,Wilkie Liquors,IOWA CITY,52240,JOHNSON,1081900,WHISKEY LIQUEUR,Sazerac Company Inc,43336,Fireball Cinnamon Whiskey,12,750,8.25,12.38,5,61.90,3.75
INV-202647,2026-04-08,2190,"Central City Liquor, Inc.",DES MOINES,50310,POLK,1051010,IMPORTED BRANDIES,Moet Hennessy USA,64866,Hennessy VS,12,750,24.99,37.49,1,37.49,0.75
INV-202648,05/01/2026,2501,Hy-Vee #3 / BDI / Des Moines,DES MOINES,50313,POLK,1081600,-,Regional Spirits Co,77779,Dusty Shelf Cordial,6,375,11.00,12.10,2,24.20,0.75
INV-202649,2026-04-01,3385,  Sam's Club 8162,DAVENPORT,52807,SCOTT,1081900,WHISKEY LIQUEUR,Sazerac Company Inc,43336,Fireball Cinnamon Whiskey,12,750,8.25 ,12.38 ,1,12.38 ,0.75
INV-202650,2026-04-25,2633,Hometown Foods,CEDAR RAPIDS,52402,LINN,1051010,IMPORTED BRANDIES,Moet Hennessy USA,64866,Hennessy VS,12,750,24.99 ,37.49 ,1,37.49 ,0.75
INV-202651,09-May-2026,5102,CORNER TAP & BOTTLE,AMES,50010,STORY,1031200,AMERICAN VODKAS,Sazerac Company Inc,36308,Mr Boston Vodka,12,1000,4.50 ,6.75 ,22,148.50 ,22.00
INV-202651,09-May-2026,5102,CORNER TAP & BOTTLE,AMES,50010,STORY,1031200,AMERICAN VODKAS,Sazerac Company Inc,36308,Mr Boston Vodka,12,1000,4.50 ,6.75 ,22,148.50 ,22.00
INV-202652,03/18/2026,4829,CASEY'S GENERAL STORE #2879,ANKENY,50021,POLK,1041100,AMERICAN DRY GINS,Luxco Inc,35918,Five O'clock Gin,12,1750,8.99,13.49,5,67.45,8.75
INV-202653,2026-06-20,2501,  Hy-Vee #3 / BDI / Des Moines,DES MOINES,50313,POLK,1051010,IMPORTED BRANDIES,Moet Hennessy USA,64866,Hennessy VS,12,750,24.99,37.49,4,149.96,3.00
INV-202654,2026-06-28,2190,"CENTRAL CITY LIQUOR, INC.",DES MOINES,50310,POLK,1031200,AMERICAN VODKAS,Sazerac Company Inc,36308,Mr Boston Vodka,12,1000,4.50,6.75,1,6.75,1.00
INV-202655,2026-02-15,4829,Casey's General Store #2879,ANKENY,50021.0,POLK,1041100,AMERICAN DRY GINS,Luxco Inc,35918,Five O'clock Gin,12,1750,,13.49,2,26.98,3.50
INV-202656,2026-03-03,2648,Wilkie Liquors,IOWA CITY,52240,JOHNSON,1051010,IMPORTED BRANDIES,Moet Hennessy USA,64866,Hennessy VS,12,750,24.99 ,37.49 ,9,337.41 ,6.75
INV-202657,04/20/2026,4829,Casey's General Store #2879,ANKENY,50021,POLK,1081600,N/A,Regional Spirits Co,77779,Dusty Shelf Cordial,6,375,11.00,12.10,3,36.30,1.12
INV-202658,2026-05-09,4829,  Casey's General Store #2879,ANKENY,50021,POLK,1081600,,Regional Spirits Co,77779,Dusty Shelf Cordial,6,375,11.00,12.10,1,12.10,0.38
INV-202659,2026-02-15,2190,"Central City Liquor, Inc.",DES MOINES,50310.0,POLK,1041100,AMERICAN DRY GINS,Luxco Inc,35918,Five O'clock Gin,12,1750,8.99,13.49,1,13.49,1.75
INV-202660,06/08/2026,2501,HY-VEE #3 / BDI / DES MOINES,DES MOINES,50313,POLK,1081600,,Regional Spirits Co,77779,Dusty Shelf Cordial,6,375,11.00,12.10,1,12.10,0.38
INV-202661,2026-06-25,2648,  Wilkie Liquors,IOWA CITY,52240,JOHNSON,1031200,AMERICAN VODKAS,Sazerac Company Inc,36308,Mr Boston Vodka,12,1000,4.50 ,6.75 ,1,6.75 ,1.00
INV-202662,07/05/2026,2190,"Central City Liquor, Inc.",DES MOINES,50310,POLK,1041100,AMERICAN DRY GINS,Luxco Inc,35918,Five O'clock Gin,12,1750,8.99 ,13.49 ,11,148.39 ,19.25
INV-202663,06/07/2026,4829,Casey's General Store #2879,ANKENY,50021,,1031200,AMERICAN VODKAS,Fifth Generation Inc,26827,Tito's Handmade Vodka,12,750,12.50,18.75,1,18.75,0.75
INV-202664,18-Jul-2026,2501,Hy-Vee #3 / BDI / Des Moines,DES MOINES,50313,POLK,1031080,CANADIAN WHISKIES,Heaven Hill Brands,11788,Black Velvet,12,1750,$9.75,$14.63,1,$14.63,1.75
INV-202665,06/25/2026,2648,Wilkie Liquors,IOWA CITY,52240,JOHNSON,1031200,AMERICAN VODKAS,Sazerac Company Inc,36308,Mr Boston Vodka,12,1000,4.50,6.75,1,6.75,1.00
INV-202666,2026-05-01,2633,HOMETOWN FOODS,CEDAR RAPIDS,52402,LINN,1032080,IRISH WHISKIES,Pernod Ricard USA,19067,Jameson,12,750,17.99 ,26.99 ,1,26.99 ,0.75
INV-202667,06/23/2026,2190,"CENTRAL CITY LIQUOR, INC.",DES MOINES,50310,POLK,1081600,N/A,Regional Spirits Co,77779,Dusty Shelf Cordial,6,375,$11.00,$12.10,1,$12.10,0.38
INV-202668,2026-06-16,2190,"Central City Liquor, Inc.",Des Moines,50310,POLK,1081900,WHISKEY LIQUEUR,Sazerac Company Inc,43336,Fireball Cinnamon Whiskey,12,750,8.25 ,12.38 ,1,12.38 ,0.75
INV-202669,01/30/2026,3385,Sam's Club 8162,DAVENPORT,52807.0,SCOTT,1041100,AMERICAN DRY GINS,Luxco Inc,35918,Five O'clock Gin,12,1750,$8.99,$13.49,12,$161.88,21.00
INV-202670,2026-02-05,2633,Hometown Foods,CEDAR RAPIDS,52402,LINN,1032080,IRISH WHISKIES,Pernod Ricard USA,19067,Jameson,12,750,17.99,26.99,13,350.87,9.75
INV-202671,06/12/2026,2190,"  Central City Liquor, Inc.",DES MOINES,50310,POLK,1081600,N/A,Regional Spirits Co,77779,Dusty Shelf Cordial,6,375,$11.00,$12.10,1,$12.10,0.38
INV-202672,17-Mar-2026,2633,Hometown Foods,Cedar Rapids,52402,LINN,1031080,CANADIAN WHISKIES,Heaven Hill Brands,11788,Black Velvet,12,1750,9.75,14.63,2,29.26,3.50
INV-202673,08-Jul-2026,2633,Hometown Foods,Cedar Rapids,52402.0,LINN,1051010,IMPORTED BRANDIES,Moet Hennessy USA,64866,Hennessy VS,12,750,24.99,37.49,1,37.49,0.75
INV-202674,2026-07-10,2501,Hy-Vee #3 / BDI / Des Moines,DES MOINES,50313,POLK,1032080,IRISH WHISKIES,Pernod Ricard USA,19067,Jameson,12,750,17.99,26.99,5,134.95,3.75
INV-202675,02/10/2026,2633,Hometown Foods,CEDAR RAPIDS,52402,LINN,1081900,WHISKEY LIQUEUR,Sazerac Company Inc,43336,Fireball Cinnamon Whiskey,12,750,8.25,12.38,1,12.38,0.75
INV-202676,2026-02-15,3385,Sam's Club 8162,Davenport,52807,SCOTT,1081900,WHISKEY LIQUEUR,Sazerac Company Inc,43336,Fireball Cinnamon Whiskey,12,750,N/A,12.38,6,74.28,4.50
INV-202677,06/17/2026,5102,Corner Tap & Bottle,AMES,50010,STORY,1032080,IRISH WHISKIES,Pernod Ricard USA,19067,Jameson,12,750,17.99,26.99,6,161.94,4.50
INV-202678,2026-07-15,2501,Hy-Vee #3 / BDI / Des Moines,DES MOINES,50313,POLK,1081600,N/A,Regional Spirits Co,77779,Dusty Shelf Cordial,6,375,11.00 ,12.10 ,18,217.80 ,6.75
INV-202679,2026-03-23,4829,CASEY'S GENERAL STORE #2879,Ankeny,50021,POLK,1041100,AMERICAN DRY GINS,Luxco Inc,35918,Five O'clock Gin,12,1750,$8.99,$13.49,1,$13.49,1.75
INV-202680,07-Feb-2026,2648,WILKIE LIQUORS,IOWA CITY,52240,JOHNSON,1041100,AMERICAN DRY GINS,Luxco Inc,35918,Five O'clock Gin,12,1750,8.99,13.49,1,13.49,1.75
INV-202681,2026-06-03,2501,Hy-Vee #3 / BDI / Des Moines,DES MOINES,50313,POLK,1032080,IRISH WHISKIES,Pernod Ricard USA,19067,Jameson,12,750,17.99 ,26.99 ,3,80.97 ,2.25
INV-202682,2026-04-22,5102,Corner Tap & Bottle,Ames,50010,STORY,1041100,AMERICAN DRY GINS,Luxco Inc,35918,Five O'clock Gin,12,1750,8.99,13.49,1,13.49,1.75
INV-202683,2026-03-11,2633,Hometown Foods,CEDAR RAPIDS,52402,LINN,1081600,,Regional Spirits Co,77779,Dusty Shelf Cordial,6,375,11.00,12.10,7,84.70,2.62
INV-202684,2026-04-30,2501,Hy-Vee #3 / BDI / Des Moines,DES MOINES,50313,POLK,1032080,IRISH WHISKIES,Pernod Ricard USA,19067,Jameson,12,750,17.99 ,26.99 ,1,26.99 ,0.75
INV-202685,14-Apr-2026,3385,SAM'S CLUB 8162,DAVENPORT,52807.0,SCOTT,1041100,AMERICAN DRY GINS,Luxco Inc,35918,Five O'clock Gin,12,1750,$8.99,$13.49,-1,$-13.49,-1.75
INV-202686,07/11/2026,4829,Casey's General Store #2879,ANKENY,50021,POLK,1081600,N/A,Regional Spirits Co,77779,Dusty Shelf Cordial,6,375,11.00,12.10,2,24.20,0.75
INV-202687,08-Jul-2026,2633,HOMETOWN FOODS,CEDAR RAPIDS,52402,LINN,1032080,IRISH WHISKIES,Pernod Ricard USA,19067,Jameson,12,750,17.99,26.99,6,161.94,4.50
INV-202688,2026-05-25,3385,Sam's Club 8162,DAVENPORT,52807,SCOTT,1081900,WHISKEY LIQUEUR,Sazerac Company Inc,43336,Fireball Cinnamon Whiskey,12,750,8.25,12.38,1,12.38,0.75
INV-202689,07/23/2026,5102,Corner Tap and Bottle,Ames,50010,STORY,1051010,IMPORTED BRANDIES,Moet Hennessy USA,64866,Hennessy VS,12,750,24.99,37.49,7,262.43,5.25
INV-202690,2026-04-27,2501,Hy-Vee #3 / BDI / Des Moines,DES MOINES,50313,POLK,1032080,IRISH WHISKIES,Pernod Ricard USA,19067,Jameson,12,750,17.99 ,26.99 ,14,377.86 ,10.50
INV-202691,17-May-2026,2501,Hy-Vee #3 / BDI / Des Moines,Des Moines,50313,POLK,1032080,IRISH WHISKIES,Pernod Ricard USA,19067,Jameson,12,750,17.99 ,26.99 ,1,26.99 ,0.75
INV-202692,13-May-2026,4829,Casey's General Store #2879,ANKENY,50021,,1031200,AMERICAN VODKAS,Fifth Generation Inc,26827,Tito's Handmade Vodka,12,750,12.50,18.75,2,37.50,1.50
INV-202693,2026-05-09,2501,Hy-Vee #3 / BDI / Des Moines,DES MOINES,50313,POLK,1081600,-,Regional Spirits Co,77779,Dusty Shelf Cordial,6,375,11.00,12.10,1,12.10,0.38
INV-202694,2026-03-29,5102,Corner Tap & Bottle,Ames,50010.0,STORY,1031080,CANADIAN WHISKIES,Heaven Hill Brands,11788,Black Velvet,12,1750,9.75,14.63,7,102.41,12.25
INV-202695,2026-05-25,2648,Wilkie Liquors,IOWA CITY,52240,JOHNSON,1081900,WHISKEY LIQUEUR,Sazerac Company Inc,43336,Fireball Cinnamon Whiskey,12,750,8.25,12.38,-1,-12.38,-0.75
INV-202696,28-Jul-2026,3385,Sam's Club 8162,DAVENPORT,52807,SCOTT,1031200,AMERICAN VODKAS,Sazerac Company Inc,36308,Mr Boston Vodka,12,1000,$4.50,$6.75,2,$13.50,2.00
INV-202697,06/14/2026,2633,Hometown Foods,CEDAR RAPIDS,52402,LINN,1041100,AMERICAN DRY GINS,Luxco Inc,35918,Five O'clock Gin,12,1750,$8.99,$13.49,4,$53.96,7.00
INV-202698,2026-07-05,2501,HY-VEE #3 / BDI / DES MOINES,DES MOINES,50313,POLK,1081600,,Regional Spirits Co,77779,Dusty Shelf Cordial,6,375,11.00,12.10,1,12.10,0.38
INV-202699,03/06/2026,2633,HOMETOWN FOODS,CEDAR RAPIDS,52402,LINN,1051010,IMPORTED BRANDIES,Moet Hennessy USA,64866,Hennessy VS,12,750,24.99 ,37.49 ,17,637.33 ,12.75
INV-202700,2026-05-07,5102,Corner Tap & Bottle,AMES,50010,STORY,1081900,WHISKEY LIQUEUR,Sazerac Company Inc,43336,Fireball Cinnamon Whiskey,12,750,8.25 ,12.38 ,1,12.38 ,0.75
INV-202701,2026-03-28,4829,Casey's General Store #2879,ANKENY,50021,POLK,1031200,AMERICAN VODKAS,Fifth Generation Inc,26827,Tito's Handmade Vodka,12,750,12.50 ,18.75 ,8,150.00 ,6.00
INV-202702,2026-07-24,5102,Corner Tap & Bottle,AMES,50010,STORY,1081600,,Regional Spirits Co,77779,Dusty Shelf Cordial,6,375,$11.00,$12.10,1,$12.10,0.38
INV-202703,06/09/2026,5102,Corner Tap & Bottle,Ames,50010.0,STORY,1031200,AMERICAN VODKAS,Sazerac Company Inc,36308,Mr Boston Vodka,12,1000,$4.50,$6.75,8,$54.00,8.00
INV-202704,2026-04-14,2501,HY-VEE #3 / BDI / DES MOINES,DES MOINES,50313,POLK,1031200,AMERICAN VODKAS,Sazerac Company Inc,36308,Mr Boston Vodka,12,1000,4.50,6.75,1,6.75,1.00
INV-202705,2026-05-15,2190,"Central City Liquor, Inc.",DES MOINES,50310.0,POLK,1031080,CANADIAN WHISKIES,Heaven Hill Brands,11788,Black Velvet,12,1750,9.75,14.63,2,29.26,3.50
INV-202706,2026-02-16,3385,Sam's Club 8162,DAVENPORT,52807,SCOTT,1081900,WHISKEY LIQUEUR,Sazerac Company Inc,43336,Fireball Cinnamon Whiskey,12,750,8.25,12.38,1,12.38,0.75
INV-202707,02/10/2026,2633,Hometown Foods,CEDAR RAPIDS,52402,,1031200,AMERICAN VODKAS,Sazerac Company Inc,36308,Mr Boston Vodka,12,1000,$4.50,$6.75,4,$27.00,4.00
INV-202708,17-Feb-2026,2501,Hy-Vee #3 / BDI / Des Moines,DES MOINES,50313,POLK,1031200,AMERICAN VODKAS,Sazerac Company Inc,36308,Mr Boston Vodka,12,1000,4.50 ,6.75 ,1,6.75 ,1.00
INV-202708,17-Feb-2026,2501,Hy-Vee #3 / BDI / Des Moines,DES MOINES,50313,POLK,1031200,AMERICAN VODKAS,Sazerac Company Inc,36308,Mr Boston Vodka,12,1000,4.50 ,6.75 ,1,6.75 ,1.00
INV-202709,2026-04-05,3385,Sam's Club 8162,DAVENPORT,52807,SCOTT,1051010,IMPORTED BRANDIES,Moet Hennessy USA,64866,Hennessy VS,12,750,$24.99,$37.49,11,$412.39,8.25
INV-202710,2026-04-27,2501,Hy-Vee #3 / BDI / Des Moines,DES MOINES,50313,POLK,1031200,AMERICAN VODKAS,Sazerac Company Inc,36308,Mr Boston Vodka,12,1000,4.50 ,6.75 ,8,54.00 ,8.00
INV-202711,11-May-2026,5102,Corner Tap & Bottle,AMES,50010,STORY,1051010,IMPORTED BRANDIES,Moet Hennessy USA,64866,Hennessy VS,12,750,$24.99,$37.49,4,$149.96,3.00
INV-202712,07/25/2026,2648,Wilkie Liquors,IOWA CITY,52240,JOHNSON,1041100,AMERICAN DRY GINS,Luxco Inc,35918,Five O'clock Gin,12,1750,8.99,13.49,15,202.35,26.25
INV-202713,2026-04-17,4829,  Casey's General Store #2879,ANKENY,50021,POLK,1051010,IMPORTED BRANDIES,Moet Hennessy USA,64866,Hennessy VS,12,750,24.99 ,37.49 ,1,37.49 ,0.75
INV-202714,04/20/2026,4829,CASEY'S GENERAL STORE #2879,ANKENY,50021,POLK,1031200,AMERICAN VODKAS,Sazerac Company Inc,36308,Mr Boston Vodka,12,1000,4.50,6.75,3,20.25,3.00
INV-202715,2026-07-04,2190,"Central City Liquor, Inc.",DES MOINES,50310.0,,1032080,IRISH WHISKIES,Pernod Ricard USA,19067,Jameson,12,750,17.99,26.99,2,53.98,1.50
INV-202716,03-Jun-2026,3385,SAM'S CLUB 8162,DAVENPORT,52807,SCOTT,1031200,AMERICAN VODKAS,Sazerac Company Inc,36308,Mr Boston Vodka,12,1000,$4.50,$6.75,7,$47.25,7.00
INV-202717,25-Apr-2026,2648,Wilkie Liquors,IOWA CITY,52240,JOHNSON,1081600,,Regional Spirits Co,77779,Dusty Shelf Cordial,6,375,11.00 ,12.10 ,22,266.20 ,8.25
INV-202717,25-Apr-2026,2648,Wilkie Liquors,IOWA CITY,52240,JOHNSON,1081600,,Regional Spirits Co,77779,Dusty Shelf Cordial,6,375,11.00 ,12.10 ,22,266.20 ,8.25
INV-202718,2026-05-07,5102,Corner Tap & Bottle,AMES,50010.0,STORY,1081900,WHISKEY LIQUEUR,Sazerac Company Inc,43336,Fireball Cinnamon Whiskey,12,750,8.25,12.38,8,99.04,6.00
INV-202719,2026-03-08,2501,Hy-Vee #3 / BDI / Des Moines,DES MOINES,50313,POLK,1081600,N/A,Regional Spirits Co,77779,Dusty Shelf Cordial,6,375,11.00,12.10,2,24.20,0.75
INV-202720,04/08/2026,3385,Sam's Club 8162,DAVENPORT,52807,SCOTT,1031200,AMERICAN VODKAS,Fifth Generation Inc,26827,Tito's Handmade Vodka,12,750,12.50,18.75,1,18.75,0.75
INV-202721,2026-02-14,2648,Wilkie Liquors,IOWA CITY,52240,JOHNSON,1032080,IRISH WHISKIES,Pernod Ricard USA,19067,Jameson,12,750,17.99 ,26.99 ,1,26.99 ,0.75
INV-202722,2026-05-04,2633,Hometown Foods,CEDAR RAPIDS,52402,,1041100,AMERICAN DRY GINS,Luxco Inc,35918,Five O'clock Gin,12,1750,8.99,13.49,1,13.49,1.75
INV-202723,03/31/2026,2633,Hometown Foods,CEDAR RAPIDS,52402,LINN,1031080,CANADIAN WHISKIES,Heaven Hill Brands,11788,Black Velvet,12,1750,9.75 ,14.63 ,1,14.63 ,1.75
INV-202724,2026-03-11,2190,"Central City Liquor, Inc.",DES MOINES,50310,POLK,1031080,CANADIAN WHISKIES,Heaven Hill Brands,11788,Black Velvet,12,1750,9.75,14.63,3,43.89,5.25
INV-202725,10-Jun-2026,4829,Casey's General Store #2879,ANKENY,50021,POLK,1031200,AMERICAN VODKAS,Fifth Generation Inc,26827,Tito's Handmade Vodka,12,750,$12.50,$18.75,6,$112.50,4.50
INV-202726,2026-02-25,2633,HOMETOWN FOODS,CEDAR RAPIDS,52402,LINN,1051010,IMPORTED BRANDIES,Moet Hennessy USA,64866,Hennessy VS,12,750,24.99,37.49,3,112.47,2.25
INV-202727,06/29/2026,2501,Hy-Vee #3 / BDI / Des Moines,DES MOINES,50313,POLK,1031080,CANADIAN WHISKIES,Heaven Hill Brands,11788,Black Velvet,12,1750,9.75,14.63,3,43.89,5.25
INV-202728,2026-03-30,2190,"Central City Liquor, Inc.",DES MOINES,50310,POLK,1081600,-,Regional Spirits Co,77779,Dusty Shelf Cordial,6,375,$11.00,$12.10,13,$157.30,4.88
INV-202729,16-Apr-2026,3385,Sam's Club 8162,DAVENPORT,52807,SCOTT,1051010,IMPORTED BRANDIES,Moet Hennessy USA,64866,Hennessy VS,12,750,$24.99,$37.49,2,$74.98,1.50
INV-202730,2026-02-18,2190,"Central City Liquor, Inc.",DES MOINES,50310,POLK,1081900,WHISKEY LIQUEUR,Sazerac Company Inc,43336,Fireball Cinnamon Whiskey,12,750,8.25,12.38,5,61.90,3.75
INV-202731,2026-05-06,2190,"CENTRAL CITY LIQUOR, INC.",DES MOINES,50310,POLK,1031200,AMERICAN VODKAS,Fifth Generation Inc,26827,Tito's Handmade Vodka,12,750,$12.50,$18.75,4,$75.00,3.00
INV-202732,06/09/2026,2190,"  Central City Liquor, Inc.",DES MOINES,50310,POLK,1032080,IRISH WHISKIES,Pernod Ricard USA,19067,Jameson,12,750,$17.99,$26.99,1,$26.99,0.75
INV-202733,2026-04-28,2190,"CENTRAL CITY LIQUOR, INC.",DES MOINES,50310.0,POLK,1051010,IMPORTED BRANDIES,Moet Hennessy USA,64866,Hennessy VS,12,750,24.99,37.49,9,337.41,6.75
INV-202734,2026-04-29,4829,Casey's General Store #2879,ANKENY,50021.0,POLK,1031200,AMERICAN VODKAS,Sazerac Company Inc,36308,Mr Boston Vodka,12,1000,4.50,6.75,6,40.50,6.00
INV-202735,2026-04-01,2633,HOMETOWN FOODS,CEDAR RAPIDS,52402,LINN,1031200,AMERICAN VODKAS,Sazerac Company Inc,36308,Mr Boston Vodka,12,1000,4.50 ,6.75 ,3,20.25 ,3.00
INV-202736,02-Mar-2026,2648,Wilkie Liquors,IOWA CITY,52240,JOHNSON,1041100,AMERICAN DRY GINS,Luxco Inc,35918,Five O'clock Gin,12,1750,$8.99,$13.49,5,$67.45,8.75
INV-202737,06/09/2026,2633,Hometown Foods,CEDAR RAPIDS,52402,LINN,1081600,-,Regional Spirits Co,77779,Dusty Shelf Cordial,6,375,11.00,12.10,5,60.50,1.88
INV-202738,15-Jul-2026,5102,Corner Tap & Bottle ,AMES,50010.0,STORY,1031080,CANADIAN WHISKIES,Heaven Hill Brands,11788,Black Velvet,12,1750,9.75,14.63,3,43.89,5.25
INV-202739,28-Jul-2026,2501,Hy-Vee #3 / BDI / Des Moines,DES MOINES,50313,POLK,1081600,,Regional Spirits Co,77779,Dusty Shelf Cordial,6,375,11.00,12.10,1,12.10,0.38
INV-202740,2026-03-04,2648,Wilkie Liquors,IOWA CITY,52240,JOHNSON,1031200,AMERICAN VODKAS,Fifth Generation Inc,26827,Tito's Handmade Vodka,12,750,12.50,18.75,1,18.75,0.75
INV-202741,01/30/2026,4829,Casey's General Store #2879,ANKENY,50021,POLK,1081900,WHISKEY LIQUEUR,Sazerac Company Inc,43336,Fireball Cinnamon Whiskey,12,750,8.25,12.38,1,12.38,0.75
INV-202742,25-Jun-2026,2648,Wilkie Liquors,IOWA CITY,52240,JOHNSON,1031080,CANADIAN WHISKIES,Heaven Hill Brands,11788,Black Velvet,12,1750,9.75 ,14.63 ,3,43.89 ,5.25
INV-202743,06/19/2026,2501,Hy-Vee #3 / BDI / Des Moines,DES MOINES,50313,POLK,1051010,IMPORTED BRANDIES,Moet Hennessy USA,64866,Hennessy VS,12,750,24.99 ,37.49 ,5,187.45 ,3.75
INV-202744,15-Jun-2026,2190,Central City Liquor INC,DES MOINES,50310,POLK,1031200,AMERICAN VODKAS,Sazerac Company Inc,36308,Mr Boston Vodka,12,1000,4.50 ,6.75 ,7,47.25 ,7.00
INV-202745,04/08/2026,3385,SAM'S CLUB 8162,DAVENPORT,52807,SCOTT,1051010,IMPORTED BRANDIES,Moet Hennessy USA,64866,Hennessy VS,12,750,24.99 ,37.49 ,-2,-74.98 ,-1.50
INV-202746,2026-07-27,2190,"Central City Liquor, Inc.",DES MOINES,50310,POLK,1041100,AMERICAN DRY GINS,Luxco Inc,35918,Five O'clock Gin,12,1750,8.99,13.49,8,107.92,14.00
INV-202747,2026-02-16,2190,"Central City Liquor, Inc.",DES MOINES,50310,POLK,1031200,AMERICAN VODKAS,Sazerac Company Inc,36308,Mr Boston Vodka,12,1000,$4.50,$6.75,1,$6.75,1.00
INV-202748,07/27/2026,2190,"  Central City Liquor, Inc.",DES MOINES,50310,POLK,1031200,AMERICAN VODKAS,Fifth Generation Inc,26827,Tito's Handmade Vodka,12,750,12.50,18.75,2,37.50,1.50
INV-202749,03-Apr-2026,2190,"Central City Liquor, Inc.",DES MOINES,50310,POLK,1081600,-,Regional Spirits Co,77779,Dusty Shelf Cordial,6,375,11.00,12.10,3,36.30,1.12
INV-202750,03/26/2026,3385,Sam's Club 8162,DAVENPORT,52807,SCOTT,1041100,AMERICAN DRY GINS,Luxco Inc,35918,Five O'clock Gin,12,1750,8.99 ,13.49 ,1,13.49 ,1.75
INV-202751,2026-07-17,2190,"Central City Liquor, Inc.",DES MOINES,50310,POLK,1031200,AMERICAN VODKAS,Fifth Generation Inc,26827,Tito's Handmade Vodka,12,750,12.50,18.75,10,187.50,7.50
INV-202752,2026-06-01,4829,Casey's General Store #2879,ANKENY,50021,POLK,1041100,AMERICAN DRY GINS,Luxco Inc,35918,Five O'clock Gin,12,1750,$8.99,$13.49,1,$13.49,1.75
INV-202753,2026-05-16,5102,Corner Tap & Bottle,AMES,50010,STORY,1041100,AMERICAN DRY GINS,Luxco Inc,35918,Five O'clock Gin,12,1750,8.99,13.49,2,26.98,3.50
INV-202754,2026-06-25,3385,SAM'S CLUB 8162,DAVENPORT,52807,,1081600,-,Regional Spirits Co,77779,Dusty Shelf Cordial,6,375,11.00 ,12.10 ,1,12.10 ,0.38
INV-202755,2026-06-25,4829,Casey's General Store #2879,ANKENY,50021,POLK,1081900,WHISKEY LIQUEUR,Sazerac Company Inc,43336,Fireball Cinnamon Whiskey,12,750,8.25,12.38,1,12.38,0.75
INV-202756,2026-06-24,5102,Corner Tap & Bottle,AMES,50010,STORY,1031200,AMERICAN VODKAS,Fifth Generation Inc,26827,Tito's Handmade Vodka,12,750,12.50,18.75,1,18.75,0.75
INV-202757,2026-04-13,2633,Hometown Foods,Cedar Rapids,52402,LINN,1081600,,Regional Spirits Co,77779,Dusty Shelf Cordial,6,375,11.00,12.10,1,12.10,0.38
INV-202758,2026-06-08,2501,Hy-Vee #3 / BDI / Des Moines,DES MOINES,50313,POLK,1031200,AMERICAN VODKAS,Sazerac Company Inc,36308,Mr Boston Vodka,12,1000,4.50,6.75,4,27.00,4.00
INV-202759,2026-06-25,2501,HY-VEE #3 / BDI / DES MOINES,DES MOINES,50313.0,POLK,1031080,CANADIAN WHISKIES,Heaven Hill Brands,11788,Black Velvet,12,1750,9.75,14.63,1,14.63,1.75
INV-202760,2026-02-07,5102,Corner Tap & Bottle,AMES,50010,STORY,1031200,AMERICAN VODKAS,Fifth Generation Inc,26827,Tito's Handmade Vodka,12,750,12.50,18.75,3,56.25,2.25
INV-202761,02/01/2026,2633,HOMETOWN FOODS,CEDAR RAPIDS,52402,LINN,1081900,WHISKEY LIQUEUR,Sazerac Company Inc,43336,Fireball Cinnamon Whiskey,12,750,8.25,12.38,1,12.38,0.75
INV-202762,03/17/2026,5102,CORNER TAP & BOTTLE,Ames,50010,STORY,1051010,IMPORTED BRANDIES,Moet Hennessy USA,64866,Hennessy VS,12,750,24.99 ,37.49 ,5,187.45 ,3.75
INV-202763,01-Jun-2026,5102,Corner Tap & Bottle,AMES,50010.0,STORY,1081600,N/A,Regional Spirits Co,77779,Dusty Shelf Cordial,6,375,11.00,12.10,36,435.60,13.50
INV-202764,01-Feb-2026,2501,Hy-Vee #3 / BDI / Des Moines,Des Moines,50313,POLK,1041100,AMERICAN DRY GINS,Luxco Inc,35918,Five O'clock Gin,12,1750,8.99 ,13.49 ,1,13.49 ,1.75
INV-202765,2026-02-01,2190,"Central City Liquor, Inc.",DES MOINES,50310,POLK,1051010,IMPORTED BRANDIES,Moet Hennessy USA,64866,Hennessy VS,12,750,$24.99,$37.49,1,$37.49,0.75
INV-202766,2026-07-13,3385,Sam's Club 8162,DAVENPORT,52807,SCOTT,1051010,IMPORTED BRANDIES,Moet Hennessy USA,64866,Hennessy VS,12,750,24.99 ,37.49 ,5,187.45 ,3.75
INV-202767,07/16/2026,5102,CORNER TAP & BOTTLE,AMES,50010,STORY,1051010,IMPORTED BRANDIES,Moet Hennessy USA,64866,Hennessy VS,12,750,24.99,37.49,2,74.98,1.50
INV-202768,05-May-2026,5102,Corner Tap & Bottle,Ames,50010,STORY,1081600,N/A,Regional Spirits Co,77779,Dusty Shelf Cordial,6,375,11.00,12.10,5,60.50,1.88
INV-202769,2026-02-14,5102,Corner Tap & Bottle,AMES,50010,STORY,1081600,-,Regional Spirits Co,77779,Dusty Shelf Cordial,6,375,11.00 ,12.10 ,2,24.20 ,0.75
INV-202770,19-Feb-2026,2648,WILKIE LIQUORS,IOWA CITY,52240.0,JOHNSON,1032080,IRISH WHISKIES,Pernod Ricard USA,19067,Jameson,12,750,N/A,26.99 ,20,539.80 ,15.00
INV-202771,2026-04-26,3385,Sam's Club 8162,DAVENPORT,52807,SCOTT,1031200,AMERICAN VODKAS,Sazerac Company Inc,36308,Mr Boston Vodka,12,1000,4.50,6.75,2,13.50,2.00
INV-202772,2026-02-14,5102,  Corner Tap & Bottle,AMES,50010,STORY,1081900,WHISKEY LIQUEUR,Sazerac Company Inc,43336,Fireball Cinnamon Whiskey,12,750,8.25,12.38,15,185.70,11.25
INV-202773,03/11/2026,5102,Corner Tap and Bottle,AMES,50010,STORY,1081900,WHISKEY LIQUEUR,Sazerac Company Inc,43336,Fireball Cinnamon Whiskey,12,750,8.25,12.38,13,160.94,9.75
INV-202774,2026-06-29,4829,Casey's General Store #2879,ANKENY,50021,POLK,1032080,IRISH WHISKIES,Pernod Ricard USA,19067,Jameson,12,750,17.99,26.99,8,215.92,6.00
INV-202775,2026-07-18,4829,Casey's General Store #2879,ANKENY,50021,POLK,1081600,,Regional Spirits Co,77779,Dusty Shelf Cordial,6,375,11.00,12.10,1,12.10,0.38
INV-202776,2026-07-05,4829,Casey's General Store #2879,ANKENY,50021.0,POLK,1051010,IMPORTED BRANDIES,Moet Hennessy USA,64866,Hennessy VS,12,750,24.99 ,37.49 ,2,74.98 ,1.50
INV-202777,04-Mar-2026,2648,Wilkie Liquors,IOWA CITY,52240,JOHNSON,1031200,AMERICAN VODKAS,Sazerac Company Inc,36308,Mr Boston Vodka,12,1000,4.50,6.75,14,94.50,14.00
INV-202778,2026-03-09,2190,"Central City Liquor, Inc.",Des Moines,50310,POLK,1041100,AMERICAN DRY GINS,Luxco Inc,35918,Five O'clock Gin,12,1750,$8.99,$13.49,2,$26.98,3.50
INV-202779,2026-07-19,2501,Hy-Vee #3 / BDI / Des Moines,DES MOINES,50313,POLK,1031080,CANADIAN WHISKIES,Heaven Hill Brands,11788,Black Velvet,12,1750,9.75,14.63,6,87.78,10.50
INV-202780,2026-02-03,2648,  Wilkie Liquors,IOWA CITY,52240,JOHNSON,1031200,AMERICAN VODKAS,Sazerac Company Inc,36308,Mr Boston Vodka,12,1000,4.50,6.75,1,6.75,1.00
INV-202781,05/09/2026,2633,Hometown Foods,CEDAR RAPIDS,52402,LINN,1032080,IRISH WHISKIES,Pernod Ricard USA,19067,Jameson,12,750,17.99,26.99,-1,-26.99,-0.75
INV-202782,25-Feb-2026,3385,Sam's Club 8162 ,DAVENPORT,52807,SCOTT,1031080,CANADIAN WHISKIES,Heaven Hill Brands,11788,Black Velvet,12,1750,9.75,14.63,1,14.63,1.75
INV-202783,2026-03-03,2501,  Hy-Vee #3 / BDI / Des Moines,DES MOINES,50313,POLK,1081600,-,Regional Spirits Co,77779,Dusty Shelf Cordial,6,375,11.00,12.10,3,36.30,1.12
INV-202784,03/24/2026,3385,SAM'S CLUB 8162,DAVENPORT,52807,SCOTT,1051010,IMPORTED BRANDIES,Moet Hennessy USA,64866,Hennessy VS,12,750,24.99,37.49,2,74.98,1.50
INV-202785,2026-03-12,2648,Wilkie Liquors,IOWA CITY,52240,JOHNSON,1031080,CANADIAN WHISKIES,Heaven Hill Brands,11788,Black Velvet,12,1750,9.75,14.63,1,14.63,1.75
INV-202785,2026-03-12,2648,Wilkie Liquors,IOWA CITY,52240,JOHNSON,1031080,CANADIAN WHISKIES,Heaven Hill Brands,11788,Black Velvet,12,1750,9.75,14.63,1,14.63,1.75
INV-202786,2026-04-08,2501,Hy-Vee #3 / BDI / Des Moines,DES MOINES,50313,POLK,1031200,AMERICAN VODKAS,Sazerac Company Inc,36308,Mr Boston Vodka,12,1000,$4.50,$6.75,3,$20.25,3.00
INV-202787,02/11/2026,4829,Casey's General Store #2879,ANKENY,50021,POLK,1041100,AMERICAN DRY GINS,Luxco Inc,35918,Five O'clock Gin,12,1750,8.99,13.49,2,26.98,3.50
INV-202788,04/24/2026,2501,Hy-Vee #3 / BDI / Des Moines,DES MOINES,50313,POLK,1081900,WHISKEY LIQUEUR,Sazerac Company Inc,43336,Fireball Cinnamon Whiskey,12,750,$8.25,$12.38,1,$12.38,0.75
INV-202789,05/21/2026,4829,Casey's General Store #2879,ANKENY,50021,POLK,1041100,AMERICAN DRY GINS,Luxco Inc,35918,Five O'clock Gin,12,1750,8.99,13.49,4,53.96,7.00
INV-202790,2026-03-08,4829,Casey's General Store #2879 ,ANKENY,50021,,1032080,IRISH WHISKIES,Pernod Ricard USA,19067,Jameson,12,750,17.99,26.99,2,53.98,1.50
INV-202791,12-Feb-2026,2190,"Central City Liquor, Inc.",DES MOINES,50310.0,POLK,1081900,WHISKEY LIQUEUR,Sazerac Company Inc,43336,Fireball Cinnamon Whiskey,12,750,8.25,12.38,2,24.76,1.50
INV-202792,05/23/2026,2501,HY-VEE #3 / BDI / DES MOINES,DES MOINES,50313,POLK,1032080,IRISH WHISKIES,Pernod Ricard USA,19067,Jameson,12,750,17.99,26.99,2,53.98,1.50
INV-202793,03/29/2026,2633,HOMETOWN FOODS,CEDAR RAPIDS,52402.0,LINN,1032080,IRISH WHISKIES,Pernod Ricard USA,19067,Jameson,12,750,17.99,26.99,1,26.99,0.75
INV-202794,16-Jun-2026,4829,Casey's General Store #2879,ANKENY,50021.0,POLK,1031200,AMERICAN VODKAS,Fifth Generation Inc,26827,Tito's Handmade Vodka,12,750,12.50,18.75,1,18.75,0.75
INV-202795,06/11/2026,5102,CORNER TAP & BOTTLE,AMES,50010.0,STORY,1031200,AMERICAN VODKAS,Sazerac Company Inc,36308,Mr Boston Vodka,12,1000,4.50,6.75,1,6.75,1.00
INV-202796,2026-01-30,2633,  Hometown Foods,CEDAR RAPIDS,52402,LINN,1081600,,Regional Spirits Co,77779,Dusty Shelf Cordial,6,375,$11.00,$12.10,1,$12.10,0.38
INV-202797,2026-05-26,2501,Hy-Vee #3 / BDI / Des Moines,DES MOINES,50313,POLK,1032080,IRISH WHISKIES,Pernod Ricard USA,19067,Jameson,12,750,17.99,26.99,3,80.97,2.25
INV-202798,2026-03-30,4829,Casey's General Store #2879,Ankeny,50021,POLK,1051010,IMPORTED BRANDIES,Moet Hennessy USA,64866,Hennessy VS,12,750,$24.99,$37.49,15,$562.35,11.25
INV-202799,2026-07-26,2190,"CENTRAL CITY LIQUOR, INC.",DES MOINES,50310,POLK,1041100,AMERICAN DRY GINS,Luxco Inc,35918,Five O'clock Gin,12,1750,8.99,13.49,6,80.94,10.50
INV-202800,2026-06-29,5102,  Corner Tap & Bottle,AMES,50010,STORY,1031200,AMERICAN VODKAS,Sazerac Company Inc,36308,Mr Boston Vodka,12,1000,$4.50,$6.75,3,$20.25,3.00
INV-202801,2026-04-15,4829,Casey's General Store #2879,ANKENY,50021,POLK,1032080,IRISH WHISKIES,Pernod Ricard USA,19067,Jameson,12,750,$17.99,$26.99,3,$80.97,2.25
INV-202802,06/26/2026,3385,Sam's Club 8162,DAVENPORT,52807,SCOTT,1031080,CANADIAN WHISKIES,Heaven Hill Brands,11788,Black Velvet,12,1750,9.75,14.63,1,14.63,1.75
INV-202803,2026-04-10,3385,SAM'S CLUB 8162,DAVENPORT,52807,SCOTT,1051010,IMPORTED BRANDIES,Moet Hennessy USA,64866,Hennessy VS,12,750,$24.99,$37.49,1,$37.49,0.75
INV-202804,2026-02-24,2648,Wilkie Liquors,IOWA CITY,52240,JOHNSON,1032080,IRISH WHISKIES,Pernod Ricard USA,19067,Jameson,12,750,17.99,26.99,14,377.86,10.50
INV-202805,2026-04-01,2190,"CENTRAL CITY LIQUOR, INC.",DES MOINES,50310,POLK,1081600,N/A,Regional Spirits Co,77779,Dusty Shelf Cordial,6,375,11.00,12.10,3,36.30,1.12
INV-202806,2026-06-15,2501,Hy-Vee #3 / BDI / Des Moines,DES MOINES,50313.0,POLK,1081900,WHISKEY LIQUEUR,Sazerac Company Inc,43336,Fireball Cinnamon Whiskey,12,750,8.25 ,12.38 ,1,12.38 ,0.75
INV-202807,05/01/2026,2648,Wilkie Liquors,IOWA CITY,52240,JOHNSON,1041100,AMERICAN DRY GINS,Luxco Inc,35918,Five O'clock Gin,12,1750,$8.99,$13.49,2,$26.98,3.50
INV-202808,2026-02-14,5102,Corner Tap & Bottle,AMES,50010,STORY,1031200,AMERICAN VODKAS,Fifth Generation Inc,26827,Tito's Handmade Vodka,12,750,12.50 ,18.75 ,2,37.50 ,1.50
INV-202809,04/24/2026,2648,Wilkie Liquors,IOWA CITY,52240,JOHNSON,1032080,IRISH WHISKIES,Pernod Ricard USA,19067,Jameson,12,750,17.99,26.99,2,53.98,1.50
INV-202810,2026-04-30,3385,Sam's Club 8162,Davenport,52807,SCOTT,1031200,AMERICAN VODKAS,Fifth Generation Inc,26827,Tito's Handmade Vodka,12,750,12.50,18.75,1,18.75,0.75
INV-202811,25-May-2026,3385,Sam's Club 8162,DAVENPORT,52807,SCOTT,1081900,WHISKEY LIQUEUR,Sazerac Company Inc,43336,Fireball Cinnamon Whiskey,12,750,$8.25,$12.38,7,$86.66,5.25
INV-202812,2026-06-07,2633,Hometown Foods,CEDAR RAPIDS,52402,LINN,1081900,WHISKEY LIQUEUR,Sazerac Company Inc,43336,Fireball Cinnamon Whiskey,12,750,$8.25,$12.38,4,$49.52,3.00
INV-202813,2026-06-10,2501,Hy-Vee #3 / BDI / Des Moines,DES MOINES,50313,POLK,1031200,AMERICAN VODKAS,Sazerac Company Inc,36308,Mr Boston Vodka,12,1000,4.50,6.75,5,33.75,5.00
INV-202814,2026-06-01,2190,"CENTRAL CITY LIQUOR, INC.",DES MOINES,50310,POLK,1051010,IMPORTED BRANDIES,Moet Hennessy USA,64866,Hennessy VS,12,750,24.99,37.49,5,187.45,3.75
INV-202815,2026-06-24,2633,Hometown Foods,Cedar Rapids,52402,LINN,1081600,N/A,Regional Spirits Co,77779,Dusty Shelf Cordial,6,375,11.00,12.10,23,278.30,8.62
INV-202816,2026-03-02,2190,Central City Liquor INC,DES MOINES,50310,POLK,1031200,AMERICAN VODKAS,Sazerac Company Inc,36308,Mr Boston Vodka,12,1000,4.50,6.75,1,6.75,1.00
INV-202817,04/28/2026,5102,Corner Tap & Bottle,Ames,50010,STORY,1031080,CANADIAN WHISKIES,Heaven Hill Brands,11788,Black Velvet,12,1750,9.75,14.63,5,73.15,8.75
INV-202818,2026-07-09,2190,"Central City Liquor, Inc.",Des Moines,50310,POLK,1031200,AMERICAN VODKAS,Sazerac Company Inc,36308,Mr Boston Vodka,12,1000,4.50 ,6.75 ,1,6.75 ,1.00
INV-202819,2026-05-29,2633,Hometown Foods,CEDAR RAPIDS,52402,LINN,1041100,AMERICAN DRY GINS,Luxco Inc,35918,Five O'clock Gin,12,1750,$8.99,$13.49,7,$94.43,12.25
INV-202820,2026-05-11,2633,HOMETOWN FOODS,CEDAR RAPIDS,52402,LINN,1081600,N/A,Regional Spirits Co,77779,Dusty Shelf Cordial,6,375,11.00,12.10,2,24.20,0.75
INV-202821,04/24/2026,2501,Hy-Vee #3 / BDI / Des Moines,DES MOINES,50313,POLK,1032080,IRISH WHISKIES,Pernod Ricard USA,19067,Jameson,12,750,$17.99,$26.99,2,$53.98,1.50
INV-202822,2026-02-20,3385,  Sam's Club 8162,DAVENPORT,52807.0,SCOTT,1041100,AMERICAN DRY GINS,Luxco Inc,35918,Five O'clock Gin,12,1750,8.99,13.49,1,13.49,1.75
INV-202823,02/18/2026,2648,WILKIE LIQUORS,IOWA CITY,52240,JOHNSON,1031200,AMERICAN VODKAS,Sazerac Company Inc,36308,Mr Boston Vodka,12,1000,4.50,6.75,15,101.25,15.00
INV-202824,2026-02-20,2633,Hometown Foods,CEDAR RAPIDS,52402,LINN,1031080,CANADIAN WHISKIES,Heaven Hill Brands,11788,Black Velvet,12,1750,$9.75,$14.63,1,$14.63,1.75
INV-202824,2026-02-20,2633,Hometown Foods,CEDAR RAPIDS,52402,LINN,1031080,CANADIAN WHISKIES,Heaven Hill Brands,11788,Black Velvet,12,1750,$9.75,$14.63,1,$14.63,1.75
INV-202825,06/02/2026,2633,HOMETOWN FOODS,CEDAR RAPIDS,52402.0,LINN,1081600,N/A,Regional Spirits Co,77779,Dusty Shelf Cordial,6,375,11.00,12.10,15,181.50,5.62
INV-202826,2026-05-09,2501,Hy-Vee #3 / BDI / Des Moines,DES MOINES,50313,POLK,1081600,,Regional Spirits Co,77779,Dusty Shelf Cordial,6,375,11.00,12.10,1,12.10,0.38
INV-202827,2026-07-02,5102,Corner Tap and Bottle,AMES,50010,STORY,1031200,AMERICAN VODKAS,Sazerac Company Inc,36308,Mr Boston Vodka,12,1000,4.50,6.75,3,20.25,3.00
INV-202828,03/03/2026,4829,CASEY'S GENERAL STORE #2879,ANKENY,50021,POLK,1081900,WHISKEY LIQUEUR,Sazerac Company Inc,43336,Fireball Cinnamon Whiskey,12,750,8.25 ,12.38 ,2,24.76 ,1.50
INV-202829,03/17/2026,3385,Sam's Club 8162,DAVENPORT,52807,SCOTT,1031200,AMERICAN VODKAS,Sazerac Company Inc,36308,Mr Boston Vodka,12,1000,4.50,6.75,8,54.00,8.00
INV-202830,2026-03-31,4829,Casey's General Store #2879,ANKENY,50021,POLK,1031200,AMERICAN VODKAS,Fifth Generation Inc,26827,Tito's Handmade Vodka,12,750,$12.50,$18.75,1,$18.75,0.75
INV-202831,14-Jun-2026,4829,Casey's General Store #2879,ANKENY,50021.0,POLK,1051010,IMPORTED BRANDIES,Moet Hennessy USA,64866,Hennessy VS,12,750,24.99,37.49,1,37.49,0.75
INV-202832,04-Feb-2026,2190,"Central City Liquor, Inc.",DES MOINES,50310,POLK,1081900,WHISKEY LIQUEUR,Sazerac Company Inc,43336,Fireball Cinnamon Whiskey,12,750,8.25,12.38,1,12.38,0.75
INV-202833,06/20/2026,2501,HY-VEE #3 / BDI / DES MOINES,DES MOINES,50313,POLK,1081600,-,Regional Spirits Co,77779,Dusty Shelf Cordial,6,375,11.00,12.10,7,84.70,2.62
INV-202834,04/01/2026,2633,Hometown Foods,CEDAR RAPIDS,52402,LINN,1051010,IMPORTED BRANDIES,Moet Hennessy USA,64866,Hennessy VS,12,750,24.99,37.49,2,74.98,1.50
INV-202835,2026-04-17,4829,CASEY'S GENERAL STORE #2879,ANKENY,50021,POLK,1031200,AMERICAN VODKAS,Fifth Generation Inc,26827,Tito's Handmade Vodka,12,750,12.50 ,18.75 ,3,56.25 ,2.25
INV-202836,22-Mar-2026,2633,Hometown Foods,Cedar Rapids,52402,LINN,1031200,AMERICAN VODKAS,Fifth Generation Inc,26827,Tito's Handmade Vodka,12,750,12.50,18.75,8,150.00,6.00
INV-202837,06/24/2026,4829,Casey's General Store #2879,ANKENY,50021,POLK,1081600,N/A,Regional Spirits Co,77779,Dusty Shelf Cordial,6,375,$11.00,$12.10,2,$24.20,0.75
INV-202838,07/15/2026,4829,CASEY'S GENERAL STORE #2879,ANKENY,50021.0,POLK,1031080,CANADIAN WHISKIES,Heaven Hill Brands,11788,Black Velvet,12,1750,9.75,14.63,1,14.63,1.75
INV-202839,02/17/2026,2501,  Hy-Vee #3 / BDI / Des Moines,DES MOINES,50313,POLK,1041100,AMERICAN DRY GINS,Luxco Inc,35918,Five O'clock Gin,12,1750,8.99,13.49,10,134.90,17.50
INV-202840,2026-06-29,2190,"Central City Liquor, Inc.",DES MOINES,50310,POLK,1081900,WHISKEY LIQUEUR,Sazerac Company Inc,43336,Fireball Cinnamon Whiskey,12,750,8.25,12.38,17,210.46,12.75
INV-202841,2026-07-17,5102,Corner Tap & Bottle,AMES,50010.0,STORY,1031200,AMERICAN VODKAS,Fifth Generation Inc,26827,Tito's Handmade Vodka,12,750,12.50,18.75,12,225.00,9.00
INV-202842,03/18/2026,4829,  Casey's General Store #2879,ANKENY,50021.0,POLK,1041100,AMERICAN DRY GINS,Luxco Inc,35918,Five O'clock Gin,12,1750,8.99,13.49,1,13.49,1.75
INV-202843,2026-04-10,2648,Wilkie Liquors,IOWA CITY,52240,JOHNSON,1081900,WHISKEY LIQUEUR,Sazerac Company Inc,43336,Fireball Cinnamon Whiskey,12,750,8.25 ,12.38 ,3,37.14 ,2.25
INV-202844,2026-07-05,3385,Sam's Club 8162,DAVENPORT,52807,SCOTT,1041100,AMERICAN DRY GINS,Luxco Inc,35918,Five O'clock Gin,12,1750,$8.99,$13.49,4,$53.96,7.00
INV-202845,2026-03-27,2190,"Central City Liquor, Inc.",DES MOINES,50310,POLK,1081900,WHISKEY LIQUEUR,Sazerac Company Inc,43336,Fireball Cinnamon Whiskey,12,750,$8.25,$12.38,3,$37.14,2.25
INV-202846,2026-04-17,4829,Casey's General Store #2879,ANKENY,50021.0,POLK,1041100,AMERICAN DRY GINS,Luxco Inc,35918,Five O'clock Gin,12,1750,$8.99,$13.49,3,$40.47,5.25
INV-202847,03-Jul-2026,2501,HY-VEE #3 / BDI / DES MOINES,DES MOINES,50313,POLK,1031200,AMERICAN VODKAS,Sazerac Company Inc,36308,Mr Boston Vodka,12,1000,4.50,6.75,1,6.75,1.00
INV-202848,04/29/2026,3385,Sam's Club 8162,DAVENPORT,52807,SCOTT,1081900,WHISKEY LIQUEUR,Sazerac Company Inc,43336,Fireball Cinnamon Whiskey,12,750,8.25,12.38,2,24.76,1.50
INV-202849,2026-07-05,2648,Wilkie Liquors,IOWA CITY,52240,JOHNSON,1031200,AMERICAN VODKAS,Sazerac Company Inc,36308,Mr Boston Vodka,12,1000,4.50,6.75,6,40.50,6.00
INV-202850,04/22/2026,4829,  Casey's General Store #2879,ANKENY,50021.0,POLK,1081600,-,Regional Spirits Co,77779,Dusty Shelf Cordial,6,375,11.00,12.10,4,48.40,1.50
INV-202851,2026-07-04,2633,HOMETOWN FOODS,CEDAR RAPIDS,52402,LINN,1031200,AMERICAN VODKAS,Sazerac Company Inc,36308,Mr Boston Vodka,12,1000,$4.50,$6.75,1,$6.75,1.00
INV-202852,2026-04-04,2648,Wilkie Liquors,Iowa City,52240,JOHNSON,1031200,AMERICAN VODKAS,Sazerac Company Inc,36308,Mr Boston Vodka,12,1000,4.50,6.75,5,33.75,5.00
INV-202853,24-Jun-2026,2501,Hy-Vee #3 / BDI / Des Moines,DES MOINES,50313,POLK,1031200,AMERICAN VODKAS,Sazerac Company Inc,36308,Mr Boston Vodka,12,1000,4.50 ,6.75 ,2,13.50 ,2.00
INV-202854,2026-03-23,3385,Sam's Club 8162,DAVENPORT,52807,SCOTT,1041100,AMERICAN DRY GINS,Luxco Inc,35918,Five O'clock Gin,12,1750,8.99,13.49,8,107.92,14.00
INV-202855,01-Feb-2026,4829,Casey's General Store #2879,ANKENY,50021,POLK,1031200,AMERICAN VODKAS,Fifth Generation Inc,26827,Tito's Handmade Vodka,12,750,12.50,18.75,7,131.25,5.25
INV-202856,2026-05-06,2501,  Hy-Vee #3 / BDI / Des Moines,DES MOINES,50313.0,POLK,1051010,IMPORTED BRANDIES,Moet Hennessy USA,64866,Hennessy VS,12,750,24.99,37.49,2,74.98,1.50
INV-202857,2026-03-28,4829,Casey's General Store #2879,Ankeny,50021,POLK,1031080,CANADIAN WHISKIES,Heaven Hill Brands,11788,Black Velvet,12,1750,9.75,14.63,1,14.63,1.75
INV-202858,06/21/2026,4829,CASEY'S GENERAL STORE #2879,ANKENY,50021,POLK,1081900,WHISKEY LIQUEUR,Sazerac Company Inc,43336,Fireball Cinnamon Whiskey,12,750,$8.25,$12.38,2,$24.76,1.50
INV-202859,2026-03-13,2648,Wilkie Liquors,Iowa City,52240,JOHNSON,1031200,AMERICAN VODKAS,Fifth Generation Inc,26827,Tito's Handmade Vodka,12,750,12.50,18.75,1,18.75,0.75
INV-202860,2026-07-17,4829,Casey's General Store #2879,ANKENY,50021,POLK,1051010,IMPORTED BRANDIES,Moet Hennessy USA,64866,Hennessy VS,12,750,24.99 ,37.49 ,8,299.92 ,6.00
INV-202861,2026-05-29,2633,Hometown Foods,CEDAR RAPIDS,52402,,1032080,IRISH WHISKIES,Pernod Ricard USA,19067,Jameson,12,750,$17.99,$26.99,2,$53.98,1.50
INV-202862,04/03/2026,5102,Corner Tap & Bottle,AMES,50010,STORY,1031080,CANADIAN WHISKIES,Heaven Hill Brands,11788,Black Velvet,12,1750,9.75,14.63,13,190.19,22.75
INV-202863,03/13/2026,2501,HY-VEE #3 / BDI / DES MOINES,DES MOINES,50313,POLK,1041100,AMERICAN DRY GINS,Luxco Inc,35918,Five O'clock Gin,12,1750,8.99 ,13.49 ,1,13.49 ,1.75
INV-202864,2026-02-18,2501,Hy-Vee #3 / BDI / Des Moines,DES MOINES,50313.0,POLK,1051010,IMPORTED BRANDIES,Moet Hennessy USA,64866,Hennessy VS,12,750,24.99 ,37.49 ,2,74.98 ,1.50
INV-202865,2026-06-06,5102,Corner Tap & Bottle,AMES,50010,STORY,1031200,AMERICAN VODKAS,Sazerac Company Inc,36308,Mr Boston Vodka,12,1000,4.50,6.75,3,20.25,3.00
INV-202866,05/12/2026,2190,"  Central City Liquor, Inc.",DES MOINES,50310,,1031200,AMERICAN VODKAS,Sazerac Company Inc,36308,Mr Boston Vodka,12,1000,4.50,6.75,17,114.75,17.00
INV-202867,2026-02-01,2633,Hometown Foods ,CEDAR RAPIDS,52402,LINN,1031080,CANADIAN WHISKIES,Heaven Hill Brands,11788,Black Velvet,12,1750,$9.75,$14.63,2,$29.26,3.50
INV-202868,02/04/2026,2633,Hometown Foods,CEDAR RAPIDS,52402,LINN,1031200,AMERICAN VODKAS,Fifth Generation Inc,26827,Tito's Handmade Vodka,12,750,12.50 ,18.75 ,1,18.75 ,0.75
INV-202869,19-Mar-2026,5102,Corner Tap and Bottle,AMES,50010,STORY,1031200,AMERICAN VODKAS,Sazerac Company Inc,36308,Mr Boston Vodka,12,1000,4.50,6.75,1,6.75,1.00
INV-202870,06/10/2026,4829,Casey's General Store #2879 ,ANKENY,50021,POLK,1041100,AMERICAN DRY GINS,Luxco Inc,35918,Five O'clock Gin,12,1750,$8.99,$13.49,7,$94.43,12.25
INV-202871,2026-04-21,2501,Hy-Vee #3 / BDI / Des Moines,DES MOINES,50313,POLK,1081600,-,Regional Spirits Co,77779,Dusty Shelf Cordial,6,375,11.00,12.10,11,133.10,4.12
INV-202872,07/27/2026,2190,"Central City Liquor, Inc.",DES MOINES,50310,POLK,1051010,IMPORTED BRANDIES,Moet Hennessy USA,64866,Hennessy VS,12,750,24.99,37.49,3,112.47,2.25
INV-202873,2026-04-17,2190,"Central City Liquor, Inc.",DES MOINES,50310,POLK,1051010,IMPORTED BRANDIES,Moet Hennessy USA,64866,Hennessy VS,12,750,$24.99,$37.49,7,$262.43,5.25
INV-202874,2026-04-16,4829,Casey's General Store #2879,ANKENY,50021,POLK,1081900,WHISKEY LIQUEUR,Sazerac Company Inc,43336,Fireball Cinnamon Whiskey,12,750,$8.25,$12.38,1,$12.38,0.75
INV-202875,03/06/2026,2633,  Hometown Foods,CEDAR RAPIDS,52402,LINN,1051010,IMPORTED BRANDIES,Moet Hennessy USA,64866,Hennessy VS,12,750,24.99,37.49,1,37.49,0.75
INV-202876,2026-06-27,5102,Corner Tap & Bottle,AMES,50010,STORY,1031200,AMERICAN VODKAS,Sazerac Company Inc,36308,Mr Boston Vodka,12,1000,4.50 ,6.75 ,1,6.75 ,1.00
INV-202877,2026-04-15,3385,  Sam's Club 8162,DAVENPORT,52807,SCOTT,1041100,AMERICAN DRY GINS,Luxco Inc,35918,Five O'clock Gin,12,1750,8.99 ,13.49 ,9,121.41 ,15.75
INV-202878,2026-07-15,2190,"Central City Liquor, Inc.",DES MOINES,50310.0,,1031200,AMERICAN VODKAS,Fifth Generation Inc,26827,Tito's Handmade Vodka,12,750,12.50 ,18.75 ,2,37.50 ,1.50
INV-202879,02/15/2026,5102,Corner Tap & Bottle,AMES,50010,STORY,1031200,AMERICAN VODKAS,Sazerac Company Inc,36308,Mr Boston Vodka,12,1000,4.50,6.75,1,6.75,1.00
INV-202880,2026-03-15,4829,Casey's General Store #2879,ANKENY,50021,POLK,1031200,AMERICAN VODKAS,Sazerac Company Inc,36308,Mr Boston Vodka,12,1000,4.50 ,6.75 ,1,6.75 ,1.00
INV-202881,2026-03-05,3385,Sam's Club 8162,DAVENPORT,52807,SCOTT,1031080,CANADIAN WHISKIES,Heaven Hill Brands,11788,Black Velvet,12,1750,9.75 ,14.63 ,5,73.15 ,8.75
INV-202882,2026-06-13,2633,Hometown Foods,CEDAR RAPIDS,52402.0,LINN,1081600,-,Regional Spirits Co,77779,Dusty Shelf Cordial,6,375,11.00 ,12.10 ,31,375.10 ,11.62
INV-202883,2026-07-12,4829,Casey's General Store #2879,Ankeny,50021,POLK,1081900,WHISKEY LIQUEUR,Sazerac Company Inc,43336,Fireball Cinnamon Whiskey,12,750,8.25,12.38,2,24.76,1.50
INV-202884,07/28/2026,2648,Wilkie Liquors,IOWA CITY,52240,JOHNSON,1081900,WHISKEY LIQUEUR,Sazerac Company Inc,43336,Fireball Cinnamon Whiskey,12,750,8.25 ,12.38 ,1,12.38 ,0.75
INV-202885,2026-04-26,2633,Hometown Foods,CEDAR RAPIDS,52402,LINN,1032080,IRISH WHISKIES,Pernod Ricard USA,19067,Jameson,12,750,17.99 ,26.99 ,1,26.99 ,0.75
INV-202886,20-Feb-2026,3385,Sam's Club 8162,DAVENPORT,52807,SCOTT,1031200,AMERICAN VODKAS,Sazerac Company Inc,36308,Mr Boston Vodka,12,1000,4.50,6.75,3,20.25,3.00
INV-202887,06-Jun-2026,2648,Wilkie Liquors,IOWA CITY,52240,JOHNSON,1081600,N/A,Regional Spirits Co,77779,Dusty Shelf Cordial,6,375,11.00 ,12.10 ,6,72.60 ,2.25
INV-202888,03/12/2026,2648,Wilkie Liquors,IOWA CITY,52240.0,,1031200,AMERICAN VODKAS,Fifth Generation Inc,26827,Tito's Handmade Vodka,12,750,12.50 ,18.75 ,1,18.75 ,0.75
INV-202889,2026-07-08,2648,Wilkie Liquors,IOWA CITY,52240,JOHNSON,1032080,IRISH WHISKIES,Pernod Ricard USA,19067,Jameson,12,750,$17.99,$26.99,1,$26.99,0.75
INV-202890,05/13/2026,2648,Wilkie Liquors,Iowa City,52240.0,JOHNSON,1032080,IRISH WHISKIES,Pernod Ricard USA,19067,Jameson,12,750,$17.99,$26.99,2,$53.98,1.50
INV-202891,2026-06-01,4829,Casey's General Store #2879,ANKENY,50021,POLK,1081900,WHISKEY LIQUEUR,Sazerac Company Inc,43336,Fireball Cinnamon Whiskey,12,750,8.25 ,12.38 ,7,86.66 ,5.25
INV-202892,2026-03-13,2633,HOMETOWN FOODS,CEDAR RAPIDS,52402,LINN,1081600,-,Regional Spirits Co,77779,Dusty Shelf Cordial,6,375,11.00,12.10,5,60.50,1.88
INV-202893,04/04/2026,2648,Wilkie Liquors,IOWA CITY,52240,JOHNSON,1032080,IRISH WHISKIES,Pernod Ricard USA,19067,Jameson,12,750,$17.99,$26.99,1,$26.99,0.75
INV-202894,2026-04-29,5102,Corner Tap & Bottle ,AMES,50010,STORY,1081900,WHISKEY LIQUEUR,Sazerac Company Inc,43336,Fireball Cinnamon Whiskey,12,750,$8.25,$12.38,12,$148.56,9.00
INV-202895,07-Jul-2026,2648,Wilkie Liquors,IOWA CITY,52240,JOHNSON,1081600,,Regional Spirits Co,77779,Dusty Shelf Cordial,6,375,$11.00,$12.10,2,$24.20,0.75
INV-202896,2026-04-29,2633,HOMETOWN FOODS,CEDAR RAPIDS,52402,LINN,1031200,AMERICAN VODKAS,Fifth Generation Inc,26827,Tito's Handmade Vodka,12,750,12.50,18.75,2,37.50,1.50
INV-202897,05/04/2026,3385,SAM'S CLUB 8162,DAVENPORT,52807.0,SCOTT,1031200,AMERICAN VODKAS,Sazerac Company Inc,36308,Mr Boston Vodka,12,1000,4.50 ,6.75 ,1,6.75 ,1.00
INV-202898,2026-04-15,2190,"Central City Liquor, Inc.",DES MOINES,50310,,1041100,AMERICAN DRY GINS,Luxco Inc,35918,Five O'clock Gin,12,1750,8.99,13.49,4,53.96,7.00
INV-202899,04/12/2026,2648,WILKIE LIQUORS,IOWA CITY,52240,JOHNSON,1051010,IMPORTED BRANDIES,Moet Hennessy USA,64866,Hennessy VS,12,750,24.99 ,37.49 ,13,487.37 ,9.75
INV-202900,05/30/2026,2501,  Hy-Vee #3 / BDI / Des Moines,Des Moines,50313,POLK,1031080,CANADIAN WHISKIES,Heaven Hill Brands,11788,Black Velvet,12,1750,$9.75,$14.63,2,$29.26,3.50
INV-202901,2026-04-15,2190,"  Central City Liquor, Inc.",Des Moines,50310,POLK,1041100,AMERICAN DRY GINS,Luxco Inc,35918,Five O'clock Gin,12,1750,8.99 ,13.49 ,2,26.98 ,3.50
INV-202902,2026-06-26,3385,SAM'S CLUB 8162,DAVENPORT,52807,SCOTT,1081600,,Regional Spirits Co,77779,Dusty Shelf Cordial,6,375,11.00,12.10,6,72.60,2.25
INV-202903,02/15/2026,2648,Wilkie Liquors,IOWA CITY,52240,,1032080,IRISH WHISKIES,Pernod Ricard USA,19067,Jameson,12,750,17.99,26.99,3,80.97,2.25
INV-202904,2026-04-11,5102,Corner Tap & Bottle,AMES,50010,STORY,1032080,IRISH WHISKIES,Pernod Ricard USA,19067,Jameson,12,750,17.99,26.99,3,80.97,2.25
INV-202905,02/15/2026,5102,CORNER TAP & BOTTLE,AMES,50010,STORY,1031200,AMERICAN VODKAS,Sazerac Company Inc,36308,Mr Boston Vodka,12,1000,4.50,6.75,6,40.50,6.00
INV-202906,18-Jul-2026,4829,Casey's General Store #2879,ANKENY,50021.0,POLK,1081600,,Regional Spirits Co,77779,Dusty Shelf Cordial,6,375,11.00,12.10,2,24.20,0.75
INV-202907,03/27/2026,5102,Corner Tap & Bottle,AMES,50010,STORY,1032080,IRISH WHISKIES,Pernod Ricard USA,19067,Jameson,12,750,17.99,26.99,1,26.99,0.75
INV-202908,2026-05-13,5102,Corner Tap & Bottle,AMES,50010,STORY,1051010,IMPORTED BRANDIES,Moet Hennessy USA,64866,Hennessy VS,12,750,24.99,37.49,5,187.45,3.75
INV-202909,09-Apr-2026,2501,Hy-Vee #3 / BDI / Des Moines ,DES MOINES,50313,POLK,1031200,AMERICAN VODKAS,Sazerac Company Inc,36308,Mr Boston Vodka,12,1000,4.50,6.75,1,6.75,1.00
INV-202910,31-Jan-2026,2190,"Central City Liquor, Inc.",Des Moines,50310.0,POLK,1051010,IMPORTED BRANDIES,Moet Hennessy USA,64866,Hennessy VS,12,750,24.99,37.49,2,74.98,1.50
INV-202911,03/22/2026,4829,Casey's General Store #2879,ANKENY,50021,POLK,1041100,AMERICAN DRY GINS,Luxco Inc,35918,Five O'clock Gin,12,1750,$8.99,$13.49,1,$13.49,1.75
INV-202912,2026-05-28,3385,Sam's Club 8162,DAVENPORT,52807,,1031080,CANADIAN WHISKIES,Heaven Hill Brands,11788,Black Velvet,12,1750,9.75,14.63,10,146.30,17.50
INV-202913,2026-05-02,2501,Hy-Vee #3 / BDI / Des Moines,DES MOINES,50313,,1041100,AMERICAN DRY GINS,Luxco Inc,35918,Five O'clock Gin,12,1750,8.99,13.49,1,13.49,1.75
INV-202914,06/06/2026,2190,"Central City Liquor, Inc.",DES MOINES,50310,POLK,1051010,IMPORTED BRANDIES,Moet Hennessy USA,64866,Hennessy VS,12,750,24.99,37.49,1,37.49,0.75
INV-202915,04/06/2026,3385,Sam's Club 8162,DAVENPORT,52807,SCOTT,1051010,IMPORTED BRANDIES,Moet Hennessy USA,64866,Hennessy VS,12,750,24.99,37.49,2,74.98,1.50
INV-202916,03/26/2026,3385,SAM'S CLUB 8162,DAVENPORT,52807,SCOTT,1081900,WHISKEY LIQUEUR,Sazerac Company Inc,43336,Fireball Cinnamon Whiskey,12,750,8.25,12.38,15,185.70,11.25
INV-202917,2026-03-22,2648,Wilkie Liquors,IOWA CITY,52240.0,JOHNSON,1051010,IMPORTED BRANDIES,Moet Hennessy USA,64866,Hennessy VS,12,750,24.99,37.49,1,37.49,0.75
INV-202918,14-Jun-2026,2190,"Central City Liquor, Inc.",DES MOINES,50310,POLK,1081900,WHISKEY LIQUEUR,Sazerac Company Inc,43336,Fireball Cinnamon Whiskey,12,750,8.25 ,12.38 ,44,544.72 ,33.00
INV-202919,2026-05-13,2648,Wilkie Liquors,IOWA CITY,52240.0,JOHNSON,1081600,,Regional Spirits Co,77779,Dusty Shelf Cordial,6,375,N/A,$12.10,1,$12.10,0.38
INV-202920,07/24/2026,3385,SAM'S CLUB 8162,DAVENPORT,52807,SCOTT,1081900,WHISKEY LIQUEUR,Sazerac Company Inc,43336,Fireball Cinnamon Whiskey,12,750,8.25 ,12.38 ,2,24.76 ,1.50
INV-202921,05/12/2026,2501,  Hy-Vee #3 / BDI / Des Moines,DES MOINES,50313,POLK,1041100,AMERICAN DRY GINS,Luxco Inc,35918,Five O'clock Gin,12,1750,8.99,13.49,1,13.49,1.75
INV-202922,07/10/2026,4829,Casey's General Store #2879,ANKENY,50021,POLK,1031200,AMERICAN VODKAS,Fifth Generation Inc,26827,Tito's Handmade Vodka,12,750,$12.50,$18.75,1,$18.75,0.75
INV-202923,01/31/2026,4829,Casey's General Store #2879,ANKENY,50021.0,POLK,1031080,CANADIAN WHISKIES,Heaven Hill Brands,11788,Black Velvet,12,1750,9.75,14.63,2,29.26,3.50
INV-202924,07/24/2026,4829,CASEY'S GENERAL STORE #2879,ANKENY,50021,POLK,1031200,AMERICAN VODKAS,Fifth Generation Inc,26827,Tito's Handmade Vodka,12,750,12.50 ,18.75 ,5,93.75 ,3.75
INV-202925,02/21/2026,2648,Wilkie Liquors,IOWA CITY,52240,JOHNSON,1051010,IMPORTED BRANDIES,Moet Hennessy USA,64866,Hennessy VS,12,750,24.99,37.49,3,112.47,2.25
INV-202925,02/21/2026,2648,Wilkie Liquors,IOWA CITY,52240,JOHNSON,1051010,IMPORTED BRANDIES,Moet Hennessy USA,64866,Hennessy VS,12,750,24.99,37.49,3,112.47,2.25
INV-202926,06/09/2026,5102,  Corner Tap & Bottle,AMES,50010,STORY,1031200,AMERICAN VODKAS,Fifth Generation Inc,26827,Tito's Handmade Vodka,12,750,12.50,18.75,3,56.25,2.25
INV-202927,02/08/2026,3385,Sam's Club 8162,DAVENPORT,52807,SCOTT,1041100,AMERICAN DRY GINS,Luxco Inc,35918,Five O'clock Gin,12,1750,$8.99,$13.49,1,$13.49,1.75
INV-202928,07/02/2026,3385,Sam's Club 8162,DAVENPORT,52807,SCOTT,1051010,IMPORTED BRANDIES,Moet Hennessy USA,64866,Hennessy VS,12,750,24.99,37.49,14,524.86,10.50
INV-202929,07/20/2026,4829,Casey's General Store #2879,ANKENY,50021,POLK,1051010,IMPORTED BRANDIES,Moet Hennessy USA,64866,Hennessy VS,12,750,$24.99,$37.49,1,$37.49,0.75
INV-202930,17-May-2026,2633,Hometown Foods,CEDAR RAPIDS,52402,LINN,1041100,AMERICAN DRY GINS,Luxco Inc,35918,Five O'clock Gin,12,1750,8.99,13.49,4,53.96,7.00
INV-202931,2026-07-12,2633,Hometown Foods,CEDAR RAPIDS,52402.0,LINN,1031200,AMERICAN VODKAS,Fifth Generation Inc,26827,Tito's Handmade Vodka,12,750,12.50,18.75,1,18.75,0.75
INV-202932,2026-03-16,2501,  Hy-Vee #3 / BDI / Des Moines,DES MOINES,50313,POLK,1051010,IMPORTED BRANDIES,Moet Hennessy USA,64866,Hennessy VS,12,750,24.99,37.49,1,37.49,0.75
INV-202933,04/27/2026,3385,Sam's Club 8162,DAVENPORT,52807,SCOTT,1031080,CANADIAN WHISKIES,Heaven Hill Brands,11788,Black Velvet,12,1750,$9.75,$14.63,1,$14.63,1.75
INV-202934,17-Feb-2026,4829,Casey's General Store #2879,ANKENY,50021,POLK,1081900,WHISKEY LIQUEUR,Sazerac Company Inc,43336,Fireball Cinnamon Whiskey,12,750,$8.25,$12.38,2,$24.76,1.50
INV-202935,2026-07-09,2633,Hometown Foods ,CEDAR RAPIDS,52402.0,LINN,1032080,IRISH WHISKIES,Pernod Ricard USA,19067,Jameson,12,750,17.99 ,26.99 ,6,161.94 ,4.50
INV-202936,2026-03-10,3385,Sam's Club 8162,DAVENPORT,52807,SCOTT,1031200,AMERICAN VODKAS,Fifth Generation Inc,26827,Tito's Handmade Vodka,12,750,12.50,18.75,5,93.75,3.75
INV-202937,2026-04-20,2648,Wilkie Liquors ,IOWA CITY,52240,JOHNSON,1051010,IMPORTED BRANDIES,Moet Hennessy USA,64866,Hennessy VS,12,750,,37.49,4,149.96,3.00
INV-202938,07/20/2026,4829,Casey's General Store #2879,ANKENY,50021,POLK,1081600,N/A,Regional Spirits Co,77779,Dusty Shelf Cordial,6,375,11.00,12.10,2,24.20,0.75
INV-202939,2026-02-14,4829,Casey's General Store #2879,ANKENY,50021,POLK,1031080,CANADIAN WHISKIES,Heaven Hill Brands,11788,Black Velvet,12,1750,9.75,14.63,3,43.89,5.25
INV-202940,19-Feb-2026,5102,Corner Tap & Bottle,AMES,50010,STORY,1031080,CANADIAN WHISKIES,Heaven Hill Brands,11788,Black Velvet,12,1750,9.75,14.63,1,14.63,1.75
INV-202941,2026-02-20,3385,SAM'S CLUB 8162,DAVENPORT,52807,SCOTT,1031200,AMERICAN VODKAS,Fifth Generation Inc,26827,Tito's Handmade Vodka,12,750,12.50,18.75,3,56.25,2.25
INV-202942,06/13/2026,2648,WILKIE LIQUORS,IOWA CITY,52240,JOHNSON,1051010,IMPORTED BRANDIES,Moet Hennessy USA,64866,Hennessy VS,12,750,24.99 ,37.49 ,3,112.47 ,2.25
INV-202943,2026-04-20,2501,Hy-Vee #3 / BDI / Des Moines,DES MOINES,50313,POLK,1031080,CANADIAN WHISKIES,Heaven Hill Brands,11788,Black Velvet,12,1750,9.75,14.63,2,29.26,3.50
INV-202944,2026-02-20,2501,Hy-Vee #3 / BDI / Des Moines,DES MOINES,50313,POLK,1051010,IMPORTED BRANDIES,Moet Hennessy USA,64866,Hennessy VS,12,750,$24.99,$37.49,1,$37.49,0.75
INV-202945,05/18/2026,2190,"  Central City Liquor, Inc.",Des Moines,50310,POLK,1032080,IRISH WHISKIES,Pernod Ricard USA,19067,Jameson,12,750,17.99,26.99,5,134.95,3.75
INV-202946,03/22/2026,5102,Corner Tap & Bottle,AMES,50010,STORY,1081600,N/A,Regional Spirits Co,77779,Dusty Shelf Cordial,6,375,11.00,12.10,1,12.10,0.38
INV-202947,2026-02-25,2501,Hy-Vee #3 / BDI / Des Moines,DES MOINES,50313,POLK,1051010,IMPORTED BRANDIES,Moet Hennessy USA,64866,Hennessy VS,12,750,24.99,37.49,1,37.49,0.75
INV-202948,2026-05-13,2648,Wilkie Liquors,IOWA CITY,52240.0,JOHNSON,1031200,AMERICAN VODKAS,Sazerac Company Inc,36308,Mr Boston Vodka,12,1000,4.50,6.75,2,13.50,2.00
INV-202949,06/27/2026,2648,  Wilkie Liquors,Iowa City,52240,JOHNSON,1081600,N/A,Regional Spirits Co,77779,Dusty Shelf Cordial,6,375,$11.00,$12.10,2,$24.20,0.75
INV-202950,15-Feb-2026,2190,"Central City Liquor, Inc.",DES MOINES,50310,POLK,1041100,AMERICAN DRY GINS,Luxco Inc,35918,Five O'clock Gin,12,1750,8.99,13.49,6,80.94,10.50
INV-202951,2026-06-10,2648,Wilkie Liquors,IOWA CITY,52240,JOHNSON,1051010,IMPORTED BRANDIES,Moet Hennessy USA,64866,Hennessy VS,12,750,$24.99,$37.49,3,$112.47,2.25
INV-202952,2026-03-14,4829,Casey's General Store #2879,ANKENY,50021,POLK,1051010,IMPORTED BRANDIES,Moet Hennessy USA,64866,Hennessy VS,12,750,24.99,37.49,4,149.96,3.00
INV-202953,2026-01-30,2633,  Hometown Foods,Cedar Rapids,52402,LINN,1081900,WHISKEY LIQUEUR,Sazerac Company Inc,43336,Fireball Cinnamon Whiskey,12,750,8.25,12.38,5,61.90,3.75
INV-202954,05/11/2026,2190,"CENTRAL CITY LIQUOR, INC.",DES MOINES,50310,POLK,1031080,CANADIAN WHISKIES,Heaven Hill Brands,11788,Black Velvet,12,1750,9.75,14.63,3,43.89,5.25
INV-202955,04/19/2026,2501,Hy-Vee #3 / BDI / Des Moines,DES MOINES,50313,POLK,1051010,IMPORTED BRANDIES,Moet Hennessy USA,64866,Hennessy VS,12,750,$24.99,$37.49,1,$37.49,0.75
INV-202956,12-May-2026,2633,Hometown Foods,CEDAR RAPIDS,52402,LINN,1081600,-,Regional Spirits Co,77779,Dusty Shelf Cordial,6,375,11.00,12.10,1,12.10,0.38
INV-202957,2026-06-09,2633,Hometown Foods,CEDAR RAPIDS,52402,LINN,1041100,AMERICAN DRY GINS,Luxco Inc,35918,Five O'clock Gin,12,1750,8.99,13.49,2,26.98,3.50
INV-202958,12-Mar-2026,2648,WILKIE LIQUORS,IOWA CITY,52240,JOHNSON,1051010,IMPORTED BRANDIES,Moet Hennessy USA,64866,Hennessy VS,12,750,24.99 ,37.49 ,3,112.47 ,2.25
INV-202959,2026-04-12,2190,"Central City Liquor, Inc.",DES MOINES,50310,POLK,1081900,WHISKEY LIQUEUR,Sazerac Company Inc,43336,Fireball Cinnamon Whiskey,12,750,8.25 ,12.38 ,1,12.38 ,0.75
INV-202960,2026-07-24,2190,"Central City Liquor, Inc.",DES MOINES,50310.0,POLK,1032080,IRISH WHISKIES,Pernod Ricard USA,19067,Jameson,12,750,17.99,26.99,8,215.92,6.00
INV-202961,17-Jun-2026,3385,Sam's Club 8162,DAVENPORT,52807,SCOTT,1031200,AMERICAN VODKAS,Fifth Generation Inc,26827,Tito's Handmade Vodka,12,750,$12.50,$18.75,1,$18.75,0.75
INV-202962,15-Apr-2026,2648,Wilkie Liquors,Iowa City,52240,,1081600,-,Regional Spirits Co,77779,Dusty Shelf Cordial,6,375,11.00,12.10,13,157.30,4.88
INV-202963,2026-07-12,2633,Hometown Foods,CEDAR RAPIDS,52402,LINN,1032080,IRISH WHISKIES,Pernod Ricard USA,19067,Jameson,12,750,17.99,26.99,5,134.95,3.75
INV-202964,2026-06-09,2190,"Central City Liquor, Inc.",DES MOINES,50310.0,POLK,1041100,AMERICAN DRY GINS,Luxco Inc,35918,Five O'clock Gin,12,1750,8.99,13.49,4,53.96,7.00
INV-202965,04/07/2026,2501,Hy-Vee #3 / BDI / Des Moines ,DES MOINES,50313,POLK,1081600,N/A,Regional Spirits Co,77779,Dusty Shelf Cordial,6,375,11.00 ,12.10 ,4,48.40 ,1.50
INV-202966,2026-06-13,2190,"Central City Liquor, Inc.",Des Moines,50310,POLK,1081900,WHISKEY LIQUEUR,Sazerac Company Inc,43336,Fireball Cinnamon Whiskey,12,750,$8.25,$12.38,4,$49.52,3.00
INV-202967,03/27/2026,2190,"Central City Liquor, Inc.",DES MOINES,50310,POLK,1051010,IMPORTED BRANDIES,Moet Hennessy USA,64866,Hennessy VS,12,750,$24.99,$37.49,11,$412.39,8.25
INV-202968,07/07/2026,2633,HOMETOWN FOODS,CEDAR RAPIDS,52402,LINN,1031200,AMERICAN VODKAS,Sazerac Company Inc,36308,Mr Boston Vodka,12,1000,,6.75,4,27.00,4.00
INV-202969,2026-07-06,2633,Hometown Foods,CEDAR RAPIDS,52402,LINN,1081600,,Regional Spirits Co,77779,Dusty Shelf Cordial,6,375,$11.00,$12.10,4,$48.40,1.50
INV-202970,04/01/2026,5102,Corner Tap & Bottle,AMES,50010.0,STORY,1041100,AMERICAN DRY GINS,Luxco Inc,35918,Five O'clock Gin,12,1750,8.99,13.49,3,40.47,5.25
INV-202971,2026-04-17,2633,Hometown Foods,CEDAR RAPIDS,52402,LINN,1081600,,Regional Spirits Co,77779,Dusty Shelf Cordial,6,375,$11.00,$12.10,3,$36.30,1.12
INV-202972,05/16/2026,2190,"Central City Liquor, Inc.",DES MOINES,50310,POLK,1032080,IRISH WHISKIES,Pernod Ricard USA,19067,Jameson,12,750,17.99,26.99,1,26.99,0.75
INV-202973,05/29/2026,3385,Sam's Club 8162,Davenport,52807,SCOTT,1081600,N/A,Regional Spirits Co,77779,Dusty Shelf Cordial,6,375,11.00 ,12.10 ,2,24.20 ,0.75
INV-202974,05/31/2026,2190,"Central City Liquor, Inc.",DES MOINES,50310,POLK,1031200,AMERICAN VODKAS,Sazerac Company Inc,36308,Mr Boston Vodka,12,1000,4.50,6.75,1,6.75,1.00
INV-202975,2026-04-28,4829,Casey's General Store #2879,ANKENY,50021,,1081600,-,Regional Spirits Co,77779,Dusty Shelf Cordial,6,375,$11.00,$12.10,5,$60.50,1.88
INV-202976,04/28/2026,2190,"Central City Liquor, Inc.",DES MOINES,50310,POLK,1032080,IRISH WHISKIES,Pernod Ricard USA,19067,Jameson,12,750,17.99,26.99,2,53.98,1.50
INV-202977,06/15/2026,2633,Hometown Foods,CEDAR RAPIDS,52402,LINN,1032080,IRISH WHISKIES,Pernod Ricard USA,19067,Jameson,12,750,$17.99,$26.99,1,$26.99,0.75
INV-202978,2026-03-07,2190,"Central City Liquor, Inc.",DES MOINES,50310,POLK,1031200,AMERICAN VODKAS,Fifth Generation Inc,26827,Tito's Handmade Vodka,12,750,12.50,18.75,3,56.25,2.25
INV-202979,05/21/2026,2190,"  Central City Liquor, Inc.",DES MOINES,50310,POLK,1031080,CANADIAN WHISKIES,Heaven Hill Brands,11788,Black Velvet,12,1750,$9.75,$14.63,3,$43.89,5.25
INV-202980,2026-02-26,2633,Hometown Foods,CEDAR RAPIDS,52402,LINN,1081600,-,Regional Spirits Co,77779,Dusty Shelf Cordial,6,375,$11.00,$12.10,3,$36.30,1.12
INV-202981,05/10/2026,2648,WILKIE LIQUORS,IOWA CITY,52240,JOHNSON,1041100,AMERICAN DRY GINS,Luxco Inc,35918,Five O'clock Gin,12,1750,8.99,13.49,8,107.92,14.00
INV-202982,2026-03-21,4829,Casey's General Store #2879,ANKENY,50021,POLK,1031200,AMERICAN VODKAS,Sazerac Company Inc,36308,Mr Boston Vodka,12,1000,4.50 ,6.75 ,5,33.75 ,5.00
INV-202983,2026-06-03,3385,Sam's Club 8162,DAVENPORT,52807,SCOTT,1031200,AMERICAN VODKAS,Sazerac Company Inc,36308,Mr Boston Vodka,12,1000,4.50 ,6.75 ,3,20.25 ,3.00
INV-202984,2026-02-26,3385,  Sam's Club 8162,DAVENPORT,52807,SCOTT,1041100,AMERICAN DRY GINS,Luxco Inc,35918,Five O'clock Gin,12,1750,8.99,13.49,2,26.98,3.50
INV-202985,2026-05-09,3385,Sam's Club 8162,DAVENPORT,52807.0,SCOTT,1031200,AMERICAN VODKAS,Fifth Generation Inc,26827,Tito's Handmade Vodka,12,750,12.50,18.75,1,18.75,0.75
INV-202986,05/13/2026,2648,Wilkie Liquors,IOWA CITY,52240,JOHNSON,1041100,AMERICAN DRY GINS,Luxco Inc,35918,Five O'clock Gin,12,1750,$8.99,$13.49,11,$148.39,19.25
INV-202987,03/13/2026,2633,Hometown Foods,CEDAR RAPIDS,52402,LINN,1081900,WHISKEY LIQUEUR,Sazerac Company Inc,43336,Fireball Cinnamon Whiskey,12,750,8.25,12.38,1,12.38,0.75
INV-202988,2026-05-18,3385,SAM'S CLUB 8162,DAVENPORT,52807,SCOTT,1031200,AMERICAN VODKAS,Fifth Generation Inc,26827,Tito's Handmade Vodka,12,750,12.50,18.75,1,18.75,0.75
INV-202989,02/14/2026,3385,Sam's Club 8162 ,DAVENPORT,52807,SCOTT,1051010,IMPORTED BRANDIES,Moet Hennessy USA,64866,Hennessy VS,12,750,$24.99,$37.49,5,$187.45,3.75
INV-202990,06/07/2026,2190,"  Central City Liquor, Inc.",DES MOINES,50310.0,POLK,1032080,IRISH WHISKIES,Pernod Ricard USA,19067,Jameson,12,750,17.99 ,26.99 ,1,26.99 ,0.75
INV-202991,05/07/2026,3385,SAM'S CLUB 8162,DAVENPORT,52807,,1031200,AMERICAN VODKAS,Sazerac Company Inc,36308,Mr Boston Vodka,12,1000,4.50,6.75,1,6.75,1.00
INV-202992,03/20/2026,2190,"Central City Liquor, Inc.",DES MOINES,50310,POLK,1031080,CANADIAN WHISKIES,Heaven Hill Brands,11788,Black Velvet,12,1750,9.75,14.63,1,14.63,1.75
INV-202993,07/24/2026,3385,SAM'S CLUB 8162,DAVENPORT,52807,SCOTT,1051010,IMPORTED BRANDIES,Moet Hennessy USA,64866,Hennessy VS,12,750,$24.99,$37.49,1,$37.49,0.75
INV-202994,2026-07-27,3385,Sam's Club 8162,DAVENPORT,52807,SCOTT,1031200,AMERICAN VODKAS,Fifth Generation Inc,26827,Tito's Handmade Vodka,12,750,,18.75,3,56.25,2.25
INV-202995,2026-02-13,3385,Sam's Club 8162,DAVENPORT,52807.0,SCOTT,1081900,WHISKEY LIQUEUR,Sazerac Company Inc,43336,Fireball Cinnamon Whiskey,12,750,8.25,12.38,1,12.38,0.75
INV-202996,2026-05-31,2501,Hy-Vee #3 / BDI / Des Moines ,DES MOINES,50313,POLK,1031080,CANADIAN WHISKIES,Heaven Hill Brands,11788,Black Velvet,12,1750,$9.75,$14.63,2,$29.26,3.50
INV-202997,03/04/2026,2501,Hy-Vee #3 / BDI / Des Moines,DES MOINES,50313,POLK,1081600,,Regional Spirits Co,77779,Dusty Shelf Cordial,6,375,11.00,12.10,8,96.80,3.00
INV-202998,2026-05-05,2190,"Central City Liquor, Inc.",DES MOINES,50310,POLK,1081600,-,Regional Spirits Co,77779,Dusty Shelf Cordial,6,375,11.00,12.10,5,60.50,1.88
INV-202999,07/17/2026,2190,"Central City Liquor, Inc.",DES MOINES,50310,,1041100,AMERICAN DRY GINS,Luxco Inc,35918,Five O'clock Gin,12,1750,$8.99,$13.49,1,$13.49,1.75
INV-203000,2026-05-31,5102,Corner Tap & Bottle,Ames,50010,STORY,1081600,,Regional Spirits Co,77779,Dusty Shelf Cordial,6,375,11.00,12.10,10,121.00,3.75
INV-203001,2026-06-09,2648,WILKIE LIQUORS,Iowa City,52240,JOHNSON,1031200,AMERICAN VODKAS,Sazerac Company Inc,36308,Mr Boston Vodka,12,1000,$4.50,$6.75,9,$60.75,9.00
INV-203002,2026-05-01,2190,Central City Liquor INC,DES MOINES,50310,POLK,1051010,IMPORTED BRANDIES,Moet Hennessy USA,64866,Hennessy VS,12,750,$24.99,$37.49,4,$149.96,3.00
INV-203003,2026-02-23,2501,Hy-Vee #3 / BDI / Des Moines,DES MOINES,50313,POLK,1081900,WHISKEY LIQUEUR,Sazerac Company Inc,43336,Fireball Cinnamon Whiskey,12,750,8.25,12.38,4,49.52,3.00
INV-203004,02/14/2026,5102,Corner Tap & Bottle,Ames,50010,,1081600,N/A,Regional Spirits Co,77779,Dusty Shelf Cordial,6,375,11.00,12.10,3,36.30,1.12
INV-203005,2026-03-24,2501,Hy-Vee #3 / BDI / Des Moines,DES MOINES,50313,POLK,1041100,AMERICAN DRY GINS,Luxco Inc,35918,Five O'clock Gin,12,1750,8.99,13.49,2,26.98,3.50
INV-203006,15-Jun-2026,5102,Corner Tap & Bottle ,AMES,50010,STORY,1051010,IMPORTED BRANDIES,Moet Hennessy USA,64866,Hennessy VS,12,750,24.99 ,37.49 ,1,37.49 ,0.75
INV-203007,2026-05-17,3385,Sam's Club 8162 ,DAVENPORT,52807,SCOTT,1081600,-,Regional Spirits Co,77779,Dusty Shelf Cordial,6,375,$11.00,$12.10,3,$36.30,1.12
INV-203008,07-May-2026,2648,Wilkie Liquors,IOWA CITY,52240,JOHNSON,1032080,IRISH WHISKIES,Pernod Ricard USA,19067,Jameson,12,750,17.99,26.99,1,26.99,0.75
INV-203009,2026-03-06,2648,WILKIE LIQUORS,IOWA CITY,52240,JOHNSON,1051010,IMPORTED BRANDIES,Moet Hennessy USA,64866,Hennessy VS,12,750,24.99 ,37.49 ,3,112.47 ,2.25
INV-203010,07/06/2026,2633,Hometown Foods,CEDAR RAPIDS,52402,LINN,1032080,IRISH WHISKIES,Pernod Ricard USA,19067,Jameson,12,750,$17.99,$26.99,1,$26.99,0.75
INV-203011,2026-04-19,2190,"CENTRAL CITY LIQUOR, INC.",DES MOINES,50310,POLK,1081600,N/A,Regional Spirits Co,77779,Dusty Shelf Cordial,6,375,11.00,12.10,1,12.10,0.38
INV-203012,05/31/2026,2190,"Central City Liquor, Inc.",DES MOINES,50310,POLK,1041100,AMERICAN DRY GINS,Luxco Inc,35918,Five O'clock Gin,12,1750,8.99,13.49,2,26.98,3.50
INV-203013,2026-03-19,2501,HY-VEE #3 / BDI / DES MOINES,DES MOINES,50313,POLK,1081900,WHISKEY LIQUEUR,Sazerac Company Inc,43336,Fireball Cinnamon Whiskey,12,750,8.25,12.38,1,12.38,0.75
INV-203014,2026-04-15,5102,Corner Tap & Bottle,AMES,50010,STORY,1032080,IRISH WHISKIES,Pernod Ricard USA,19067,Jameson,12,750,17.99,26.99,1,26.99,0.75
INV-203015,16-May-2026,4829,Casey's General Store #2879 ,ANKENY,50021,POLK,1041100,AMERICAN DRY GINS,Luxco Inc,35918,Five O'clock Gin,12,1750,8.99,13.49,4,53.96,7.00
INV-203016,19-Feb-2026,5102,Corner Tap & Bottle ,AMES,50010,STORY,1081900,WHISKEY LIQUEUR,Sazerac Company Inc,43336,Fireball Cinnamon Whiskey,12,750,8.25,12.38,2,24.76,1.50
INV-203017,2026-07-20,3385,Sam's Club 8162,DAVENPORT,52807.0,SCOTT,1031200,AMERICAN VODKAS,Sazerac Company Inc,36308,Mr Boston Vodka,12,1000,$4.50,$6.75,3,$20.25,3.00
INV-203018,2026-03-11,2190,"Central City Liquor, Inc.",DES MOINES,50310.0,POLK,1031200,AMERICAN VODKAS,Sazerac Company Inc,36308,Mr Boston Vodka,12,1000,$4.50,$6.75,1,$6.75,1.00
INV-203019,01/31/2026,2501,HY-VEE #3 / BDI / DES MOINES,DES MOINES,50313,POLK,1031200,AMERICAN VODKAS,Fifth Generation Inc,26827,Tito's Handmade Vodka,12,750,12.50,18.75,1,18.75,0.75
INV-203020,07/14/2026,5102,Corner Tap & Bottle,AMES,50010,,1031080,CANADIAN WHISKIES,Heaven Hill Brands,11788,Black Velvet,12,1750,9.75,14.63,8,117.04,14.00
INV-203021,2026-07-23,3385,SAM'S CLUB 8162,DAVENPORT,52807.0,SCOTT,1031080,CANADIAN WHISKIES,Heaven Hill Brands,11788,Black Velvet,12,1750,9.75,14.63,1,14.63,1.75
INV-203022,04/05/2026,2648,WILKIE LIQUORS,IOWA CITY,52240,JOHNSON,1031200,AMERICAN VODKAS,Fifth Generation Inc,26827,Tito's Handmade Vodka,12,750,$12.50,$18.75,3,$56.25,2.25
INV-203023,2026-06-07,2633,Hometown Foods,CEDAR RAPIDS,52402,LINN,1041100,AMERICAN DRY GINS,Luxco Inc,35918,Five O'clock Gin,12,1750,8.99,13.49,2,26.98,3.50
INV-203024,06/20/2026,5102,Corner Tap & Bottle,AMES,50010,STORY,1081900,WHISKEY LIQUEUR,Sazerac Company Inc,43336,Fireball Cinnamon Whiskey,12,750,8.25 ,12.38 ,1,12.38 ,0.75
INV-203025,09-Feb-2026,3385,Sam's Club 8162,DAVENPORT,52807,SCOTT,1031200,AMERICAN VODKAS,Fifth Generation Inc,26827,Tito's Handmade Vodka,12,750,12.50,18.75,1,18.75,0.75
INV-203026,2026-07-13,5102,Corner Tap & Bottle,AMES,50010,,1051010,IMPORTED BRANDIES,Moet Hennessy USA,64866,Hennessy VS,12,750,$24.99,$37.49,4,$149.96,3.00
INV-203027,2026-05-07,3385,Sam's Club 8162,DAVENPORT,52807,SCOTT,1032080,IRISH WHISKIES,Pernod Ricard USA,19067,Jameson,12,750,17.99,26.99,2,53.98,1.50
INV-203028,2026-07-24,5102,Corner Tap & Bottle,AMES,50010,STORY,1051010,IMPORTED BRANDIES,Moet Hennessy USA,64866,Hennessy VS,12,750,24.99,37.49,92,3449.08,69.00
INV-203029,2026-04-02,3385,Sam's Club 8162,DAVENPORT,52807,SCOTT,1081900,WHISKEY LIQUEUR,Sazerac Company Inc,43336,Fireball Cinnamon Whiskey,12,750,$8.25,$12.38,2,$24.76,1.50
INV-203030,2026-05-28,2633,Hometown Foods,CEDAR RAPIDS,52402,LINN,1031200,AMERICAN VODKAS,Sazerac Company Inc,36308,Mr Boston Vodka,12,1000,4.50,6.75,1,6.75,1.00
INV-203031,07/26/2026,2648,Wilkie Liquors,IOWA CITY,52240,JOHNSON,1041100,AMERICAN DRY GINS,Luxco Inc,35918,Five O'clock Gin,12,1750,8.99 ,13.49 ,1,13.49 ,1.75
INV-203032,2026-02-10,2501,Hy-Vee #3 / BDI / Des Moines ,DES MOINES,50313,POLK,1041100,AMERICAN DRY GINS,Luxco Inc,35918,Five O'clock Gin,12,1750,$8.99,$13.49,1,$13.49,1.75
INV-203033,2026-07-12,4829,Casey's General Store #2879,ANKENY,50021,POLK,1041100,AMERICAN DRY GINS,Luxco Inc,35918,Five O'clock Gin,12,1750,8.99,13.49,1,13.49,1.75
INV-203034,2026-06-24,4829,Casey's General Store #2879,ANKENY,50021,POLK,1081900,WHISKEY LIQUEUR,Sazerac Company Inc,43336,Fireball Cinnamon Whiskey,12,750,$8.25,$12.38,1,$12.38,0.75
INV-203035,2026-06-24,2633,Hometown Foods,CEDAR RAPIDS,52402,LINN,1081600,-,Regional Spirits Co,77779,Dusty Shelf Cordial,6,375,11.00 ,12.10 ,4,48.40 ,1.50
INV-203036,03/23/2026,2190,"Central City Liquor, Inc.",DES MOINES,50310,POLK,1081900,WHISKEY LIQUEUR,Sazerac Company Inc,43336,Fireball Cinnamon Whiskey,12,750,8.25,12.38,4,49.52,3.00
INV-203037,04/22/2026,4829,Casey's General Store #2879,ANKENY,50021,POLK,1051010,IMPORTED BRANDIES,Moet Hennessy USA,64866,Hennessy VS,12,750,24.99,37.49,2,74.98,1.50
INV-203038,04/15/2026,2648,Wilkie Liquors,IOWA CITY,52240,,1031200,AMERICAN VODKAS,Fifth Generation Inc,26827,Tito's Handmade Vodka,12,750,$12.50,$18.75,3,$56.25,2.25
INV-203039,2026-03-22,3385,Sam's Club 8162,DAVENPORT,52807,SCOTT,1031080,CANADIAN WHISKIES,Heaven Hill Brands,11788,Black Velvet,12,1750,9.75,14.63,5,73.15,8.75
INV-203040,23-Jul-2026,2190,"Central City Liquor, Inc.",DES MOINES,50310,POLK,1031080,CANADIAN WHISKIES,Heaven Hill Brands,11788,Black Velvet,12,1750,$9.75,$14.63,3,$43.89,5.25
INV-203041,27-Feb-2026,2648,Wilkie Liquors ,IOWA CITY,52240,JOHNSON,1081900,WHISKEY LIQUEUR,Sazerac Company Inc,43336,Fireball Cinnamon Whiskey,12,750,8.25,12.38,4,49.52,3.00
INV-203042,02/03/2026,5102,Corner Tap & Bottle,AMES,50010,STORY,1032080,IRISH WHISKIES,Pernod Ricard USA,19067,Jameson,12,750,$17.99,$26.99,3,$80.97,2.25
INV-203043,02/28/2026,3385,Sam's Club 8162,DAVENPORT,52807,SCOTT,1031080,CANADIAN WHISKIES,Heaven Hill Brands,11788,Black Velvet,12,1750,$9.75,$14.63,3,$43.89,5.25
INV-203044,2026-06-16,2633,Hometown Foods,CEDAR RAPIDS,52402,LINN,1081900,WHISKEY LIQUEUR,Sazerac Company Inc,43336,Fireball Cinnamon Whiskey,12,750,8.25,12.38,1,12.38,0.75
INV-203045,2026-07-16,2633,Hometown Foods,CEDAR RAPIDS,52402.0,LINN,1031200,AMERICAN VODKAS,Fifth Generation Inc,26827,Tito's Handmade Vodka,12,750,12.50,18.75,4,75.00,3.00
INV-203046,2026-06-26,5102,Corner Tap & Bottle,AMES,50010,STORY,1081900,WHISKEY LIQUEUR,Sazerac Company Inc,43336,Fireball Cinnamon Whiskey,12,750,8.25,12.38,23,284.74,17.25
INV-203047,2026-02-26,5102,Corner Tap & Bottle,AMES,50010,STORY,1032080,IRISH WHISKIES,Pernod Ricard USA,19067,Jameson,12,750,$17.99,$26.99,6,$161.94,4.50
INV-203048,2026-05-16,3385,  Sam's Club 8162,DAVENPORT,52807,SCOTT,1031200,AMERICAN VODKAS,Fifth Generation Inc,26827,Tito's Handmade Vodka,12,750,12.50,18.75,1,18.75,0.75
INV-203049,05/21/2026,2633,Hometown Foods,CEDAR RAPIDS,52402,LINN,1081900,WHISKEY LIQUEUR,Sazerac Company Inc,43336,Fireball Cinnamon Whiskey,12,750,8.25,12.38,2,24.76,1.50
INV-203050,2026-03-09,2190,"Central City Liquor, Inc.",DES MOINES,50310,POLK,1032080,IRISH WHISKIES,Pernod Ricard USA,19067,Jameson,12,750,17.99,26.99,1,26.99,0.75
INV-203051,2026-07-05,5102,Corner Tap & Bottle,AMES,50010,STORY,1031200,AMERICAN VODKAS,Fifth Generation Inc,26827,Tito's Handmade Vodka,12,750,12.50,18.75,6,112.50,4.50
INV-203052,03/07/2026,2501,Hy-Vee #3 / BDI / Des Moines,Des Moines,50313,POLK,1081600,-,Regional Spirits Co,77779,Dusty Shelf Cordial,6,375,11.00,12.10,9,108.90,3.38
INV-203053,2026-06-01,4829,Casey's General Store #2879,ANKENY,50021,POLK,1031080,CANADIAN WHISKIES,Heaven Hill Brands,11788,Black Velvet,12,1750,9.75,14.63,6,87.78,10.50
INV-203054,03/27/2026,2648,Wilkie Liquors,Iowa City,52240,JOHNSON,1031200,AMERICAN VODKAS,Sazerac Company Inc,36308,Mr Boston Vodka,12,1000,4.50 ,6.75 ,1,6.75 ,1.00
INV-203055,2026-02-28,2633,Hometown Foods,CEDAR RAPIDS,52402,LINN,1081900,WHISKEY LIQUEUR,Sazerac Company Inc,43336,Fireball Cinnamon Whiskey,12,750,8.25,12.38,1,12.38,0.75
INV-203056,16-Feb-2026,5102,Corner Tap & Bottle,AMES,50010,STORY,1081900,WHISKEY LIQUEUR,Sazerac Company Inc,43336,Fireball Cinnamon Whiskey,12,750,8.25,12.38,1,12.38,0.75
INV-203057,2026-02-27,3385,Sam's Club 8162,DAVENPORT,52807,SCOTT,1031200,AMERICAN VODKAS,Fifth Generation Inc,26827,Tito's Handmade Vodka,12,750,12.50,18.75,6,112.50,4.50
INV-203058,2026-06-04,3385,Sam's Club 8162,DAVENPORT,52807,SCOTT,1081600,N/A,Regional Spirits Co,77779,Dusty Shelf Cordial,6,375,11.00,12.10,6,72.60,2.25
INV-203059,07/11/2026,2501,Hy-Vee #3 / BDI / Des Moines,DES MOINES,50313,POLK,1031200,AMERICAN VODKAS,Fifth Generation Inc,26827,Tito's Handmade Vodka,12,750,12.50,18.75,2,37.50,1.50
INV-203060,07/06/2026,3385,Sam's Club 8162,DAVENPORT,52807,SCOTT,1041100,AMERICAN DRY GINS,Luxco Inc,35918,Five O'clock Gin,12,1750,8.99,13.49,1,13.49,1.75
INV-203061,07/02/2026,2633,Hometown Foods,CEDAR RAPIDS,52402,LINN,1051010,IMPORTED BRANDIES,Moet Hennessy USA,64866,Hennessy VS,12,750,24.99,37.49,6,224.94,4.50
INV-203062,03/30/2026,3385,Sam's Club 8162,DAVENPORT,52807,SCOTT,1051010,IMPORTED BRANDIES,Moet Hennessy USA,64866,Hennessy VS,12,750,24.99,37.49,2,74.98,1.50
INV-203063,06/15/2026,2190,"Central City Liquor, Inc.",DES MOINES,50310,POLK,1041100,AMERICAN DRY GINS,Luxco Inc,35918,Five O'clock Gin,12,1750,8.99 ,13.49 ,3,40.47 ,5.25
INV-203064,25-Mar-2026,2633,Hometown Foods,CEDAR RAPIDS,52402,LINN,1032080,IRISH WHISKIES,Pernod Ricard USA,19067,Jameson,12,750,17.99,26.99,12,323.88,9.00
INV-203064,25-Mar-2026,2633,Hometown Foods,CEDAR RAPIDS,52402,LINN,1032080,IRISH WHISKIES,Pernod Ricard USA,19067,Jameson,12,750,17.99,26.99,12,323.88,9.00
INV-203065,2026-06-04,4829,  Casey's General Store #2879,ANKENY,50021,POLK,1051010,IMPORTED BRANDIES,Moet Hennessy USA,64866,Hennessy VS,12,750,$24.99,$37.49,2,$74.98,1.50
INV-203066,06/11/2026,3385,Sam's Club 8162,DAVENPORT,52807.0,SCOTT,1031080,CANADIAN WHISKIES,Heaven Hill Brands,11788,Black Velvet,12,1750,9.75,14.63,10,146.30,17.50
INV-203067,2026-06-04,2501,  Hy-Vee #3 / BDI / Des Moines,DES MOINES,50313.0,POLK,1032080,IRISH WHISKIES,Pernod Ricard USA,19067,Jameson,12,750,$17.99,$26.99,2,$53.98,1.50
INV-203068,07/18/2026,2190,"Central City Liquor, Inc.",Des Moines,50310,POLK,1032080,IRISH WHISKIES,Pernod Ricard USA,19067,Jameson,12,750,17.99 ,26.99 ,5,134.95 ,3.75
INV-203069,05/04/2026,2633,HOMETOWN FOODS,CEDAR RAPIDS,52402.0,LINN,1051010,IMPORTED BRANDIES,Moet Hennessy USA,64866,Hennessy VS,12,750,24.99,37.49,1,37.49,0.75
INV-203070,05/21/2026,2501,  Hy-Vee #3 / BDI / Des Moines,DES MOINES,50313,POLK,1081600,-,Regional Spirits Co,77779,Dusty Shelf Cordial,6,375,11.00,12.10,1,12.10,0.38
INV-203071,02-Apr-2026,2190,Central City Liquor INC,DES MOINES,50310,POLK,1081900,WHISKEY LIQUEUR,Sazerac Company Inc,43336,Fireball Cinnamon Whiskey,12,750,8.25,12.38,3,37.14,2.25
INV-203072,02/21/2026,3385,Sam's Club 8162,DAVENPORT,52807,SCOTT,1032080,IRISH WHISKIES,Pernod Ricard USA,19067,Jameson,12,750,17.99,26.99,1,26.99,0.75
INV-203073,26-Jun-2026,2190,"Central City Liquor, Inc.",DES MOINES,50310,POLK,1031200,AMERICAN VODKAS,Fifth Generation Inc,26827,Tito's Handmade Vodka,12,750,12.50,18.75,6,112.50,4.50
INV-203074,26-Jul-2026,2648,Wilkie Liquors,IOWA CITY,52240.0,JOHNSON,1031200,AMERICAN VODKAS,Fifth Generation Inc,26827,Tito's Handmade Vodka,12,750,12.50,18.75,1,18.75,0.75
INV-203075,2026-07-20,2648,Wilkie Liquors,IOWA CITY,52240,JOHNSON,1051010,IMPORTED BRANDIES,Moet Hennessy USA,64866,Hennessy VS,12,750,24.99,37.49,12,449.88,9.00
INV-203076,01-Jul-2026,2633,Hometown Foods,CEDAR RAPIDS,52402,LINN,1031200,AMERICAN VODKAS,Sazerac Company Inc,36308,Mr Boston Vodka,12,1000,4.50,6.75,1,6.75,1.00
INV-203077,07/07/2026,2648,Wilkie Liquors,IOWA CITY,52240,JOHNSON,1081600,,Regional Spirits Co,77779,Dusty Shelf Cordial,6,375,11.00,12.10,2,24.20,0.75
INV-203078,05/23/2026,2501,HY-VEE #3 / BDI / DES MOINES,DES MOINES,50313,POLK,1031200,AMERICAN VODKAS,Sazerac Company Inc,36308,Mr Boston Vodka,12,1000,4.50,6.75,3,20.25,3.00
INV-203079,24-Jul-2026,2633,Hometown Foods,CEDAR RAPIDS,52402,LINN,1051010,IMPORTED BRANDIES,Moet Hennessy USA,64866,Hennessy VS,12,750,24.99,37.49,2,74.98,1.50
INV-203080,08-Feb-2026,2633,Hometown Foods,CEDAR RAPIDS,52402,LINN,1041100,AMERICAN DRY GINS,Luxco Inc,35918,Five O'clock Gin,12,1750,$8.99,$13.49,1,$13.49,1.75
INV-203081,2026-04-16,2501,Hy-Vee #3 / BDI / Des Moines,DES MOINES,50313,POLK,1081900,WHISKEY LIQUEUR,Sazerac Company Inc,43336,Fireball Cinnamon Whiskey,12,750,8.25,12.38,8,99.04,6.00
INV-203082,06/14/2026,5102,Corner Tap & Bottle,AMES,50010,STORY,1031200,AMERICAN VODKAS,Fifth Generation Inc,26827,Tito's Handmade Vodka,12,750,12.50,18.75,6,112.50,4.50
INV-203083,2026-06-06,2633,Hometown Foods,CEDAR RAPIDS,52402,LINN,1051010,IMPORTED BRANDIES,Moet Hennessy USA,64866,Hennessy VS,12,750,24.99 ,37.49 ,14,524.86 ,10.50
INV-203084,04/18/2026,2648,WILKIE LIQUORS,IOWA CITY,52240,JOHNSON,1041100,AMERICAN DRY GINS,Luxco Inc,35918,Five O'clock Gin,12,1750,8.99 ,13.49 ,6,80.94 ,10.50
INV-203085,2026-06-24,2501,HY-VEE #3 / BDI / DES MOINES,DES MOINES,50313,POLK,1031080,CANADIAN WHISKIES,Heaven Hill Brands,11788,Black Velvet,12,1750,9.75 ,14.63 ,6,87.78 ,10.50
INV-203086,2026-03-04,2648,Wilkie Liquors,IOWA CITY,52240,JOHNSON,1032080,IRISH WHISKIES,Pernod Ricard USA,19067,Jameson,12,750,17.99,26.99,1,26.99,0.75
INV-203087,04/10/2026,2501,Hy-Vee #3 / BDI / Des Moines,DES MOINES,50313.0,POLK,1031200,AMERICAN VODKAS,Sazerac Company Inc,36308,Mr Boston Vodka,12,1000,4.50,6.75,3,20.25,3.00
INV-203088,2026-07-13,4829,Casey's General Store #2879,ANKENY,50021,POLK,1031200,AMERICAN VODKAS,Sazerac Company Inc,36308,Mr Boston Vodka,12,1000,4.50,6.75,1,6.75,1.00
INV-203089,2026-05-05,2648,Wilkie Liquors,IOWA CITY,52240,,1051010,IMPORTED BRANDIES,Moet Hennessy USA,64866,Hennessy VS,12,750,24.99,37.49,1,37.49,0.75
INV-203090,02/09/2026,2648,Wilkie Liquors,IOWA CITY,52240,JOHNSON,1081600,,Regional Spirits Co,77779,Dusty Shelf Cordial,6,375,11.00,12.10,9,108.90,3.38
INV-203091,2026-03-27,3385,Sam's Club 8162,DAVENPORT,52807,SCOTT,1081900,WHISKEY LIQUEUR,Sazerac Company Inc,43336,Fireball Cinnamon Whiskey,12,750,8.25,12.38,5,61.90,3.75
INV-203092,2026-07-27,2501,Hy-Vee #3 / BDI / Des Moines,DES MOINES,50313.0,POLK,1051010,IMPORTED BRANDIES,Moet Hennessy USA,64866,Hennessy VS,12,750,24.99 ,37.49 ,3,112.47 ,2.25
INV-203093,02-Mar-2026,2633,Hometown Foods,CEDAR RAPIDS,52402,LINN,1041100,AMERICAN DRY GINS,Luxco Inc,35918,Five O'clock Gin,12,1750,8.99,13.49,2,26.98,3.50
INV-203094,2026-04-17,4829,Casey's General Store #2879,ANKENY,50021,POLK,1031200,AMERICAN VODKAS,Sazerac Company Inc,36308,Mr Boston Vodka,12,1000,4.50 ,6.75 ,4,27.00 ,4.00
INV-203095,2026-05-05,3385,Sam's Club 8162,DAVENPORT,52807.0,SCOTT,1031080,CANADIAN WHISKIES,Heaven Hill Brands,11788,Black Velvet,12,1750,9.75 ,14.63 ,8,117.04 ,14.00
INV-203096,2026-07-01,3385,Sam's Club 8162 ,DAVENPORT,52807,SCOTT,1031080,CANADIAN WHISKIES,Heaven Hill Brands,11788,Black Velvet,12,1750,9.75,14.63,2,29.26,3.50
INV-203097,2026-04-08,3385,Sam's Club 8162,DAVENPORT,52807,SCOTT,1031200,AMERICAN VODKAS,Sazerac Company Inc,36308,Mr Boston Vodka,12,1000,4.50,6.75,3,20.25,3.00
INV-203098,08-Mar-2026,5102,Corner Tap & Bottle,AMES,50010,STORY,1032080,IRISH WHISKIES,Pernod Ricard USA,19067,Jameson,12,750,17.99 ,26.99 ,1,26.99 ,0.75
INV-203099,03/07/2026,3385,Sam's Club 8162,DAVENPORT,52807,SCOTT,1031200,AMERICAN VODKAS,Fifth Generation Inc,26827,Tito's Handmade Vodka,12,750,12.50 ,18.75 ,7,131.25 ,5.25
INV-203100,05/05/2026,2648,Wilkie Liquors,IOWA CITY,52240,JOHNSON,1041100,AMERICAN DRY GINS,Luxco Inc,35918,Five O'clock Gin,12,1750,8.99,13.49,1,13.49,1.75
INV-203101,08-Jun-2026,3385,SAM'S CLUB 8162,DAVENPORT,52807,SCOTT,1031200,AMERICAN VODKAS,Sazerac Company Inc,36308,Mr Boston Vodka,12,1000,4.50,6.75,2,13.50,2.00
INV-203102,06/30/2026,3385,  Sam's Club 8162,DAVENPORT,52807,SCOTT,1031200,AMERICAN VODKAS,Fifth Generation Inc,26827,Tito's Handmade Vodka,12,750,$12.50,$18.75,4,$75.00,3.00
INV-203103,05/20/2026,2648,Wilkie Liquors,IOWA CITY,52240,JOHNSON,1031200,AMERICAN VODKAS,Fifth Generation Inc,26827,Tito's Handmade Vodka,12,750,12.50,18.75,16,300.00,12.00
INV-203104,2026-03-27,2633,Hometown Foods,CEDAR RAPIDS,52402,LINN,1031200,AMERICAN VODKAS,Sazerac Company Inc,36308,Mr Boston Vodka,12,1000,4.50 ,6.75 ,2,13.50 ,2.00
INV-203105,2026-05-22,4829,  Casey's General Store #2879,ANKENY,50021,POLK,1031200,AMERICAN VODKAS,Sazerac Company Inc,36308,Mr Boston Vodka,12,1000,$4.50,$6.75,1,$6.75,1.00
INV-203106,2026-07-26,2648,Wilkie Liquors,IOWA CITY,52240,JOHNSON,1081600,-,Regional Spirits Co,77779,Dusty Shelf Cordial,6,375,$11.00,$12.10,1,$12.10,0.38
INV-203107,02/13/2026,2501,Hy-Vee #3 / BDI / Des Moines,DES MOINES,50313,,1081600,N/A,Regional Spirits Co,77779,Dusty Shelf Cordial,6,375,11.00,12.10,2,24.20,0.75
INV-203108,2026-03-10,2648,Wilkie Liquors,IOWA CITY,52240,JOHNSON,1031200,AMERICAN VODKAS,Sazerac Company Inc,36308,Mr Boston Vodka,12,1000,4.50,6.75,1,6.75,1.00
INV-203109,14-May-2026,3385,Sam's Club 8162,DAVENPORT,52807,SCOTT,1032080,IRISH WHISKIES,Pernod Ricard USA,19067,Jameson,12,750,17.99,26.99,2,53.98,1.50
INV-203110,05/17/2026,5102,Corner Tap & Bottle,AMES,50010,STORY,1031200,AMERICAN VODKAS,Fifth Generation Inc,26827,Tito's Handmade Vodka,12,750,12.50 ,18.75 ,32,600.00 ,24.00
INV-203111,30-Mar-2026,5102,Corner Tap & Bottle,AMES,50010,STORY,1081600,,Regional Spirits Co,77779,Dusty Shelf Cordial,6,375,11.00,12.10,1,12.10,0.38
INV-203112,13-Jun-2026,2190,"Central City Liquor, Inc.",DES MOINES,50310,POLK,1031200,AMERICAN VODKAS,Sazerac Company Inc,36308,Mr Boston Vodka,12,1000,4.50,6.75,9,60.75,9.00
INV-203113,2026-02-19,4829,  Casey's General Store #2879,ANKENY,50021,,1031200,AMERICAN VODKAS,Fifth Generation Inc,26827,Tito's Handmade Vodka,12,750,12.50 ,18.75 ,36,675.00 ,27.00
INV-203114,07/11/2026,2633,Hometown Foods,CEDAR RAPIDS,52402,LINN,1031080,CANADIAN WHISKIES,Heaven Hill Brands,11788,Black Velvet,12,1750,9.75,14.63,4,58.52,7.00
INV-203115,2026-06-01,2633,  Hometown Foods,CEDAR RAPIDS,52402,LINN,1081600,N/A,Regional Spirits Co,77779,Dusty Shelf Cordial,6,375,11.00,12.10,7,84.70,2.62
INV-203116,05/22/2026,2633,  Hometown Foods,CEDAR RAPIDS,52402,LINN,1041100,AMERICAN DRY GINS,Luxco Inc,35918,Five O'clock Gin,12,1750,8.99 ,13.49 ,3,40.47 ,5.25
INV-203117,07/21/2026,2648,Wilkie Liquors,IOWA CITY,52240,JOHNSON,1031080,CANADIAN WHISKIES,Heaven Hill Brands,11788,Black Velvet,12,1750,9.75,14.63,7,102.41,12.25
INV-203118,2026-07-27,2501,Hy-Vee #3 / BDI / Des Moines,DES MOINES,50313,POLK,1031080,CANADIAN WHISKIES,Heaven Hill Brands,11788,Black Velvet,12,1750,9.75,14.63,1,14.63,1.75
INV-203119,07/03/2026,5102,Corner Tap & Bottle ,AMES,50010,STORY,1031200,AMERICAN VODKAS,Fifth Generation Inc,26827,Tito's Handmade Vodka,12,750,12.50 ,18.75 ,1,18.75 ,0.75
INV-203120,27-May-2026,2648,  Wilkie Liquors,IOWA CITY,52240,JOHNSON,1031200,AMERICAN VODKAS,Sazerac Company Inc,36308,Mr Boston Vodka,12,1000,4.50,6.75,2,13.50,2.00
INV-203121,07/17/2026,2648,Wilkie Liquors,IOWA CITY,52240,JOHNSON,1031200,AMERICAN VODKAS,Sazerac Company Inc,36308,Mr Boston Vodka,12,1000,$4.50,$6.75,17,$114.75,17.00
INV-203122,2026-06-11,2648,Wilkie Liquors,IOWA CITY,52240,JOHNSON,1031200,AMERICAN VODKAS,Sazerac Company Inc,36308,Mr Boston Vodka,12,1000,4.50,6.75,6,40.50,6.00
INV-203123,05-May-2026,3385,Sam's Club 8162,DAVENPORT,52807,SCOTT,1032080,IRISH WHISKIES,Pernod Ricard USA,19067,Jameson,12,750,$17.99,$26.99,4,$107.96,3.00
INV-203124,2026-06-15,3385,Sam's Club 8162,DAVENPORT,52807,SCOTT,1081600,N/A,Regional Spirits Co,77779,Dusty Shelf Cordial,6,375,11.00,12.10,3,36.30,1.12
INV-203125,02/06/2026,2648,Wilkie Liquors,IOWA CITY,52240,JOHNSON,1031200,AMERICAN VODKAS,Sazerac Company Inc,36308,Mr Boston Vodka,12,1000,4.50 ,6.75 ,1,6.75 ,1.00
INV-203126,2026-06-02,2501,Hy-Vee #3 / BDI / Des Moines,DES MOINES,50313,POLK,1031200,AMERICAN VODKAS,Sazerac Company Inc,36308,Mr Boston Vodka,12,1000,4.50,6.75,10,67.50,10.00
INV-203127,04/01/2026,4829,Casey's General Store #2879 ,ANKENY,50021,POLK,1032080,IRISH WHISKIES,Pernod Ricard USA,19067,Jameson,12,750,17.99,26.99,4,107.96,3.00
INV-203128,04/15/2026,2190,"Central City Liquor, Inc.",Des Moines,50310.0,POLK,1031200,AMERICAN VODKAS,Sazerac Company Inc,36308,Mr Boston Vodka,12,1000,4.50,6.75,6,40.50,6.00
INV-203129,06/19/2026,4829,Casey's General Store #2879,ANKENY,50021,POLK,1081600,,Regional Spirits Co,77779,Dusty Shelf Cordial,6,375,11.00,12.10,4,48.40,1.50
INV-203130,02/25/2026,2501,Hy-Vee #3 / BDI / Des Moines,Des Moines,50313.0,POLK,1041100,AMERICAN DRY GINS,Luxco Inc,35918,Five O'clock Gin,12,1750,8.99 ,13.49 ,2,26.98 ,3.50
INV-203131,18-Feb-2026,2190,"CENTRAL CITY LIQUOR, INC.",DES MOINES,50310,POLK,1051010,IMPORTED BRANDIES,Moet Hennessy USA,64866,Hennessy VS,12,750,$24.99,$37.49,3,$112.47,2.25
INV-203132,2026-02-10,2190,"  Central City Liquor, Inc.",DES MOINES,50310,POLK,1031080,CANADIAN WHISKIES,Heaven Hill Brands,11788,Black Velvet,12,1750,9.75,14.63,4,58.52,7.00
INV-203133,12-Jul-2026,4829,Casey's General Store #2879,ANKENY,50021,POLK,1032080,IRISH WHISKIES,Pernod Ricard USA,19067,Jameson,12,750,17.99,26.99,5,134.95,3.75
INV-203134,07/16/2026,4829,CASEY'S GENERAL STORE #2879,ANKENY,50021.0,POLK,1081900,WHISKEY LIQUEUR,Sazerac Company Inc,43336,Fireball Cinnamon Whiskey,12,750,$8.25,$12.38,7,$86.66,5.25
INV-203135,06/14/2026,4829,Casey's General Store #2879,ANKENY,50021.0,POLK,1041100,AMERICAN DRY GINS,Luxco Inc,35918,Five O'clock Gin,12,1750,8.99,13.49,1,13.49,1.75
INV-203136,2026-07-21,2190,"Central City Liquor, Inc.",DES MOINES,50310,POLK,1051010,IMPORTED BRANDIES,Moet Hennessy USA,64866,Hennessy VS,12,750,24.99,37.49,1,37.49,0.75
INV-203137,2026-07-14,2648,Wilkie Liquors,Iowa City,52240,JOHNSON,1081600,N/A,Regional Spirits Co,77779,Dusty Shelf Cordial,6,375,$11.00,$12.10,3,$36.30,1.12
INV-203138,03/30/2026,2648,Wilkie Liquors,IOWA CITY,52240,,1081600,-,Regional Spirits Co,77779,Dusty Shelf Cordial,6,375,11.00,12.10,3,36.30,1.12
INV-203139,2026-02-10,2648,Wilkie Liquors,IOWA CITY,52240,JOHNSON,1031080,CANADIAN WHISKIES,Heaven Hill Brands,11788,Black Velvet,12,1750,9.75,14.63,12,175.56,21.00
INV-203140,07/07/2026,3385,Sam's Club 8162,DAVENPORT,52807,SCOTT,1041100,AMERICAN DRY GINS,Luxco Inc,35918,Five O'clock Gin,12,1750,8.99 ,13.49 ,2,26.98 ,3.50
INV-203141,11-Feb-2026,2501,  Hy-Vee #3 / BDI / Des Moines,DES MOINES,50313,POLK,1031200,AMERICAN VODKAS,Fifth Generation Inc,26827,Tito's Handmade Vodka,12,750,12.50 ,18.75 ,-4,-75.00 ,-3.00
INV-203142,2026-04-15,4829,Casey's General Store #2879,ANKENY,50021,POLK,1031080,CANADIAN WHISKIES,Heaven Hill Brands,11788,Black Velvet,12,1750,9.75,14.63,3,43.89,5.25
INV-203143,04/13/2026,2501,HY-VEE #3 / BDI / DES MOINES,DES MOINES,50313,POLK,1031200,AMERICAN VODKAS,Fifth Generation Inc,26827,Tito's Handmade Vodka,12,750,12.50,18.75,5,93.75,3.75
INV-203144,2026-05-20,2648,Wilkie Liquors,IOWA CITY,52240,JOHNSON,1081900,WHISKEY LIQUEUR,Sazerac Company Inc,43336,Fireball Cinnamon Whiskey,12,750,$8.25,$12.38,4,$49.52,3.00
INV-203145,07/14/2026,4829,Casey's General Store #2879,ANKENY,50021,POLK,1031200,AMERICAN VODKAS,Sazerac Company Inc,36308,Mr Boston Vodka,12,1000,4.50,6.75,29,195.75,29.00
INV-203146,2026-05-29,3385,Sam's Club 8162,DAVENPORT,52807,SCOTT,1081600,-,Regional Spirits Co,77779,Dusty Shelf Cordial,6,375,11.00,12.10,6,72.60,2.25
INV-203147,2026-05-15,5102,Corner Tap & Bottle,AMES,50010,STORY,1031200,AMERICAN VODKAS,Fifth Generation Inc,26827,Tito's Handmade Vodka,12,750,12.50,18.75,3,56.25,2.25
INV-203148,2026-04-20,2648,Wilkie Liquors,IOWA CITY,52240.0,JOHNSON,1081600,N/A,Regional Spirits Co,77779,Dusty Shelf Cordial,6,375,11.00 ,12.10 ,1,12.10 ,0.38
INV-203148,2026-04-20,2648,Wilkie Liquors,IOWA CITY,52240.0,JOHNSON,1081600,N/A,Regional Spirits Co,77779,Dusty Shelf Cordial,6,375,11.00 ,12.10 ,1,12.10 ,0.38
INV-203149,2026-07-23,4829,Casey's General Store #2879 ,ANKENY,50021.0,POLK,1031080,CANADIAN WHISKIES,Heaven Hill Brands,11788,Black Velvet,12,1750,$9.75,$14.63,1,$14.63,1.75
INV-203150,2026-07-04,2190,"  Central City Liquor, Inc.",Des Moines,50310,POLK,1081600,,Regional Spirits Co,77779,Dusty Shelf Cordial,6,375,11.00,12.10,1,12.10,0.38
INV-203151,2026-07-11,2648,Wilkie Liquors,IOWA CITY,52240,JOHNSON,1031200,AMERICAN VODKAS,Sazerac Company Inc,36308,Mr Boston Vodka,12,1000,4.50,6.75,3,20.25,3.00
INV-203152,09-Feb-2026,2501,HY-VEE #3 / BDI / DES MOINES,DES MOINES,50313,POLK,1031080,CANADIAN WHISKIES,Heaven Hill Brands,11788,Black Velvet,12,1750,9.75,14.63,1,14.63,1.75
INV-203153,2026-05-24,3385,Sam's Club 8162 ,DAVENPORT,52807,SCOTT,1041100,AMERICAN DRY GINS,Luxco Inc,35918,Five O'clock Gin,12,1750,8.99,13.49,1,13.49,1.75
INV-203154,01/31/2026,2633,Hometown Foods,CEDAR RAPIDS,52402,LINN,1041100,AMERICAN DRY GINS,Luxco Inc,35918,Five O'clock Gin,12,1750,8.99,13.49,6,80.94,10.50
INV-203155,2026-06-14,2190,"Central City Liquor, Inc.",DES MOINES,50310,POLK,1081600,,Regional Spirits Co,77779,Dusty Shelf Cordial,6,375,11.00 ,12.10 ,12,145.20 ,4.50
INV-203156,2026-05-18,4829,Casey's General Store #2879,ANKENY,50021,POLK,1031200,AMERICAN VODKAS,Sazerac Company Inc,36308,Mr Boston Vodka,12,1000,4.50,6.75,5,33.75,5.00
INV-203157,04/29/2026,2190,"Central City Liquor, Inc.",DES MOINES,50310,POLK,1051010,IMPORTED BRANDIES,Moet Hennessy USA,64866,Hennessy VS,12,750,24.99,37.49,1,37.49,0.75
INV-203158,2026-04-04,4829,Casey's General Store #2879,ANKENY,50021,POLK,1031200,AMERICAN VODKAS,Fifth Generation Inc,26827,Tito's Handmade Vodka,12,750,$12.50,$18.75,1,$18.75,0.75
INV-203159,05/18/2026,2501,Hy-Vee #3 / BDI / Des Moines,DES MOINES,50313,POLK,1032080,IRISH WHISKIES,Pernod Ricard USA,19067,Jameson,12,750,17.99 ,26.99 ,5,134.95 ,3.75
INV-203160,07/21/2026,4829,CASEY'S GENERAL STORE #2879,ANKENY,50021,,1081600,N/A,Regional Spirits Co,77779,Dusty Shelf Cordial,6,375,$11.00,$12.10,3,$36.30,1.12
INV-203161,2026-07-08,2633,Hometown Foods,CEDAR RAPIDS,52402,LINN,1041100,AMERICAN DRY GINS,Luxco Inc,35918,Five O'clock Gin,12,1750,8.99,13.49,5,67.45,8.75
INV-203162,03/10/2026,3385,Sam's Club 8162,Davenport,52807,SCOTT,1032080,IRISH WHISKIES,Pernod Ricard USA,19067,Jameson,12,750,17.99,26.99,5,134.95,3.75
INV-203163,05/30/2026,2501,Hy-Vee #3 / BDI / Des Moines,DES MOINES,50313,POLK,1081600,-,Regional Spirits Co,77779,Dusty Shelf Cordial,6,375,11.00 ,12.10 ,6,72.60 ,2.25
INV-203164,2026-06-20,3385,Sam's Club 8162,DAVENPORT,52807,SCOTT,1081600,N/A,Regional Spirits Co,77779,Dusty Shelf Cordial,6,375,11.00,12.10,1,12.10,0.38
INV-203165,2026-03-20,3385,SAM'S CLUB 8162,DAVENPORT,52807,SCOTT,1032080,IRISH WHISKIES,Pernod Ricard USA,19067,Jameson,12,750,$17.99,$26.99,5,$134.95,3.75
INV-203166,2026-02-19,5102,Corner Tap & Bottle,AMES,50010,STORY,1081900,WHISKEY LIQUEUR,Sazerac Company Inc,43336,Fireball Cinnamon Whiskey,12,750,$8.25,$12.38,8,$99.04,6.00
INV-203167,2026-07-26,4829,Casey's General Store #2879,ANKENY,50021.0,POLK,1051010,IMPORTED BRANDIES,Moet Hennessy USA,64866,Hennessy VS,12,750,24.99,37.49,6,224.94,4.50
INV-203168,2026-04-24,2648,Wilkie Liquors,Iowa City,52240,JOHNSON,1031200,AMERICAN VODKAS,Fifth Generation Inc,26827,Tito's Handmade Vodka,12,750,12.50,18.75,1,18.75,0.75
INV-203169,06/01/2026,2633,Hometown Foods,CEDAR RAPIDS,52402,LINN,1081900,WHISKEY LIQUEUR,Sazerac Company Inc,43336,Fireball Cinnamon Whiskey,12,750,8.25,12.38,1,12.38,0.75
INV-203170,2026-03-09,4829,Casey's General Store #2879,ANKENY,50021,POLK,1041100,AMERICAN DRY GINS,Luxco Inc,35918,Five O'clock Gin,12,1750,8.99,13.49,3,40.47,5.25
INV-203171,07-Mar-2026,2648,  Wilkie Liquors,Iowa City,52240,JOHNSON,1081600,,Regional Spirits Co,77779,Dusty Shelf Cordial,6,375,N/A,12.10,9,108.90,3.38
INV-203172,2026-05-31,2633,HOMETOWN FOODS,CEDAR RAPIDS,52402,LINN,1081600,,Regional Spirits Co,77779,Dusty Shelf Cordial,6,375,$11.00,$12.10,1,$12.10,0.38
INV-203173,2026-03-27,3385,SAM'S CLUB 8162,DAVENPORT,52807,SCOTT,1051010,IMPORTED BRANDIES,Moet Hennessy USA,64866,Hennessy VS,12,750,24.99,37.49,4,149.96,3.00
INV-203174,2026-03-10,3385,Sam's Club 8162,Davenport,52807,SCOTT,1032080,IRISH WHISKIES,Pernod Ricard USA,19067,Jameson,12,750,17.99 ,26.99 ,1,26.99 ,0.75
INV-203175,2026-06-12,4829,Casey's General Store #2879,ANKENY,50021,POLK,1081900,WHISKEY LIQUEUR,Sazerac Company Inc,43336,Fireball Cinnamon Whiskey,12,750,$8.25,$12.38,5,$61.90,3.75
INV-203176,06/26/2026,2501,Hy-Vee #3 / BDI / Des Moines,DES MOINES,50313.0,POLK,1081900,WHISKEY LIQUEUR,Sazerac Company Inc,43336,Fireball Cinnamon Whiskey,12,750,$8.25,$12.38,4,$49.52,3.00
INV-203176,06/26/2026,2501,Hy-Vee #3 / BDI / Des Moines,DES MOINES,50313.0,POLK,1081900,WHISKEY LIQUEUR,Sazerac Company Inc,43336,Fireball Cinnamon Whiskey,12,750,$8.25,$12.38,4,$49.52,3.00
INV-203177,2026-02-26,2501,Hy-Vee #3 / BDI / Des Moines,Des Moines,50313,POLK,1081600,N/A,Regional Spirits Co,77779,Dusty Shelf Cordial,6,375,11.00,12.10,7,84.70,2.62
INV-203178,06/24/2026,3385,Sam's Club 8162,DAVENPORT,52807,SCOTT,1031080,CANADIAN WHISKIES,Heaven Hill Brands,11788,Black Velvet,12,1750,9.75,14.63,6,87.78,10.50
INV-203179,2026-06-18,4829,Casey's General Store #2879,ANKENY,50021,POLK,1081600,N/A,Regional Spirits Co,77779,Dusty Shelf Cordial,6,375,11.00,12.10,1,12.10,0.38
INV-203180,05/21/2026,2633,Hometown Foods,CEDAR RAPIDS,52402,LINN,1051010,IMPORTED BRANDIES,Moet Hennessy USA,64866,Hennessy VS,12,750,24.99,37.49,3,112.47,2.25
INV-203181,2026-06-24,5102,Corner Tap & Bottle,AMES,50010.0,STORY,1031200,AMERICAN VODKAS,Sazerac Company Inc,36308,Mr Boston Vodka,12,1000,4.50 ,6.75 ,1,6.75 ,1.00
INV-203182,03/20/2026,2633,HOMETOWN FOODS,CEDAR RAPIDS,52402,LINN,1041100,AMERICAN DRY GINS,Luxco Inc,35918,Five O'clock Gin,12,1750,8.99,13.49,2,26.98,3.50
INV-203183,2026-03-24,2633,Hometown Foods,CEDAR RAPIDS,52402,LINN,1031200,AMERICAN VODKAS,Fifth Generation Inc,26827,Tito's Handmade Vodka,12,750,12.50,18.75,1,18.75,0.75
INV-203184,11-Mar-2026,2190,"  Central City Liquor, Inc.",DES MOINES,50310,POLK,1081600,-,Regional Spirits Co,77779,Dusty Shelf Cordial,6,375,11.00,12.10,1,12.10,0.38
INV-203185,2026-07-07,5102,Corner Tap & Bottle,Ames,50010,STORY,1081900,WHISKEY LIQUEUR,Sazerac Company Inc,43336,Fireball Cinnamon Whiskey,12,750,8.25 ,12.38 ,3,37.14 ,2.25
INV-203186,04-Feb-2026,2190,"Central City Liquor, Inc.",DES MOINES,50310,POLK,1051010,IMPORTED BRANDIES,Moet Hennessy USA,64866,Hennessy VS,12,750,$24.99,$37.49,1,$37.49,0.75
INV-203187,2026-06-20,5102,CORNER TAP & BOTTLE,AMES,50010,STORY,1032080,IRISH WHISKIES,Pernod Ricard USA,19067,Jameson,12,750,17.99,26.99,-1,-26.99,-0.75
INV-203188,2026-02-26,2648,Wilkie Liquors,Iowa City,52240.0,JOHNSON,1031200,AMERICAN VODKAS,Fifth Generation Inc,26827,Tito's Handmade Vodka,12,750,12.50,18.75,3,56.25,2.25
INV-203189,26-Mar-2026,4829,Casey's General Store #2879,ANKENY,50021,POLK,1032080,IRISH WHISKIES,Pernod Ricard USA,19067,Jameson,12,750,17.99 ,26.99 ,4,107.96 ,3.00
INV-203190,25-Jul-2026,2648,  Wilkie Liquors,IOWA CITY,52240,JOHNSON,1032080,IRISH WHISKIES,Pernod Ricard USA,19067,Jameson,12,750,$17.99,$26.99,4,$107.96,3.00
INV-203191,05/22/2026,4829,Casey's General Store #2879,ANKENY,50021,POLK,1031200,AMERICAN VODKAS,Fifth Generation Inc,26827,Tito's Handmade Vodka,12,750,12.50,18.75,2,37.50,1.50
INV-203192,2026-05-30,5102,Corner Tap & Bottle,AMES,50010,STORY,1031200,AMERICAN VODKAS,Fifth Generation Inc,26827,Tito's Handmade Vodka,12,750,12.50 ,18.75 ,13,243.75 ,9.75
INV-203193,02/02/2026,2501,HY-VEE #3 / BDI / DES MOINES,DES MOINES,50313,POLK,1051010,IMPORTED BRANDIES,Moet Hennessy USA,64866,Hennessy VS,12,750,24.99 ,37.49 ,18,674.82 ,13.50
INV-203194,01-Jun-2026,5102,CORNER TAP & BOTTLE,AMES,50010,STORY,1081900,WHISKEY LIQUEUR,Sazerac Company Inc,43336,Fireball Cinnamon Whiskey,12,750,8.25,12.38,3,37.14,2.25
INV-203195,2026-05-29,2501,  Hy-Vee #3 / BDI / Des Moines,DES MOINES,50313,POLK,1031200,AMERICAN VODKAS,Fifth Generation Inc,26827,Tito's Handmade Vodka,12,750,$12.50,$18.75,1,$18.75,0.75
INV-203196,04/01/2026,2501,Hy-Vee #3 / BDI / Des Moines,Des Moines,50313,POLK,1031200,AMERICAN VODKAS,Sazerac Company Inc,36308,Mr Boston Vodka,12,1000,$4.50,$6.75,17,$114.75,17.00
INV-203197,2026-04-13,2501,Hy-Vee #3 / BDI / Des Moines ,DES MOINES,50313,,1031200,AMERICAN VODKAS,Fifth Generation Inc,26827,Tito's Handmade Vodka,12,750,12.50,18.75,1,18.75,0.75
INV-203198,2026-05-06,2501,  Hy-Vee #3 / BDI / Des Moines,DES MOINES,50313,POLK,1031200,AMERICAN VODKAS,Fifth Generation Inc,26827,Tito's Handmade Vodka,12,750,N/A,$18.75,3,$56.25,2.25
INV-203199,2026-07-14,4829,Casey's General Store #2879,ANKENY,50021,POLK,1032080,IRISH WHISKIES,Pernod Ricard USA,19067,Jameson,12,750,17.99,26.99,1,26.99,0.75
INV-203200,06/13/2026,2633,  Hometown Foods,CEDAR RAPIDS,52402,LINN,1081900,WHISKEY LIQUEUR,Sazerac Company Inc,43336,Fireball Cinnamon Whiskey,12,750,$8.25,$12.38,1,$12.38,0.75
INV-203201,2026-06-18,2648,WILKIE LIQUORS,IOWA CITY,52240,JOHNSON,1031080,CANADIAN WHISKIES,Heaven Hill Brands,11788,Black Velvet,12,1750,9.75,14.63,1,14.63,1.75
INV-203202,04-May-2026,2633,  Hometown Foods,CEDAR RAPIDS,52402,LINN,1041100,AMERICAN DRY GINS,Luxco Inc,35918,Five O'clock Gin,12,1750,$8.99,$13.49,32,$431.68,56.00
INV-203203,2026-07-18,3385,Sam's Club 8162,DAVENPORT,52807,SCOTT,1031200,AMERICAN VODKAS,Sazerac Company Inc,36308,Mr Boston Vodka,12,1000,4.50 ,6.75 ,1,6.75 ,1.00
INV-203204,2026-07-22,2501,Hy-Vee #3 / BDI / Des Moines,DES MOINES,50313,POLK,1031200,AMERICAN VODKAS,Sazerac Company Inc,36308,Mr Boston Vodka,12,1000,4.50,6.75,4,27.00,4.00
INV-203205,2026-07-16,4829,Casey's General Store #2879,ANKENY,50021,POLK,1081600,-,Regional Spirits Co,77779,Dusty Shelf Cordial,6,375,11.00,12.10,2,24.20,0.75
INV-203206,06/21/2026,2648,  Wilkie Liquors,IOWA CITY,52240,JOHNSON,1041100,AMERICAN DRY GINS,Luxco Inc,35918,Five O'clock Gin,12,1750,8.99 ,13.49 ,1,13.49 ,1.75
INV-203207,04/17/2026,2648,Wilkie Liquors,IOWA CITY,52240,JOHNSON,1041100,AMERICAN DRY GINS,Luxco Inc,35918,Five O'clock Gin,12,1750,N/A,$13.49,1,$13.49,1.75
INV-203208,20-May-2026,2648,  Wilkie Liquors,IOWA CITY,52240,JOHNSON,1041100,AMERICAN DRY GINS,Luxco Inc,35918,Five O'clock Gin,12,1750,8.99 ,13.49 ,2,26.98 ,3.50
INV-203209,2026-05-17,2190,"CENTRAL CITY LIQUOR, INC.",DES MOINES,50310,POLK,1081600,N/A,Regional Spirits Co,77779,Dusty Shelf Cordial,6,375,11.00 ,12.10 ,2,24.20 ,0.75
INV-203210,2026-02-05,2648,Wilkie Liquors,IOWA CITY,52240,JOHNSON,1051010,IMPORTED BRANDIES,Moet Hennessy USA,64866,Hennessy VS,12,750,24.99,37.49,5,187.45,3.75
INV-203211,2026-06-11,2501,Hy-Vee #3 / BDI / Des Moines,DES MOINES,50313,POLK,1031200,AMERICAN VODKAS,Fifth Generation Inc,26827,Tito's Handmade Vodka,12,750,12.50 ,18.75 ,1,18.75 ,0.75
INV-203212,2026-06-03,2190,"Central City Liquor, Inc.",Des Moines,50310.0,POLK,1041100,AMERICAN DRY GINS,Luxco Inc,35918,Five O'clock Gin,12,1750,$8.99,$13.49,1,$13.49,1.75
INV-203213,04-Apr-2026,2633,HOMETOWN FOODS,CEDAR RAPIDS,52402,LINN,1032080,IRISH WHISKIES,Pernod Ricard USA,19067,Jameson,12,750,17.99,26.99,1,26.99,0.75
INV-203214,06/07/2026,3385,Sam's Club 8162,DAVENPORT,52807,SCOTT,1081900,WHISKEY LIQUEUR,Sazerac Company Inc,43336,Fireball Cinnamon Whiskey,12,750,8.25,12.38,4,49.52,3.00
INV-203215,2026-03-05,2633,Hometown Foods,CEDAR RAPIDS,52402,LINN,1081600,N/A,Regional Spirits Co,77779,Dusty Shelf Cordial,6,375,11.00,12.10,1,12.10,0.38
INV-203216,07/28/2026,2633,Hometown Foods,CEDAR RAPIDS,52402,,1051010,IMPORTED BRANDIES,Moet Hennessy USA,64866,Hennessy VS,12,750,$24.99,$37.49,1,$37.49,0.75
INV-203217,2026-02-01,2501,Hy-Vee #3 / BDI / Des Moines,DES MOINES,50313,POLK,1051010,IMPORTED BRANDIES,Moet Hennessy USA,64866,Hennessy VS,12,750,24.99,37.49,7,262.43,5.25
INV-203218,2026-03-14,2633,HOMETOWN FOODS,CEDAR RAPIDS,52402,LINN,1031080,CANADIAN WHISKIES,Heaven Hill Brands,11788,Black Velvet,12,1750,N/A,$14.63,17,$248.71,29.75
INV-203219,07/10/2026,3385,SAM'S CLUB 8162,DAVENPORT,52807,SCOTT,1081600,N/A,Regional Spirits Co,77779,Dusty Shelf Cordial,6,375,11.00 ,12.10 ,13,157.30 ,4.88
INV-203220,06/20/2026,3385,  Sam's Club 8162,DAVENPORT,52807,SCOTT,1051010,IMPORTED BRANDIES,Moet Hennessy USA,64866,Hennessy VS,12,750,,37.49 ,1,37.49 ,0.75
INV-203221,2026-05-26,4829,Casey's General Store #2879,ANKENY,50021,POLK,1051010,IMPORTED BRANDIES,Moet Hennessy USA,64866,Hennessy VS,12,750,$24.99,$37.49,2,$74.98,1.50
INV-203222,2026-05-26,5102,  Corner Tap & Bottle,AMES,50010,STORY,1081600,-,Regional Spirits Co,77779,Dusty Shelf Cordial,6,375,11.00,12.10,5,60.50,1.88
INV-203223,05/19/2026,4829,Casey's General Store #2879,ANKENY,50021.0,,1031080,CANADIAN WHISKIES,Heaven Hill Brands,11788,Black Velvet,12,1750,9.75,14.63,2,29.26,3.50
INV-203224,03/28/2026,2633,HOMETOWN FOODS,CEDAR RAPIDS,52402,LINN,1081900,WHISKEY LIQUEUR,Sazerac Company Inc,43336,Fireball Cinnamon Whiskey,12,750,8.25,12.38,13,160.94,9.75
INV-203225,27-Jun-2026,2648,WILKIE LIQUORS,Iowa City,52240,JOHNSON,1031080,CANADIAN WHISKIES,Heaven Hill Brands,11788,Black Velvet,12,1750,9.75 ,14.63 ,2,29.26 ,3.50
INV-203226,2026-04-11,2633,Hometown Foods,CEDAR RAPIDS,52402,LINN,1031200,AMERICAN VODKAS,Fifth Generation Inc,26827,Tito's Handmade Vodka,12,750,$12.50,$18.75,3,$56.25,2.25
INV-203227,05/05/2026,5102,CORNER TAP & BOTTLE,AMES,50010,STORY,1051010,IMPORTED BRANDIES,Moet Hennessy USA,64866,Hennessy VS,12,750,$24.99,$37.49,2,$74.98,1.50
INV-203228,2026-07-24,2190,Central City Liquor INC,DES MOINES,50310.0,POLK,1081900,WHISKEY LIQUEUR,Sazerac Company Inc,43336,Fireball Cinnamon Whiskey,12,750,8.25,12.38,3,37.14,2.25
INV-203229,2026-03-09,4829,Casey's General Store #2879,ANKENY,50021,POLK,1032080,IRISH WHISKIES,Pernod Ricard USA,19067,Jameson,12,750,$17.99,$26.99,19,$512.81,14.25
INV-203230,08-May-2026,4829,Casey's General Store #2879,ANKENY,50021,POLK,1031200,AMERICAN VODKAS,Fifth Generation Inc,26827,Tito's Handmade Vodka,12,750,12.50,18.75,3,56.25,2.25
INV-203231,2026-06-17,5102,Corner Tap & Bottle,AMES,50010.0,STORY,1031200,AMERICAN VODKAS,Sazerac Company Inc,36308,Mr Boston Vodka,12,1000,4.50,6.75,1,6.75,1.00
INV-203232,03/27/2026,4829,Casey's General Store #2879,ANKENY,50021,POLK,1081600,,Regional Spirits Co,77779,Dusty Shelf Cordial,6,375,$11.00,$12.10,3,$36.30,1.12
INV-203232,03/27/2026,4829,Casey's General Store #2879,ANKENY,50021,POLK,1081600,,Regional Spirits Co,77779,Dusty Shelf Cordial,6,375,$11.00,$12.10,3,$36.30,1.12
INV-203233,02/13/2026,5102,Corner Tap & Bottle,AMES,50010,STORY,1031200,AMERICAN VODKAS,Fifth Generation Inc,26827,Tito's Handmade Vodka,12,750,12.50,18.75,1,18.75,0.75
INV-203234,2026-03-28,3385,  Sam's Club 8162,DAVENPORT,52807,SCOTT,1031200,AMERICAN VODKAS,Fifth Generation Inc,26827,Tito's Handmade Vodka,12,750,12.50,18.75,3,56.25,2.25
INV-203235,2026-06-03,4829,Casey's General Store #2879,ANKENY,50021.0,POLK,1081900,WHISKEY LIQUEUR,Sazerac Company Inc,43336,Fireball Cinnamon Whiskey,12,750,8.25 ,12.38 ,1,12.38 ,0.75
INV-203236,2026-04-29,4829,Casey's General Store #2879,ANKENY,50021,POLK,1081900,WHISKEY LIQUEUR,Sazerac Company Inc,43336,Fireball Cinnamon Whiskey,12,750,8.25,12.38,4,49.52,3.00
INV-203237,2026-03-13,3385,  Sam's Club 8162,Davenport,52807,SCOTT,1081600,N/A,Regional Spirits Co,77779,Dusty Shelf Cordial,6,375,11.00,12.10,4,48.40,1.50
INV-203238,2026-06-15,3385,Sam's Club 8162,DAVENPORT,52807,SCOTT,1051010,IMPORTED BRANDIES,Moet Hennessy USA,64866,Hennessy VS,12,750,24.99,37.49,3,112.47,2.25
INV-203239,2026-04-20,3385,Sam's Club 8162,DAVENPORT,52807,SCOTT,1031080,CANADIAN WHISKIES,Heaven Hill Brands,11788,Black Velvet,12,1750,9.75,14.63,5,73.15,8.75
INV-203240,2026-03-06,3385,SAM'S CLUB 8162,DAVENPORT,52807,SCOTT,1051010,IMPORTED BRANDIES,Moet Hennessy USA,64866,Hennessy VS,12,750,$24.99,$37.49,2,$74.98,1.50
INV-203241,2026-03-11,2648,WILKIE LIQUORS,IOWA CITY,52240,JOHNSON,1081900,WHISKEY LIQUEUR,Sazerac Company Inc,43336,Fireball Cinnamon Whiskey,12,750,8.25,12.38,3,37.14,2.25
INV-203242,2026-03-30,2190,"Central City Liquor, Inc.",DES MOINES,50310,POLK,1031080,CANADIAN WHISKIES,Heaven Hill Brands,11788,Black Velvet,12,1750,$9.75,$14.63,9,$131.67,15.75
INV-203243,26-Jun-2026,2501,Hy-Vee #3 / BDI / Des Moines,DES MOINES,50313.0,POLK,1031080,CANADIAN WHISKIES,Heaven Hill Brands,11788,Black Velvet,12,1750,9.75,14.63,5,73.15,8.75
INV-203244,06/29/2026,2633,HOMETOWN FOODS,CEDAR RAPIDS,52402,LINN,1032080,IRISH WHISKIES,Pernod Ricard USA,19067,Jameson,12,750,17.99 ,26.99 ,4,107.96 ,3.00
INV-203245,2026-03-11,2190,"Central City Liquor, Inc.",DES MOINES,50310,POLK,1031200,AMERICAN VODKAS,Fifth Generation Inc,26827,Tito's Handmade Vodka,12,750,12.50,18.75,1,18.75,0.75
INV-203246,06/10/2026,2190,"Central City Liquor, Inc.",DES MOINES,50310,POLK,1032080,IRISH WHISKIES,Pernod Ricard USA,19067,Jameson,12,750,17.99,26.99,8,215.92,6.00
INV-203247,2026-05-10,4829,Casey's General Store #2879,ANKENY,50021,POLK,1031200,AMERICAN VODKAS,Fifth Generation Inc,26827,Tito's Handmade Vodka,12,750,12.50,18.75,1,18.75,0.75
INV-203248,04-May-2026,3385,  Sam's Club 8162,DAVENPORT,52807,SCOTT,1081900,WHISKEY LIQUEUR,Sazerac Company Inc,43336,Fireball Cinnamon Whiskey,12,750,8.25,12.38,1,12.38,0.75
INV-203249,2026-02-03,4829,Casey's General Store #2879 ,ANKENY,50021,POLK,1032080,IRISH WHISKIES,Pernod Ricard USA,19067,Jameson,12,750,17.99,26.99,3,80.97,2.25
INV-203250,06/07/2026,5102,  Corner Tap & Bottle,AMES,50010.0,STORY,1081600,N/A,Regional Spirits Co,77779,Dusty Shelf Cordial,6,375,$11.00,$12.10,2,$24.20,0.75
INV-203251,2026-06-22,2190,"Central City Liquor, Inc.",DES MOINES,50310,POLK,1051010,IMPORTED BRANDIES,Moet Hennessy USA,64866,Hennessy VS,12,750,24.99,37.49,8,299.92,6.00
INV-203252,2026-02-24,5102,Corner Tap & Bottle,AMES,50010,STORY,1031080,CANADIAN WHISKIES,Heaven Hill Brands,11788,Black Velvet,12,1750,9.75,14.63,2,29.26,3.50
INV-203253,05/10/2026,2633,Hometown Foods,CEDAR RAPIDS,52402,LINN,1031080,CANADIAN WHISKIES,Heaven Hill Brands,11788,Black Velvet,12,1750,9.75,14.63,3,43.89,5.25
INV-203254,03/31/2026,2190,"Central City Liquor, Inc.",DES MOINES,50310,POLK,1032080,IRISH WHISKIES,Pernod Ricard USA,19067,Jameson,12,750,17.99,26.99,3,80.97,2.25
INV-203255,2026-03-22,4829,Casey's General Store #2879,ANKENY,50021,POLK,1081600,N/A,Regional Spirits Co,77779,Dusty Shelf Cordial,6,375,11.00,12.10,8,96.80,3.00
INV-203256,2026-02-01,4829,Casey's General Store #2879,ANKENY,50021,POLK,1031080,CANADIAN WHISKIES,Heaven Hill Brands,11788,Black Velvet,12,1750,9.75 ,14.63 ,2,29.26 ,3.50
INV-203257,2026-02-01,2501,Hy-Vee #3 / BDI / Des Moines,DES MOINES,50313,POLK,1041100,AMERICAN DRY GINS,Luxco Inc,35918,Five O'clock Gin,12,1750,8.99,13.49,10,134.90,17.50
INV-203258,26-Apr-2026,2501,Hy-Vee #3 / BDI / Des Moines ,DES MOINES,50313,POLK,1031080,CANADIAN WHISKIES,Heaven Hill Brands,11788,Black Velvet,12,1750,9.75,14.63,2,29.26,3.50
INV-203259,07/16/2026,2190,"Central City Liquor, Inc.",DES MOINES,50310,POLK,1032080,IRISH WHISKIES,Pernod Ricard USA,19067,Jameson,12,750,17.99,26.99,1,26.99,0.75
INV-203260,04/07/2026,2648,Wilkie Liquors,IOWA CITY,52240.0,JOHNSON,1081900,WHISKEY LIQUEUR,Sazerac Company Inc,43336,Fireball Cinnamon Whiskey,12,750,8.25,12.38,1,12.38,0.75
INV-203261,18-Feb-2026,4829,Casey's General Store #2879,ANKENY,50021.0,POLK,1041100,AMERICAN DRY GINS,Luxco Inc,35918,Five O'clock Gin,12,1750,8.99 ,13.49 ,1,13.49 ,1.75
INV-203262,02-Apr-2026,3385,  Sam's Club 8162,DAVENPORT,52807,SCOTT,1032080,IRISH WHISKIES,Pernod Ricard USA,19067,Jameson,12,750,17.99,26.99,2,53.98,1.50
INV-203263,2026-03-13,2190,"Central City Liquor, Inc.",Des Moines,50310,POLK,1031200,AMERICAN VODKAS,Sazerac Company Inc,36308,Mr Boston Vodka,12,1000,$4.50,$6.75,1,$6.75,1.00
INV-203264,2026-03-18,2648,WILKIE LIQUORS,IOWA CITY,52240,JOHNSON,1081600,-,Regional Spirits Co,77779,Dusty Shelf Cordial,6,375,11.00,12.10,1,12.10,0.38
INV-203265,2026-04-25,4829,Casey's General Store #2879,ANKENY,50021,POLK,1031200,AMERICAN VODKAS,Fifth Generation Inc,26827,Tito's Handmade Vodka,12,750,12.50 ,18.75 ,9,168.75 ,6.75
INV-203266,2026-04-18,2190,"Central City Liquor, Inc.",DES MOINES,50310,POLK,1031080,CANADIAN WHISKIES,Heaven Hill Brands,11788,Black Velvet,12,1750,9.75,14.63,2,29.26,3.50
INV-203267,2026-05-03,3385,Sam's Club 8162,DAVENPORT,52807,SCOTT,1032080,IRISH WHISKIES,Pernod Ricard USA,19067,Jameson,12,750,17.99,26.99,4,107.96,3.00
INV-203268,02/02/2026,4829,CASEY'S GENERAL STORE #2879,ANKENY,50021,POLK,1041100,AMERICAN DRY GINS,Luxco Inc,35918,Five O'clock Gin,12,1750,8.99,13.49,1,13.49,1.75
INV-203269,2026-03-03,2501,HY-VEE #3 / BDI / DES MOINES,DES MOINES,50313,POLK,1081600,-,Regional Spirits Co,77779,Dusty Shelf Cordial,6,375,11.00,12.10,13,157.30,4.88
INV-203270,22-Apr-2026,2190,"Central City Liquor, Inc.",DES MOINES,50310.0,POLK,1081600,-,Regional Spirits Co,77779,Dusty Shelf Cordial,6,375,11.00 ,12.10 ,1,12.10 ,0.38
INV-203271,2026-05-02,4829,Casey's General Store #2879,ANKENY,50021.0,POLK,1041100,AMERICAN DRY GINS,Luxco Inc,35918,Five O'clock Gin,12,1750,$8.99,$13.49,4,$53.96,7.00
INV-203272,2026-03-03,2501,Hy-Vee #3 / BDI / Des Moines,DES MOINES,50313,POLK,1081900,WHISKEY LIQUEUR,Sazerac Company Inc,43336,Fireball Cinnamon Whiskey,12,750,8.25 ,12.38 ,1,12.38 ,0.75
INV-203273,2026-03-20,3385,Sam's Club 8162,DAVENPORT,52807,SCOTT,1041100,AMERICAN DRY GINS,Luxco Inc,35918,Five O'clock Gin,12,1750,8.99,13.49,1,13.49,1.75
INV-203274,02/27/2026,2648,Wilkie Liquors,IOWA CITY,52240,JOHNSON,1081900,WHISKEY LIQUEUR,Sazerac Company Inc,43336,Fireball Cinnamon Whiskey,12,750,8.25,12.38,4,49.52,3.00
INV-203275,07/21/2026,2501,Hy-Vee #3 / BDI / Des Moines,DES MOINES,50313,POLK,1031200,AMERICAN VODKAS,Sazerac Company Inc,36308,Mr Boston Vodka,12,1000,4.50,6.75,6,40.50,6.00
INV-203276,2026-05-08,2648,WILKIE LIQUORS,IOWA CITY,52240,JOHNSON,1051010,IMPORTED BRANDIES,Moet Hennessy USA,64866,Hennessy VS,12,750,24.99,37.49,2,74.98,1.50
INV-203277,21-Jun-2026,5102,Corner Tap & Bottle,AMES,50010,STORY,1031200,AMERICAN VODKAS,Sazerac Company Inc,36308,Mr Boston Vodka,12,1000,4.50,6.75,1,6.75,1.00
INV-203278,2026-05-08,2648,WILKIE LIQUORS,Iowa City,52240,JOHNSON,1031080,CANADIAN WHISKIES,Heaven Hill Brands,11788,Black Velvet,12,1750,9.75,14.63,4,58.52,7.00
INV-203279,2026-04-03,5102,Corner Tap & Bottle,Ames,50010,STORY,1031200,AMERICAN VODKAS,Sazerac Company Inc,36308,Mr Boston Vodka,12,1000,4.50,6.75,5,33.75,5.00
INV-203280,05/21/2026,4829,Casey's General Store #2879,ANKENY,50021.0,POLK,1041100,AMERICAN DRY GINS,Luxco Inc,35918,Five O'clock Gin,12,1750,8.99 ,13.49 ,6,80.94 ,10.50
INV-203281,2026-05-28,5102,Corner Tap & Bottle,AMES,50010,STORY,1081600,-,Regional Spirits Co,77779,Dusty Shelf Cordial,6,375,11.00,12.10,1,12.10,0.38
INV-203282,06/17/2026,4829,CASEY'S GENERAL STORE #2879,ANKENY,50021,POLK,1031200,AMERICAN VODKAS,Sazerac Company Inc,36308,Mr Boston Vodka,12,1000,4.50,6.75,4,27.00,4.00
INV-203283,26-Jun-2026,3385,Sam's Club 8162,DAVENPORT,52807,SCOTT,1081900,WHISKEY LIQUEUR,Sazerac Company Inc,43336,Fireball Cinnamon Whiskey,12,750,8.25,12.38,3,37.14,2.25
INV-203284,06/22/2026,4829,Casey's General Store #2879,ANKENY,50021,POLK,1031200,AMERICAN VODKAS,Sazerac Company Inc,36308,Mr Boston Vodka,12,1000,$4.50,$6.75,1,$6.75,1.00
INV-203285,06/17/2026,2190,"Central City Liquor, Inc.",DES MOINES,50310,POLK,1031080,CANADIAN WHISKIES,Heaven Hill Brands,11788,Black Velvet,12,1750,9.75,14.63,1,14.63,1.75
INV-203286,2026-06-03,2501,Hy-Vee #3 / BDI / Des Moines,DES MOINES,50313,POLK,1081900,WHISKEY LIQUEUR,Sazerac Company Inc,43336,Fireball Cinnamon Whiskey,12,750,8.25 ,12.38 ,1,12.38 ,0.75
INV-203287,03/07/2026,2633,HOMETOWN FOODS,CEDAR RAPIDS,52402,,1031200,AMERICAN VODKAS,Sazerac Company Inc,36308,Mr Boston Vodka,12,1000,$4.50,$6.75,1,$6.75,1.00
INV-203288,2026-06-11,2648,Wilkie Liquors,Iowa City,52240,JOHNSON,1031080,CANADIAN WHISKIES,Heaven Hill Brands,11788,Black Velvet,12,1750,9.75,14.63,2,29.26,3.50
INV-203289,2026-06-25,2648,Wilkie Liquors,IOWA CITY,52240,JOHNSON,1032080,IRISH WHISKIES,Pernod Ricard USA,19067,Jameson,12,750,17.99 ,26.99 ,7,188.93 ,5.25
INV-203290,06/09/2026,5102,Corner Tap & Bottle,Ames,50010.0,STORY,1031200,AMERICAN VODKAS,Sazerac Company Inc,36308,Mr Boston Vodka,12,1000,4.50 ,6.75 ,2,13.50 ,2.00
INV-203291,05/16/2026,4829,  Casey's General Store #2879,ANKENY,50021,POLK,1031200,AMERICAN VODKAS,Sazerac Company Inc,36308,Mr Boston Vodka,12,1000,4.50,6.75,3,20.25,3.00
INV-203292,28-Mar-2026,5102,Corner Tap & Bottle ,AMES,50010.0,STORY,1032080,IRISH WHISKIES,Pernod Ricard USA,19067,Jameson,12,750,17.99,26.99,2,53.98,1.50
INV-203293,2026-04-20,4829,  Casey's General Store #2879,ANKENY,50021,POLK,1031200,AMERICAN VODKAS,Fifth Generation Inc,26827,Tito's Handmade Vodka,12,750,12.50,18.75,2,37.50,1.50
INV-203294,2026-02-09,2190,"Central City Liquor, Inc.",DES MOINES,50310,POLK,1041100,AMERICAN DRY GINS,Luxco Inc,35918,Five O'clock Gin,12,1750,8.99,13.49,4,53.96,7.00
INV-203295,23-Jul-2026,2648,Wilkie Liquors,IOWA CITY,52240,JOHNSON,1081600,-,Regional Spirits Co,77779,Dusty Shelf Cordial,6,375,$11.00,$12.10,4,$48.40,1.50
INV-203296,26-Jul-2026,2648,Wilkie Liquors,Iowa City,52240,JOHNSON,1031080,CANADIAN WHISKIES,Heaven Hill Brands,11788,Black Velvet,12,1750,9.75,14.63,1,14.63,1.75
INV-203297,2026-02-10,5102,  Corner Tap & Bottle,Ames,50010,STORY,1051010,IMPORTED BRANDIES,Moet Hennessy USA,64866,Hennessy VS,12,750,24.99,37.49,2,74.98,1.50
INV-203298,05/28/2026,3385,Sam's Club 8162,DAVENPORT,52807,SCOTT,1032080,IRISH WHISKIES,Pernod Ricard USA,19067,Jameson,12,750,17.99 ,26.99 ,3,80.97 ,2.25
INV-203299,05/15/2026,2190,"Central City Liquor, Inc. ",DES MOINES,50310,POLK,1031200,AMERICAN VODKAS,Sazerac Company Inc,36308,Mr Boston Vodka,12,1000,4.50,6.75,2,13.50,2.00
INV-203300,03/07/2026,2633,Hometown Foods,CEDAR RAPIDS,52402,LINN,1031200,AMERICAN VODKAS,Sazerac Company Inc,36308,Mr Boston Vodka,12,1000,4.50,6.75,4,27.00,4.00
INV-203301,2026-02-21,2190,"CENTRAL CITY LIQUOR, INC.",DES MOINES,50310.0,POLK,1041100,AMERICAN DRY GINS,Luxco Inc,35918,Five O'clock Gin,12,1750,8.99 ,13.49 ,1,13.49 ,1.75
INV-203302,2026-06-05,5102,Corner Tap & Bottle,AMES,50010.0,STORY,1041100,AMERICAN DRY GINS,Luxco Inc,35918,Five O'clock Gin,12,1750,8.99,13.49,4,53.96,7.00
INV-203303,08-Jun-2026,2648,Wilkie Liquors ,IOWA CITY,52240,JOHNSON,1041100,AMERICAN DRY GINS,Luxco Inc,35918,Five O'clock Gin,12,1750,8.99,13.49,3,40.47,5.25
INV-203304,04/20/2026,2501,  Hy-Vee #3 / BDI / Des Moines,DES MOINES,50313,POLK,1031080,CANADIAN WHISKIES,Heaven Hill Brands,11788,Black Velvet,12,1750,9.75,14.63,6,87.78,10.50
INV-203305,04/12/2026,2648,Wilkie Liquors,IOWA CITY,52240,JOHNSON,1081600,,Regional Spirits Co,77779,Dusty Shelf Cordial,6,375,11.00,12.10,1,12.10,0.38
INV-203306,07/22/2026,2648,Wilkie Liquors,IOWA CITY,52240,JOHNSON,1031200,AMERICAN VODKAS,Sazerac Company Inc,36308,Mr Boston Vodka,12,1000,4.50,6.75,2,13.50,2.00
INV-203307,2026-07-08,2501,Hy-Vee #3 / BDI / Des Moines,DES MOINES,50313,POLK,1031080,CANADIAN WHISKIES,Heaven Hill Brands,11788,Black Velvet,12,1750,9.75,14.63,2,29.26,3.50
INV-203308,06/21/2026,2190,Central City Liquor INC,DES MOINES,50310,POLK,1081600,,Regional Spirits Co,77779,Dusty Shelf Cordial,6,375,11.00,12.10,1,12.10,0.38
INV-203309,28-May-2026,2633,Hometown Foods,CEDAR RAPIDS,52402,LINN,1031200,AMERICAN VODKAS,Fifth Generation Inc,26827,Tito's Handmade Vodka,12,750,12.50,18.75,3,56.25,2.25
INV-203310,15-Jul-2026,5102,  Corner Tap & Bottle,AMES,50010.0,STORY,1041100,AMERICAN DRY GINS,Luxco Inc,35918,Five O'clock Gin,12,1750,8.99,13.49,5,67.45,8.75
INV-203311,30-Jun-2026,5102,Corner Tap and Bottle,Ames,50010,STORY,1031080,CANADIAN WHISKIES,Heaven Hill Brands,11788,Black Velvet,12,1750,$9.75,$14.63,1,$14.63,1.75
INV-203312,2026-05-23,2190,"CENTRAL CITY LIQUOR, INC.",DES MOINES,50310,POLK,1031080,CANADIAN WHISKIES,Heaven Hill Brands,11788,Black Velvet,12,1750,9.75 ,14.63 ,3,43.89 ,5.25
INV-203313,2026-02-20,2633,Hometown Foods,CEDAR RAPIDS,52402,LINN,1031200,AMERICAN VODKAS,Fifth Generation Inc,26827,Tito's Handmade Vodka,12,750,12.50 ,18.75 ,3,56.25 ,2.25
INV-203314,2026-06-27,5102,CORNER TAP & BOTTLE,AMES,50010,STORY,1051010,IMPORTED BRANDIES,Moet Hennessy USA,64866,Hennessy VS,12,750,24.99,37.49,5,187.45,3.75
INV-203315,2026-04-06,2633,Hometown Foods,CEDAR RAPIDS,52402,LINN,1031200,AMERICAN VODKAS,Sazerac Company Inc,36308,Mr Boston Vodka,12,1000,4.50 ,6.75 ,11,74.25 ,11.00
INV-203316,2026-05-14,2633,HOMETOWN FOODS,CEDAR RAPIDS,52402.0,,1081900,WHISKEY LIQUEUR,Sazerac Company Inc,43336,Fireball Cinnamon Whiskey,12,750,$8.25,$12.38,4,$49.52,3.00
INV-203317,09-Feb-2026,2633,Hometown Foods,CEDAR RAPIDS,52402,LINN,1051010,IMPORTED BRANDIES,Moet Hennessy USA,64866,Hennessy VS,12,750,$24.99,$37.49,6,$224.94,4.50
INV-203318,23-Mar-2026,2501,Hy-Vee #3 / BDI / Des Moines,DES MOINES,50313,POLK,1031200,AMERICAN VODKAS,Sazerac Company Inc,36308,Mr Boston Vodka,12,1000,4.50,6.75,2,13.50,2.00
INV-203319,2026-06-20,2190,"  Central City Liquor, Inc.",DES MOINES,50310,POLK,1081600,-,Regional Spirits Co,77779,Dusty Shelf Cordial,6,375,$11.00,$12.10,2,$24.20,0.75
INV-203320,04/26/2026,2501,HY-VEE #3 / BDI / DES MOINES,DES MOINES,50313,POLK,1032080,IRISH WHISKIES,Pernod Ricard USA,19067,Jameson,12,750,17.99 ,26.99 ,2,53.98 ,1.50
INV-203321,2026-06-23,5102,Corner Tap & Bottle,AMES,50010,STORY,1032080,IRISH WHISKIES,Pernod Ricard USA,19067,Jameson,12,750,17.99,26.99,5,134.95,3.75
INV-203322,2026-04-22,3385,Sam's Club 8162,Davenport,52807,SCOTT,1041100,AMERICAN DRY GINS,Luxco Inc,35918,Five O'clock Gin,12,1750,8.99,13.49,25,337.25,43.75
INV-203323,2026-05-20,2648,Wilkie Liquors,IOWA CITY,52240,JOHNSON,1081900,WHISKEY LIQUEUR,Sazerac Company Inc,43336,Fireball Cinnamon Whiskey,12,750,$8.25,$12.38,2,$24.76,1.50
INV-203324,05/19/2026,2501,Hy-Vee #3 / BDI / Des Moines,DES MOINES,50313.0,POLK,1031200,AMERICAN VODKAS,Fifth Generation Inc,26827,Tito's Handmade Vodka,12,750,12.50,18.75,3,56.25,2.25
INV-203325,03-Jul-2026,3385,Sam's Club 8162,DAVENPORT,52807,SCOTT,1041100,AMERICAN DRY GINS,Luxco Inc,35918,Five O'clock Gin,12,1750,8.99,13.49,1,13.49,1.75
INV-203326,05/12/2026,2633,HOMETOWN FOODS,CEDAR RAPIDS,52402,LINN,1031080,CANADIAN WHISKIES,Heaven Hill Brands,11788,Black Velvet,12,1750,9.75,14.63,2,29.26,3.50
INV-203327,2026-03-18,2501,HY-VEE #3 / BDI / DES MOINES,DES MOINES,50313,POLK,1032080,IRISH WHISKIES,Pernod Ricard USA,19067,Jameson,12,750,17.99,26.99,2,53.98,1.50
INV-203328,2026-02-14,2648,Wilkie Liquors,IOWA CITY,52240,JOHNSON,1051010,IMPORTED BRANDIES,Moet Hennessy USA,64866,Hennessy VS,12,750,$24.99,$37.49,9,$337.41,6.75
INV-203329,10-Jun-2026,2190,"Central City Liquor, Inc.",DES MOINES,50310,POLK,1031080,CANADIAN WHISKIES,Heaven Hill Brands,11788,Black Velvet,12,1750,9.75,14.63,2,29.26,3.50
INV-203330,2026-05-14,3385,Sam's Club 8162,DAVENPORT,52807,SCOTT,1081600,,Regional Spirits Co,77779,Dusty Shelf Cordial,6,375,11.00,12.10,3,36.30,1.12
INV-203331,04/17/2026,4829,CASEY'S GENERAL STORE #2879,ANKENY,50021,POLK,1031200,AMERICAN VODKAS,Sazerac Company Inc,36308,Mr Boston Vodka,12,1000,$4.50,$6.75,2,$13.50,2.00
INV-203332,2026-05-12,4829,  Casey's General Store #2879,ANKENY,50021,POLK,1041100,AMERICAN DRY GINS,Luxco Inc,35918,Five O'clock Gin,12,1750,8.99,13.49,1,13.49,1.75
INV-203333,2026-07-19,2648,WILKIE LIQUORS,IOWA CITY,52240,JOHNSON,1081900,WHISKEY LIQUEUR,Sazerac Company Inc,43336,Fireball Cinnamon Whiskey,12,750,8.25,12.38,6,74.28,4.50
INV-203334,2026-06-25,2190,Central City Liquor INC,DES MOINES,50310,POLK,1041100,AMERICAN DRY GINS,Luxco Inc,35918,Five O'clock Gin,12,1750,$8.99,$13.49,8,$107.92,14.00
INV-203335,2026-02-25,2648,Wilkie Liquors,IOWA CITY,52240,JOHNSON,1041100,AMERICAN DRY GINS,Luxco Inc,35918,Five O'clock Gin,12,1750,$8.99,$13.49,2,$26.98,3.50
INV-203336,07/05/2026,3385,Sam's Club 8162,DAVENPORT,52807,SCOTT,1031080,CANADIAN WHISKIES,Heaven Hill Brands,11788,Black Velvet,12,1750,9.75,14.63,1,14.63,1.75
INV-203337,03/26/2026,3385,Sam's Club 8162,DAVENPORT,52807,,1031200,AMERICAN VODKAS,Sazerac Company Inc,36308,Mr Boston Vodka,12,1000,4.50 ,6.75 ,1,6.75 ,1.00
INV-203338,2026-03-03,3385,  Sam's Club 8162,DAVENPORT,52807,SCOTT,1031200,AMERICAN VODKAS,Fifth Generation Inc,26827,Tito's Handmade Vodka,12,750,$12.50,$18.75,5,$93.75,3.75
INV-203339,02/19/2026,3385,Sam's Club 8162,DAVENPORT,52807.0,SCOTT,1081600,,Regional Spirits Co,77779,Dusty Shelf Cordial,6,375,11.00,12.10,3,36.30,1.12
INV-203340,06/08/2026,2648,Wilkie Liquors,Iowa City,52240,JOHNSON,1031080,CANADIAN WHISKIES,Heaven Hill Brands,11788,Black Velvet,12,1750,9.75,14.63,6,87.78,10.50
INV-203341,2026-07-24,2648,Wilkie Liquors,IOWA CITY,52240,JOHNSON,1031200,AMERICAN VODKAS,Fifth Generation Inc,26827,Tito's Handmade Vodka,12,750,12.50,18.75,5,93.75,3.75
INV-203342,05/24/2026,3385,Sam's Club 8162,DAVENPORT,52807,SCOTT,1031200,AMERICAN VODKAS,Fifth Generation Inc,26827,Tito's Handmade Vodka,12,750,12.50,18.75,4,75.00,3.00
INV-203343,02/28/2026,2633,Hometown Foods,CEDAR RAPIDS,52402,LINN,1032080,IRISH WHISKIES,Pernod Ricard USA,19067,Jameson,12,750,17.99,26.99,6,161.94,4.50
INV-203344,2026-02-25,3385,Sam's Club 8162,DAVENPORT,52807,SCOTT,1051010,IMPORTED BRANDIES,Moet Hennessy USA,64866,Hennessy VS,12,750,24.99 ,37.49 ,1,37.49 ,0.75
INV-203345,02/28/2026,2190,"Central City Liquor, Inc. ",DES MOINES,50310,POLK,1051010,IMPORTED BRANDIES,Moet Hennessy USA,64866,Hennessy VS,12,750,24.99 ,37.49 ,1,37.49 ,0.75
INV-203346,2026-06-09,3385,Sam's Club 8162,DAVENPORT,52807,SCOTT,1051010,IMPORTED BRANDIES,Moet Hennessy USA,64866,Hennessy VS,12,750,24.99,37.49,1,37.49,0.75
INV-203347,07/23/2026,4829,CASEY'S GENERAL STORE #2879,ANKENY,50021,POLK,1041100,AMERICAN DRY GINS,Luxco Inc,35918,Five O'clock Gin,12,1750,$8.99,$13.49,5,$67.45,8.75
INV-203348,07/11/2026,5102,Corner Tap & Bottle,AMES,50010,STORY,1031080,CANADIAN WHISKIES,Heaven Hill Brands,11788,Black Velvet,12,1750,N/A,14.63 ,2,29.26 ,3.50
INV-203349,2026-04-03,2648,WILKIE LIQUORS,IOWA CITY,52240,JOHNSON,1081900,WHISKEY LIQUEUR,Sazerac Company Inc,43336,Fireball Cinnamon Whiskey,12,750,8.25,12.38,6,74.28,4.50
INV-203350,2026-05-23,2501,Hy-Vee #3 / BDI / Des Moines,DES MOINES,50313,POLK,1081900,WHISKEY LIQUEUR,Sazerac Company Inc,43336,Fireball Cinnamon Whiskey,12,750,8.25,12.38,2,24.76,1.50
INV-203351,2026-04-05,2501,Hy-Vee #3 / BDI / Des Moines,DES MOINES,50313,POLK,1031200,AMERICAN VODKAS,Sazerac Company Inc,36308,Mr Boston Vodka,12,1000,4.50,6.75,9,60.75,9.00
INV-203352,05-May-2026,2633,  Hometown Foods,CEDAR RAPIDS,52402,LINN,1051010,IMPORTED BRANDIES,Moet Hennessy USA,64866,Hennessy VS,12,750,24.99,37.49,1,37.49,0.75
INV-203353,2026-05-03,2501,Hy-Vee #3 / BDI / Des Moines,DES MOINES,50313,POLK,1041100,AMERICAN DRY GINS,Luxco Inc,35918,Five O'clock Gin,12,1750,8.99 ,13.49 ,5,67.45 ,8.75
INV-203354,21-Mar-2026,4829,Casey's General Store #2879,ANKENY,50021,POLK,1081600,-,Regional Spirits Co,77779,Dusty Shelf Cordial,6,375,11.00,12.10,2,24.20,0.75
INV-203355,2026-07-02,3385,Sam's Club 8162,DAVENPORT,52807,SCOTT,1031200,AMERICAN VODKAS,Fifth Generation Inc,26827,Tito's Handmade Vodka,12,750,12.50,18.75,1,18.75,0.75
INV-203356,2026-05-14,2501,Hy-Vee #3 / BDI / Des Moines,DES MOINES,50313,POLK,1032080,IRISH WHISKIES,Pernod Ricard USA,19067,Jameson,12,750,17.99,26.99,12,323.88,9.00
INV-203357,2026-02-14,2648,Wilkie Liquors ,IOWA CITY,52240,JOHNSON,1081600,,Regional Spirits Co,77779,Dusty Shelf Cordial,6,375,11.00,12.10,1,12.10,0.38
INV-203358,06/27/2026,3385,  Sam's Club 8162,DAVENPORT,52807.0,SCOTT,1041100,AMERICAN DRY GINS,Luxco Inc,35918,Five O'clock Gin,12,1750,8.99 ,13.49 ,6,80.94 ,10.50
INV-203359,04/15/2026,4829,Casey's General Store #2879,ANKENY,50021,POLK,1081600,N/A,Regional Spirits Co,77779,Dusty Shelf Cordial,6,375,11.00,12.10,5,60.50,1.88
INV-203360,2026-04-18,5102,Corner Tap & Bottle,AMES,50010,STORY,1081600,-,Regional Spirits Co,77779,Dusty Shelf Cordial,6,375,11.00,12.10,1,12.10,0.38
INV-203361,2026-05-14,4829,Casey's General Store #2879,ANKENY,50021,POLK,1041100,AMERICAN DRY GINS,Luxco Inc,35918,Five O'clock Gin,12,1750,8.99,13.49,3,40.47,5.25
INV-203362,2026-02-17,2648,  Wilkie Liquors,IOWA CITY,52240,,1031080,CANADIAN WHISKIES,Heaven Hill Brands,11788,Black Velvet,12,1750,9.75,14.63,1,14.63,1.75
INV-203363,03/20/2026,2648,Wilkie Liquors,IOWA CITY,52240,JOHNSON,1041100,AMERICAN DRY GINS,Luxco Inc,35918,Five O'clock Gin,12,1750,$8.99,$13.49,1,$13.49,1.75
INV-203364,26-Jul-2026,5102,Corner Tap & Bottle,AMES,50010,STORY,1041100,AMERICAN DRY GINS,Luxco Inc,35918,Five O'clock Gin,12,1750,8.99 ,13.49 ,1,13.49 ,1.75
INV-203365,07/27/2026,2633,Hometown Foods,CEDAR RAPIDS,52402,LINN,1032080,IRISH WHISKIES,Pernod Ricard USA,19067,Jameson,12,750,17.99 ,26.99 ,1,26.99 ,0.75
INV-203366,07/05/2026,3385,Sam's Club 8162,DAVENPORT,52807.0,SCOTT,1031080,CANADIAN WHISKIES,Heaven Hill Brands,11788,Black Velvet,12,1750,9.75 ,14.63 ,9,131.67 ,15.75
INV-203367,2026-05-13,2501,Hy-Vee #3 / BDI / Des Moines,DES MOINES,50313,POLK,1051010,IMPORTED BRANDIES,Moet Hennessy USA,64866,Hennessy VS,12,750,24.99 ,37.49 ,1,37.49 ,0.75
INV-203368,31-Mar-2026,2501,HY-VEE #3 / BDI / DES MOINES,DES MOINES,50313,POLK,1081900,WHISKEY LIQUEUR,Sazerac Company Inc,43336,Fireball Cinnamon Whiskey,12,750,8.25 ,12.38 ,3,37.14 ,2.25
INV-203369,2026-04-27,2648,Wilkie Liquors,IOWA CITY,52240,JOHNSON,1081900,WHISKEY LIQUEUR,Sazerac Company Inc,43336,Fireball Cinnamon Whiskey,12,750,8.25,12.38,1,12.38,0.75
INV-203370,14-Apr-2026,3385,Sam's Club 8162,DAVENPORT,52807,,1041100,AMERICAN DRY GINS,Luxco Inc,35918,Five O'clock Gin,12,1750,8.99,13.49,1,13.49,1.75
INV-203371,02/07/2026,2501,Hy-Vee #3 / BDI / Des Moines,DES MOINES,50313,POLK,1031080,CANADIAN WHISKIES,Heaven Hill Brands,11788,Black Velvet,12,1750,9.75,14.63,4,58.52,7.00
INV-203372,2026-07-03,5102,  Corner Tap & Bottle,AMES,50010,STORY,1081900,WHISKEY LIQUEUR,Sazerac Company Inc,43336,Fireball Cinnamon Whiskey,12,750,8.25 ,12.38 ,1,12.38 ,0.75
INV-203373,2026-04-25,3385,Sam's Club 8162,DAVENPORT,52807.0,SCOTT,1031200,AMERICAN VODKAS,Fifth Generation Inc,26827,Tito's Handmade Vodka,12,750,12.50,18.75,6,112.50,4.50
INV-203374,02/03/2026,5102,Corner Tap & Bottle,Ames,50010,,1041100,AMERICAN DRY GINS,Luxco Inc,35918,Five O'clock Gin,12,1750,8.99,13.49,1,13.49,1.75
INV-203375,03/15/2026,2648,WILKIE LIQUORS,IOWA CITY,52240,JOHNSON,1081900,WHISKEY LIQUEUR,Sazerac Company Inc,43336,Fireball Cinnamon Whiskey,12,750,8.25,12.38,1,12.38,0.75
INV-203376,2026-05-31,3385,Sam's Club 8162,DAVENPORT,52807,SCOTT,1031200,AMERICAN VODKAS,Sazerac Company Inc,36308,Mr Boston Vodka,12,1000,4.50 ,6.75 ,1,6.75 ,1.00
INV-203377,2026-05-10,3385,Sam's Club 8162,DAVENPORT,52807,SCOTT,1081600,,Regional Spirits Co,77779,Dusty Shelf Cordial,6,375,11.00 ,12.10 ,3,36.30 ,1.12
INV-203378,22-Mar-2026,3385,Sam's Club 8162,Davenport,52807,SCOTT,1081600,-,Regional Spirits Co,77779,Dusty Shelf Cordial,6,375,$11.00,$12.10,4,$48.40,1.50
INV-203379,13-Jun-2026,2633,Hometown Foods,CEDAR RAPIDS,52402,LINN,1081900,WHISKEY LIQUEUR,Sazerac Company Inc,43336,Fireball Cinnamon Whiskey,12,750,8.25 ,12.38 ,3,37.14 ,2.25
INV-203380,02/07/2026,2190,"Central City Liquor, Inc.",Des Moines,50310.0,POLK,1031200,AMERICAN VODKAS,Sazerac Company Inc,36308,Mr Boston Vodka,12,1000,4.50,6.75,9,60.75,9.00
INV-203381,24-Jul-2026,2633,Hometown Foods,CEDAR RAPIDS,52402,LINN,1032080,IRISH WHISKIES,Pernod Ricard USA,19067,Jameson,12,750,$17.99,$26.99,2,$53.98,1.50
INV-203382,03/05/2026,2633,  Hometown Foods,CEDAR RAPIDS,52402,LINN,1031200,AMERICAN VODKAS,Fifth Generation Inc,26827,Tito's Handmade Vodka,12,750,$12.50,$18.75,9,$168.75,6.75
INV-203383,31-May-2026,2648,Wilkie Liquors,IOWA CITY,52240,JOHNSON,1041100,AMERICAN DRY GINS,Luxco Inc,35918,Five O'clock Gin,12,1750,8.99,13.49,5,67.45,8.75
INV-203384,2026-05-12,4829,Casey's General Store #2879,ANKENY,50021,POLK,1051010,IMPORTED BRANDIES,Moet Hennessy USA,64866,Hennessy VS,12,750,24.99,37.49,2,74.98,1.50
INV-203385,06/24/2026,2190,"Central City Liquor, Inc.",DES MOINES,50310,POLK,1041100,AMERICAN DRY GINS,Luxco Inc,35918,Five O'clock Gin,12,1750,8.99,13.49,1,13.49,1.75
INV-203386,07/14/2026,2648,Wilkie Liquors,IOWA CITY,52240,JOHNSON,1031080,CANADIAN WHISKIES,Heaven Hill Brands,11788,Black Velvet,12,1750,9.75,14.63,4,58.52,7.00
INV-203387,2026-07-27,2633,HOMETOWN FOODS,CEDAR RAPIDS,52402,LINN,1031200,AMERICAN VODKAS,Sazerac Company Inc,36308,Mr Boston Vodka,12,1000,4.50,6.75,6,40.50,6.00
INV-203388,2026-01-30,2633,  Hometown Foods,CEDAR RAPIDS,52402,LINN,1031080,CANADIAN WHISKIES,Heaven Hill Brands,11788,Black Velvet,12,1750,9.75 ,14.63 ,3,43.89 ,5.25
INV-203389,2026-04-12,2501,Hy-Vee #3 / BDI / Des Moines,DES MOINES,50313,POLK,1031200,AMERICAN VODKAS,Sazerac Company Inc,36308,Mr Boston Vodka,12,1000,4.50,6.75,6,40.50,6.00
INV-203390,07-Jul-2026,3385,Sam's Club 8162,DAVENPORT,52807,SCOTT,1051010,IMPORTED BRANDIES,Moet Hennessy USA,64866,Hennessy VS,12,750,24.99,37.49,1,37.49,0.75
INV-203391,05/06/2026,2501,Hy-Vee #3 / BDI / Des Moines,DES MOINES,50313,POLK,1081600,-,Regional Spirits Co,77779,Dusty Shelf Cordial,6,375,11.00,12.10,5,60.50,1.88
INV-203392,2026-05-15,2648,Wilkie Liquors,IOWA CITY,52240,JOHNSON,1031200,AMERICAN VODKAS,Sazerac Company Inc,36308,Mr Boston Vodka,12,1000,4.50,6.75,19,128.25,19.00
INV-203393,2026-04-18,2633,HOMETOWN FOODS,CEDAR RAPIDS,52402,LINN,1051010,IMPORTED BRANDIES,Moet Hennessy USA,64866,Hennessy VS,12,750,24.99,37.49,1,37.49,0.75
INV-203394,2026-05-17,4829,Casey's General Store #2879,ANKENY,50021,POLK,1051010,IMPORTED BRANDIES,Moet Hennessy USA,64866,Hennessy VS,12,750,24.99 ,37.49 ,1,37.49 ,0.75
INV-203395,2026-07-28,2501,Hy-Vee #3 / BDI / Des Moines,DES MOINES,50313,POLK,1051010,IMPORTED BRANDIES,Moet Hennessy USA,64866,Hennessy VS,12,750,$24.99,$37.49,2,$74.98,1.50
INV-203396,2026-07-11,3385,Sam's Club 8162,DAVENPORT,52807,SCOTT,1031200,AMERICAN VODKAS,Fifth Generation Inc,26827,Tito's Handmade Vodka,12,750,$12.50,$18.75,9,$168.75,6.75
INV-203397,31-Jan-2026,5102,  Corner Tap & Bottle,AMES,50010,STORY,1051010,IMPORTED BRANDIES,Moet Hennessy USA,64866,Hennessy VS,12,750,$24.99,$37.49,4,$149.96,3.00
INV-203398,05/19/2026,2190,"Central City Liquor, Inc.",DES MOINES,50310,POLK,1031200,AMERICAN VODKAS,Sazerac Company Inc,36308,Mr Boston Vodka,12,1000,4.50,6.75,4,27.00,4.00
INV-203399,07/28/2026,2633,Hometown Foods ,CEDAR RAPIDS,52402,LINN,1031080,CANADIAN WHISKIES,Heaven Hill Brands,11788,Black Velvet,12,1750,9.75,14.63,6,87.78,10.50
INV-203399,07/28/2026,2633,Hometown Foods ,CEDAR RAPIDS,52402,LINN,1031080,CANADIAN WHISKIES,Heaven Hill Brands,11788,Black Velvet,12,1750,9.75,14.63,6,87.78,10.50
INV-203400,05/26/2026,2190,"Central City Liquor, Inc.",DES MOINES,50310,POLK,1031200,AMERICAN VODKAS,Sazerac Company Inc,36308,Mr Boston Vodka,12,1000,4.50,6.75,1,6.75,1.00
INV-203401,2026-03-11,2501,HY-VEE #3 / BDI / DES MOINES,DES MOINES,50313,POLK,1031080,CANADIAN WHISKIES,Heaven Hill Brands,11788,Black Velvet,12,1750,9.75,14.63,2,29.26,3.50
INV-203402,2026-03-28,3385,SAM'S CLUB 8162,DAVENPORT,52807,SCOTT,1032080,IRISH WHISKIES,Pernod Ricard USA,19067,Jameson,12,750,17.99,26.99,5,134.95,3.75
INV-203403,2026-03-07,5102,  Corner Tap & Bottle,AMES,50010,STORY,1041100,AMERICAN DRY GINS,Luxco Inc,35918,Five O'clock Gin,12,1750,8.99,13.49,2,26.98,3.50
INV-203404,03/27/2026,3385,Sam's Club 8162,DAVENPORT,52807,SCOTT,1081900,WHISKEY LIQUEUR,Sazerac Company Inc,43336,Fireball Cinnamon Whiskey,12,750,$8.25,$12.38,1,$12.38,0.75
INV-203405,2026-04-18,2501,  Hy-Vee #3 / BDI / Des Moines,Des Moines,50313.0,POLK,1051010,IMPORTED BRANDIES,Moet Hennessy USA,64866,Hennessy VS,12,750,24.99,37.49,9,337.41,6.75
INV-203406,05/22/2026,4829,CASEY'S GENERAL STORE #2879,ANKENY,50021,POLK,1032080,IRISH WHISKIES,Pernod Ricard USA,19067,Jameson,12,750,$17.99,$26.99,1,$26.99,0.75
INV-203407,09-Mar-2026,2501,Hy-Vee #3 / BDI / Des Moines,DES MOINES,50313,POLK,1031080,CANADIAN WHISKIES,Heaven Hill Brands,11788,Black Velvet,12,1750,9.75,14.63,1,14.63,1.75
INV-203408,2026-02-27,2501,Hy-Vee #3 / BDI / Des Moines,DES MOINES,50313,POLK,1031200,AMERICAN VODKAS,Fifth Generation Inc,26827,Tito's Handmade Vodka,12,750,12.50,18.75,3,56.25,2.25
INV-203409,2026-03-18,2190,"Central City Liquor, Inc.",DES MOINES,50310,POLK,1031200,AMERICAN VODKAS,Fifth Generation Inc,26827,Tito's Handmade Vodka,12,750,12.50 ,18.75 ,1,18.75 ,0.75
INV-203410,04/28/2026,4829,CASEY'S GENERAL STORE #2879,ANKENY,50021,POLK,1032080,IRISH WHISKIES,Pernod Ricard USA,19067,Jameson,12,750,$17.99,$26.99,1,$26.99,0.75
INV-203411,2026-04-26,4829,Casey's General Store #2879,Ankeny,50021,POLK,1081600,N/A,Regional Spirits Co,77779,Dusty Shelf Cordial,6,375,11.00,12.10,3,36.30,1.12
INV-203412,2026-04-04,5102,CORNER TAP & BOTTLE,AMES,50010,STORY,1051010,IMPORTED BRANDIES,Moet Hennessy USA,64866,Hennessy VS,12,750,24.99 ,37.49 ,4,149.96 ,3.00
INV-203413,2026-07-14,2190,"Central City Liquor, Inc.",DES MOINES,50310,POLK,1051010,IMPORTED BRANDIES,Moet Hennessy USA,64866,Hennessy VS,12,750,24.99,37.49,1,37.49,0.75
INV-203414,09-Apr-2026,4829,  Casey's General Store #2879,ANKENY,50021,POLK,1081900,WHISKEY LIQUEUR,Sazerac Company Inc,43336,Fireball Cinnamon Whiskey,12,750,$8.25,$12.38,3,$37.14,2.25
INV-203415,06/21/2026,2501,  Hy-Vee #3 / BDI / Des Moines,DES MOINES,50313,,1032080,IRISH WHISKIES,Pernod Ricard USA,19067,Jameson,12,750,17.99,26.99,9,242.91,6.75
INV-203416,2026-02-14,3385,Sam's Club 8162,Davenport,52807,,1081600,N/A,Regional Spirits Co,77779,Dusty Shelf Cordial,6,375,11.00,12.10,3,36.30,1.12
INV-203417,2026-03-05,2648,Wilkie Liquors,IOWA CITY,52240,JOHNSON,1031200,AMERICAN VODKAS,Fifth Generation Inc,26827,Tito's Handmade Vodka,12,750,12.50,18.75,2,37.50,1.50
INV-203418,05/03/2026,5102,Corner Tap & Bottle,AMES,50010,STORY,1031200,AMERICAN VODKAS,Sazerac Company Inc,36308,Mr Boston Vodka,12,1000,4.50 ,6.75 ,5,33.75 ,5.00
INV-203419,2026-03-07,2648,WILKIE LIQUORS,IOWA CITY,52240,JOHNSON,1032080,IRISH WHISKIES,Pernod Ricard USA,19067,Jameson,12,750,17.99,26.99,1,26.99,0.75
INV-203420,04/06/2026,4829,Casey's General Store #2879,ANKENY,50021,POLK,1031080,CANADIAN WHISKIES,Heaven Hill Brands,11788,Black Velvet,12,1750,9.75,14.63,2,29.26,3.50
INV-203421,2026-03-23,5102,CORNER TAP & BOTTLE,AMES,50010,STORY,1032080,IRISH WHISKIES,Pernod Ricard USA,19067,Jameson,12,750,17.99,26.99,2,53.98,1.50
INV-203422,04/05/2026,2648,WILKIE LIQUORS,IOWA CITY,52240,JOHNSON,1041100,AMERICAN DRY GINS,Luxco Inc,35918,Five O'clock Gin,12,1750,,13.49,1,13.49,1.75
INV-203423,2026-03-15,2633,Hometown Foods,CEDAR RAPIDS,52402,LINN,1031080,CANADIAN WHISKIES,Heaven Hill Brands,11788,Black Velvet,12,1750,9.75,14.63,1,14.63,1.75
INV-203424,05/12/2026,4829,Casey's General Store #2879,ANKENY,50021,POLK,1041100,AMERICAN DRY GINS,Luxco Inc,35918,Five O'clock Gin,12,1750,8.99 ,13.49 ,3,40.47 ,5.25
INV-203425,2026-06-02,2501,Hy-Vee #3 / BDI / Des Moines,DES MOINES,50313,POLK,1081900,WHISKEY LIQUEUR,Sazerac Company Inc,43336,Fireball Cinnamon Whiskey,12,750,8.25,12.38,7,86.66,5.25
INV-203426,2026-06-03,2648,  Wilkie Liquors,IOWA CITY,52240,JOHNSON,1032080,IRISH WHISKIES,Pernod Ricard USA,19067,Jameson,12,750,17.99,26.99,1,26.99,0.75
INV-203427,03-Apr-2026,2648,Wilkie Liquors,IOWA CITY,52240,JOHNSON,1031200,AMERICAN VODKAS,Sazerac Company Inc,36308,Mr Boston Vodka,12,1000,$4.50,$6.75,2,$13.50,2.00
INV-203428,2026-05-29,3385,Sam's Club 8162,DAVENPORT,52807,SCOTT,1032080,IRISH WHISKIES,Pernod Ricard USA,19067,Jameson,12,750,17.99,26.99,1,26.99,0.75
INV-203429,06/15/2026,2501,Hy-Vee #3 / BDI / Des Moines,DES MOINES,50313,POLK,1031080,CANADIAN WHISKIES,Heaven Hill Brands,11788,Black Velvet,12,1750,$9.75,$14.63,12,$175.56,21.00
INV-203430,05/02/2026,2648,Wilkie Liquors,IOWA CITY,52240,JOHNSON,1032080,IRISH WHISKIES,Pernod Ricard USA,19067,Jameson,12,750,$17.99,$26.99,7,$188.93,5.25
INV-203431,06/14/2026,5102,Corner Tap & Bottle,AMES,50010,STORY,1031200,AMERICAN VODKAS,Sazerac Company Inc,36308,Mr Boston Vodka,12,1000,N/A,$6.75,1,$6.75,1.00
INV-203432,18-Jul-2026,2633,Hometown Foods ,CEDAR RAPIDS,52402,LINN,1041100,AMERICAN DRY GINS,Luxco Inc,35918,Five O'clock Gin,12,1750,$8.99,$13.49,1,$13.49,1.75
INV-203433,03/09/2026,5102,Corner Tap & Bottle,AMES,50010,STORY,1041100,AMERICAN DRY GINS,Luxco Inc,35918,Five O'clock Gin,12,1750,8.99,13.49,1,13.49,1.75
INV-203434,2026-05-30,3385,Sam's Club 8162,DAVENPORT,52807,SCOTT,1081600,,Regional Spirits Co,77779,Dusty Shelf Cordial,6,375,11.00 ,12.10 ,2,24.20 ,0.75
INV-203435,2026-05-10,2501,Hy-Vee #3 / BDI / Des Moines,DES MOINES,50313,POLK,1031200,AMERICAN VODKAS,Fifth Generation Inc,26827,Tito's Handmade Vodka,12,750,12.50,18.75,3,56.25,2.25
INV-203436,2026-04-17,5102,Corner Tap & Bottle,AMES,50010,STORY,1031080,CANADIAN WHISKIES,Heaven Hill Brands,11788,Black Velvet,12,1750,$9.75,$14.63,1,$14.63,1.75
INV-203437,19-Mar-2026,2648,Wilkie Liquors,IOWA CITY,52240.0,JOHNSON,1032080,IRISH WHISKIES,Pernod Ricard USA,19067,Jameson,12,750,17.99,26.99,3,80.97,2.25
INV-203438,06/18/2026,2190,"Central City Liquor, Inc.",DES MOINES,50310,POLK,1081600,,Regional Spirits Co,77779,Dusty Shelf Cordial,6,375,11.00,12.10,1,12.10,0.38
INV-203439,2026-05-30,2501,Hy-Vee #3 / BDI / Des Moines,DES MOINES,50313,POLK,1081600,-,Regional Spirits Co,77779,Dusty Shelf Cordial,6,375,11.00 ,12.10 ,4,48.40 ,1.50
INV-203440,03/12/2026,2501,Hy-Vee #3 / BDI / Des Moines,DES MOINES,50313,POLK,1041100,AMERICAN DRY GINS,Luxco Inc,35918,Five O'clock Gin,12,1750,$8.99,$13.49,1,$13.49,1.75
INV-203441,2026-06-14,4829,  Casey's General Store #2879,ANKENY,50021,POLK,1032080,IRISH WHISKIES,Pernod Ricard USA,19067,Jameson,12,750,17.99,26.99,15,404.85,11.25
INV-203442,30-Jan-2026,2190,"Central City Liquor, Inc.",DES MOINES,50310,POLK,1041100,AMERICAN DRY GINS,Luxco Inc,35918,Five O'clock Gin,12,1750,$8.99,$13.49,3,$40.47,5.25
INV-203443,11-May-2026,2648,Wilkie Liquors,IOWA CITY,52240,JOHNSON,1081600,-,Regional Spirits Co,77779,Dusty Shelf Cordial,6,375,11.00,12.10,1,12.10,0.38
INV-203444,03/10/2026,5102,Corner Tap & Bottle,AMES,50010.0,STORY,1041100,AMERICAN DRY GINS,Luxco Inc,35918,Five O'clock Gin,12,1750,8.99 ,13.49 ,1,13.49 ,1.75
INV-203445,2026-06-20,2648,Wilkie Liquors,IOWA CITY,52240,JOHNSON,1051010,IMPORTED BRANDIES,Moet Hennessy USA,64866,Hennessy VS,12,750,24.99,37.49,4,149.96,3.00
INV-203446,06/05/2026,3385,SAM'S CLUB 8162,DAVENPORT,52807,SCOTT,1081900,WHISKEY LIQUEUR,Sazerac Company Inc,43336,Fireball Cinnamon Whiskey,12,750,8.25,12.38,1,12.38,0.75
INV-203447,15-Jul-2026,2190,"CENTRAL CITY LIQUOR, INC.",DES MOINES,50310,POLK,1031200,AMERICAN VODKAS,Sazerac Company Inc,36308,Mr Boston Vodka,12,1000,4.50 ,6.75 ,1,6.75 ,1.00
INV-203448,05/24/2026,4829,Casey's General Store #2879,ANKENY,50021,POLK,1032080,IRISH WHISKIES,Pernod Ricard USA,19067,Jameson,12,750,$17.99,$26.99,5,$134.95,3.75
INV-203449,2026-05-20,4829,Casey's General Store #2879,ANKENY,50021.0,POLK,1081900,WHISKEY LIQUEUR,Sazerac Company Inc,43336,Fireball Cinnamon Whiskey,12,750,8.25,12.38,5,61.90,3.75
INV-203450,21-Jul-2026,4829,Casey's General Store #2879,ANKENY,50021,POLK,1081600,,Regional Spirits Co,77779,Dusty Shelf Cordial,6,375,11.00,12.10,5,60.50,1.88
INV-203451,2026-03-16,3385,Sam's Club 8162,DAVENPORT,52807,SCOTT,1041100,AMERICAN DRY GINS,Luxco Inc,35918,Five O'clock Gin,12,1750,8.99,13.49,4,53.96,7.00
INV-203452,07/13/2026,3385,Sam's Club 8162 ,DAVENPORT,52807,SCOTT,1051010,IMPORTED BRANDIES,Moet Hennessy USA,64866,Hennessy VS,12,750,24.99,37.49,1,37.49,0.75
INV-203453,2026-01-31,2501,Hy-Vee #3 / BDI / Des Moines,DES MOINES,50313,POLK,1031080,CANADIAN WHISKIES,Heaven Hill Brands,11788,Black Velvet,12,1750,9.75,14.63,3,43.89,5.25
INV-203454,2026-05-11,2633,Hometown Foods,CEDAR RAPIDS,52402,LINN,1031200,AMERICAN VODKAS,Sazerac Company Inc,36308,Mr Boston Vodka,12,1000,4.50 ,6.75 ,3,20.25 ,3.00
INV-203455,02/18/2026,5102,Corner Tap and Bottle,AMES,50010,STORY,1041100,AMERICAN DRY GINS,Luxco Inc,35918,Five O'clock Gin,12,1750,8.99 ,13.49 ,3,40.47 ,5.25
INV-203456,04/18/2026,3385,  Sam's Club 8162,DAVENPORT,52807,SCOTT,1051010,IMPORTED BRANDIES,Moet Hennessy USA,64866,Hennessy VS,12,750,$24.99,$37.49,3,$112.47,2.25
INV-203457,03/06/2026,2501,Hy-Vee #3 / BDI / Des Moines,DES MOINES,50313,POLK,1031200,AMERICAN VODKAS,Sazerac Company Inc,36308,Mr Boston Vodka,12,1000,4.50,6.75,2,13.50,2.00
INV-203458,2026-02-11,3385,Sam's Club 8162,Davenport,52807,SCOTT,1031200,AMERICAN VODKAS,Fifth Generation Inc,26827,Tito's Handmade Vodka,12,750,12.50 ,18.75 ,1,18.75 ,0.75
INV-203459,2026-04-01,2190,"  Central City Liquor, Inc.",DES MOINES,50310,POLK,1081600,,Regional Spirits Co,77779,Dusty Shelf Cordial,6,375,11.00,12.10,2,24.20,0.75
INV-203460,17-Apr-2026,2648,Wilkie Liquors,IOWA CITY,52240,JOHNSON,1051010,IMPORTED BRANDIES,Moet Hennessy USA,64866,Hennessy VS,12,750,24.99,37.49,1,37.49,0.75
INV-203461,03/07/2026,2190,"  Central City Liquor, Inc.",DES MOINES,50310,POLK,1041100,AMERICAN DRY GINS,Luxco Inc,35918,Five O'clock Gin,12,1750,$8.99,$13.49,1,$13.49,1.75
INV-203462,02/06/2026,2501,Hy-Vee #3 / BDI / Des Moines ,DES MOINES,50313,POLK,1031200,AMERICAN VODKAS,Sazerac Company Inc,36308,Mr Boston Vodka,12,1000,$4.50,$6.75,1,$6.75,1.00
INV-203463,2026-02-06,2190,"Central City Liquor, Inc. ",DES MOINES,50310,POLK,1051010,IMPORTED BRANDIES,Moet Hennessy USA,64866,Hennessy VS,12,750,24.99,37.49,2,74.98,1.50
INV-203464,05/01/2026,2190,"  Central City Liquor, Inc.",DES MOINES,50310,POLK,1081600,,Regional Spirits Co,77779,Dusty Shelf Cordial,6,375,11.00,12.10,2,24.20,0.75
INV-203465,02/13/2026,2501,HY-VEE #3 / BDI / DES MOINES,DES MOINES,50313,POLK,1081600,-,Regional Spirits Co,77779,Dusty Shelf Cordial,6,375,11.00,12.10,7,84.70,2.62
INV-203466,2026-05-24,4829,Casey's General Store #2879,ANKENY,50021,,1041100,AMERICAN DRY GINS,Luxco Inc,35918,Five O'clock Gin,12,1750,8.99,13.49,2,26.98,3.50
INV-203466,2026-05-24,4829,Casey's General Store #2879,ANKENY,50021,,1041100,AMERICAN DRY GINS,Luxco Inc,35918,Five O'clock Gin,12,1750,8.99,13.49,2,26.98,3.50
INV-203467,05/11/2026,5102,Corner Tap & Bottle,AMES,50010,STORY,1031080,CANADIAN WHISKIES,Heaven Hill Brands,11788,Black Velvet,12,1750,$9.75,$14.63,3,$43.89,5.25
INV-203468,22-Jun-2026,5102,Corner Tap & Bottle,AMES,50010,STORY,1051010,IMPORTED BRANDIES,Moet Hennessy USA,64866,Hennessy VS,12,750,24.99 ,37.49 ,9,337.41 ,6.75
INV-203469,03/01/2026,2190,"CENTRAL CITY LIQUOR, INC.",DES MOINES,50310,POLK,1081900,WHISKEY LIQUEUR,Sazerac Company Inc,43336,Fireball Cinnamon Whiskey,12,750,$8.25,$12.38,20,$247.60,15.00
INV-203470,03/13/2026,2501,  Hy-Vee #3 / BDI / Des Moines,DES MOINES,50313,POLK,1032080,IRISH WHISKIES,Pernod Ricard USA,19067,Jameson,12,750,17.99,26.99,1,26.99,0.75
INV-203470,03/13/2026,2501,  Hy-Vee #3 / BDI / Des Moines,DES MOINES,50313,POLK,1032080,IRISH WHISKIES,Pernod Ricard USA,19067,Jameson,12,750,17.99,26.99,1,26.99,0.75
INV-203471,2026-03-05,5102,  Corner Tap & Bottle,AMES,50010,STORY,1081600,-,Regional Spirits Co,77779,Dusty Shelf Cordial,6,375,$11.00,$12.10,4,$48.40,1.50
INV-203472,2026-06-13,2190,"Central City Liquor, Inc.",Des Moines,50310.0,POLK,1041100,AMERICAN DRY GINS,Luxco Inc,35918,Five O'clock Gin,12,1750,8.99,13.49,2,26.98,3.50
INV-203473,03/22/2026,2190,"CENTRAL CITY LIQUOR, INC.",DES MOINES,50310,POLK,1081600,,Regional Spirits Co,77779,Dusty Shelf Cordial,6,375,11.00,12.10,3,36.30,1.12
INV-203474,03/17/2026,4829,CASEY'S GENERAL STORE #2879,ANKENY,50021,POLK,1032080,IRISH WHISKIES,Pernod Ricard USA,19067,Jameson,12,750,$17.99,$26.99,4,$107.96,3.00
INV-203475,2026-06-04,4829,Casey's General Store #2879,ANKENY,50021,POLK,1081900,WHISKEY LIQUEUR,Sazerac Company Inc,43336,Fireball Cinnamon Whiskey,12,750,$8.25,$12.38,3,$37.14,2.25
INV-203476,2026-05-02,2648,Wilkie Liquors,IOWA CITY,52240,JOHNSON,1081900,WHISKEY LIQUEUR,Sazerac Company Inc,43336,Fireball Cinnamon Whiskey,12,750,8.25 ,12.38 ,1,12.38 ,0.75
INV-203477,2026-01-31,2648,WILKIE LIQUORS,IOWA CITY,52240,JOHNSON,1081900,WHISKEY LIQUEUR,Sazerac Company Inc,43336,Fireball Cinnamon Whiskey,12,750,N/A,$12.38,5,$61.90,3.75
INV-203478,2026-06-07,2648,Wilkie Liquors,Iowa City,52240,JOHNSON,1051010,IMPORTED BRANDIES,Moet Hennessy USA,64866,Hennessy VS,12,750,24.99,37.49,3,112.47,2.25
INV-203479,2026-05-11,4829,  Casey's General Store #2879,ANKENY,50021,POLK,1031200,AMERICAN VODKAS,Fifth Generation Inc,26827,Tito's Handmade Vodka,12,750,12.50,18.75,1,18.75,0.75
INV-203480,07/03/2026,2501,Hy-Vee #3 / BDI / Des Moines,DES MOINES,50313.0,POLK,1031080,CANADIAN WHISKIES,Heaven Hill Brands,11788,Black Velvet,12,1750,9.75,14.63,6,87.78,10.50
INV-203481,2026-02-05,5102,Corner Tap & Bottle ,AMES,50010,,1031200,AMERICAN VODKAS,Fifth Generation Inc,26827,Tito's Handmade Vodka,12,750,12.50,18.75,1,18.75,0.75
INV-203482,2026-03-11,2501,Hy-Vee #3 / BDI / Des Moines,DES MOINES,50313,POLK,1081600,N/A,Regional Spirits Co,77779,Dusty Shelf Cordial,6,375,11.00 ,12.10 ,1,12.10 ,0.38
INV-203483,2026-05-23,2190,"Central City Liquor, Inc.",DES MOINES,50310.0,POLK,1081600,N/A,Regional Spirits Co,77779,Dusty Shelf Cordial,6,375,11.00,12.10,8,96.80,3.00
INV-203484,2026-06-04,2190,"Central City Liquor, Inc.",DES MOINES,50310,POLK,1081600,N/A,Regional Spirits Co,77779,Dusty Shelf Cordial,6,375,$11.00,$12.10,2,$24.20,0.75
INV-203485,2026-07-02,2190,"Central City Liquor, Inc.",DES MOINES,50310,POLK,1041100,AMERICAN DRY GINS,Luxco Inc,35918,Five O'clock Gin,12,1750,8.99 ,13.49 ,1,13.49 ,1.75
INV-203486,2026-03-26,2501,HY-VEE #3 / BDI / DES MOINES,Des Moines,50313.0,POLK,1081900,WHISKEY LIQUEUR,Sazerac Company Inc,43336,Fireball Cinnamon Whiskey,12,750,8.25,12.38,1,12.38,0.75
INV-203487,15-Apr-2026,4829,Casey's General Store #2879,ANKENY,50021,POLK,1041100,AMERICAN DRY GINS,Luxco Inc,35918,Five O'clock Gin,12,1750,8.99,13.49,7,94.43,12.25
INV-203488,2026-04-23,2648,Wilkie Liquors,IOWA CITY,52240.0,JOHNSON,1031200,AMERICAN VODKAS,Fifth Generation Inc,26827,Tito's Handmade Vodka,12,750,12.50,18.75,4,75.00,3.00
INV-203489,12-Jun-2026,4829,Casey's General Store #2879 ,ANKENY,50021,POLK,1051010,IMPORTED BRANDIES,Moet Hennessy USA,64866,Hennessy VS,12,750,24.99 ,37.49 ,3,112.47 ,2.25
INV-203490,07/07/2026,5102,Corner Tap and Bottle,AMES,50010,STORY,1031080,CANADIAN WHISKIES,Heaven Hill Brands,11788,Black Velvet,12,1750,9.75,14.63,3,43.89,5.25
INV-203491,2026-02-14,5102,Corner Tap & Bottle,AMES,50010,STORY,1031200,AMERICAN VODKAS,Fifth Generation Inc,26827,Tito's Handmade Vodka,12,750,12.50,18.75,2,37.50,1.50
INV-203492,05/20/2026,2190,"Central City Liquor, Inc.",DES MOINES,50310,POLK,1031200,AMERICAN VODKAS,Sazerac Company Inc,36308,Mr Boston Vodka,12,1000,4.50 ,6.75 ,2,13.50 ,2.00
INV-203492,05/20/2026,2190,"Central City Liquor, Inc.",DES MOINES,50310,POLK,1031200,AMERICAN VODKAS,Sazerac Company Inc,36308,Mr Boston Vodka,12,1000,4.50 ,6.75 ,2,13.50 ,2.00
INV-203493,05/31/2026,5102,Corner Tap & Bottle,AMES,50010,STORY,1081900,WHISKEY LIQUEUR,Sazerac Company Inc,43336,Fireball Cinnamon Whiskey,12,750,$8.25,$12.38,3,$37.14,2.25
INV-203494,2026-07-24,2633,Hometown Foods,CEDAR RAPIDS,52402,LINN,1032080,IRISH WHISKIES,Pernod Ricard USA,19067,Jameson,12,750,17.99,26.99,2,53.98,1.50
INV-203495,26-May-2026,3385,Sam's Club 8162,DAVENPORT,52807,SCOTT,1041100,AMERICAN DRY GINS,Luxco Inc,35918,Five O'clock Gin,12,1750,8.99,13.49,1,13.49,1.75
INV-203496,14-Apr-2026,5102,Corner Tap & Bottle,AMES,50010,STORY,1051010,IMPORTED BRANDIES,Moet Hennessy USA,64866,Hennessy VS,12,750,24.99,37.49,1,37.49,0.75
INV-203497,28-Jul-2026,2501,  Hy-Vee #3 / BDI / Des Moines,DES MOINES,50313,POLK,1032080,IRISH WHISKIES,Pernod Ricard USA,19067,Jameson,12,750,17.99,26.99,1,26.99,0.75
INV-203498,2026-05-02,3385,Sam's Club 8162,DAVENPORT,52807,SCOTT,1031200,AMERICAN VODKAS,Fifth Generation Inc,26827,Tito's Handmade Vodka,12,750,12.50,18.75,10,187.50,7.50
INV-203499,2026-03-13,2633,Hometown Foods,CEDAR RAPIDS,52402,LINN,1051010,IMPORTED BRANDIES,Moet Hennessy USA,64866,Hennessy VS,12,750,$24.99,$37.49,-4,$-149.96,-3.00
INV-203500,2026-06-03,2190,"Central City Liquor, Inc.",DES MOINES,50310,,1081600,,Regional Spirits Co,77779,Dusty Shelf Cordial,6,375,$11.00,$12.10,2,$24.20,0.75
INV-203501,07/16/2026,2190,"Central City Liquor, Inc.",DES MOINES,50310,POLK,1041100,AMERICAN DRY GINS,Luxco Inc,35918,Five O'clock Gin,12,1750,8.99 ,13.49 ,1,13.49 ,1.75
INV-203502,05/10/2026,4829,  Casey's General Store #2879,ANKENY,50021,POLK,1031080,CANADIAN WHISKIES,Heaven Hill Brands,11788,Black Velvet,12,1750,9.75 ,14.63 ,1,14.63 ,1.75
INV-203503,11-Jun-2026,2501,Hy-Vee #3 / BDI / Des Moines,DES MOINES,50313,POLK,1081600,-,Regional Spirits Co,77779,Dusty Shelf Cordial,6,375,11.00,12.10,4,48.40,1.50
INV-203504,04/28/2026,2633,Hometown Foods,CEDAR RAPIDS,52402,LINN,1081600,-,Regional Spirits Co,77779,Dusty Shelf Cordial,6,375,11.00 ,12.10 ,1,12.10 ,0.38
INV-203505,06-Jun-2026,5102,CORNER TAP & BOTTLE,AMES,50010,STORY,1081600,,Regional Spirits Co,77779,Dusty Shelf Cordial,6,375,11.00 ,12.10 ,3,36.30 ,1.12
INV-203506,2026-05-22,2648,Wilkie Liquors,IOWA CITY,52240.0,JOHNSON,1041100,AMERICAN DRY GINS,Luxco Inc,35918,Five O'clock Gin,12,1750,$8.99,$13.49,1,$13.49,1.75
INV-203507,2026-06-11,3385,Sam's Club 8162,DAVENPORT,52807,SCOTT,1081900,WHISKEY LIQUEUR,Sazerac Company Inc,43336,Fireball Cinnamon Whiskey,12,750,8.25 ,12.38 ,2,24.76 ,1.50
INV-203508,2026-03-31,3385,Sam's Club 8162,DAVENPORT,52807,SCOTT,1032080,IRISH WHISKIES,Pernod Ricard USA,19067,Jameson,12,750,17.99,26.99,1,26.99,0.75
INV-203509,26-May-2026,2648,  Wilkie Liquors,IOWA CITY,52240,JOHNSON,1031200,AMERICAN VODKAS,Sazerac Company Inc,36308,Mr Boston Vodka,12,1000,4.50,6.75,1,6.75,1.00
INV-203510,2026-02-23,3385,SAM'S CLUB 8162,DAVENPORT,52807,SCOTT,1031080,CANADIAN WHISKIES,Heaven Hill Brands,11788,Black Velvet,12,1750,9.75,14.63,12,175.56,21.00
INV-203511,02/21/2026,2190,"CENTRAL CITY LIQUOR, INC.",DES MOINES,50310,POLK,1031080,CANADIAN WHISKIES,Heaven Hill Brands,11788,Black Velvet,12,1750,$9.75,$14.63,4,$58.52,7.00
INV-203512,2026-06-03,5102,CORNER TAP & BOTTLE,AMES,50010,STORY,1051010,IMPORTED BRANDIES,Moet Hennessy USA,64866,Hennessy VS,12,750,24.99,37.49,4,149.96,3.00
INV-203513,2026-06-23,5102,CORNER TAP & BOTTLE,AMES,50010,STORY,1081900,WHISKEY LIQUEUR,Sazerac Company Inc,43336,Fireball Cinnamon Whiskey,12,750,$8.25,$12.38,3,$37.14,2.25
INV-203514,07/17/2026,2633,Hometown Foods,CEDAR RAPIDS,52402,LINN,1081600,-,Regional Spirits Co,77779,Dusty Shelf Cordial,6,375,$11.00,$12.10,1,$12.10,0.38
INV-203515,03/04/2026,2190,"Central City Liquor, Inc.",DES MOINES,50310,POLK,1081600,N/A,Regional Spirits Co,77779,Dusty Shelf Cordial,6,375,11.00,12.10,1,12.10,0.38
INV-203516,2026-04-20,2633,HOMETOWN FOODS,CEDAR RAPIDS,52402,LINN,1041100,AMERICAN DRY GINS,Luxco Inc,35918,Five O'clock Gin,12,1750,8.99,13.49,7,94.43,12.25
INV-203517,02/26/2026,4829,Casey's General Store #2879,ANKENY,50021.0,POLK,1041100,AMERICAN DRY GINS,Luxco Inc,35918,Five O'clock Gin,12,1750,$8.99,$13.49,4,$53.96,7.00
INV-203518,2026-03-08,2190,"Central City Liquor, Inc.",DES MOINES,50310,POLK,1031080,CANADIAN WHISKIES,Heaven Hill Brands,11788,Black Velvet,12,1750,9.75,14.63,8,117.04,14.00
INV-203519,2026-07-07,2633,HOMETOWN FOODS,CEDAR RAPIDS,52402,LINN,1081600,N/A,Regional Spirits Co,77779,Dusty Shelf Cordial,6,375,11.00 ,12.10 ,2,24.20 ,0.75
INV-203520,2026-02-13,2648,  Wilkie Liquors,IOWA CITY,52240,JOHNSON,1081900,WHISKEY LIQUEUR,Sazerac Company Inc,43336,Fireball Cinnamon Whiskey,12,750,8.25 ,12.38 ,2,24.76 ,1.50
INV-203521,02/28/2026,5102,CORNER TAP & BOTTLE,AMES,50010,STORY,1031200,AMERICAN VODKAS,Sazerac Company Inc,36308,Mr Boston Vodka,12,1000,4.50 ,6.75 ,9,60.75 ,9.00
INV-203522,2026-07-10,2501,Hy-Vee #3 / BDI / Des Moines,DES MOINES,50313,POLK,1051010,IMPORTED BRANDIES,Moet Hennessy USA,64866,Hennessy VS,12,750,24.99 ,37.49 ,4,149.96 ,3.00
INV-203523,2026-02-23,3385,SAM'S CLUB 8162,DAVENPORT,52807,SCOTT,1031080,CANADIAN WHISKIES,Heaven Hill Brands,11788,Black Velvet,12,1750,9.75,14.63,6,87.78,10.50
INV-203524,2026-06-23,4829,Casey's General Store #2879,ANKENY,50021,POLK,1051010,IMPORTED BRANDIES,Moet Hennessy USA,64866,Hennessy VS,12,750,24.99,37.49,7,262.43,5.25
INV-203525,2026-04-28,4829,CASEY'S GENERAL STORE #2879,ANKENY,50021,POLK,1031200,AMERICAN VODKAS,Fifth Generation Inc,26827,Tito's Handmade Vodka,12,750,12.50,18.75,3,56.25,2.25
INV-203526,05/13/2026,5102,  Corner Tap & Bottle,AMES,50010,STORY,1031080,CANADIAN WHISKIES,Heaven Hill Brands,11788,Black Velvet,12,1750,9.75,14.63,5,73.15,8.75
INV-203527,2026-07-19,5102,CORNER TAP & BOTTLE,AMES,50010,STORY,1051010,IMPORTED BRANDIES,Moet Hennessy USA,64866,Hennessy VS,12,750,24.99,37.49,14,524.86,10.50
INV-203528,2026-03-25,4829,CASEY'S GENERAL STORE #2879,ANKENY,50021,,1031200,AMERICAN VODKAS,Sazerac Company Inc,36308,Mr Boston Vodka,12,1000,4.50,6.75,1,6.75,1.00
INV-203529,07/09/2026,2190,"Central City Liquor, Inc.",DES MOINES,50310,POLK,1031080,CANADIAN WHISKIES,Heaven Hill Brands,11788,Black Velvet,12,1750,,14.63 ,1,14.63 ,1.75
INV-203530,02-Apr-2026,2633,  Hometown Foods,CEDAR RAPIDS,52402,LINN,1081900,WHISKEY LIQUEUR,Sazerac Company Inc,43336,Fireball Cinnamon Whiskey,12,750,8.25,12.38,7,86.66,5.25
INV-203531,2026-02-25,2190,"CENTRAL CITY LIQUOR, INC.",DES MOINES,50310,POLK,1031080,CANADIAN WHISKIES,Heaven Hill Brands,11788,Black Velvet,12,1750,9.75,14.63,4,58.52,7.00
INV-203532,2026-06-18,5102,Corner Tap & Bottle,AMES,50010,STORY,1081900,WHISKEY LIQUEUR,Sazerac Company Inc,43336,Fireball Cinnamon Whiskey,12,750,8.25,12.38,2,24.76,1.50
INV-203533,2026-02-12,2501,Hy-Vee #3 / BDI / Des Moines,DES MOINES,50313.0,POLK,1041100,AMERICAN DRY GINS,Luxco Inc,35918,Five O'clock Gin,12,1750,$8.99,$13.49,1,$13.49,1.75
INV-203534,02/14/2026,2648,Wilkie Liquors,IOWA CITY,52240,JOHNSON,1081900,WHISKEY LIQUEUR,Sazerac Company Inc,43336,Fireball Cinnamon Whiskey,12,750,$8.25,$12.38,2,$24.76,1.50
INV-203535,12-Apr-2026,2501,Hy-Vee #3 / BDI / Des Moines,DES MOINES,50313,POLK,1081900,WHISKEY LIQUEUR,Sazerac Company Inc,43336,Fireball Cinnamon Whiskey,12,750,8.25,12.38,10,123.80,7.50
INV-203536,07/16/2026,3385,Sam's Club 8162,DAVENPORT,52807,,1031200,AMERICAN VODKAS,Sazerac Company Inc,36308,Mr Boston Vodka,12,1000,4.50,6.75,1,6.75,1.00
INV-203537,04/22/2026,3385,Sam's Club 8162,DAVENPORT,52807,SCOTT,1041100,AMERICAN DRY GINS,Luxco Inc,35918,Five O'clock Gin,12,1750,$8.99,$13.49,2,$26.98,3.50
INV-203538,18-Mar-2026,5102,Corner Tap & Bottle,Ames,50010,STORY,1081600,,Regional Spirits Co,77779,Dusty Shelf Cordial,6,375,11.00,12.10,4,48.40,1.50
INV-203539,05/07/2026,5102,Corner Tap & Bottle,AMES,50010,STORY,1081600,-,Regional Spirits Co,77779,Dusty Shelf Cordial,6,375,11.00,12.10,3,36.30,1.12
INV-203540,07-Jun-2026,5102,Corner Tap and Bottle,AMES,50010,STORY,1051010,IMPORTED BRANDIES,Moet Hennessy USA,64866,Hennessy VS,12,750,24.99,37.49,1,37.49,0.75
INV-203541,03/15/2026,2501,Hy-Vee #3 / BDI / Des Moines,DES MOINES,50313,POLK,1031200,AMERICAN VODKAS,Sazerac Company Inc,36308,Mr Boston Vodka,12,1000,$4.50,$6.75,6,$40.50,6.00
INV-203542,2026-06-29,5102,Corner Tap & Bottle,AMES,50010,STORY,1031200,AMERICAN VODKAS,Fifth Generation Inc,26827,Tito's Handmade Vodka,12,750,12.50,18.75,1,18.75,0.75
INV-203543,03/07/2026,3385,Sam's Club 8162,DAVENPORT,52807,SCOTT,1081900,WHISKEY LIQUEUR,Sazerac Company Inc,43336,Fireball Cinnamon Whiskey,12,750,8.25,12.38,1,12.38,0.75
INV-203544,02/01/2026,2501,Hy-Vee #3 / BDI / Des Moines,DES MOINES,50313,POLK,1081600,,Regional Spirits Co,77779,Dusty Shelf Cordial,6,375,11.00,12.10,7,84.70,2.62
INV-203545,02/04/2026,2501,Hy-Vee #3 / BDI / Des Moines,DES MOINES,50313,POLK,1031200,AMERICAN VODKAS,Fifth Generation Inc,26827,Tito's Handmade Vodka,12,750,12.50,18.75,16,300.00,12.00
INV-203546,2026-06-06,2190,"Central City Liquor, Inc.",DES MOINES,50310,,1031200,AMERICAN VODKAS,Fifth Generation Inc,26827,Tito's Handmade Vodka,12,750,12.50,18.75,13,243.75,9.75
INV-203547,2026-05-28,5102,Corner Tap & Bottle,AMES,50010,STORY,1032080,IRISH WHISKIES,Pernod Ricard USA,19067,Jameson,12,750,17.99,26.99,2,53.98,1.50
INV-203548,04/17/2026,2190,"Central City Liquor, Inc.",DES MOINES,50310,POLK,1081900,WHISKEY LIQUEUR,Sazerac Company Inc,43336,Fireball Cinnamon Whiskey,12,750,8.25,12.38,6,74.28,4.50
INV-203549,04/08/2026,4829,Casey's General Store #2879,ANKENY,50021,POLK,1051010,IMPORTED BRANDIES,Moet Hennessy USA,64866,Hennessy VS,12,750,24.99 ,37.49 ,10,374.90 ,7.50
INV-203550,08-Mar-2026,2633,  Hometown Foods,CEDAR RAPIDS,52402,LINN,1041100,AMERICAN DRY GINS,Luxco Inc,35918,Five O'clock Gin,12,1750,8.99 ,13.49 ,1,13.49 ,1.75
INV-203551,02/15/2026,5102,Corner Tap & Bottle ,AMES,50010,STORY,1031200,AMERICAN VODKAS,Sazerac Company Inc,36308,Mr Boston Vodka,12,1000,4.50,6.75,15,101.25,15.00
INV-203552,2026-06-11,3385,SAM'S CLUB 8162,DAVENPORT,52807,SCOTT,1081900,WHISKEY LIQUEUR,Sazerac Company Inc,43336,Fireball Cinnamon Whiskey,12,750,N/A,12.38,6,74.28,4.50
INV-203553,2026-05-30,4829,CASEY'S GENERAL STORE #2879,ANKENY,50021,POLK,1031200,AMERICAN VODKAS,Fifth Generation Inc,26827,Tito's Handmade Vodka,12,750,$12.50,$18.75,4,$75.00,3.00
INV-203554,07-Mar-2026,4829,Casey's General Store #2879,ANKENY,50021,POLK,1041100,AMERICAN DRY GINS,Luxco Inc,35918,Five O'clock Gin,12,1750,$8.99,$13.49,3,$40.47,5.25
INV-203555,03/07/2026,2190,"Central City Liquor, Inc.",DES MOINES,50310,POLK,1081900,WHISKEY LIQUEUR,Sazerac Company Inc,43336,Fireball Cinnamon Whiskey,12,750,8.25,12.38,1,12.38,0.75
INV-203556,2026-05-16,2633,Hometown Foods ,CEDAR RAPIDS,52402,LINN,1031080,CANADIAN WHISKIES,Heaven Hill Brands,11788,Black Velvet,12,1750,9.75,14.63,2,29.26,3.50
INV-203557,2026-07-09,2648,Wilkie Liquors,IOWA CITY,52240,JOHNSON,1031080,CANADIAN WHISKIES,Heaven Hill Brands,11788,Black Velvet,12,1750,9.75,14.63,2,29.26,3.50
INV-203558,04/22/2026,2633,Hometown Foods,CEDAR RAPIDS,52402,LINN,1031200,AMERICAN VODKAS,Sazerac Company Inc,36308,Mr Boston Vodka,12,1000,4.50 ,6.75 ,2,13.50 ,2.00
INV-203559,01-Feb-2026,2501,Hy-Vee #3 / BDI / Des Moines,Des Moines,50313,POLK,1081600,N/A,Regional Spirits Co,77779,Dusty Shelf Cordial,6,375,11.00 ,12.10 ,3,36.30 ,1.12
INV-203560,05/08/2026,2648,  Wilkie Liquors,IOWA CITY,52240,JOHNSON,1081900,WHISKEY LIQUEUR,Sazerac Company Inc,43336,Fireball Cinnamon Whiskey,12,750,$8.25,$12.38,5,$61.90,3.75
INV-203561,02-Feb-2026,2633,Hometown Foods,CEDAR RAPIDS,52402,LINN,1031080,CANADIAN WHISKIES,Heaven Hill Brands,11788,Black Velvet,12,1750,9.75,14.63,18,263.34,31.50
INV-203562,2026-05-14,4829,CASEY'S GENERAL STORE #2879,ANKENY,50021,POLK,1031200,AMERICAN VODKAS,Fifth Generation Inc,26827,Tito's Handmade Vodka,12,750,12.50,18.75,6,112.50,4.50
INV-203563,2026-02-16,4829,Casey's General Store #2879,ANKENY,50021,POLK,1041100,AMERICAN DRY GINS,Luxco Inc,35918,Five O'clock Gin,12,1750,N/A,13.49 ,2,26.98 ,3.50
INV-203564,02/19/2026,2190,"Central City Liquor, Inc.",DES MOINES,50310,POLK,1032080,IRISH WHISKIES,Pernod Ricard USA,19067,Jameson,12,750,17.99,26.99,1,26.99,0.75
INV-203565,04/17/2026,2633,  Hometown Foods,CEDAR RAPIDS,52402,LINN,1031200,AMERICAN VODKAS,Sazerac Company Inc,36308,Mr Boston Vodka,12,1000,4.50,6.75,5,33.75,5.00
INV-203566,03/10/2026,2633,Hometown Foods ,Cedar Rapids,52402,LINN,1051010,IMPORTED BRANDIES,Moet Hennessy USA,64866,Hennessy VS,12,750,24.99,37.49,1,37.49,0.75
INV-203567,2026-05-10,2648,Wilkie Liquors,IOWA CITY,52240,JOHNSON,1032080,IRISH WHISKIES,Pernod Ricard USA,19067,Jameson,12,750,$17.99,$26.99,2,$53.98,1.50
INV-203568,03/12/2026,2190,Central City Liquor INC,DES MOINES,50310,POLK,1031200,AMERICAN VODKAS,Sazerac Company Inc,36308,Mr Boston Vodka,12,1000,4.50,6.75,1,6.75,1.00
INV-203569,2026-06-21,5102,  Corner Tap & Bottle,AMES,50010,STORY,1051010,IMPORTED BRANDIES,Moet Hennessy USA,64866,Hennessy VS,12,750,24.99 ,37.49 ,2,74.98 ,1.50
INV-203570,2026-07-25,2501,Hy-Vee #3 / BDI / Des Moines,DES MOINES,50313,POLK,1031200,AMERICAN VODKAS,Sazerac Company Inc,36308,Mr Boston Vodka,12,1000,4.50,6.75,2,13.50,2.00
INV-203571,04/30/2026,2633,Hometown Foods,CEDAR RAPIDS,52402,LINN,1031200,AMERICAN VODKAS,Sazerac Company Inc,36308,Mr Boston Vodka,12,1000,4.50,6.75,5,33.75,5.00
INV-203572,08-May-2026,4829,CASEY'S GENERAL STORE #2879,ANKENY,50021.0,POLK,1081900,WHISKEY LIQUEUR,Sazerac Company Inc,43336,Fireball Cinnamon Whiskey,12,750,$8.25,$12.38,2,$24.76,1.50
INV-203573,04/26/2026,5102,CORNER TAP & BOTTLE,AMES,50010,STORY,1081900,WHISKEY LIQUEUR,Sazerac Company Inc,43336,Fireball Cinnamon Whiskey,12,750,8.25 ,12.38 ,1,12.38 ,0.75
INV-203574,05/20/2026,2501,Hy-Vee #3 / BDI / Des Moines,DES MOINES,50313,POLK,1031200,AMERICAN VODKAS,Sazerac Company Inc,36308,Mr Boston Vodka,12,1000,4.50,6.75,1,6.75,1.00
INV-203575,2026-05-07,5102,Corner Tap & Bottle,AMES,50010,STORY,1081900,WHISKEY LIQUEUR,Sazerac Company Inc,43336,Fireball Cinnamon Whiskey,12,750,$8.25,$12.38,1,$12.38,0.75
INV-203576,2026-03-18,2648,Wilkie Liquors,IOWA CITY,52240,JOHNSON,1051010,IMPORTED BRANDIES,Moet Hennessy USA,64866,Hennessy VS,12,750,24.99 ,37.49 ,4,149.96 ,3.00
INV-203577,2026-07-23,2648,  Wilkie Liquors,IOWA CITY,52240,JOHNSON,1031200,AMERICAN VODKAS,Fifth Generation Inc,26827,Tito's Handmade Vodka,12,750,12.50,18.75,3,56.25,2.25
INV-203578,02/07/2026,2648,Wilkie Liquors,IOWA CITY,52240,JOHNSON,1032080,IRISH WHISKIES,Pernod Ricard USA,19067,Jameson,12,750,$17.99,$26.99,1,$26.99,0.75
INV-203579,2026-03-31,5102,Corner Tap and Bottle,AMES,50010,STORY,1031200,AMERICAN VODKAS,Sazerac Company Inc,36308,Mr Boston Vodka,12,1000,4.50 ,6.75 ,1,6.75 ,1.00
INV-203580,20-May-2026,3385,Sam's Club 8162,DAVENPORT,52807,SCOTT,1051010,IMPORTED BRANDIES,Moet Hennessy USA,64866,Hennessy VS,12,750,24.99,37.49,5,187.45,3.75
INV-203581,05/10/2026,2501,Hy-Vee #3 / BDI / Des Moines,DES MOINES,50313,POLK,1031200,AMERICAN VODKAS,Sazerac Company Inc,36308,Mr Boston Vodka,12,1000,$4.50,$6.75,1,$6.75,1.00
INV-203582,2026-05-03,2633,Hometown Foods,CEDAR RAPIDS,52402.0,LINN,1041100,AMERICAN DRY GINS,Luxco Inc,35918,Five O'clock Gin,12,1750,8.99,13.49,1,13.49,1.75
INV-203583,03/05/2026,2501,HY-VEE #3 / BDI / DES MOINES,DES MOINES,50313,POLK,1051010,IMPORTED BRANDIES,Moet Hennessy USA,64866,Hennessy VS,12,750,24.99 ,37.49 ,2,74.98 ,1.50
INV-203584,2026-07-13,4829,Casey's General Store #2879,ANKENY,50021,POLK,1081900,WHISKEY LIQUEUR,Sazerac Company Inc,43336,Fireball Cinnamon Whiskey,12,750,8.25,12.38,4,49.52,3.00
INV-203585,2026-02-02,4829,Casey's General Store #2879,ANKENY,50021,POLK,1051010,IMPORTED BRANDIES,Moet Hennessy USA,64866,Hennessy VS,12,750,$24.99,$37.49,3,$112.47,2.25
INV-203586,2026-04-25,3385,SAM'S CLUB 8162,DAVENPORT,52807,SCOTT,1041100,AMERICAN DRY GINS,Luxco Inc,35918,Five O'clock Gin,12,1750,8.99,13.49,10,134.90,17.50
INV-203587,08-Feb-2026,2648,WILKIE LIQUORS,IOWA CITY,52240.0,JOHNSON,1081600,-,Regional Spirits Co,77779,Dusty Shelf Cordial,6,375,$11.00,$12.10,4,$48.40,1.50
INV-203588,26-May-2026,5102,Corner Tap & Bottle,AMES,50010,STORY,1031200,AMERICAN VODKAS,Sazerac Company Inc,36308,Mr Boston Vodka,12,1000,N/A,6.75,1,6.75,1.00
INV-203589,2026-05-26,2648,Wilkie Liquors,IOWA CITY,52240,JOHNSON,1081900,WHISKEY LIQUEUR,Sazerac Company Inc,43336,Fireball Cinnamon Whiskey,12,750,8.25 ,12.38 ,10,123.80 ,7.50
INV-203590,13-Mar-2026,2648,Wilkie Liquors,IOWA CITY,52240,JOHNSON,1031200,AMERICAN VODKAS,Fifth Generation Inc,26827,Tito's Handmade Vodka,12,750,12.50 ,18.75 ,2,37.50 ,1.50
INV-203591,04/18/2026,2190,"CENTRAL CITY LIQUOR, INC.",DES MOINES,50310,POLK,1032080,IRISH WHISKIES,Pernod Ricard USA,19067,Jameson,12,750,17.99,26.99,1,26.99,0.75
INV-203592,2026-05-28,3385,  Sam's Club 8162,DAVENPORT,52807,SCOTT,1032080,IRISH WHISKIES,Pernod Ricard USA,19067,Jameson,12,750,17.99,26.99,3,80.97,2.25
INV-203593,2026-02-06,3385,  Sam's Club 8162,DAVENPORT,52807,SCOTT,1051010,IMPORTED BRANDIES,Moet Hennessy USA,64866,Hennessy VS,12,750,24.99,37.49,1,37.49,0.75
INV-203594,11-May-2026,2633,Hometown Foods,CEDAR RAPIDS,52402,LINN,1041100,AMERICAN DRY GINS,Luxco Inc,35918,Five O'clock Gin,12,1750,8.99,13.49,1,13.49,1.75
INV-203595,2026-07-17,3385,Sam's Club 8162,DAVENPORT,52807,SCOTT,1031200,AMERICAN VODKAS,Fifth Generation Inc,26827,Tito's Handmade Vodka,12,750,12.50 ,18.75 ,3,56.25 ,2.25
INV-203596,12-Apr-2026,2633,Hometown Foods,CEDAR RAPIDS,52402,LINN,1081600,,Regional Spirits Co,77779,Dusty Shelf Cordial,6,375,$11.00,$12.10,2,$24.20,0.75
INV-203597,2026-03-19,2633,Hometown Foods,CEDAR RAPIDS,52402,LINN,1031200,AMERICAN VODKAS,Sazerac Company Inc,36308,Mr Boston Vodka,12,1000,$4.50,$6.75,1,$6.75,1.00
INV-203598,06/05/2026,2190,"Central City Liquor, Inc.",DES MOINES,50310,POLK,1051010,IMPORTED BRANDIES,Moet Hennessy USA,64866,Hennessy VS,12,750,$24.99,$37.49,8,$299.92,6.00
INV-203599,27-May-2026,4829,Casey's General Store #2879,ANKENY,50021,POLK,1031200,AMERICAN VODKAS,Fifth Generation Inc,26827,Tito's Handmade Vodka,12,750,12.50,18.75,1,18.75,0.75
INV-203600,2026-02-17,2501,HY-VEE #3 / BDI / DES MOINES,DES MOINES,50313,POLK,1032080,IRISH WHISKIES,Pernod Ricard USA,19067,Jameson,12,750,17.99,26.99,7,188.93,5.25
INV-203601,2026-02-17,2501,Hy-Vee #3 / BDI / Des Moines,DES MOINES,50313,POLK,1031200,AMERICAN VODKAS,Fifth Generation Inc,26827,Tito's Handmade Vodka,12,750,12.50 ,18.75 ,6,112.50 ,4.50
INV-203602,02/03/2026,4829,Casey's General Store #2879,ANKENY,50021,POLK,1051010,IMPORTED BRANDIES,Moet Hennessy USA,64866,Hennessy VS,12,750,$24.99,$37.49,-2,$-74.98,-1.50
INV-203603,30-Mar-2026,4829,Casey's General Store #2879,ANKENY,50021,POLK,1032080,IRISH WHISKIES,Pernod Ricard USA,19067,Jameson,12,750,$17.99,$26.99,2,$53.98,1.50
INV-203604,13-Jul-2026,3385,Sam's Club 8162,DAVENPORT,52807,SCOTT,1081600,N/A,Regional Spirits Co,77779,Dusty Shelf Cordial,6,375,11.00,12.10,1,12.10,0.38
INV-203605,15-Feb-2026,3385,Sam's Club 8162,DAVENPORT,52807,SCOTT,1081900,WHISKEY LIQUEUR,Sazerac Company Inc,43336,Fireball Cinnamon Whiskey,12,750,$8.25,$12.38,3,$37.14,2.25
INV-203606,2026-05-12,4829,Casey's General Store #2879,ANKENY,50021,POLK,1031080,CANADIAN WHISKIES,Heaven Hill Brands,11788,Black Velvet,12,1750,9.75,14.63,1,14.63,1.75
INV-203607,2026-07-27,3385,Sam's Club 8162,DAVENPORT,52807,SCOTT,1031080,CANADIAN WHISKIES,Heaven Hill Brands,11788,Black Velvet,12,1750,9.75,14.63,1,14.63,1.75
INV-203608,2026-02-27,2633,HOMETOWN FOODS,CEDAR RAPIDS,52402,,1051010,IMPORTED BRANDIES,Moet Hennessy USA,64866,Hennessy VS,12,750,24.99,37.49,1,37.49,0.75
INV-203609,2026-05-11,4829,Casey's General Store #2879,ANKENY,50021,POLK,1051010,IMPORTED BRANDIES,Moet Hennessy USA,64866,Hennessy VS,12,750,24.99,37.49,1,37.49,0.75
INV-203610,2026-02-02,2648,Wilkie Liquors,IOWA CITY,52240,JOHNSON,1031200,AMERICAN VODKAS,Fifth Generation Inc,26827,Tito's Handmade Vodka,12,750,12.50,18.75,3,56.25,2.25
INV-203611,02/25/2026,3385,Sam's Club 8162,DAVENPORT,52807,SCOTT,1032080,IRISH WHISKIES,Pernod Ricard USA,19067,Jameson,12,750,17.99 ,26.99 ,7,188.93 ,5.25
INV-203612,2026-04-28,2190,"CENTRAL CITY LIQUOR, INC.",DES MOINES,50310,POLK,1031200,AMERICAN VODKAS,Fifth Generation Inc,26827,Tito's Handmade Vodka,12,750,12.50,18.75,5,93.75,3.75
INV-203613,15-Feb-2026,2633,Hometown Foods,CEDAR RAPIDS,52402,LINN,1051010,IMPORTED BRANDIES,Moet Hennessy USA,64866,Hennessy VS,12,750,24.99,37.49,3,112.47,2.25
INV-203614,2026-05-24,2190,"Central City Liquor, Inc.",DES MOINES,50310,POLK,1081600,-,Regional Spirits Co,77779,Dusty Shelf Cordial,6,375,11.00,12.10,2,24.20,0.75
INV-203615,25-Jun-2026,4829,Casey's General Store #2879,ANKENY,50021,POLK,1041100,AMERICAN DRY GINS,Luxco Inc,35918,Five O'clock Gin,12,1750,$8.99,$13.49,4,$53.96,7.00
INV-203616,23-Jun-2026,2633,Hometown Foods,CEDAR RAPIDS,52402,LINN,1081900,WHISKEY LIQUEUR,Sazerac Company Inc,43336,Fireball Cinnamon Whiskey,12,750,8.25,12.38,2,24.76,1.50
INV-203617,2026-02-02,3385,Sam's Club 8162 ,DAVENPORT,52807,SCOTT,1081600,-,Regional Spirits Co,77779,Dusty Shelf Cordial,6,375,11.00,12.10,6,72.60,2.25
INV-203618,19-Jul-2026,5102,Corner Tap & Bottle,AMES,50010.0,STORY,1031200,AMERICAN VODKAS,Fifth Generation Inc,26827,Tito's Handmade Vodka,12,750,12.50 ,18.75 ,1,18.75 ,0.75
INV-203619,06/17/2026,2501,  Hy-Vee #3 / BDI / Des Moines,DES MOINES,50313,POLK,1051010,IMPORTED BRANDIES,Moet Hennessy USA,64866,Hennessy VS,12,750,$24.99,$37.49,3,$112.47,2.25
INV-203620,2026-05-13,2648,Wilkie Liquors ,IOWA CITY,52240,JOHNSON,1031080,CANADIAN WHISKIES,Heaven Hill Brands,11788,Black Velvet,12,1750,$9.75,$14.63,1,$14.63,1.75
INV-203621,2026-07-13,4829,Casey's General Store #2879,ANKENY,50021,POLK,1051010,IMPORTED BRANDIES,Moet Hennessy USA,64866,Hennessy VS,12,750,24.99 ,37.49 ,1,37.49 ,0.75
INV-203622,2026-04-23,2501,Hy-Vee #3 / BDI / Des Moines,DES MOINES,50313,POLK,1041100,AMERICAN DRY GINS,Luxco Inc,35918,Five O'clock Gin,12,1750,8.99,13.49,2,26.98,3.50
INV-203623,2026-06-17,2501,Hy-Vee #3 / BDI / Des Moines,DES MOINES,50313,POLK,1041100,AMERICAN DRY GINS,Luxco Inc,35918,Five O'clock Gin,12,1750,$8.99,$13.49,3,$40.47,5.25
INV-203624,2026-06-05,2190,"  Central City Liquor, Inc.",DES MOINES,50310,POLK,1031200,AMERICAN VODKAS,Fifth Generation Inc,26827,Tito's Handmade Vodka,12,750,12.50 ,18.75 ,1,18.75 ,0.75
INV-203625,05/15/2026,2190,"Central City Liquor, Inc.",Des Moines,50310,,1051010,IMPORTED BRANDIES,Moet Hennessy USA,64866,Hennessy VS,12,750,24.99,37.49,1,37.49,0.75
INV-203626,05/27/2026,2633,Hometown Foods,CEDAR RAPIDS,52402.0,LINN,1031200,AMERICAN VODKAS,Fifth Generation Inc,26827,Tito's Handmade Vodka,12,750,$12.50,$18.75,3,$56.25,2.25
INV-203627,04/27/2026,2501,Hy-Vee #3 / BDI / Des Moines,DES MOINES,50313,POLK,1081600,N/A,Regional Spirits Co,77779,Dusty Shelf Cordial,6,375,11.00 ,12.10 ,1,12.10 ,0.38
INV-203628,03/25/2026,3385,Sam's Club 8162,DAVENPORT,52807,SCOTT,1031200,AMERICAN VODKAS,Sazerac Company Inc,36308,Mr Boston Vodka,12,1000,$4.50,$6.75,3,$20.25,3.00
INV-203629,07/13/2026,3385,Sam's Club 8162,DAVENPORT,52807,SCOTT,1041100,AMERICAN DRY GINS,Luxco Inc,35918,Five O'clock Gin,12,1750,8.99 ,13.49 ,1,13.49 ,1.75
INV-203630,2026-04-17,4829,CASEY'S GENERAL STORE #2879,ANKENY,50021,,1031200,AMERICAN VODKAS,Fifth Generation Inc,26827,Tito's Handmade Vodka,12,750,12.50 ,18.75 ,1,18.75 ,0.75
INV-203631,04/01/2026,5102,Corner Tap & Bottle,AMES,50010,STORY,1081600,N/A,Regional Spirits Co,77779,Dusty Shelf Cordial,6,375,11.00 ,12.10 ,3,36.30 ,1.12
INV-203632,2026-02-01,3385,  Sam's Club 8162,DAVENPORT,52807.0,SCOTT,1081900,WHISKEY LIQUEUR,Sazerac Company Inc,43336,Fireball Cinnamon Whiskey,12,750,8.25,12.38,1,12.38,0.75
INV-203633,2026-06-25,5102,Corner Tap & Bottle,AMES,50010,STORY,1041100,AMERICAN DRY GINS,Luxco Inc,35918,Five O'clock Gin,12,1750,8.99,13.49,1,13.49,1.75
INV-203634,2026-05-18,5102,Corner Tap & Bottle,Ames,50010,STORY,1041100,AMERICAN DRY GINS,Luxco Inc,35918,Five O'clock Gin,12,1750,8.99 ,13.49 ,1,13.49 ,1.75
INV-203635,2026-04-11,2501,HY-VEE #3 / BDI / DES MOINES,DES MOINES,50313,POLK,1081900,WHISKEY LIQUEUR,Sazerac Company Inc,43336,Fireball Cinnamon Whiskey,12,750,8.25 ,12.38 ,5,61.90 ,3.75
INV-203636,2026-07-27,2648,Wilkie Liquors,IOWA CITY,52240.0,JOHNSON,1041100,AMERICAN DRY GINS,Luxco Inc,35918,Five O'clock Gin,12,1750,8.99,13.49,10,134.90,17.50
INV-203637,2026-03-24,2501,Hy-Vee #3 / BDI / Des Moines,DES MOINES,50313,POLK,1081600,,Regional Spirits Co,77779,Dusty Shelf Cordial,6,375,11.00 ,12.10 ,2,24.20 ,0.75
INV-203638,2026-05-01,2648,  Wilkie Liquors,IOWA CITY,52240,JOHNSON,1041100,AMERICAN DRY GINS,Luxco Inc,35918,Five O'clock Gin,12,1750,8.99,13.49,1,13.49,1.75
INV-203639,2026-06-19,2648,WILKIE LIQUORS,IOWA CITY,52240,JOHNSON,1051010,IMPORTED BRANDIES,Moet Hennessy USA,64866,Hennessy VS,12,750,24.99,37.49,8,299.92,6.00
INV-203640,03/31/2026,3385,Sam's Club 8162,DAVENPORT,52807,SCOTT,1041100,AMERICAN DRY GINS,Luxco Inc,35918,Five O'clock Gin,12,1750,$8.99,$13.49,10,$134.90,17.50
INV-203641,2026-05-03,2190,"CENTRAL CITY LIQUOR, INC.",DES MOINES,50310,POLK,1081900,WHISKEY LIQUEUR,Sazerac Company Inc,43336,Fireball Cinnamon Whiskey,12,750,8.25 ,12.38 ,11,136.18 ,8.25
INV-203642,2026-03-26,5102,CORNER TAP & BOTTLE,AMES,50010,STORY,1051010,IMPORTED BRANDIES,Moet Hennessy USA,64866,Hennessy VS,12,750,24.99,37.49,1,37.49,0.75
INV-203643,2026-06-15,2190,"Central City Liquor, Inc.",DES MOINES,50310,POLK,1041100,AMERICAN DRY GINS,Luxco Inc,35918,Five O'clock Gin,12,1750,8.99,13.49,3,40.47,5.25
INV-203644,07/02/2026,2633,Hometown Foods,CEDAR RAPIDS,52402.0,LINN,1041100,AMERICAN DRY GINS,Luxco Inc,35918,Five O'clock Gin,12,1750,$8.99,$13.49,2,$26.98,3.50
INV-203645,2026-02-23,5102,Corner Tap & Bottle,AMES,50010,STORY,1081600,N/A,Regional Spirits Co,77779,Dusty Shelf Cordial,6,375,11.00,12.10,1,12.10,0.38
INV-203646,17-Feb-2026,2648,Wilkie Liquors,IOWA CITY,52240,JOHNSON,1031200,AMERICAN VODKAS,Fifth Generation Inc,26827,Tito's Handmade Vodka,12,750,12.50,18.75,10,187.50,7.50
INV-203647,2026-02-09,4829,Casey's General Store #2879,ANKENY,50021,POLK,1081900,WHISKEY LIQUEUR,Sazerac Company Inc,43336,Fireball Cinnamon Whiskey,12,750,8.25,12.38,1,12.38,0.75
INV-203648,24-Apr-2026,2190,"Central City Liquor, Inc.",DES MOINES,50310,POLK,1032080,IRISH WHISKIES,Pernod Ricard USA,19067,Jameson,12,750,17.99,26.99,-5,-134.95,-3.75
INV-203649,2026-03-30,2190,"Central City Liquor, Inc.",DES MOINES,50310,POLK,1081600,N/A,Regional Spirits Co,77779,Dusty Shelf Cordial,6,375,11.00 ,12.10 ,4,48.40 ,1.50
INV-203650,2026-03-05,2190,"Central City Liquor, Inc.",DES MOINES,50310,POLK,1031200,AMERICAN VODKAS,Fifth Generation Inc,26827,Tito's Handmade Vodka,12,750,12.50,18.75,1,18.75,0.75
INV-203651,03/06/2026,2648,Wilkie Liquors,IOWA CITY,52240,JOHNSON,1041100,AMERICAN DRY GINS,Luxco Inc,35918,Five O'clock Gin,12,1750,$8.99,$13.49,8,$107.92,14.00
INV-203652,2026-02-08,2501,Hy-Vee #3 / BDI / Des Moines,DES MOINES,50313,POLK,1032080,IRISH WHISKIES,Pernod Ricard USA,19067,Jameson,12,750,$17.99,$26.99,3,$80.97,2.25
INV-203653,2026-06-02,2633,Hometown Foods,Cedar Rapids,52402,LINN,1081600,,Regional Spirits Co,77779,Dusty Shelf Cordial,6,375,11.00,12.10,1,12.10,0.38
INV-203654,07/28/2026,3385,Sam's Club 8162,DAVENPORT,52807,SCOTT,1032080,IRISH WHISKIES,Pernod Ricard USA,19067,Jameson,12,750,17.99 ,26.99 ,4,107.96 ,3.00
INV-203655,06/12/2026,2633,Hometown Foods,CEDAR RAPIDS,52402,LINN,1081600,N/A,Regional Spirits Co,77779,Dusty Shelf Cordial,6,375,11.00,12.10,1,12.10,0.38
INV-203656,21-Mar-2026,2648,Wilkie Liquors,IOWA CITY,52240,JOHNSON,1051010,IMPORTED BRANDIES,Moet Hennessy USA,64866,Hennessy VS,12,750,24.99 ,37.49 ,9,337.41 ,6.75
INV-203657,07/26/2026,5102,Corner Tap & Bottle,AMES,50010,STORY,1031080,CANADIAN WHISKIES,Heaven Hill Brands,11788,Black Velvet,12,1750,9.75,14.63,12,175.56,21.00
INV-203658,2026-03-31,2648,WILKIE LIQUORS,IOWA CITY,52240,JOHNSON,1051010,IMPORTED BRANDIES,Moet Hennessy USA,64866,Hennessy VS,12,750,$24.99,$37.49,6,$224.94,4.50
INV-203659,02/24/2026,4829,Casey's General Store #2879,ANKENY,50021,POLK,1032080,IRISH WHISKIES,Pernod Ricard USA,19067,Jameson,12,750,17.99 ,26.99 ,1,26.99 ,0.75
INV-203660,2026-05-07,4829,Casey's General Store #2879,ANKENY,50021,POLK,1031200,AMERICAN VODKAS,Fifth Generation Inc,26827,Tito's Handmade Vodka,12,750,12.50,18.75,6,112.50,4.50
INV-203661,01/30/2026,2633,Hometown Foods ,Cedar Rapids,52402.0,LINN,1031200,AMERICAN VODKAS,Sazerac Company Inc,36308,Mr Boston Vodka,12,1000,$4.50,$6.75,4,$27.00,4.00
INV-203662,2026-06-23,2633,Hometown Foods,CEDAR RAPIDS,52402.0,LINN,1031080,CANADIAN WHISKIES,Heaven Hill Brands,11788,Black Velvet,12,1750,$9.75,$14.63,8,$117.04,14.00
INV-203662,2026-06-23,2633,Hometown Foods,CEDAR RAPIDS,52402.0,LINN,1031080,CANADIAN WHISKIES,Heaven Hill Brands,11788,Black Velvet,12,1750,$9.75,$14.63,8,$117.04,14.00
INV-203663,05/03/2026,2648,Wilkie Liquors ,IOWA CITY,52240,JOHNSON,1031200,AMERICAN VODKAS,Sazerac Company Inc,36308,Mr Boston Vodka,12,1000,4.50 ,6.75 ,2,13.50 ,2.00
INV-203664,06/15/2026,3385,Sam's Club 8162,DAVENPORT,52807,SCOTT,1031080,CANADIAN WHISKIES,Heaven Hill Brands,11788,Black Velvet,12,1750,9.75,14.63,4,58.52,7.00
INV-203665,02/13/2026,2648,Wilkie Liquors,IOWA CITY,52240,JOHNSON,1081600,-,Regional Spirits Co,77779,Dusty Shelf Cordial,6,375,11.00,12.10,3,36.30,1.12
INV-203666,2026-02-01,2633,HOMETOWN FOODS,CEDAR RAPIDS,52402,LINN,1031080,CANADIAN WHISKIES,Heaven Hill Brands,11788,Black Velvet,12,1750,9.75 ,14.63 ,1,14.63 ,1.75
INV-203667,04-Jun-2026,2501,Hy-Vee #3 / BDI / Des Moines,Des Moines,50313.0,,1031200,AMERICAN VODKAS,Fifth Generation Inc,26827,Tito's Handmade Vodka,12,750,12.50,18.75,2,37.50,1.50
INV-203668,2026-02-01,5102,Corner Tap & Bottle,AMES,50010,STORY,1032080,IRISH WHISKIES,Pernod Ricard USA,19067,Jameson,12,750,17.99,26.99,1,26.99,0.75
INV-203669,2026-05-19,4829,CASEY'S GENERAL STORE #2879,ANKENY,50021,POLK,1031200,AMERICAN VODKAS,Fifth Generation Inc,26827,Tito's Handmade Vodka,12,750,12.50,18.75,1,18.75,0.75
INV-203670,2026-07-03,2633,Hometown Foods,CEDAR RAPIDS,52402,LINN,1031200,AMERICAN VODKAS,Sazerac Company Inc,36308,Mr Boston Vodka,12,1000,$4.50,$6.75,10,$67.50,10.00
INV-203671,07-Jul-2026,2633,Hometown Foods,CEDAR RAPIDS,52402,,1081600,-,Regional Spirits Co,77779,Dusty Shelf Cordial,6,375,11.00,12.10,1,12.10,0.38
INV-203672,2026-07-25,5102,CORNER TAP & BOTTLE,AMES,50010,STORY,1081600,,Regional Spirits Co,77779,Dusty Shelf Cordial,6,375,11.00,12.10,1,12.10,0.38
INV-203673,30-Apr-2026,4829,CASEY'S GENERAL STORE #2879,Ankeny,50021,,1031080,CANADIAN WHISKIES,Heaven Hill Brands,11788,Black Velvet,12,1750,9.75,14.63,2,29.26,3.50
INV-203674,03/11/2026,3385,Sam's Club 8162,DAVENPORT,52807,SCOTT,1081600,-,Regional Spirits Co,77779,Dusty Shelf Cordial,6,375,11.00 ,12.10 ,1,12.10 ,0.38
INV-203675,2026-04-25,2501,HY-VEE #3 / BDI / DES MOINES,DES MOINES,50313,POLK,1032080,IRISH WHISKIES,Pernod Ricard USA,19067,Jameson,12,750,17.99,26.99,1,26.99,0.75
INV-203676,05/24/2026,3385,Sam's Club 8162,DAVENPORT,52807,SCOTT,1031200,AMERICAN VODKAS,Sazerac Company Inc,36308,Mr Boston Vodka,12,1000,4.50 ,6.75 ,5,33.75 ,5.00
INV-203677,05/20/2026,2648,Wilkie Liquors,IOWA CITY,52240,JOHNSON,1031200,AMERICAN VODKAS,Sazerac Company Inc,36308,Mr Boston Vodka,12,1000,4.50,6.75,1,6.75,1.00
INV-203678,01/31/2026,2633,Hometown Foods,CEDAR RAPIDS,52402,LINN,1031200,AMERICAN VODKAS,Sazerac Company Inc,36308,Mr Boston Vodka,12,1000,4.50,6.75,6,40.50,6.00
INV-203679,2026-07-27,4829,Casey's General Store #2879,ANKENY,50021,POLK,1031200,AMERICAN VODKAS,Sazerac Company Inc,36308,Mr Boston Vodka,12,1000,4.50,6.75,4,27.00,4.00
INV-203680,22-Jul-2026,4829,Casey's General Store #2879,ANKENY,50021,POLK,1081600,N/A,Regional Spirits Co,77779,Dusty Shelf Cordial,6,375,11.00 ,12.10 ,4,48.40 ,1.50
INV-203681,31-May-2026,2633,Hometown Foods,CEDAR RAPIDS,52402,LINN,1081600,,Regional Spirits Co,77779,Dusty Shelf Cordial,6,375,11.00,12.10,1,12.10,0.38
INV-203682,07/28/2026,4829,Casey's General Store #2879,ANKENY,50021,POLK,1041100,AMERICAN DRY GINS,Luxco Inc,35918,Five O'clock Gin,12,1750,$8.99,$13.49,1,$13.49,1.75
INV-203683,2026-07-24,3385,Sam's Club 8162,DAVENPORT,52807,SCOTT,1031080,CANADIAN WHISKIES,Heaven Hill Brands,11788,Black Velvet,12,1750,9.75,14.63,1,14.63,1.75
INV-203684,2026-02-13,4829,Casey's General Store #2879,ANKENY,50021,POLK,1031200,AMERICAN VODKAS,Sazerac Company Inc,36308,Mr Boston Vodka,12,1000,4.50,6.75,5,33.75,5.00
INV-203685,2026-07-14,2633,Hometown Foods,CEDAR RAPIDS,52402,LINN,1031200,AMERICAN VODKAS,Sazerac Company Inc,36308,Mr Boston Vodka,12,1000,4.50,6.75,4,27.00,4.00
INV-203686,07/02/2026,2190,"Central City Liquor, Inc.",DES MOINES,50310.0,POLK,1031200,AMERICAN VODKAS,Sazerac Company Inc,36308,Mr Boston Vodka,12,1000,4.50,6.75,1,6.75,1.00
INV-203687,2026-03-05,3385,Sam's Club 8162,DAVENPORT,52807,SCOTT,1031080,CANADIAN WHISKIES,Heaven Hill Brands,11788,Black Velvet,12,1750,N/A,$14.63,3,$43.89,5.25
INV-203688,06-Feb-2026,2190,"Central City Liquor, Inc.",DES MOINES,50310,POLK,1031080,CANADIAN WHISKIES,Heaven Hill Brands,11788,Black Velvet,12,1750,9.75 ,14.63 ,2,29.26 ,3.50
INV-203689,2026-02-26,2633,Hometown Foods,CEDAR RAPIDS,52402,LINN,1081600,,Regional Spirits Co,77779,Dusty Shelf Cordial,6,375,11.00 ,12.10 ,2,24.20 ,0.75
INV-203690,2026-04-05,2501,HY-VEE #3 / BDI / DES MOINES,DES MOINES,50313,POLK,1031200,AMERICAN VODKAS,Sazerac Company Inc,36308,Mr Boston Vodka,12,1000,4.50,6.75,2,13.50,2.00
INV-203691,03/09/2026,5102,CORNER TAP & BOTTLE,AMES,50010,STORY,1081600,,Regional Spirits Co,77779,Dusty Shelf Cordial,6,375,11.00,12.10,3,36.30,1.12
INV-203692,2026-04-22,4829,Casey's General Store #2879,ANKENY,50021,POLK,1031080,CANADIAN WHISKIES,Heaven Hill Brands,11788,Black Velvet,12,1750,9.75,14.63,4,58.52,7.00
INV-203693,06/19/2026,4829,  Casey's General Store #2879,ANKENY,50021,POLK,1032080,IRISH WHISKIES,Pernod Ricard USA,19067,Jameson,12,750,17.99,26.99,5,134.95,3.75
INV-203694,2026-07-15,2633,Hometown Foods,CEDAR RAPIDS,52402,LINN,1031200,AMERICAN VODKAS,Sazerac Company Inc,36308,Mr Boston Vodka,12,1000,4.50,6.75,1,6.75,1.00
INV-203695,06/19/2026,3385,Sam's Club 8162,DAVENPORT,52807.0,SCOTT,1041100,AMERICAN DRY GINS,Luxco Inc,35918,Five O'clock Gin,12,1750,8.99,13.49,4,53.96,7.00
INV-203696,04/20/2026,2633,Hometown Foods,CEDAR RAPIDS,52402.0,LINN,1032080,IRISH WHISKIES,Pernod Ricard USA,19067,Jameson,12,750,17.99,26.99,8,215.92,6.00
INV-203697,2026-07-28,2501,Hy-Vee #3 / BDI / Des Moines,DES MOINES,50313,POLK,1031080,CANADIAN WHISKIES,Heaven Hill Brands,11788,Black Velvet,12,1750,9.75,14.63,1,14.63,1.75
INV-203698,03/26/2026,2633,Hometown Foods,CEDAR RAPIDS,52402,LINN,1081900,WHISKEY LIQUEUR,Sazerac Company Inc,43336,Fireball Cinnamon Whiskey,12,750,8.25,12.38,2,24.76,1.50
INV-203699,04/09/2026,5102,Corner Tap and Bottle,AMES,50010,STORY,1051010,IMPORTED BRANDIES,Moet Hennessy USA,64866,Hennessy VS,12,750,24.99 ,37.49 ,1,37.49 ,0.75
INV-203700,05/20/2026,2501,Hy-Vee #3 / BDI / Des Moines,DES MOINES,50313,POLK,1051010,IMPORTED BRANDIES,Moet Hennessy USA,64866,Hennessy VS,12,750,24.99,37.49,1,37.49,0.75
INV-203701,2026-02-23,5102,Corner Tap & Bottle,AMES,50010,STORY,1081900,WHISKEY LIQUEUR,Sazerac Company Inc,43336,Fireball Cinnamon Whiskey,12,750,8.25,12.38,5,61.90,3.75
INV-203702,2026-03-13,2501,Hy-Vee #3 / BDI / Des Moines,DES MOINES,50313,POLK,1032080,IRISH WHISKIES,Pernod Ricard USA,19067,Jameson,12,750,17.99,26.99,6,161.94,4.50
INV-203703,04/30/2026,3385,Sam's Club 8162,DAVENPORT,52807,SCOTT,1031200,AMERICAN VODKAS,Sazerac Company Inc,36308,Mr Boston Vodka,12,1000,4.50,6.75,5,33.75,5.00
INV-203704,2026-05-01,3385,Sam's Club 8162,DAVENPORT,52807,SCOTT,1051010,IMPORTED BRANDIES,Moet Hennessy USA,64866,Hennessy VS,12,750,24.99,37.49,15,562.35,11.25
INV-203705,2026-07-21,3385,Sam's Club 8162,DAVENPORT,52807,SCOTT,1081600,N/A,Regional Spirits Co,77779,Dusty Shelf Cordial,6,375,11.00,12.10,1,12.10,0.38
INV-203706,2026-04-25,2190,"Central City Liquor, Inc.",DES MOINES,50310,,1031200,AMERICAN VODKAS,Fifth Generation Inc,26827,Tito's Handmade Vodka,12,750,12.50,18.75,1,18.75,0.75
INV-203707,2026-07-05,2648,Wilkie Liquors,IOWA CITY,52240,JOHNSON,1041100,AMERICAN DRY GINS,Luxco Inc,35918,Five O'clock Gin,12,1750,8.99 ,13.49 ,3,40.47 ,5.25
INV-203708,2026-05-24,3385,Sam's Club 8162,DAVENPORT,52807,SCOTT,1031200,AMERICAN VODKAS,Fifth Generation Inc,26827,Tito's Handmade Vodka,12,750,12.50,18.75,2,37.50,1.50
INV-203709,2026-02-20,2648,WILKIE LIQUORS,IOWA CITY,52240,JOHNSON,1081600,-,Regional Spirits Co,77779,Dusty Shelf Cordial,6,375,11.00 ,12.10 ,1,12.10 ,0.38
INV-203710,02-Jul-2026,5102,CORNER TAP & BOTTLE,AMES,50010,,1081600,-,Regional Spirits Co,77779,Dusty Shelf Cordial,6,375,$11.00,$12.10,1,$12.10,0.38
INV-203711,07/18/2026,5102,Corner Tap & Bottle,AMES,50010,STORY,1031200,AMERICAN VODKAS,Sazerac Company Inc,36308,Mr Boston Vodka,12,1000,4.50,6.75,2,13.50,2.00
INV-203712,02/04/2026,2633,Hometown Foods,CEDAR RAPIDS,52402,LINN,1032080,IRISH WHISKIES,Pernod Ricard USA,19067,Jameson,12,750,17.99,26.99,4,107.96,3.00
INV-203713,2026-04-14,2501,  Hy-Vee #3 / BDI / Des Moines,DES MOINES,50313,POLK,1051010,IMPORTED BRANDIES,Moet Hennessy USA,64866,Hennessy VS,12,750,24.99,37.49,2,74.98,1.50
INV-203714,06/29/2026,5102,Corner Tap & Bottle,AMES,50010,STORY,1031200,AMERICAN VODKAS,Fifth Generation Inc,26827,Tito's Handmade Vodka,12,750,12.50,18.75,2,37.50,1.50
INV-203715,2026-04-25,2633,HOMETOWN FOODS,CEDAR RAPIDS,52402.0,LINN,1041100,AMERICAN DRY GINS,Luxco Inc,35918,Five O'clock Gin,12,1750,8.99,13.49,1,13.49,1.75
INV-203716,04/12/2026,2633,HOMETOWN FOODS,CEDAR RAPIDS,52402,LINN,1081600,-,Regional Spirits Co,77779,Dusty Shelf Cordial,6,375,11.00 ,12.10 ,3,36.30 ,1.12
INV-203717,2026-06-20,3385,Sam's Club 8162,DAVENPORT,52807,SCOTT,1081900,WHISKEY LIQUEUR,Sazerac Company Inc,43336,Fireball Cinnamon Whiskey,12,750,8.25 ,12.38 ,6,74.28 ,4.50
INV-203718,04/03/2026,2190,"Central City Liquor, Inc.",Des Moines,50310,POLK,1031080,CANADIAN WHISKIES,Heaven Hill Brands,11788,Black Velvet,12,1750,9.75,14.63,3,43.89,5.25
INV-203719,2026-06-10,2648,Wilkie Liquors,IOWA CITY,52240,JOHNSON,1081600,N/A,Regional Spirits Co,77779,Dusty Shelf Cordial,6,375,11.00,12.10,3,36.30,1.12
INV-203720,2026-01-30,2190,Central City Liquor INC,DES MOINES,50310,POLK,1032080,IRISH WHISKIES,Pernod Ricard USA,19067,Jameson,12,750,17.99,26.99,3,80.97,2.25
INV-203721,27-Feb-2026,3385,SAM'S CLUB 8162,DAVENPORT,52807,SCOTT,1032080,IRISH WHISKIES,Pernod Ricard USA,19067,Jameson,12,750,$17.99,$26.99,2,$53.98,1.50
INV-203722,04/06/2026,2501,Hy-Vee #3 / BDI / Des Moines,DES MOINES,50313,POLK,1031080,CANADIAN WHISKIES,Heaven Hill Brands,11788,Black Velvet,12,1750,9.75,14.63,1,14.63,1.75
INV-203723,2026-07-13,2190,"Central City Liquor, Inc.",DES MOINES,50310,POLK,1081600,N/A,Regional Spirits Co,77779,Dusty Shelf Cordial,6,375,$11.00,$12.10,1,$12.10,0.38
INV-203724,24-Feb-2026,2648,Wilkie Liquors,IOWA CITY,52240.0,JOHNSON,1031200,AMERICAN VODKAS,Fifth Generation Inc,26827,Tito's Handmade Vodka,12,750,12.50,18.75,1,18.75,0.75
INV-203725,26-May-2026,2633,Hometown Foods,CEDAR RAPIDS,52402.0,LINN,1051010,IMPORTED BRANDIES,Moet Hennessy USA,64866,Hennessy VS,12,750,24.99,37.49,18,674.82,13.50
INV-203726,06-Mar-2026,5102,Corner Tap & Bottle,AMES,50010,STORY,1051010,IMPORTED BRANDIES,Moet Hennessy USA,64866,Hennessy VS,12,750,24.99,37.49,9,337.41,6.75
INV-203727,05/08/2026,2501,Hy-Vee #3 / BDI / Des Moines,DES MOINES,50313,POLK,1041100,AMERICAN DRY GINS,Luxco Inc,35918,Five O'clock Gin,12,1750,8.99,13.49,4,53.96,7.00
INV-203728,2026-07-05,2190,"CENTRAL CITY LIQUOR, INC.",DES MOINES,50310.0,,1051010,IMPORTED BRANDIES,Moet Hennessy USA,64866,Hennessy VS,12,750,$24.99,$37.49,3,$112.47,2.25
INV-203729,2026-06-06,2648,Wilkie Liquors,IOWA CITY,52240,JOHNSON,1081900,WHISKEY LIQUEUR,Sazerac Company Inc,43336,Fireball Cinnamon Whiskey,12,750,8.25 ,12.38 ,2,24.76 ,1.50
INV-203730,2026-03-24,3385,Sam's Club 8162,DAVENPORT,52807,SCOTT,1031080,CANADIAN WHISKIES,Heaven Hill Brands,11788,Black Velvet,12,1750,9.75,14.63,11,160.93,19.25
INV-203731,2026-04-12,2648,Wilkie Liquors,IOWA CITY,52240,JOHNSON,1032080,IRISH WHISKIES,Pernod Ricard USA,19067,Jameson,12,750,17.99,26.99,5,134.95,3.75
INV-203732,07/28/2026,2648,WILKIE LIQUORS,IOWA CITY,52240,JOHNSON,1041100,AMERICAN DRY GINS,Luxco Inc,35918,Five O'clock Gin,12,1750,8.99,13.49,1,13.49,1.75
INV-203733,03/07/2026,2633,Hometown Foods,CEDAR RAPIDS,52402,LINN,1081600,-,Regional Spirits Co,77779,Dusty Shelf Cordial,6,375,11.00,12.10,3,36.30,1.12
INV-203734,04/25/2026,2648,Wilkie Liquors,IOWA CITY,52240,JOHNSON,1041100,AMERICAN DRY GINS,Luxco Inc,35918,Five O'clock Gin,12,1750,8.99,13.49,5,67.45,8.75
INV-203735,01-Mar-2026,4829,Casey's General Store #2879,ANKENY,50021,POLK,1041100,AMERICAN DRY GINS,Luxco Inc,35918,Five O'clock Gin,12,1750,8.99,13.49,1,13.49,1.75
INV-203736,06/13/2026,2190,"CENTRAL CITY LIQUOR, INC.",DES MOINES,50310,POLK,1031200,AMERICAN VODKAS,Sazerac Company Inc,36308,Mr Boston Vodka,12,1000,4.50,6.75,1,6.75,1.00
INV-203737,2026-03-10,2501,Hy-Vee #3 / BDI / Des Moines,DES MOINES,50313,POLK,1041100,AMERICAN DRY GINS,Luxco Inc,35918,Five O'clock Gin,12,1750,,13.49,3,40.47,5.25
INV-203738,2026-02-24,5102,Corner Tap & Bottle,AMES,50010,STORY,1031200,AMERICAN VODKAS,Fifth Generation Inc,26827,Tito's Handmade Vodka,12,750,12.50,18.75,1,18.75,0.75
INV-203739,19-Jun-2026,2501,Hy-Vee #3 / BDI / Des Moines,DES MOINES,50313.0,POLK,1031200,AMERICAN VODKAS,Fifth Generation Inc,26827,Tito's Handmade Vodka,12,750,$12.50,$18.75,10,$187.50,7.50
INV-203740,2026-04-16,3385,Sam's Club 8162,DAVENPORT,52807,SCOTT,1081900,WHISKEY LIQUEUR,Sazerac Company Inc,43336,Fireball Cinnamon Whiskey,12,750,8.25 ,12.38 ,2,24.76 ,1.50
INV-203741,02/17/2026,3385,SAM'S CLUB 8162,DAVENPORT,52807,SCOTT,1051010,IMPORTED BRANDIES,Moet Hennessy USA,64866,Hennessy VS,12,750,24.99 ,37.49 ,1,37.49 ,0.75
INV-203742,06/08/2026,2648,Wilkie Liquors,IOWA CITY,52240,JOHNSON,1031200,AMERICAN VODKAS,Fifth Generation Inc,26827,Tito's Handmade Vodka,12,750,12.50,18.75,2,37.50,1.50
INV-203743,05/25/2026,2501,  Hy-Vee #3 / BDI / Des Moines,DES MOINES,50313.0,POLK,1051010,IMPORTED BRANDIES,Moet Hennessy USA,64866,Hennessy VS,12,750,24.99,37.49,2,74.98,1.50
INV-203744,2026-06-06,2501,HY-VEE #3 / BDI / DES MOINES,DES MOINES,50313,POLK,1031200,AMERICAN VODKAS,Fifth Generation Inc,26827,Tito's Handmade Vodka,12,750,$12.50,$18.75,7,$131.25,5.25
INV-203745,02/16/2026,2501,HY-VEE #3 / BDI / DES MOINES,DES MOINES,50313,POLK,1041100,AMERICAN DRY GINS,Luxco Inc,35918,Five O'clock Gin,12,1750,8.99 ,13.49 ,4,53.96 ,7.00
INV-203746,02/08/2026,2190,"CENTRAL CITY LIQUOR, INC.",DES MOINES,50310,POLK,1081900,WHISKEY LIQUEUR,Sazerac Company Inc,43336,Fireball Cinnamon Whiskey,12,750,8.25,12.38,2,24.76,1.50
INV-203747,2026-05-07,3385,Sam's Club 8162,DAVENPORT,52807,SCOTT,1041100,AMERICAN DRY GINS,Luxco Inc,35918,Five O'clock Gin,12,1750,8.99,13.49,1,13.49,1.75
INV-203748,06/27/2026,2190,"Central City Liquor, Inc.",DES MOINES,50310,POLK,1051010,IMPORTED BRANDIES,Moet Hennessy USA,64866,Hennessy VS,12,750,24.99,37.49,5,187.45,3.75
INV-203749,03/31/2026,2648,Wilkie Liquors,IOWA CITY,52240,JOHNSON,1041100,AMERICAN DRY GINS,Luxco Inc,35918,Five O'clock Gin,12,1750,8.99,13.49,5,67.45,8.75
INV-203750,2026-04-17,5102,CORNER TAP & BOTTLE,AMES,50010,STORY,1041100,AMERICAN DRY GINS,Luxco Inc,35918,Five O'clock Gin,12,1750,8.99 ,13.49 ,8,107.92 ,14.00
INV-203751,2026-02-06,3385,SAM'S CLUB 8162,DAVENPORT,52807,SCOTT,1031200,AMERICAN VODKAS,Fifth Generation Inc,26827,Tito's Handmade Vodka,12,750,12.50,18.75,1,18.75,0.75
INV-203752,2026-02-23,3385,Sam's Club 8162,DAVENPORT,52807,SCOTT,1031200,AMERICAN VODKAS,Sazerac Company Inc,36308,Mr Boston Vodka,12,1000,4.50,6.75,8,54.00,8.00
INV-203753,24-Apr-2026,2190,"Central City Liquor, Inc.",DES MOINES,50310,POLK,1041100,AMERICAN DRY GINS,Luxco Inc,35918,Five O'clock Gin,12,1750,8.99,13.49,3,40.47,5.25
INV-203754,04/06/2026,5102,Corner Tap & Bottle,AMES,50010,STORY,1051010,IMPORTED BRANDIES,Moet Hennessy USA,64866,Hennessy VS,12,750,24.99,37.49,1,37.49,0.75
INV-203755,2026-02-20,2190,"Central City Liquor, Inc.",DES MOINES,50310,POLK,1031080,CANADIAN WHISKIES,Heaven Hill Brands,11788,Black Velvet,12,1750,9.75,14.63,12,175.56,21.00
INV-203756,2026-03-23,2501,Hy-Vee #3 / BDI / Des Moines,DES MOINES,50313,POLK,1031200,AMERICAN VODKAS,Sazerac Company Inc,36308,Mr Boston Vodka,12,1000,4.50,6.75,2,13.50,2.00
INV-203757,03/18/2026,4829,Casey's General Store #2879 ,Ankeny,50021,POLK,1041100,AMERICAN DRY GINS,Luxco Inc,35918,Five O'clock Gin,12,1750,$8.99,$13.49,2,$26.98,3.50
INV-203758,12-Jul-2026,2190,"Central City Liquor, Inc.",DES MOINES,50310.0,POLK,1051010,IMPORTED BRANDIES,Moet Hennessy USA,64866,Hennessy VS,12,750,$24.99,$37.49,1,$37.49,0.75
INV-203759,23-Mar-2026,2648,Wilkie Liquors,IOWA CITY,52240,JOHNSON,1081900,WHISKEY LIQUEUR,Sazerac Company Inc,43336,Fireball Cinnamon Whiskey,12,750,$8.25,$12.38,2,$24.76,1.50
INV-203760,2026-05-15,2501,Hy-Vee #3 / BDI / Des Moines,DES MOINES,50313,POLK,1041100,AMERICAN DRY GINS,Luxco Inc,35918,Five O'clock Gin,12,1750,8.99,13.49,8,107.92,14.00
INV-203761,2026-02-25,2501,Hy-Vee #3 / BDI / Des Moines,DES MOINES,50313,POLK,1031080,CANADIAN WHISKIES,Heaven Hill Brands,11788,Black Velvet,12,1750,$9.75,$14.63,6,$87.78,10.50
INV-203762,2026-03-06,3385,SAM'S CLUB 8162,DAVENPORT,52807,SCOTT,1081900,WHISKEY LIQUEUR,Sazerac Company Inc,43336,Fireball Cinnamon Whiskey,12,750,8.25,12.38,3,37.14,2.25
INV-203763,05/01/2026,5102,Corner Tap & Bottle,AMES,50010,STORY,1031200,AMERICAN VODKAS,Fifth Generation Inc,26827,Tito's Handmade Vodka,12,750,12.50 ,18.75 ,4,75.00 ,3.00
INV-203764,02/24/2026,4829,Casey's General Store #2879,ANKENY,50021,,1031200,AMERICAN VODKAS,Fifth Generation Inc,26827,Tito's Handmade Vodka,12,750,12.50,18.75,1,18.75,0.75
INV-203765,03/19/2026,2648,Wilkie Liquors,IOWA CITY,52240.0,JOHNSON,1051010,IMPORTED BRANDIES,Moet Hennessy USA,64866,Hennessy VS,12,750,24.99,37.49,42,1574.58,31.50
INV-203766,06/11/2026,2648,Wilkie Liquors,IOWA CITY,52240,JOHNSON,1031080,CANADIAN WHISKIES,Heaven Hill Brands,11788,Black Velvet,12,1750,9.75,14.63,4,58.52,7.00
INV-203767,07/18/2026,2633,Hometown Foods,CEDAR RAPIDS,52402,LINN,1032080,IRISH WHISKIES,Pernod Ricard USA,19067,Jameson,12,750,17.99,26.99,12,323.88,9.00
INV-203768,2026-02-05,4829,Casey's General Store #2879 ,ANKENY,50021,POLK,1081900,WHISKEY LIQUEUR,Sazerac Company Inc,43336,Fireball Cinnamon Whiskey,12,750,8.25,12.38,6,74.28,4.50
INV-203769,04/15/2026,2190,"Central City Liquor, Inc.",DES MOINES,50310,POLK,1031200,AMERICAN VODKAS,Sazerac Company Inc,36308,Mr Boston Vodka,12,1000,4.50,6.75,1,6.75,1.00
INV-203770,2026-03-16,5102,Corner Tap & Bottle,AMES,50010,STORY,1081900,WHISKEY LIQUEUR,Sazerac Company Inc,43336,Fireball Cinnamon Whiskey,12,750,8.25 ,12.38 ,1,12.38 ,0.75
INV-203771,03/08/2026,2648,Wilkie Liquors,IOWA CITY,52240.0,JOHNSON,1041100,AMERICAN DRY GINS,Luxco Inc,35918,Five O'clock Gin,12,1750,8.99 ,13.49 ,4,53.96 ,7.00
INV-203772,07/09/2026,5102,  Corner Tap & Bottle,AMES,50010,STORY,1081600,N/A,Regional Spirits Co,77779,Dusty Shelf Cordial,6,375,11.00,12.10,1,12.10,0.38
INV-203773,05-Apr-2026,5102,Corner Tap & Bottle,AMES,50010.0,STORY,1031200,AMERICAN VODKAS,Sazerac Company Inc,36308,Mr Boston Vodka,12,1000,4.50,6.75,2,13.50,2.00
INV-203774,03/15/2026,2648,Wilkie Liquors,IOWA CITY,52240,JOHNSON,1031200,AMERICAN VODKAS,Sazerac Company Inc,36308,Mr Boston Vodka,12,1000,4.50,6.75,5,33.75,5.00
INV-203775,2026-06-16,2501,Hy-Vee #3 / BDI / Des Moines,DES MOINES,50313,POLK,1031200,AMERICAN VODKAS,Sazerac Company Inc,36308,Mr Boston Vodka,12,1000,4.50 ,6.75 ,4,27.00 ,4.00
INV-203776,04/16/2026,5102,Corner Tap & Bottle,AMES,50010,STORY,1031200,AMERICAN VODKAS,Fifth Generation Inc,26827,Tito's Handmade Vodka,12,750,12.50,18.75,6,112.50,4.50
INV-203777,28-May-2026,2190,"Central City Liquor, Inc. ",Des Moines,50310,POLK,1081900,WHISKEY LIQUEUR,Sazerac Company Inc,43336,Fireball Cinnamon Whiskey,12,750,8.25,12.38,1,12.38,0.75
INV-203778,2026-06-16,5102,Corner Tap & Bottle,AMES,50010,STORY,1031080,CANADIAN WHISKIES,Heaven Hill Brands,11788,Black Velvet,12,1750,9.75,14.63,3,43.89,5.25
INV-203779,04-Mar-2026,4829,Casey's General Store #2879,ANKENY,50021,POLK,1081600,,Regional Spirits Co,77779,Dusty Shelf Cordial,6,375,11.00 ,12.10 ,1,12.10 ,0.38
INV-203780,2026-04-18,5102,Corner Tap & Bottle,AMES,50010,STORY,1041100,AMERICAN DRY GINS,Luxco Inc,35918,Five O'clock Gin,12,1750,$8.99,$13.49,2,$26.98,3.50
INV-203781,2026-05-11,3385,Sam's Club 8162,DAVENPORT,52807,SCOTT,1032080,IRISH WHISKIES,Pernod Ricard USA,19067,Jameson,12,750,$17.99,$26.99,1,$26.99,0.75
INV-203782,2026-07-28,3385,Sam's Club 8162,DAVENPORT,52807,SCOTT,1081600,-,Regional Spirits Co,77779,Dusty Shelf Cordial,6,375,11.00,12.10,1,12.10,0.38
INV-203783,2026-06-19,2633,HOMETOWN FOODS,CEDAR RAPIDS,52402,LINN,1051010,IMPORTED BRANDIES,Moet Hennessy USA,64866,Hennessy VS,12,750,24.99,37.49,5,187.45,3.75
INV-203784,07/08/2026,3385,Sam's Club 8162,DAVENPORT,52807,SCOTT,1041100,AMERICAN DRY GINS,Luxco Inc,35918,Five O'clock Gin,12,1750,8.99,13.49,1,13.49,1.75
INV-203785,2026-03-10,2190,"Central City Liquor, Inc.",DES MOINES,50310,POLK,1081900,WHISKEY LIQUEUR,Sazerac Company Inc,43336,Fireball Cinnamon Whiskey,12,750,8.25,12.38,1,12.38,0.75
INV-203786,2026-03-04,5102,Corner Tap & Bottle,AMES,50010,STORY,1032080,IRISH WHISKIES,Pernod Ricard USA,19067,Jameson,12,750,17.99,26.99,8,215.92,6.00
INV-203787,06/11/2026,2501,Hy-Vee #3 / BDI / Des Moines,DES MOINES,50313,,1081600,N/A,Regional Spirits Co,77779,Dusty Shelf Cordial,6,375,11.00,12.10,5,60.50,1.88
INV-203788,2026-02-25,2648,Wilkie Liquors,IOWA CITY,52240.0,JOHNSON,1081900,WHISKEY LIQUEUR,Sazerac Company Inc,43336,Fireball Cinnamon Whiskey,12,750,8.25 ,12.38 ,4,49.52 ,3.00
INV-203789,07-Jun-2026,2501,Hy-Vee #3 / BDI / Des Moines,DES MOINES,50313,POLK,1051010,IMPORTED BRANDIES,Moet Hennessy USA,64866,Hennessy VS,12,750,24.99,37.49,5,187.45,3.75
INV-203790,2026-06-11,5102,Corner Tap & Bottle,Ames,50010,STORY,1032080,IRISH WHISKIES,Pernod Ricard USA,19067,Jameson,12,750,17.99,26.99,7,188.93,5.25
INV-203791,22-May-2026,2633,Hometown Foods,CEDAR RAPIDS,52402.0,LINN,1031200,AMERICAN VODKAS,Sazerac Company Inc,36308,Mr Boston Vodka,12,1000,4.50 ,6.75 ,1,6.75 ,1.00
INV-203792,2026-05-10,2190,"Central City Liquor, Inc.",DES MOINES,50310,POLK,1031200,AMERICAN VODKAS,Fifth Generation Inc,26827,Tito's Handmade Vodka,12,750,12.50,18.75,1,18.75,0.75
INV-203793,07/26/2026,5102,CORNER TAP & BOTTLE,AMES,50010,STORY,1041100,AMERICAN DRY GINS,Luxco Inc,35918,Five O'clock Gin,12,1750,8.99,13.49,1,13.49,1.75
INV-203794,02/18/2026,4829,Casey's General Store #2879,ANKENY,50021,POLK,1031200,AMERICAN VODKAS,Fifth Generation Inc,26827,Tito's Handmade Vodka,12,750,12.50,18.75,1,18.75,0.75
INV-203795,26-Feb-2026,2633,Hometown Foods,CEDAR RAPIDS,52402,LINN,1031080,CANADIAN WHISKIES,Heaven Hill Brands,11788,Black Velvet,12,1750,9.75,14.63,1,14.63,1.75
INV-203796,2026-06-23,4829,Casey's General Store #2879,ANKENY,50021,POLK,1081900,WHISKEY LIQUEUR,Sazerac Company Inc,43336,Fireball Cinnamon Whiskey,12,750,8.25,12.38,3,37.14,2.25
INV-203797,2026-03-29,2501,  Hy-Vee #3 / BDI / Des Moines,DES MOINES,50313.0,POLK,1081600,N/A,Regional Spirits Co,77779,Dusty Shelf Cordial,6,375,11.00,12.10,10,121.00,3.75
INV-203798,2026-04-20,5102,Corner Tap & Bottle,AMES,50010,STORY,1032080,IRISH WHISKIES,Pernod Ricard USA,19067,Jameson,12,750,17.99,26.99,4,107.96,3.00
INV-203799,2026-04-22,2190,"Central City Liquor, Inc.",DES MOINES,50310,POLK,1041100,AMERICAN DRY GINS,Luxco Inc,35918,Five O'clock Gin,12,1750,8.99,13.49,14,188.86,24.50
INV-203800,2026-07-18,2648,  Wilkie Liquors,IOWA CITY,52240,JOHNSON,1081900,WHISKEY LIQUEUR,Sazerac Company Inc,43336,Fireball Cinnamon Whiskey,12,750,8.25,12.38,2,24.76,1.50
INV-203801,2026-03-03,2501,HY-VEE #3 / BDI / DES MOINES,DES MOINES,50313,POLK,1031200,AMERICAN VODKAS,Sazerac Company Inc,36308,Mr Boston Vodka,12,1000,4.50,6.75,3,20.25,3.00
INV-203802,14-May-2026,2190,"Central City Liquor, Inc. ",DES MOINES,50310,POLK,1051010,IMPORTED BRANDIES,Moet Hennessy USA,64866,Hennessy VS,12,750,24.99,37.49,1,37.49,0.75
INV-203803,2026-02-05,2633,Hometown Foods,CEDAR RAPIDS,52402,LINN,1031080,CANADIAN WHISKIES,Heaven Hill Brands,11788,Black Velvet,12,1750,9.75,14.63,29,424.27,50.75
INV-203804,04/13/2026,4829,Casey's General Store #2879,Ankeny,50021,POLK,1031200,AMERICAN VODKAS,Fifth Generation Inc,26827,Tito's Handmade Vodka,12,750,$12.50,$18.75,23,$431.25,17.25
INV-203805,2026-03-01,2190,"Central City Liquor, Inc.",DES MOINES,50310,POLK,1041100,AMERICAN DRY GINS,Luxco Inc,35918,Five O'clock Gin,12,1750,8.99,13.49,2,26.98,3.50
INV-203806,05-Jun-2026,2648,Wilkie Liquors,IOWA CITY,52240,JOHNSON,1031080,CANADIAN WHISKIES,Heaven Hill Brands,11788,Black Velvet,12,1750,9.75,14.63,3,43.89,5.25
INV-203807,2026-03-24,3385,Sam's Club 8162,DAVENPORT,52807,SCOTT,1081600,N/A,Regional Spirits Co,77779,Dusty Shelf Cordial,6,375,11.00,12.10,3,36.30,1.12
INV-203808,2026-03-24,3385,SAM'S CLUB 8162,DAVENPORT,52807,SCOTT,1031080,CANADIAN WHISKIES,Heaven Hill Brands,11788,Black Velvet,12,1750,9.75,14.63,1,14.63,1.75
INV-203809,05/10/2026,2633,Hometown Foods,CEDAR RAPIDS,52402,LINN,1031200,AMERICAN VODKAS,Fifth Generation Inc,26827,Tito's Handmade Vodka,12,750,12.50,18.75,9,168.75,6.75
INV-203810,2026-03-05,2501,Hy-Vee #3 / BDI / Des Moines,DES MOINES,50313,POLK,1051010,IMPORTED BRANDIES,Moet Hennessy USA,64866,Hennessy VS,12,750,$24.99,$37.49,3,$112.47,2.25
INV-203811,04/22/2026,2501,Hy-Vee #3 / BDI / Des Moines,DES MOINES,50313,POLK,1081900,WHISKEY LIQUEUR,Sazerac Company Inc,43336,Fireball Cinnamon Whiskey,12,750,8.25,12.38,8,99.04,6.00
INV-203812,2026-04-16,3385,SAM'S CLUB 8162,DAVENPORT,52807,SCOTT,1051010,IMPORTED BRANDIES,Moet Hennessy USA,64866,Hennessy VS,12,750,$24.99,$37.49,2,$74.98,1.50
INV-203813,2026-02-27,5102,Corner Tap & Bottle,AMES,50010,STORY,1031200,AMERICAN VODKAS,Fifth Generation Inc,26827,Tito's Handmade Vodka,12,750,12.50,18.75,2,37.50,1.50
INV-203814,2026-01-30,5102,  Corner Tap & Bottle,AMES,50010,STORY,1032080,IRISH WHISKIES,Pernod Ricard USA,19067,Jameson,12,750,17.99,26.99,1,26.99,0.75
INV-203815,2026-04-11,4829,Casey's General Store #2879,ANKENY,50021,,1031080,CANADIAN WHISKIES,Heaven Hill Brands,11788,Black Velvet,12,1750,$9.75,$14.63,2,$29.26,3.50
INV-203816,06/20/2026,2190,"Central City Liquor, Inc.",DES MOINES,50310,POLK,1081600,-,Regional Spirits Co,77779,Dusty Shelf Cordial,6,375,11.00,12.10,4,48.40,1.50
INV-203817,2026-04-06,2190,"Central City Liquor, Inc.",DES MOINES,50310,POLK,1041100,AMERICAN DRY GINS,Luxco Inc,35918,Five O'clock Gin,12,1750,8.99,13.49,5,67.45,8.75
INV-203818,2026-07-20,2648,WILKIE LIQUORS,IOWA CITY,52240,JOHNSON,1031080,CANADIAN WHISKIES,Heaven Hill Brands,11788,Black Velvet,12,1750,9.75 ,14.63 ,8,117.04 ,14.00
INV-203819,2026-07-17,2501,  Hy-Vee #3 / BDI / Des Moines,DES MOINES,50313,POLK,1081900,WHISKEY LIQUEUR,Sazerac Company Inc,43336,Fireball Cinnamon Whiskey,12,750,8.25,12.38,9,111.42,6.75
INV-203820,07/26/2026,2648,Wilkie Liquors ,IOWA CITY,52240,JOHNSON,1051010,IMPORTED BRANDIES,Moet Hennessy USA,64866,Hennessy VS,12,750,$24.99,$37.49,3,$112.47,2.25
INV-203821,2026-03-30,2648,WILKIE LIQUORS,IOWA CITY,52240,JOHNSON,1051010,IMPORTED BRANDIES,Moet Hennessy USA,64866,Hennessy VS,12,750,24.99 ,37.49 ,10,374.90 ,7.50
INV-203822,06-Jun-2026,2633,Hometown Foods,CEDAR RAPIDS,52402,LINN,1032080,IRISH WHISKIES,Pernod Ricard USA,19067,Jameson,12,750,17.99,26.99,1,26.99,0.75
INV-203823,2026-05-22,4829,Casey's General Store #2879,ANKENY,50021,POLK,1081900,WHISKEY LIQUEUR,Sazerac Company Inc,43336,Fireball Cinnamon Whiskey,12,750,8.25,12.38,1,12.38,0.75
INV-203824,11-Jun-2026,5102,Corner Tap & Bottle,AMES,50010,STORY,1081900,WHISKEY LIQUEUR,Sazerac Company Inc,43336,Fireball Cinnamon Whiskey,12,750,$8.25,$12.38,1,$12.38,0.75
INV-203825,04/15/2026,2190,"Central City Liquor, Inc.",DES MOINES,50310,POLK,1081900,WHISKEY LIQUEUR,Sazerac Company Inc,43336,Fireball Cinnamon Whiskey,12,750,8.25,12.38,1,12.38,0.75
INV-203825,04/15/2026,2190,"Central City Liquor, Inc.",DES MOINES,50310,POLK,1081900,WHISKEY LIQUEUR,Sazerac Company Inc,43336,Fireball Cinnamon Whiskey,12,750,8.25,12.38,1,12.38,0.75
INV-203826,2026-04-16,4829,Casey's General Store #2879,ANKENY,50021,POLK,1051010,IMPORTED BRANDIES,Moet Hennessy USA,64866,Hennessy VS,12,750,$24.99,$37.49,3,$112.47,2.25
INV-203827,04/28/2026,2501,Hy-Vee #3 / BDI / Des Moines,DES MOINES,50313,POLK,1031200,AMERICAN VODKAS,Sazerac Company Inc,36308,Mr Boston Vodka,12,1000,$4.50,$6.75,5,$33.75,5.00
INV-203828,06/28/2026,2633,Hometown Foods,CEDAR RAPIDS,52402,LINN,1081900,WHISKEY LIQUEUR,Sazerac Company Inc,43336,Fireball Cinnamon Whiskey,12,750,8.25,12.38,3,37.14,2.25
INV-203829,2026-04-14,2648,Wilkie Liquors,IOWA CITY,52240,JOHNSON,1031200,AMERICAN VODKAS,Sazerac Company Inc,36308,Mr Boston Vodka,12,1000,4.50,6.75,1,6.75,1.00
INV-203830,25-Mar-2026,5102,CORNER TAP & BOTTLE,AMES,50010,STORY,1041100,AMERICAN DRY GINS,Luxco Inc,35918,Five O'clock Gin,12,1750,8.99,13.49,-1,-13.49,-1.75
INV-203831,19-Jun-2026,2190,"Central City Liquor, Inc.",DES MOINES,50310,POLK,1051010,IMPORTED BRANDIES,Moet Hennessy USA,64866,Hennessy VS,12,750,24.99,37.49,4,149.96,3.00
INV-203832,02/05/2026,2633,Hometown Foods,Cedar Rapids,52402.0,LINN,1081900,WHISKEY LIQUEUR,Sazerac Company Inc,43336,Fireball Cinnamon Whiskey,12,750,8.25,12.38,13,160.94,9.75
INV-203833,06/03/2026,2648,Wilkie Liquors,IOWA CITY,52240,JOHNSON,1051010,IMPORTED BRANDIES,Moet Hennessy USA,64866,Hennessy VS,12,750,24.99,37.49,1,37.49,0.75
INV-203834,2026-01-30,4829,CASEY'S GENERAL STORE #2879,ANKENY,50021,POLK,1031200,AMERICAN VODKAS,Sazerac Company Inc,36308,Mr Boston Vodka,12,1000,4.50,6.75,2,13.50,2.00
INV-203835,04/22/2026,5102,  Corner Tap & Bottle,AMES,50010,STORY,1081900,WHISKEY LIQUEUR,Sazerac Company Inc,43336,Fireball Cinnamon Whiskey,12,750,8.25,12.38,4,49.52,3.00
INV-203836,06/08/2026,2633,Hometown Foods,CEDAR RAPIDS,52402,LINN,1032080,IRISH WHISKIES,Pernod Ricard USA,19067,Jameson,12,750,17.99 ,26.99 ,7,188.93 ,5.25
INV-203837,2026-03-08,4829,Casey's General Store #2879,ANKENY,50021,POLK,1081900,WHISKEY LIQUEUR,Sazerac Company Inc,43336,Fireball Cinnamon Whiskey,12,750,8.25 ,12.38 ,5,61.90 ,3.75
INV-203838,05/15/2026,2190,"Central City Liquor, Inc. ",DES MOINES,50310,POLK,1031080,CANADIAN WHISKIES,Heaven Hill Brands,11788,Black Velvet,12,1750,9.75,14.63,8,117.04,14.00
INV-203839,2026-07-16,4829,Casey's General Store #2879,ANKENY,50021,,1081600,,Regional Spirits Co,77779,Dusty Shelf Cordial,6,375,$11.00,$12.10,2,$24.20,0.75
INV-203840,2026-02-01,4829,Casey's General Store #2879,ANKENY,50021,POLK,1032080,IRISH WHISKIES,Pernod Ricard USA,19067,Jameson,12,750,17.99,26.99,3,80.97,2.25
INV-203841,2026-05-14,4829,Casey's General Store #2879 ,ANKENY,50021,,1031200,AMERICAN VODKAS,Sazerac Company Inc,36308,Mr Boston Vodka,12,1000,4.50,6.75,5,33.75,5.00
INV-203842,12-Jul-2026,2190,"Central City Liquor, Inc.",DES MOINES,50310,POLK,1081900,WHISKEY LIQUEUR,Sazerac Company Inc,43336,Fireball Cinnamon Whiskey,12,750,8.25 ,12.38 ,3,37.14 ,2.25
INV-203843,07/26/2026,2633,Hometown Foods,CEDAR RAPIDS,52402,LINN,1031200,AMERICAN VODKAS,Sazerac Company Inc,36308,Mr Boston Vodka,12,1000,4.50 ,6.75 ,2,13.50 ,2.00
INV-203844,2026-03-28,2190,"Central City Liquor, Inc.",DES MOINES,50310.0,POLK,1051010,IMPORTED BRANDIES,Moet Hennessy USA,64866,Hennessy VS,12,750,24.99,37.49,3,112.47,2.25
INV-203845,2026-03-12,3385,SAM'S CLUB 8162,DAVENPORT,52807,SCOTT,1032080,IRISH WHISKIES,Pernod Ricard USA,19067,Jameson,12,750,$17.99,$26.99,4,$107.96,3.00
INV-203846,03/31/2026,5102,  Corner Tap & Bottle,AMES,50010,STORY,1081900,WHISKEY LIQUEUR,Sazerac Company Inc,43336,Fireball Cinnamon Whiskey,12,750,8.25,12.38,3,37.14,2.25
INV-203847,24-Apr-2026,2633,Hometown Foods,CEDAR RAPIDS,52402.0,LINN,1031200,AMERICAN VODKAS,Fifth Generation Inc,26827,Tito's Handmade Vodka,12,750,12.50,18.75,1,18.75,0.75
INV-203847,24-Apr-2026,2633,Hometown Foods,CEDAR RAPIDS,52402.0,LINN,1031200,AMERICAN VODKAS,Fifth Generation Inc,26827,Tito's Handmade Vodka,12,750,12.50,18.75,1,18.75,0.75
INV-203848,2026-05-22,5102,Corner Tap & Bottle,AMES,50010,STORY,1041100,AMERICAN DRY GINS,Luxco Inc,35918,Five O'clock Gin,12,1750,8.99,13.49,1,13.49,1.75
INV-203849,13-Mar-2026,5102,Corner Tap & Bottle,AMES,50010.0,STORY,1081900,WHISKEY LIQUEUR,Sazerac Company Inc,43336,Fireball Cinnamon Whiskey,12,750,8.25,12.38,7,86.66,5.25
INV-203850,2026-05-20,3385,Sam's Club 8162,DAVENPORT,52807,SCOTT,1051010,IMPORTED BRANDIES,Moet Hennessy USA,64866,Hennessy VS,12,750,24.99,37.49,2,74.98,1.50
INV-203851,05/25/2026,4829,Casey's General Store #2879,ANKENY,50021,POLK,1031080,CANADIAN WHISKIES,Heaven Hill Brands,11788,Black Velvet,12,1750,9.75,14.63,1,14.63,1.75
INV-203852,2026-05-05,3385,SAM'S CLUB 8162,DAVENPORT,52807,SCOTT,1051010,IMPORTED BRANDIES,Moet Hennessy USA,64866,Hennessy VS,12,750,24.99,37.49,-1,-37.49,-0.75
INV-203853,06/15/2026,3385,  Sam's Club 8162,DAVENPORT,52807,SCOTT,1081600,,Regional Spirits Co,77779,Dusty Shelf Cordial,6,375,11.00,12.10,6,72.60,2.25
INV-203854,05/05/2026,2190,"Central City Liquor, Inc.",DES MOINES,50310,POLK,1031200,AMERICAN VODKAS,Sazerac Company Inc,36308,Mr Boston Vodka,12,1000,4.50,6.75,2,13.50,2.00
INV-203855,03/16/2026,2501,Hy-Vee #3 / BDI / Des Moines,DES MOINES,50313,POLK,1031080,CANADIAN WHISKIES,Heaven Hill Brands,11788,Black Velvet,12,1750,9.75,14.63,3,43.89,5.25
INV-203856,2026-02-09,2633,HOMETOWN FOODS,CEDAR RAPIDS,52402,LINN,1081900,WHISKEY LIQUEUR,Sazerac Company Inc,43336,Fireball Cinnamon Whiskey,12,750,8.25,12.38,2,24.76,1.50
INV-203857,2026-04-01,5102,Corner Tap & Bottle,AMES,50010,STORY,1031200,AMERICAN VODKAS,Fifth Generation Inc,26827,Tito's Handmade Vodka,12,750,12.50,18.75,2,37.50,1.50
INV-203858,06/19/2026,3385,SAM'S CLUB 8162,DAVENPORT,52807,SCOTT,1032080,IRISH WHISKIES,Pernod Ricard USA,19067,Jameson,12,750,17.99,26.99,7,188.93,5.25
INV-203859,2026-02-16,3385,SAM'S CLUB 8162,DAVENPORT,52807,SCOTT,1031080,CANADIAN WHISKIES,Heaven Hill Brands,11788,Black Velvet,12,1750,9.75,14.63,8,117.04,14.00
INV-203860,2026-06-03,3385,Sam's Club 8162,DAVENPORT,52807.0,SCOTT,1081600,-,Regional Spirits Co,77779,Dusty Shelf Cordial,6,375,11.00,12.10,3,36.30,1.12
INV-203861,2026-02-18,3385,SAM'S CLUB 8162,DAVENPORT,52807,SCOTT,1031200,AMERICAN VODKAS,Sazerac Company Inc,36308,Mr Boston Vodka,12,1000,4.50,6.75,3,20.25,3.00
INV-203862,29-Mar-2026,2648,Wilkie Liquors,IOWA CITY,52240,JOHNSON,1031200,AMERICAN VODKAS,Fifth Generation Inc,26827,Tito's Handmade Vodka,12,750,12.50,18.75,6,112.50,4.50
INV-203863,2026-05-31,2648,Wilkie Liquors,IOWA CITY,52240,JOHNSON,1031200,AMERICAN VODKAS,Fifth Generation Inc,26827,Tito's Handmade Vodka,12,750,12.50,18.75,5,93.75,3.75
INV-203864,04/18/2026,4829,Casey's General Store #2879,ANKENY,50021,POLK,1032080,IRISH WHISKIES,Pernod Ricard USA,19067,Jameson,12,750,17.99,26.99,13,350.87,9.75
INV-203865,06/13/2026,5102,CORNER TAP & BOTTLE,AMES,50010,,1031200,AMERICAN VODKAS,Fifth Generation Inc,26827,Tito's Handmade Vodka,12,750,12.50,18.75,2,37.50,1.50
INV-203866,02/03/2026,5102,Corner Tap & Bottle,AMES,50010,STORY,1081900,WHISKEY LIQUEUR,Sazerac Company Inc,43336,Fireball Cinnamon Whiskey,12,750,8.25,12.38,2,24.76,1.50
INV-203866,02/03/2026,5102,Corner Tap & Bottle,AMES,50010,STORY,1081900,WHISKEY LIQUEUR,Sazerac Company Inc,43336,Fireball Cinnamon Whiskey,12,750,8.25,12.38,2,24.76,1.50
INV-203867,2026-04-25,2633,Hometown Foods,CEDAR RAPIDS,52402,LINN,1031080,CANADIAN WHISKIES,Heaven Hill Brands,11788,Black Velvet,12,1750,9.75 ,14.63 ,-26,-380.38 ,-45.50
INV-203868,2026-03-08,5102,Corner Tap & Bottle,AMES,50010.0,STORY,1031080,CANADIAN WHISKIES,Heaven Hill Brands,11788,Black Velvet,12,1750,9.75,14.63,4,58.52,7.00
INV-203869,2026-07-04,5102,Corner Tap & Bottle,AMES,50010,STORY,1041100,AMERICAN DRY GINS,Luxco Inc,35918,Five O'clock Gin,12,1750,$8.99,$13.49,2,$26.98,3.50
INV-203870,2026-03-01,4829,  Casey's General Store #2879,ANKENY,50021,POLK,1051010,IMPORTED BRANDIES,Moet Hennessy USA,64866,Hennessy VS,12,750,24.99,37.49,2,74.98,1.50
INV-203871,2026-05-19,2190,"Central City Liquor, Inc.",DES MOINES,50310,POLK,1051010,IMPORTED BRANDIES,Moet Hennessy USA,64866,Hennessy VS,12,750,24.99,37.49,1,37.49,0.75
INV-203872,2026-02-15,2633,Hometown Foods,CEDAR RAPIDS,52402.0,LINN,1041100,AMERICAN DRY GINS,Luxco Inc,35918,Five O'clock Gin,12,1750,8.99 ,13.49 ,1,13.49 ,1.75
INV-203873,2026-07-08,2501,Hy-Vee #3 / BDI / Des Moines,DES MOINES,50313,POLK,1031200,AMERICAN VODKAS,Sazerac Company Inc,36308,Mr Boston Vodka,12,1000,$4.50,$6.75,3,$20.25,3.00
INV-203874,2026-04-22,2633,Hometown Foods,CEDAR RAPIDS,52402,LINN,1032080,IRISH WHISKIES,Pernod Ricard USA,19067,Jameson,12,750,17.99,26.99,3,80.97,2.25
INV-203875,05/30/2026,4829,Casey's General Store #2879,ANKENY,50021,POLK,1081900,WHISKEY LIQUEUR,Sazerac Company Inc,43336,Fireball Cinnamon Whiskey,12,750,8.25,12.38,2,24.76,1.50
INV-203876,03/12/2026,3385,Sam's Club 8162,DAVENPORT,52807,SCOTT,1031080,CANADIAN WHISKIES,Heaven Hill Brands,11788,Black Velvet,12,1750,$9.75,$14.63,1,$14.63,1.75
INV-203877,06/24/2026,2633,Hometown Foods,CEDAR RAPIDS,52402,LINN,1081900,WHISKEY LIQUEUR,Sazerac Company Inc,43336,Fireball Cinnamon Whiskey,12,750,8.25 ,12.38 ,12,148.56 ,9.00
INV-203878,05/02/2026,4829,Casey's General Store #2879,ANKENY,50021,POLK,1031200,AMERICAN VODKAS,Sazerac Company Inc,36308,Mr Boston Vodka,12,1000,,$6.75,2,$13.50,2.00
INV-203879,03/09/2026,2501,HY-VEE #3 / BDI / DES MOINES,DES MOINES,50313.0,,1081600,,Regional Spirits Co,77779,Dusty Shelf Cordial,6,375,$11.00,$12.10,5,$60.50,1.88
INV-203880,2026-02-06,5102,Corner Tap & Bottle,AMES,50010.0,STORY,1031080,CANADIAN WHISKIES,Heaven Hill Brands,11788,Black Velvet,12,1750,9.75,14.63,5,73.15,8.75
INV-203881,22-May-2026,5102,Corner Tap & Bottle ,AMES,50010.0,STORY,1081600,-,Regional Spirits Co,77779,Dusty Shelf Cordial,6,375,11.00 ,12.10 ,3,36.30 ,1.12
INV-203882,04/23/2026,2648,Wilkie Liquors,IOWA CITY,52240,JOHNSON,1031200,AMERICAN VODKAS,Sazerac Company Inc,36308,Mr Boston Vodka,12,1000,4.50,6.75,1,6.75,1.00
INV-203883,2026-05-07,2501,Hy-Vee #3 / BDI / Des Moines,DES MOINES,50313,POLK,1031080,CANADIAN WHISKIES,Heaven Hill Brands,11788,Black Velvet,12,1750,9.75 ,14.63 ,1,14.63 ,1.75
INV-203884,2026-03-29,2633,Hometown Foods ,CEDAR RAPIDS,52402,LINN,1031080,CANADIAN WHISKIES,Heaven Hill Brands,11788,Black Velvet,12,1750,9.75,14.63,1,14.63,1.75
INV-203885,02/11/2026,2190,"Central City Liquor, Inc.",DES MOINES,50310,POLK,1081900,WHISKEY LIQUEUR,Sazerac Company Inc,43336,Fireball Cinnamon Whiskey,12,750,$8.25,$12.38,7,$86.66,5.25
INV-203886,05-Feb-2026,2501,Hy-Vee #3 / BDI / Des Moines,DES MOINES,50313.0,POLK,1081600,N/A,Regional Spirits Co,77779,Dusty Shelf Cordial,6,375,11.00,12.10,1,12.10,0.38
INV-203887,05/16/2026,5102,Corner Tap & Bottle,AMES,50010,STORY,1081900,WHISKEY LIQUEUR,Sazerac Company Inc,43336,Fireball Cinnamon Whiskey,12,750,8.25,12.38,3,37.14,2.25
INV-203888,2026-06-21,3385,Sam's Club 8162,DAVENPORT,52807,SCOTT,1031200,AMERICAN VODKAS,Sazerac Company Inc,36308,Mr Boston Vodka,12,1000,4.50,6.75,2,13.50,2.00
INV-203889,04/11/2026,3385,  Sam's Club 8162,DAVENPORT,52807,SCOTT,1081900,WHISKEY LIQUEUR,Sazerac Company Inc,43336,Fireball Cinnamon Whiskey,12,750,8.25 ,12.38 ,2,24.76 ,1.50
INV-203890,04/20/2026,5102,CORNER TAP & BOTTLE,Ames,50010,STORY,1081600,-,Regional Spirits Co,77779,Dusty Shelf Cordial,6,375,11.00,12.10,2,24.20,0.75
INV-203891,2026-02-15,2501,Hy-Vee #3 / BDI / Des Moines,DES MOINES,50313.0,POLK,1031080,CANADIAN WHISKIES,Heaven Hill Brands,11788,Black Velvet,12,1750,$9.75,$14.63,2,$29.26,3.50
INV-203892,2026-06-13,2633,Hometown Foods,CEDAR RAPIDS,52402,,1041100,AMERICAN DRY GINS,Luxco Inc,35918,Five O'clock Gin,12,1750,8.99 ,13.49 ,1,13.49 ,1.75
INV-203893,2026-03-13,4829,Casey's General Store #2879,ANKENY,50021,,1031080,CANADIAN WHISKIES,Heaven Hill Brands,11788,Black Velvet,12,1750,$9.75,$14.63,8,$117.04,14.00
INV-203894,2026-06-23,5102,CORNER TAP & BOTTLE,AMES,50010,STORY,1051010,IMPORTED BRANDIES,Moet Hennessy USA,64866,Hennessy VS,12,750,24.99,37.49,4,149.96,3.00
INV-203895,2026-02-13,2633,Hometown Foods,CEDAR RAPIDS,52402,LINN,1051010,IMPORTED BRANDIES,Moet Hennessy USA,64866,Hennessy VS,12,750,24.99,37.49,3,112.47,2.25
INV-203896,2026-06-10,2633,Hometown Foods,CEDAR RAPIDS,52402.0,LINN,1081900,WHISKEY LIQUEUR,Sazerac Company Inc,43336,Fireball Cinnamon Whiskey,12,750,8.25,12.38,3,37.14,2.25
INV-203897,04/19/2026,2633,Hometown Foods,CEDAR RAPIDS,52402,LINN,1032080,IRISH WHISKIES,Pernod Ricard USA,19067,Jameson,12,750,17.99,26.99,1,26.99,0.75
INV-203898,09-May-2026,4829,Casey's General Store #2879,ANKENY,50021,POLK,1031080,CANADIAN WHISKIES,Heaven Hill Brands,11788,Black Velvet,12,1750,$9.75,$14.63,1,$14.63,1.75
INV-203899,03/30/2026,4829,CASEY'S GENERAL STORE #2879,ANKENY,50021,POLK,1031200,AMERICAN VODKAS,Sazerac Company Inc,36308,Mr Boston Vodka,12,1000,4.50,6.75,6,40.50,6.00
INV-203900,13-Apr-2026,2648,WILKIE LIQUORS,IOWA CITY,52240,JOHNSON,1031200,AMERICAN VODKAS,Sazerac Company Inc,36308,Mr Boston Vodka,12,1000,$4.50,$6.75,1,$6.75,1.00
INV-203901,13-Feb-2026,2501,Hy-Vee #3 / BDI / Des Moines,DES MOINES,50313,POLK,1032080,IRISH WHISKIES,Pernod Ricard USA,19067,Jameson,12,750,17.99,26.99,1,26.99,0.75
INV-203902,2026-04-12,2501,HY-VEE #3 / BDI / DES MOINES,DES MOINES,50313,POLK,1081600,N/A,Regional Spirits Co,77779,Dusty Shelf Cordial,6,375,11.00,12.10,5,60.50,1.88
INV-203903,04/12/2026,4829,Casey's General Store #2879,ANKENY,50021,POLK,1031200,AMERICAN VODKAS,Sazerac Company Inc,36308,Mr Boston Vodka,12,1000,4.50,6.75,1,6.75,1.00
INV-203904,2026-04-12,3385,Sam's Club 8162,DAVENPORT,52807,SCOTT,1031200,AMERICAN VODKAS,Sazerac Company Inc,36308,Mr Boston Vodka,12,1000,4.50,6.75,1,6.75,1.00
INV-203905,03/29/2026,2648,Wilkie Liquors,IOWA CITY,52240,JOHNSON,1081900,WHISKEY LIQUEUR,Sazerac Company Inc,43336,Fireball Cinnamon Whiskey,12,750,8.25,12.38,1,12.38,0.75
INV-203906,2026-07-02,4829,Casey's General Store #2879,ANKENY,50021,POLK,1031200,AMERICAN VODKAS,Fifth Generation Inc,26827,Tito's Handmade Vodka,12,750,12.50,18.75,2,37.50,1.50
INV-203907,02/16/2026,3385,Sam's Club 8162,DAVENPORT,52807.0,SCOTT,1031080,CANADIAN WHISKIES,Heaven Hill Brands,11788,Black Velvet,12,1750,9.75 ,14.63 ,1,14.63 ,1.75
INV-203908,2026-05-22,2501,Hy-Vee #3 / BDI / Des Moines,DES MOINES,50313,POLK,1081900,WHISKEY LIQUEUR,Sazerac Company Inc,43336,Fireball Cinnamon Whiskey,12,750,$8.25,$12.38,1,$12.38,0.75
INV-203909,2026-03-17,4829,CASEY'S GENERAL STORE #2879,ANKENY,50021,,1081600,,Regional Spirits Co,77779,Dusty Shelf Cordial,6,375,11.00,12.10,3,36.30,1.12
INV-203910,2026-05-19,4829,Casey's General Store #2879,ANKENY,50021,POLK,1032080,IRISH WHISKIES,Pernod Ricard USA,19067,Jameson,12,750,17.99 ,26.99 ,10,269.90 ,7.50
INV-203911,2026-06-26,2633,Hometown Foods,CEDAR RAPIDS,52402,LINN,1041100,AMERICAN DRY GINS,Luxco Inc,35918,Five O'clock Gin,12,1750,8.99,13.49,1,13.49,1.75
INV-203912,2026-05-04,2190,"Central City Liquor, Inc.",DES MOINES,50310.0,POLK,1051010,IMPORTED BRANDIES,Moet Hennessy USA,64866,Hennessy VS,12,750,24.99,37.49,1,37.49,0.75
INV-203913,2026-02-17,2190,"CENTRAL CITY LIQUOR, INC.",DES MOINES,50310,POLK,1031080,CANADIAN WHISKIES,Heaven Hill Brands,11788,Black Velvet,12,1750,9.75,14.63,4,58.52,7.00
INV-203914,2026-03-12,2501,  Hy-Vee #3 / BDI / Des Moines,DES MOINES,50313,POLK,1031200,AMERICAN VODKAS,Sazerac Company Inc,36308,Mr Boston Vodka,12,1000,4.50,6.75,9,60.75,9.00
INV-203914,2026-03-12,2501,  Hy-Vee #3 / BDI / Des Moines,DES MOINES,50313,POLK,1031200,AMERICAN VODKAS,Sazerac Company Inc,36308,Mr Boston Vodka,12,1000,4.50,6.75,9,60.75,9.00
INV-203915,2026-03-21,4829,Casey's General Store #2879,ANKENY,50021,POLK,1051010,IMPORTED BRANDIES,Moet Hennessy USA,64866,Hennessy VS,12,750,24.99 ,37.49 ,4,149.96 ,3.00
INV-203916,2026-06-28,2190,"Central City Liquor, Inc.",DES MOINES,50310,POLK,1032080,IRISH WHISKIES,Pernod Ricard USA,19067,Jameson,12,750,17.99,26.99,1,26.99,0.75
INV-203917,2026-07-08,5102,Corner Tap & Bottle ,AMES,50010,STORY,1031200,AMERICAN VODKAS,Fifth Generation Inc,26827,Tito's Handmade Vodka,12,750,12.50 ,18.75 ,3,56.25 ,2.25
INV-203918,04-Apr-2026,4829,Casey's General Store #2879,ANKENY,50021,POLK,1081900,WHISKEY LIQUEUR,Sazerac Company Inc,43336,Fireball Cinnamon Whiskey,12,750,8.25,12.38,8,99.04,6.00
INV-203919,2026-05-24,5102,Corner Tap & Bottle,AMES,50010.0,STORY,1031200,AMERICAN VODKAS,Fifth Generation Inc,26827,Tito's Handmade Vodka,12,750,12.50 ,18.75 ,4,75.00 ,3.00
INV-203920,2026-05-13,2501,Hy-Vee #3 / BDI / Des Moines,DES MOINES,50313,POLK,1051010,IMPORTED BRANDIES,Moet Hennessy USA,64866,Hennessy VS,12,750,24.99,37.49,3,112.47,2.25
INV-203921,05/14/2026,4829,CASEY'S GENERAL STORE #2879,ANKENY,50021,POLK,1051010,IMPORTED BRANDIES,Moet Hennessy USA,64866,Hennessy VS,12,750,24.99,37.49,1,37.49,0.75
INV-203922,2026-05-06,5102,Corner Tap & Bottle,AMES,50010,STORY,1041100,AMERICAN DRY GINS,Luxco Inc,35918,Five O'clock Gin,12,1750,8.99 ,13.49 ,5,67.45 ,8.75
INV-203923,11-Jul-2026,3385,SAM'S CLUB 8162,DAVENPORT,52807,SCOTT,1051010,IMPORTED BRANDIES,Moet Hennessy USA,64866,Hennessy VS,12,750,24.99 ,37.49 ,1,37.49 ,0.75
INV-203924,2026-06-06,5102,Corner Tap & Bottle,AMES,50010,STORY,1081900,WHISKEY LIQUEUR,Sazerac Company Inc,43336,Fireball Cinnamon Whiskey,12,750,$8.25,$12.38,7,$86.66,5.25
INV-203925,03/15/2026,2501,Hy-Vee #3 / BDI / Des Moines,DES MOINES,50313,POLK,1031200,AMERICAN VODKAS,Sazerac Company Inc,36308,Mr Boston Vodka,12,1000,4.50,6.75,7,47.25,7.00
INV-203926,2026-04-14,2633,Hometown Foods,CEDAR RAPIDS,52402.0,LINN,1081600,-,Regional Spirits Co,77779,Dusty Shelf Cordial,6,375,11.00,12.10,3,36.30,1.12
INV-203927,2026-06-17,2501,Hy-Vee #3 / BDI / Des Moines,DES MOINES,50313.0,POLK,1032080,IRISH WHISKIES,Pernod Ricard USA,19067,Jameson,12,750,17.99,26.99,3,80.97,2.25
INV-203928,2026-07-15,3385,Sam's Club 8162,DAVENPORT,52807,SCOTT,1051010,IMPORTED BRANDIES,Moet Hennessy USA,64866,Hennessy VS,12,750,24.99,37.49,2,74.98,1.50
INV-203929,2026-06-18,2190,"Central City Liquor, Inc.",DES MOINES,50310,POLK,1031200,AMERICAN VODKAS,Sazerac Company Inc,36308,Mr Boston Vodka,12,1000,4.50,6.75,1,6.75,1.00
INV-203930,04/04/2026,2633,Hometown Foods,CEDAR RAPIDS,52402,LINN,1031080,CANADIAN WHISKIES,Heaven Hill Brands,11788,Black Velvet,12,1750,9.75 ,14.63 ,6,87.78 ,10.50
INV-203931,07/22/2026,2190,"Central City Liquor, Inc.",DES MOINES,50310.0,POLK,1081900,WHISKEY LIQUEUR,Sazerac Company Inc,43336,Fireball Cinnamon Whiskey,12,750,8.25,12.38,1,12.38,0.75
INV-203932,2026-04-03,2190,"Central City Liquor, Inc. ",DES MOINES,50310,POLK,1031080,CANADIAN WHISKIES,Heaven Hill Brands,11788,Black Velvet,12,1750,$9.75,$14.63,6,$87.78,10.50
INV-203933,03/13/2026,2501,Hy-Vee #3 / BDI / Des Moines,DES MOINES,50313,POLK,1031080,CANADIAN WHISKIES,Heaven Hill Brands,11788,Black Velvet,12,1750,9.75,14.63,1,14.63,1.75
INV-203934,05-Apr-2026,2501,Hy-Vee #3 / BDI / Des Moines,DES MOINES,50313,POLK,1081600,N/A,Regional Spirits Co,77779,Dusty Shelf Cordial,6,375,$11.00,$12.10,2,$24.20,0.75
INV-203935,06/08/2026,5102,Corner Tap & Bottle,AMES,50010.0,STORY,1031200,AMERICAN VODKAS,Fifth Generation Inc,26827,Tito's Handmade Vodka,12,750,12.50,18.75,5,93.75,3.75
INV-203936,2026-05-23,2648,WILKIE LIQUORS,IOWA CITY,52240,JOHNSON,1032080,IRISH WHISKIES,Pernod Ricard USA,19067,Jameson,12,750,$17.99,$26.99,1,$26.99,0.75
INV-203937,27-Jul-2026,5102,Corner Tap & Bottle,AMES,50010,STORY,1041100,AMERICAN DRY GINS,Luxco Inc,35918,Five O'clock Gin,12,1750,8.99 ,13.49 ,7,94.43 ,12.25
INV-203938,2026-05-21,5102,  Corner Tap & Bottle,AMES,50010,STORY,1031200,AMERICAN VODKAS,Fifth Generation Inc,26827,Tito's Handmade Vodka,12,750,12.50,18.75,1,18.75,0.75
INV-203939,2026-02-03,2633,Hometown Foods,CEDAR RAPIDS,52402,LINN,1081600,N/A,Regional Spirits Co,77779,Dusty Shelf Cordial,6,375,11.00,12.10,2,24.20,0.75
INV-203940,2026-05-10,2501,Hy-Vee #3 / BDI / Des Moines,DES MOINES,50313,POLK,1031200,AMERICAN VODKAS,Sazerac Company Inc,36308,Mr Boston Vodka,12,1000,4.50,6.75,13,87.75,13.00
INV-203941,07/26/2026,2501,HY-VEE #3 / BDI / DES MOINES,DES MOINES,50313,POLK,1031200,AMERICAN VODKAS,Sazerac Company Inc,36308,Mr Boston Vodka,12,1000,4.50,6.75,4,27.00,4.00
INV-203942,2026-07-17,2501,Hy-Vee #3 / BDI / Des Moines,DES MOINES,50313,POLK,1031200,AMERICAN VODKAS,Sazerac Company Inc,36308,Mr Boston Vodka,12,1000,4.50,6.75,2,13.50,2.00
INV-203943,2026-07-05,2501,Hy-Vee #3 / BDI / Des Moines,DES MOINES,50313,,1032080,IRISH WHISKIES,Pernod Ricard USA,19067,Jameson,12,750,17.99,26.99,1,26.99,0.75
INV-203944,25-Apr-2026,3385,Sam's Club 8162,DAVENPORT,52807,SCOTT,1032080,IRISH WHISKIES,Pernod Ricard USA,19067,Jameson,12,750,17.99 ,26.99 ,3,80.97 ,2.25
INV-203945,2026-04-23,3385,Sam's Club 8162,DAVENPORT,52807,SCOTT,1081600,-,Regional Spirits Co,77779,Dusty Shelf Cordial,6,375,11.00,12.10,1,12.10,0.38
INV-203946,2026-03-09,3385,SAM'S CLUB 8162,DAVENPORT,52807,SCOTT,1081600,-,Regional Spirits Co,77779,Dusty Shelf Cordial,6,375,$11.00,$12.10,1,$12.10,0.38
INV-203947,2026-02-25,4829,CASEY'S GENERAL STORE #2879,ANKENY,50021,POLK,1031200,AMERICAN VODKAS,Sazerac Company Inc,36308,Mr Boston Vodka,12,1000,4.50,6.75,1,6.75,1.00
INV-203948,2026-02-16,5102,  Corner Tap & Bottle,AMES,50010,STORY,1041100,AMERICAN DRY GINS,Luxco Inc,35918,Five O'clock Gin,12,1750,8.99 ,13.49 ,1,13.49 ,1.75
INV-203949,04/01/2026,2648,Wilkie Liquors,IOWA CITY,52240,JOHNSON,1031200,AMERICAN VODKAS,Fifth Generation Inc,26827,Tito's Handmade Vodka,12,750,12.50 ,18.75 ,3,56.25 ,2.25
INV-203950,2026-02-20,5102,Corner Tap & Bottle,AMES,50010,STORY,1031080,CANADIAN WHISKIES,Heaven Hill Brands,11788,Black Velvet,12,1750,9.75 ,14.63 ,5,73.15 ,8.75
INV-203951,2026-04-19,2501,Hy-Vee #3 / BDI / Des Moines,DES MOINES,50313,POLK,1051010,IMPORTED BRANDIES,Moet Hennessy USA,64866,Hennessy VS,12,750,24.99 ,37.49 ,-1,-37.49 ,-0.75
INV-203952,2026-04-27,2190,"Central City Liquor, Inc.",Des Moines,50310.0,POLK,1041100,AMERICAN DRY GINS,Luxco Inc,35918,Five O'clock Gin,12,1750,8.99,13.49,2,26.98,3.50
INV-203953,2026-02-03,2633,Hometown Foods,CEDAR RAPIDS,52402,LINN,1031200,AMERICAN VODKAS,Fifth Generation Inc,26827,Tito's Handmade Vodka,12,750,12.50,18.75,-3,-56.25,-2.25
INV-203954,2026-02-25,2648,Wilkie Liquors,IOWA CITY,52240,JOHNSON,1051010,IMPORTED BRANDIES,Moet Hennessy USA,64866,Hennessy VS,12,750,24.99,37.49,1,37.49,0.75
INV-203955,05/20/2026,2648,WILKIE LIQUORS,IOWA CITY,52240,JOHNSON,1031080,CANADIAN WHISKIES,Heaven Hill Brands,11788,Black Velvet,12,1750,9.75 ,14.63 ,1,14.63 ,1.75
INV-203956,23-Feb-2026,3385,SAM'S CLUB 8162,DAVENPORT,52807,SCOTT,1031080,CANADIAN WHISKIES,Heaven Hill Brands,11788,Black Velvet,12,1750,$9.75,$14.63,2,$29.26,3.50
INV-203957,2026-02-09,3385,Sam's Club 8162,DAVENPORT,52807,SCOTT,1051010,IMPORTED BRANDIES,Moet Hennessy USA,64866,Hennessy VS,12,750,$24.99,$37.49,5,$187.45,3.75
INV-203958,02/21/2026,3385,Sam's Club 8162,DAVENPORT,52807,SCOTT,1081900,WHISKEY LIQUEUR,Sazerac Company Inc,43336,Fireball Cinnamon Whiskey,12,750,8.25,12.38,2,24.76,1.50
INV-203959,05/01/2026,5102,Corner Tap & Bottle,AMES,50010,STORY,1031200,AMERICAN VODKAS,Sazerac Company Inc,36308,Mr Boston Vodka,12,1000,4.50 ,6.75 ,3,20.25 ,3.00
INV-203960,2026-02-11,2648,Wilkie Liquors,IOWA CITY,52240,JOHNSON,1031200,AMERICAN VODKAS,Fifth Generation Inc,26827,Tito's Handmade Vodka,12,750,12.50,18.75,19,356.25,14.25
INV-203961,2026-05-08,5102,CORNER TAP & BOTTLE,AMES,50010.0,STORY,1051010,IMPORTED BRANDIES,Moet Hennessy USA,64866,Hennessy VS,12,750,24.99,37.49,3,112.47,2.25
INV-203962,04/08/2026,4829,Casey's General Store #2879 ,ANKENY,50021,POLK,1041100,AMERICAN DRY GINS,Luxco Inc,35918,Five O'clock Gin,12,1750,8.99,13.49,1,13.49,1.75
INV-203963,05/31/2026,3385,Sam's Club 8162 ,DAVENPORT,52807.0,SCOTT,1032080,IRISH WHISKIES,Pernod Ricard USA,19067,Jameson,12,750,$17.99,$26.99,1,$26.99,0.75
INV-203964,02/04/2026,2648,WILKIE LIQUORS,IOWA CITY,52240,JOHNSON,1031200,AMERICAN VODKAS,Sazerac Company Inc,36308,Mr Boston Vodka,12,1000,4.50 ,6.75 ,4,27.00 ,4.00
INV-203965,02-Mar-2026,3385,Sam's Club 8162,DAVENPORT,52807,SCOTT,1081900,WHISKEY LIQUEUR,Sazerac Company Inc,43336,Fireball Cinnamon Whiskey,12,750,$8.25,$12.38,1,$12.38,0.75
INV-203966,07/27/2026,5102,Corner Tap & Bottle,AMES,50010.0,STORY,1031200,AMERICAN VODKAS,Fifth Generation Inc,26827,Tito's Handmade Vodka,12,750,12.50 ,18.75 ,4,75.00 ,3.00
INV-203967,2026-07-10,2501,Hy-Vee #3 / BDI / Des Moines,DES MOINES,50313,POLK,1051010,IMPORTED BRANDIES,Moet Hennessy USA,64866,Hennessy VS,12,750,24.99 ,37.49 ,4,149.96 ,3.00
INV-203968,2026-06-18,4829,Casey's General Store #2879,ANKENY,50021,POLK,1031080,CANADIAN WHISKIES,Heaven Hill Brands,11788,Black Velvet,12,1750,9.75,14.63,3,43.89,5.25
INV-203969,2026-04-20,2190,"Central City Liquor, Inc.",DES MOINES,50310.0,,1081600,-,Regional Spirits Co,77779,Dusty Shelf Cordial,6,375,$11.00,$12.10,6,$72.60,2.25
INV-203970,05/02/2026,3385,Sam's Club 8162,DAVENPORT,52807,SCOTT,1031200,AMERICAN VODKAS,Sazerac Company Inc,36308,Mr Boston Vodka,12,1000,$4.50,$6.75,3,$20.25,3.00
INV-203971,06/19/2026,2633,Hometown Foods,CEDAR RAPIDS,52402,LINN,1081600,N/A,Regional Spirits Co,77779,Dusty Shelf Cordial,6,375,11.00,12.10,3,36.30,1.12
INV-203972,2026-06-23,5102,  Corner Tap & Bottle,Ames,50010,,1031200,AMERICAN VODKAS,Sazerac Company Inc,36308,Mr Boston Vodka,12,1000,$4.50,$6.75,4,$27.00,4.00
INV-203973,2026-02-15,2501,Hy-Vee #3 / BDI / Des Moines,DES MOINES,50313,,1081600,,Regional Spirits Co,77779,Dusty Shelf Cordial,6,375,11.00,12.10,2,24.20,0.75
INV-203974,07/07/2026,3385,Sam's Club 8162,DAVENPORT,52807.0,SCOTT,1032080,IRISH WHISKIES,Pernod Ricard USA,19067,Jameson,12,750,$17.99,$26.99,1,$26.99,0.75
INV-203975,2026-03-22,2190,"Central City Liquor, Inc.",Des Moines,50310,POLK,1081600,,Regional Spirits Co,77779,Dusty Shelf Cordial,6,375,11.00,12.10,3,36.30,1.12
INV-203976,07/05/2026,3385,Sam's Club 8162,DAVENPORT,52807,SCOTT,1031080,CANADIAN WHISKIES,Heaven Hill Brands,11788,Black Velvet,12,1750,9.75 ,14.63 ,1,14.63 ,1.75
INV-203977,04/08/2026,2648,Wilkie Liquors,IOWA CITY,52240,,1081600,N/A,Regional Spirits Co,77779,Dusty Shelf Cordial,6,375,11.00,12.10,1,12.10,0.38
INV-203978,05-Jul-2026,2648,Wilkie Liquors,IOWA CITY,52240,JOHNSON,1081900,WHISKEY LIQUEUR,Sazerac Company Inc,43336,Fireball Cinnamon Whiskey,12,750,$8.25,$12.38,2,$24.76,1.50
INV-203979,2026-04-05,2648,Wilkie Liquors,IOWA CITY,52240,JOHNSON,1031200,AMERICAN VODKAS,Sazerac Company Inc,36308,Mr Boston Vodka,12,1000,4.50,6.75,1,6.75,1.00
INV-203980,2026-07-21,2501,Hy-Vee #3 / BDI / Des Moines,DES MOINES,50313,POLK,1031080,CANADIAN WHISKIES,Heaven Hill Brands,11788,Black Velvet,12,1750,9.75 ,14.63 ,2,29.26 ,3.50
INV-203981,2026-06-07,5102,Corner Tap & Bottle,AMES,50010,STORY,1031200,AMERICAN VODKAS,Fifth Generation Inc,26827,Tito's Handmade Vodka,12,750,12.50 ,18.75 ,10,187.50 ,7.50
INV-203982,07/18/2026,2633,Hometown Foods,CEDAR RAPIDS,52402,LINN,1031080,CANADIAN WHISKIES,Heaven Hill Brands,11788,Black Velvet,12,1750,9.75 ,14.63 ,2,29.26 ,3.50
INV-203983,2026-07-24,2633,Hometown Foods,CEDAR RAPIDS,52402,LINN,1031080,CANADIAN WHISKIES,Heaven Hill Brands,11788,Black Velvet,12,1750,$9.75,$14.63,4,$58.52,7.00
INV-203984,26-May-2026,2648,Wilkie Liquors,IOWA CITY,52240,JOHNSON,1041100,AMERICAN DRY GINS,Luxco Inc,35918,Five O'clock Gin,12,1750,8.99,13.49,12,161.88,21.00
INV-203985,07/19/2026,3385,Sam's Club 8162,DAVENPORT,52807,SCOTT,1041100,AMERICAN DRY GINS,Luxco Inc,35918,Five O'clock Gin,12,1750,$8.99,$13.49,1,$13.49,1.75
INV-203986,19-Mar-2026,2648,WILKIE LIQUORS,IOWA CITY,52240,JOHNSON,1032080,IRISH WHISKIES,Pernod Ricard USA,19067,Jameson,12,750,17.99,26.99,1,26.99,0.75
INV-203987,2026-04-02,3385,Sam's Club 8162,DAVENPORT,52807,SCOTT,1051010,IMPORTED BRANDIES,Moet Hennessy USA,64866,Hennessy VS,12,750,24.99,37.49,4,149.96,3.00
INV-203988,08-Jul-2026,2190,"Central City Liquor, Inc. ",DES MOINES,50310,POLK,1032080,IRISH WHISKIES,Pernod Ricard USA,19067,Jameson,12,750,17.99,26.99,2,53.98,1.50
INV-203989,03/03/2026,3385,Sam's Club 8162,DAVENPORT,52807,SCOTT,1051010,IMPORTED BRANDIES,Moet Hennessy USA,64866,Hennessy VS,12,750,24.99,37.49,6,224.94,4.50
INV-203990,2026-07-12,5102,Corner Tap & Bottle,AMES,50010,STORY,1031200,AMERICAN VODKAS,Sazerac Company Inc,36308,Mr Boston Vodka,12,1000,4.50,6.75,1,6.75,1.00
INV-203991,2026-02-10,2501,Hy-Vee #3 / BDI / Des Moines,DES MOINES,50313.0,,1032080,IRISH WHISKIES,Pernod Ricard USA,19067,Jameson,12,750,$17.99,$26.99,1,$26.99,0.75
INV-203992,03/23/2026,3385,Sam's Club 8162,DAVENPORT,52807,SCOTT,1051010,IMPORTED BRANDIES,Moet Hennessy USA,64866,Hennessy VS,12,750,24.99,37.49,1,37.49,0.75
INV-203993,19-Apr-2026,2501,Hy-Vee #3 / BDI / Des Moines,DES MOINES,50313.0,POLK,1031200,AMERICAN VODKAS,Sazerac Company Inc,36308,Mr Boston Vodka,12,1000,4.50,6.75,10,67.50,10.00
INV-203994,08-May-2026,3385,Sam's Club 8162 ,DAVENPORT,52807,SCOTT,1031200,AMERICAN VODKAS,Sazerac Company Inc,36308,Mr Boston Vodka,12,1000,4.50,6.75,2,13.50,2.00
INV-203995,2026-07-01,4829,Casey's General Store #2879,ANKENY,50021,POLK,1032080,IRISH WHISKIES,Pernod Ricard USA,19067,Jameson,12,750,17.99,26.99,1,26.99,0.75
INV-203996,02/05/2026,2633,Hometown Foods,CEDAR RAPIDS,52402.0,LINN,1051010,IMPORTED BRANDIES,Moet Hennessy USA,64866,Hennessy VS,12,750,24.99,37.49,7,262.43,5.25
INV-203997,2026-03-18,2633,HOMETOWN FOODS,CEDAR RAPIDS,52402,LINN,1051010,IMPORTED BRANDIES,Moet Hennessy USA,64866,Hennessy VS,12,750,24.99,37.49,5,187.45,3.75
INV-203998,03/31/2026,2501,Hy-Vee #3 / BDI / Des Moines,Des Moines,50313,POLK,1081600,N/A,Regional Spirits Co,77779,Dusty Shelf Cordial,6,375,11.00 ,12.10 ,1,12.10 ,0.38
INV-203999,03/01/2026,2648,Wilkie Liquors,IOWA CITY,52240,JOHNSON,1031200,AMERICAN VODKAS,Sazerac Company Inc,36308,Mr Boston Vodka,12,1000,4.50,6.75,1,6.75,1.00
